donor	y	prob	embedding	model	subclass
H19.33.004	0	0.5893216578868026	none	covariates	all
H20.33.001	0	0.6679436904212274	none	covariates	all
H20.33.002	0	0.7529355007411291	none	covariates	all
H20.33.004	1	0.9528750235363814	none	covariates	all
H20.33.005	1	0.7530198120365876	none	covariates	all
H20.33.008	1	0.9837039513110509	none	covariates	all
H20.33.011	1	0.9567108639371487	none	covariates	all
H20.33.012	0	0.7584028070163195	none	covariates	all
H20.33.013	1	0.6876938050887057	none	covariates	all
H20.33.014	1	0.6347215173039469	none	covariates	all
H20.33.015	1	0.6904098358984909	none	covariates	all
H20.33.016	1	0.7951253080980164	none	covariates	all
H20.33.017	1	0.4410790301645138	none	covariates	all
H20.33.018	1	0.9265744277628917	none	covariates	all
H20.33.019	1	0.9736465861190531	none	covariates	all
H20.33.020	1	0.9951291378846369	none	covariates	all
H20.33.024	1	0.5281906349535548	none	covariates	all
H20.33.025	1	0.7068877170665934	none	covariates	all
H20.33.026	1	0.9916780309183448	none	covariates	all
H20.33.027	1	0.8019631711482752	none	covariates	all
H20.33.028	1	0.7068512356629466	none	covariates	all
H20.33.029	1	0.6711539430336816	none	covariates	all
H20.33.030	1	0.9372924676178069	none	covariates	all
H20.33.031	1	0.5939191352990892	none	covariates	all
H20.33.032	1	0.6324119339638915	none	covariates	all
H20.33.033	1	0.3740867657577411	none	covariates	all
H20.33.034	1	0.6296338360350376	none	covariates	all
H20.33.035	0	0.7662584766744526	none	covariates	all
H20.33.036	1	0.7341281624535083	none	covariates	all
H20.33.037	1	0.6674497216005464	none	covariates	all
H20.33.038	1	0.8120547583405857	none	covariates	all
H20.33.039	1	0.744374026694954	none	covariates	all
H20.33.040	1	0.5886216950255967	none	covariates	all
H20.33.041	1	0.6499811884581621	none	covariates	all
H20.33.043	1	0.9948629169115417	none	covariates	all
H20.33.044	0	0.5756971714797123	none	covariates	all
H20.33.045	1	0.9927171362925291	none	covariates	all
H20.33.046	1	0.6744073135378805	none	covariates	all
H21.33.001	0	0.7271259213369378	none	covariates	all
H21.33.002	1	0.8911046527004076	none	covariates	all
H21.33.003	0	0.6265234429713445	none	covariates	all
H21.33.004	0	0.6844317336012719	none	covariates	all
H21.33.005	1	0.6757902660179458	none	covariates	all
H21.33.006	1	0.9665965434225182	none	covariates	all
H21.33.007	1	0.5395980726906634	none	covariates	all
H21.33.008	1	0.6783880019831924	none	covariates	all
H21.33.009	1	0.9907094720969143	none	covariates	all
H21.33.010	1	0.678056490114569	none	covariates	all
H21.33.011	0	0.595354924336745	none	covariates	all
H21.33.012	1	0.9439872366136249	none	covariates	all
H21.33.013	1	0.9542901232207799	none	covariates	all
H21.33.014	1	0.6027977867603348	none	covariates	all
H21.33.015	0	0.708836743520482	none	covariates	all
H21.33.016	0	0.6763846817804524	none	covariates	all
H21.33.017	1	0.5859540509738798	none	covariates	all
H21.33.018	0	0.6550192808572329	none	covariates	all
H21.33.019	0	0.7624756852346144	none	covariates	all
H21.33.020	1	0.5380787435026642	none	covariates	all
H21.33.021	1	0.6793391117510086	none	covariates	all
H21.33.022	1	0.511700449024237	none	covariates	all
H21.33.023	0	0.7831460059415701	none	covariates	all
H21.33.025	1	0.6206293633281227	none	covariates	all
H21.33.026	1	0.9490222488771136	none	covariates	all
H21.33.027	1	0.9517271169560579	none	covariates	all
H21.33.028	0	0.5253369732425629	none	covariates	all
H21.33.029	1	0.9523195198547668	none	covariates	all
H21.33.030	1	0.9404080284766458	none	covariates	all
H21.33.031	1	0.9345954987871146	none	covariates	all
H21.33.032	0	0.7132856454352114	none	covariates	all
H21.33.033	1	0.9423456053540382	none	covariates	all
H21.33.034	1	0.9545129101772355	none	covariates	all
H21.33.035	1	0.6261502253472506	none	covariates	all
H21.33.036	1	0.6138910711602291	none	covariates	all
H21.33.037	0	0.6656883714039837	none	covariates	all
H21.33.038	0	0.6765400130533571	none	covariates	all
H21.33.039	1	0.6305363512167824	none	covariates	all
H21.33.040	1	0.9350805736777315	none	covariates	all
H21.33.041	0	0.7473556339021364	none	covariates	all
H21.33.042	1	0.9962827628170764	none	covariates	all
H21.33.043	0	0.6815044919227642	none	covariates	all
H21.33.044	1	0.6163372078118365	none	covariates	all
H21.33.045	1	0.9539356900067573	none	covariates	all
H21.33.046	1	0.6164676238326193	none	covariates	all
H21.33.047	1	0.5673322192883248	none	covariates	all
H19.33.004	0	0.9721239735107178	pca	per_subclass	Astrocyte
H20.33.001	0	0.7082605811614889	pca	per_subclass	Astrocyte
H20.33.002	0	0.8060661637696983	pca	per_subclass	Astrocyte
H20.33.004	1	0.5180162212481202	pca	per_subclass	Astrocyte
H20.33.005	1	0.871344083261107	pca	per_subclass	Astrocyte
H20.33.008	1	0.7554208324785907	pca	per_subclass	Astrocyte
H20.33.011	1	0.8070392185954992	pca	per_subclass	Astrocyte
H20.33.012	0	0.9290226052488979	pca	per_subclass	Astrocyte
H20.33.013	1	0.8717216397853346	pca	per_subclass	Astrocyte
H20.33.014	1	0.6789336931456893	pca	per_subclass	Astrocyte
H20.33.015	1	0.92629542988275	pca	per_subclass	Astrocyte
H20.33.016	1	0.6919047735430949	pca	per_subclass	Astrocyte
H20.33.017	1	0.7988090278552726	pca	per_subclass	Astrocyte
H20.33.018	1	0.9671668977731827	pca	per_subclass	Astrocyte
H20.33.019	1	0.8556943844585545	pca	per_subclass	Astrocyte
H20.33.020	1	0.9452984702629562	pca	per_subclass	Astrocyte
H20.33.024	1	0.3869787745725851	pca	per_subclass	Astrocyte
H20.33.025	1	0.8099295767120104	pca	per_subclass	Astrocyte
H20.33.026	1	0.9219760991999145	pca	per_subclass	Astrocyte
H20.33.027	1	0.9510100315534954	pca	per_subclass	Astrocyte
H20.33.028	1	0.8281929369540053	pca	per_subclass	Astrocyte
H20.33.029	1	0.5719174783234389	pca	per_subclass	Astrocyte
H20.33.030	1	0.5910674311116546	pca	per_subclass	Astrocyte
H20.33.031	1	0.4375350073417323	pca	per_subclass	Astrocyte
H20.33.032	1	0.4282565103944872	pca	per_subclass	Astrocyte
H20.33.033	1	0.9542055640247803	pca	per_subclass	Astrocyte
H20.33.034	1	0.7585940458385965	pca	per_subclass	Astrocyte
H20.33.035	0	0.953810074277811	pca	per_subclass	Astrocyte
H20.33.036	1	0.8962602642639803	pca	per_subclass	Astrocyte
H20.33.037	1	0.9493559461126797	pca	per_subclass	Astrocyte
H20.33.038	1	0.3185076610480933	pca	per_subclass	Astrocyte
H20.33.039	1	0.8020302959798749	pca	per_subclass	Astrocyte
H20.33.040	1	0.7657411266470162	pca	per_subclass	Astrocyte
H20.33.041	1	0.7957577620645476	pca	per_subclass	Astrocyte
H20.33.043	1	0.4660484974548863	pca	per_subclass	Astrocyte
H20.33.044	0	0.6587452173991296	pca	per_subclass	Astrocyte
H20.33.045	1	0.9695921422048427	pca	per_subclass	Astrocyte
H20.33.046	1	0.8643408442350958	pca	per_subclass	Astrocyte
H21.33.001	0	0.8283649525181509	pca	per_subclass	Astrocyte
H21.33.002	1	0.9283220308808209	pca	per_subclass	Astrocyte
H21.33.003	0	0.7135085956960391	pca	per_subclass	Astrocyte
H21.33.004	0	0.5415618128646239	pca	per_subclass	Astrocyte
H21.33.005	1	0.7556341976608911	pca	per_subclass	Astrocyte
H21.33.006	1	0.47715884440887224	pca	per_subclass	Astrocyte
H21.33.007	1	0.958581221073409	pca	per_subclass	Astrocyte
H21.33.008	1	0.592668447453345	pca	per_subclass	Astrocyte
H21.33.009	1	0.8755329619129	pca	per_subclass	Astrocyte
H21.33.010	1	0.8612494698931872	pca	per_subclass	Astrocyte
H21.33.011	0	0.6183015113330097	pca	per_subclass	Astrocyte
H21.33.012	1	0.659428417376046	pca	per_subclass	Astrocyte
H21.33.013	1	0.9831127585157088	pca	per_subclass	Astrocyte
H21.33.014	1	0.7600486277959193	pca	per_subclass	Astrocyte
H21.33.015	0	0.36828904341367696	pca	per_subclass	Astrocyte
H21.33.016	0	0.7628214155829152	pca	per_subclass	Astrocyte
H21.33.017	1	0.8029087510208516	pca	per_subclass	Astrocyte
H21.33.018	0	0.7521141673992757	pca	per_subclass	Astrocyte
H21.33.019	0	0.5342236974714558	pca	per_subclass	Astrocyte
H21.33.020	1	0.952813713980281	pca	per_subclass	Astrocyte
H21.33.021	1	0.6770145147101349	pca	per_subclass	Astrocyte
H21.33.022	1	0.7240626145079442	pca	per_subclass	Astrocyte
H21.33.023	0	0.5638898838025572	pca	per_subclass	Astrocyte
H21.33.025	1	0.6287554706534062	pca	per_subclass	Astrocyte
H21.33.026	1	0.6487690581297634	pca	per_subclass	Astrocyte
H21.33.027	1	0.5495807747195781	pca	per_subclass	Astrocyte
H21.33.028	0	0.917483796876507	pca	per_subclass	Astrocyte
H21.33.029	1	0.9066023105843607	pca	per_subclass	Astrocyte
H21.33.030	1	0.5865193772838522	pca	per_subclass	Astrocyte
H21.33.031	1	0.736260687335138	pca	per_subclass	Astrocyte
H21.33.032	0	0.84772033740988	pca	per_subclass	Astrocyte
H21.33.033	1	0.7644372104882411	pca	per_subclass	Astrocyte
H21.33.034	1	0.7506073798536615	pca	per_subclass	Astrocyte
H21.33.035	1	0.9313992644047833	pca	per_subclass	Astrocyte
H21.33.036	1	0.6152244064175205	pca	per_subclass	Astrocyte
H21.33.037	0	0.6411705588701748	pca	per_subclass	Astrocyte
H21.33.038	0	0.5978852641786957	pca	per_subclass	Astrocyte
H21.33.039	1	0.8891888115433776	pca	per_subclass	Astrocyte
H21.33.040	1	0.8512687559721088	pca	per_subclass	Astrocyte
H21.33.041	0	0.7907201193156759	pca	per_subclass	Astrocyte
H21.33.042	1	0.7614671069005767	pca	per_subclass	Astrocyte
H21.33.043	0	0.7651118869165042	pca	per_subclass	Astrocyte
H21.33.044	1	0.8520697382249178	pca	per_subclass	Astrocyte
H21.33.045	1	0.9321286157121211	pca	per_subclass	Astrocyte
H21.33.046	1	0.8873065036725428	pca	per_subclass	Astrocyte
H21.33.047	1	0.7484621487045834	pca	per_subclass	Astrocyte
H19.33.004	0	0.9822517602241115	pca	per_subclass	Chandelier
H20.33.001	0	0.6909646921290589	pca	per_subclass	Chandelier
H20.33.002	0	0.7299468335140784	pca	per_subclass	Chandelier
H20.33.004	1	0.5534592711557718	pca	per_subclass	Chandelier
H20.33.005	1	0.8947558489270568	pca	per_subclass	Chandelier
H20.33.008	1	0.5334765349563575	pca	per_subclass	Chandelier
H20.33.011	1	0.7043037802653678	pca	per_subclass	Chandelier
H20.33.012	0	0.6621758541175724	pca	per_subclass	Chandelier
H20.33.013	1	0.42280092517061585	pca	per_subclass	Chandelier
H20.33.014	1	0.34749701007146466	pca	per_subclass	Chandelier
H20.33.015	1	0.9854676291057041	pca	per_subclass	Chandelier
H20.33.016	1	0.7777874013181109	pca	per_subclass	Chandelier
H20.33.017	1	0.9284021580110913	pca	per_subclass	Chandelier
H20.33.018	1	0.9329613802874093	pca	per_subclass	Chandelier
H20.33.019	1	0.8639547262039617	pca	per_subclass	Chandelier
H20.33.020	1	0.8693778716562379	pca	per_subclass	Chandelier
H20.33.024	1	0.28087569478525676	pca	per_subclass	Chandelier
H20.33.025	1	0.6784804269747304	pca	per_subclass	Chandelier
H20.33.026	1	0.6401531813387673	pca	per_subclass	Chandelier
H20.33.027	1	0.4585810804747353	pca	per_subclass	Chandelier
H20.33.028	1	0.9930560314928097	pca	per_subclass	Chandelier
H20.33.029	1	0.8302675328604195	pca	per_subclass	Chandelier
H20.33.030	1	0.7933217627544478	pca	per_subclass	Chandelier
H20.33.031	1	0.7381271819989212	pca	per_subclass	Chandelier
H20.33.032	1	0.38143293660655353	pca	per_subclass	Chandelier
H20.33.033	1	0.917165349212055	pca	per_subclass	Chandelier
H20.33.034	1	0.7324920214451422	pca	per_subclass	Chandelier
H20.33.035	0	0.8938879876039474	pca	per_subclass	Chandelier
H20.33.036	1	0.9672589195963244	pca	per_subclass	Chandelier
H20.33.037	1	0.9211156812435941	pca	per_subclass	Chandelier
H20.33.039	1	0.58600031278004	pca	per_subclass	Chandelier
H20.33.040	1	0.7601211228639098	pca	per_subclass	Chandelier
H20.33.041	1	0.8459861154623807	pca	per_subclass	Chandelier
H20.33.043	1	0.47224912221658216	pca	per_subclass	Chandelier
H20.33.044	0	0.9701403110509572	pca	per_subclass	Chandelier
H20.33.045	1	0.9495952972624313	pca	per_subclass	Chandelier
H20.33.046	1	0.8064711910879163	pca	per_subclass	Chandelier
H21.33.001	0	0.3434938100404801	pca	per_subclass	Chandelier
H21.33.002	1	0.7214326385679029	pca	per_subclass	Chandelier
H21.33.003	0	0.6978828365963322	pca	per_subclass	Chandelier
H21.33.004	0	0.7636771516823655	pca	per_subclass	Chandelier
H21.33.005	1	0.9104593226353966	pca	per_subclass	Chandelier
H21.33.006	1	0.6786754154833117	pca	per_subclass	Chandelier
H21.33.007	1	0.8109666021375072	pca	per_subclass	Chandelier
H21.33.008	1	0.9171431007976546	pca	per_subclass	Chandelier
H21.33.009	1	0.9485251650177741	pca	per_subclass	Chandelier
H21.33.010	1	0.9517483208502313	pca	per_subclass	Chandelier
H21.33.011	0	0.45121721264640585	pca	per_subclass	Chandelier
H21.33.012	1	0.6351316367035394	pca	per_subclass	Chandelier
H21.33.013	1	0.9525850072107144	pca	per_subclass	Chandelier
H21.33.014	1	0.8323945272440563	pca	per_subclass	Chandelier
H21.33.015	0	0.5914323091762803	pca	per_subclass	Chandelier
H21.33.016	0	0.7667014825710872	pca	per_subclass	Chandelier
H21.33.017	1	0.7182757367447739	pca	per_subclass	Chandelier
H21.33.018	0	0.7497403631981561	pca	per_subclass	Chandelier
H21.33.019	0	0.6528659399067533	pca	per_subclass	Chandelier
H21.33.021	1	0.878846041641815	pca	per_subclass	Chandelier
H21.33.022	1	0.7726399492005307	pca	per_subclass	Chandelier
H21.33.023	0	0.4659241310765309	pca	per_subclass	Chandelier
H21.33.025	1	0.8023943949417334	pca	per_subclass	Chandelier
H21.33.026	1	0.9348745454612593	pca	per_subclass	Chandelier
H21.33.027	1	0.6260991865514555	pca	per_subclass	Chandelier
H21.33.028	0	0.6601371649453633	pca	per_subclass	Chandelier
H21.33.029	1	0.7420698964883561	pca	per_subclass	Chandelier
H21.33.030	1	0.6883684544539559	pca	per_subclass	Chandelier
H21.33.031	1	0.7952192168473352	pca	per_subclass	Chandelier
H21.33.032	0	0.5366852322724606	pca	per_subclass	Chandelier
H21.33.033	1	0.9316286702309323	pca	per_subclass	Chandelier
H21.33.035	1	0.6600825809797837	pca	per_subclass	Chandelier
H21.33.036	1	0.6615973393964385	pca	per_subclass	Chandelier
H21.33.037	0	0.626677922171073	pca	per_subclass	Chandelier
H21.33.038	0	0.8644126026601795	pca	per_subclass	Chandelier
H21.33.039	1	0.9235859164886794	pca	per_subclass	Chandelier
H21.33.040	1	0.8053202429614921	pca	per_subclass	Chandelier
H21.33.041	0	0.7809479935350812	pca	per_subclass	Chandelier
H21.33.042	1	0.7452219567430067	pca	per_subclass	Chandelier
H21.33.043	0	0.6937720510121608	pca	per_subclass	Chandelier
H21.33.044	1	0.9095004075680524	pca	per_subclass	Chandelier
H21.33.045	1	0.9326090171441981	pca	per_subclass	Chandelier
H21.33.046	1	0.8285926782575584	pca	per_subclass	Chandelier
H21.33.047	1	0.571205880216485	pca	per_subclass	Chandelier
H19.33.004	0	0.7246921269745519	pca	per_subclass	Endothelial
H20.33.001	0	0.7939928986206343	pca	per_subclass	Endothelial
H20.33.002	0	0.9002938035541372	pca	per_subclass	Endothelial
H20.33.004	1	0.8161982421943549	pca	per_subclass	Endothelial
H20.33.005	1	0.6032396841022467	pca	per_subclass	Endothelial
H20.33.008	1	0.8722209830234109	pca	per_subclass	Endothelial
H20.33.011	1	0.8964440596412878	pca	per_subclass	Endothelial
H20.33.012	0	0.8969558029100402	pca	per_subclass	Endothelial
H20.33.013	1	0.4122235961542621	pca	per_subclass	Endothelial
H20.33.014	1	0.7298862383232128	pca	per_subclass	Endothelial
H20.33.015	1	0.6722789345371202	pca	per_subclass	Endothelial
H20.33.016	1	0.9017164600253611	pca	per_subclass	Endothelial
H20.33.017	1	0.9304930953133649	pca	per_subclass	Endothelial
H20.33.018	1	0.8510340480471118	pca	per_subclass	Endothelial
H20.33.019	1	0.8622644428788135	pca	per_subclass	Endothelial
H20.33.020	1	0.9348725035689986	pca	per_subclass	Endothelial
H20.33.025	1	0.48046348981128145	pca	per_subclass	Endothelial
H20.33.027	1	0.9634726631342595	pca	per_subclass	Endothelial
H20.33.028	1	0.9907358452887502	pca	per_subclass	Endothelial
H20.33.030	1	0.6336303382441907	pca	per_subclass	Endothelial
H20.33.032	1	0.5620906947222235	pca	per_subclass	Endothelial
H20.33.033	1	0.7202870260966656	pca	per_subclass	Endothelial
H20.33.034	1	0.7884560436434297	pca	per_subclass	Endothelial
H20.33.035	0	0.702861721927656	pca	per_subclass	Endothelial
H20.33.036	1	0.9162632090964216	pca	per_subclass	Endothelial
H20.33.037	1	0.9584746520633237	pca	per_subclass	Endothelial
H20.33.038	1	0.932961295062739	pca	per_subclass	Endothelial
H20.33.039	1	0.6706116559634364	pca	per_subclass	Endothelial
H20.33.040	1	0.6505797674460669	pca	per_subclass	Endothelial
H20.33.041	1	0.7953729008005126	pca	per_subclass	Endothelial
H20.33.043	1	0.8351385960791641	pca	per_subclass	Endothelial
H20.33.044	0	0.5089042725654507	pca	per_subclass	Endothelial
H20.33.045	1	0.9784119248701121	pca	per_subclass	Endothelial
H20.33.046	1	0.6472200100967666	pca	per_subclass	Endothelial
H21.33.001	0	0.8843022397069753	pca	per_subclass	Endothelial
H21.33.002	1	0.7990776797868853	pca	per_subclass	Endothelial
H21.33.003	0	0.9240300491110369	pca	per_subclass	Endothelial
H21.33.004	0	0.34098383934378346	pca	per_subclass	Endothelial
H21.33.005	1	0.934323138507124	pca	per_subclass	Endothelial
H21.33.007	1	0.897756075918086	pca	per_subclass	Endothelial
H21.33.009	1	0.9764990547169583	pca	per_subclass	Endothelial
H21.33.010	1	0.8002089623437871	pca	per_subclass	Endothelial
H21.33.011	0	0.6057089145546255	pca	per_subclass	Endothelial
H21.33.012	1	0.9319375125108259	pca	per_subclass	Endothelial
H21.33.013	1	0.9746395167328415	pca	per_subclass	Endothelial
H21.33.015	0	0.5846488204655957	pca	per_subclass	Endothelial
H21.33.017	1	0.5195356068246488	pca	per_subclass	Endothelial
H21.33.018	0	0.8995725635481244	pca	per_subclass	Endothelial
H21.33.019	0	0.835267866656584	pca	per_subclass	Endothelial
H21.33.020	1	0.9767513466214861	pca	per_subclass	Endothelial
H21.33.021	1	0.709065510855247	pca	per_subclass	Endothelial
H21.33.022	1	0.7702075270005913	pca	per_subclass	Endothelial
H21.33.023	0	0.5591342790884941	pca	per_subclass	Endothelial
H21.33.025	1	0.8237763259862938	pca	per_subclass	Endothelial
H21.33.026	1	0.5338854745647041	pca	per_subclass	Endothelial
H21.33.027	1	0.48890079424922134	pca	per_subclass	Endothelial
H21.33.028	0	0.1549841374285385	pca	per_subclass	Endothelial
H21.33.029	1	0.6678291210961476	pca	per_subclass	Endothelial
H21.33.030	1	0.7984304347815406	pca	per_subclass	Endothelial
H21.33.031	1	0.5434310683149066	pca	per_subclass	Endothelial
H21.33.032	0	0.16315693007052062	pca	per_subclass	Endothelial
H21.33.033	1	0.7788444121040721	pca	per_subclass	Endothelial
H21.33.034	1	0.9844695864800072	pca	per_subclass	Endothelial
H21.33.035	1	0.74630188350544	pca	per_subclass	Endothelial
H21.33.037	0	0.6192308451592361	pca	per_subclass	Endothelial
H21.33.038	0	0.35026096959631137	pca	per_subclass	Endothelial
H21.33.040	1	0.8615571126701171	pca	per_subclass	Endothelial
H21.33.041	0	0.0797881311389077	pca	per_subclass	Endothelial
H21.33.043	0	0.9312742706948237	pca	per_subclass	Endothelial
H21.33.044	1	0.5684272105534958	pca	per_subclass	Endothelial
H21.33.045	1	0.9163283468786034	pca	per_subclass	Endothelial
H21.33.046	1	0.7399432804332617	pca	per_subclass	Endothelial
H21.33.047	1	0.8804582478436584	pca	per_subclass	Endothelial
H19.33.004	0	0.9850182143624913	pca	per_subclass	Immune
H20.33.001	0	0.6499865899478282	pca	per_subclass	Immune
H20.33.002	0	0.7826545718149881	pca	per_subclass	Immune
H20.33.004	1	0.923456571685272	pca	per_subclass	Immune
H20.33.005	1	0.9741775784747441	pca	per_subclass	Immune
H20.33.008	1	0.5959139170609464	pca	per_subclass	Immune
H20.33.011	1	0.5990110683519828	pca	per_subclass	Immune
H20.33.012	0	0.7753124053953977	pca	per_subclass	Immune
H20.33.013	1	0.6014122230549236	pca	per_subclass	Immune
H20.33.014	1	0.8532980612540773	pca	per_subclass	Immune
H20.33.015	1	0.8141256767701972	pca	per_subclass	Immune
H20.33.016	1	0.7397235294738136	pca	per_subclass	Immune
H20.33.017	1	0.8414119549379311	pca	per_subclass	Immune
H20.33.018	1	0.9742429414800968	pca	per_subclass	Immune
H20.33.019	1	0.9214331432980728	pca	per_subclass	Immune
H20.33.020	1	0.9247098229857793	pca	per_subclass	Immune
H20.33.024	1	0.0700701147270323	pca	per_subclass	Immune
H20.33.025	1	0.6808351704803421	pca	per_subclass	Immune
H20.33.026	1	0.8499790445766621	pca	per_subclass	Immune
H20.33.027	1	0.8617881173544848	pca	per_subclass	Immune
H20.33.028	1	0.976810704907496	pca	per_subclass	Immune
H20.33.029	1	0.5747414849461088	pca	per_subclass	Immune
H20.33.030	1	0.6815447643031235	pca	per_subclass	Immune
H20.33.031	1	0.6328151505349171	pca	per_subclass	Immune
H20.33.032	1	0.6795531886292888	pca	per_subclass	Immune
H20.33.033	1	0.8210601192621514	pca	per_subclass	Immune
H20.33.034	1	0.9207884585541082	pca	per_subclass	Immune
H20.33.035	0	0.4438475422632694	pca	per_subclass	Immune
H20.33.036	1	0.9271202010605599	pca	per_subclass	Immune
H20.33.037	1	0.9958002026452203	pca	per_subclass	Immune
H20.33.038	1	0.9729107008953439	pca	per_subclass	Immune
H20.33.039	1	0.6222683686203991	pca	per_subclass	Immune
H20.33.040	1	0.8226064609770415	pca	per_subclass	Immune
H20.33.041	1	0.7921286127310673	pca	per_subclass	Immune
H20.33.043	1	0.2785970723589641	pca	per_subclass	Immune
H20.33.044	0	0.7539472510886831	pca	per_subclass	Immune
H20.33.045	1	0.991801858633632	pca	per_subclass	Immune
H20.33.046	1	0.9617819292376588	pca	per_subclass	Immune
H21.33.001	0	0.8404543337297443	pca	per_subclass	Immune
H21.33.002	1	0.9617198830647598	pca	per_subclass	Immune
H21.33.003	0	0.7203950061297227	pca	per_subclass	Immune
H21.33.004	0	0.29583405537560586	pca	per_subclass	Immune
H21.33.005	1	0.8426158886134848	pca	per_subclass	Immune
H21.33.006	1	0.580789290857474	pca	per_subclass	Immune
H21.33.007	1	0.6309918272625566	pca	per_subclass	Immune
H21.33.008	1	0.8133066269651301	pca	per_subclass	Immune
H21.33.009	1	0.9471660551795507	pca	per_subclass	Immune
H21.33.010	1	0.8307227857105236	pca	per_subclass	Immune
H21.33.011	0	0.7909655929258659	pca	per_subclass	Immune
H21.33.012	1	0.48438676111451534	pca	per_subclass	Immune
H21.33.013	1	0.8546070253802138	pca	per_subclass	Immune
H21.33.014	1	0.7986007417940659	pca	per_subclass	Immune
H21.33.015	0	0.6962358896220826	pca	per_subclass	Immune
H21.33.016	0	0.33019604500909516	pca	per_subclass	Immune
H21.33.017	1	0.9239171537976933	pca	per_subclass	Immune
H21.33.018	0	0.744532034253279	pca	per_subclass	Immune
H21.33.019	0	0.7906537797392039	pca	per_subclass	Immune
H21.33.020	1	0.9877725213153485	pca	per_subclass	Immune
H21.33.021	1	0.895073785543653	pca	per_subclass	Immune
H21.33.022	1	0.6873473909160236	pca	per_subclass	Immune
H21.33.023	0	0.8839852140176495	pca	per_subclass	Immune
H21.33.025	1	0.6739477802527414	pca	per_subclass	Immune
H21.33.026	1	0.6574852950990488	pca	per_subclass	Immune
H21.33.027	1	0.7101009331272823	pca	per_subclass	Immune
H21.33.028	0	0.5697111358976871	pca	per_subclass	Immune
H21.33.029	1	0.7547134424489802	pca	per_subclass	Immune
H21.33.030	1	0.6042589716767797	pca	per_subclass	Immune
H21.33.031	1	0.7156970624929951	pca	per_subclass	Immune
H21.33.032	0	0.8639579443281384	pca	per_subclass	Immune
H21.33.033	1	0.9615868281869743	pca	per_subclass	Immune
H21.33.034	1	0.9611009562157748	pca	per_subclass	Immune
H21.33.035	1	0.7985449468627397	pca	per_subclass	Immune
H21.33.036	1	0.5305529690097479	pca	per_subclass	Immune
H21.33.037	0	0.6114917340295156	pca	per_subclass	Immune
H21.33.038	0	0.8168398971749413	pca	per_subclass	Immune
H21.33.039	1	0.7702122014345499	pca	per_subclass	Immune
H21.33.040	1	0.9194670009524053	pca	per_subclass	Immune
H21.33.041	0	0.6312964362747884	pca	per_subclass	Immune
H21.33.042	1	0.18692812134279208	pca	per_subclass	Immune
H21.33.043	0	0.6084912945835145	pca	per_subclass	Immune
H21.33.044	1	0.7636893626342651	pca	per_subclass	Immune
H21.33.045	1	0.9620322455399297	pca	per_subclass	Immune
H21.33.046	1	0.886127363439021	pca	per_subclass	Immune
H21.33.047	1	0.5651599539803306	pca	per_subclass	Immune
H19.33.004	0	0.9854978814083907	pca	per_subclass	L2/3 IT
H20.33.001	0	0.6811358707907413	pca	per_subclass	L2/3 IT
H20.33.002	0	0.7702261630446665	pca	per_subclass	L2/3 IT
H20.33.004	1	0.5509684010464007	pca	per_subclass	L2/3 IT
H20.33.005	1	0.9511175470289339	pca	per_subclass	L2/3 IT
H20.33.008	1	0.468398606095645	pca	per_subclass	L2/3 IT
H20.33.011	1	0.6244578598904624	pca	per_subclass	L2/3 IT
H20.33.012	0	0.8154443508572642	pca	per_subclass	L2/3 IT
H20.33.013	1	0.6000097347603488	pca	per_subclass	L2/3 IT
H20.33.014	1	0.5320915072580346	pca	per_subclass	L2/3 IT
H20.33.015	1	0.6691466832591266	pca	per_subclass	L2/3 IT
H20.33.016	1	0.8275618296506865	pca	per_subclass	L2/3 IT
H20.33.017	1	0.8508890786237627	pca	per_subclass	L2/3 IT
H20.33.018	1	0.9124983640548331	pca	per_subclass	L2/3 IT
H20.33.019	1	0.48152526220972386	pca	per_subclass	L2/3 IT
H20.33.020	1	0.9408985427367105	pca	per_subclass	L2/3 IT
H20.33.024	1	0.24911836566998394	pca	per_subclass	L2/3 IT
H20.33.025	1	0.574275253483189	pca	per_subclass	L2/3 IT
H20.33.026	1	0.9281447139138279	pca	per_subclass	L2/3 IT
H20.33.027	1	0.6513083471452692	pca	per_subclass	L2/3 IT
H20.33.028	1	0.956289018517061	pca	per_subclass	L2/3 IT
H20.33.029	1	0.7914377367209583	pca	per_subclass	L2/3 IT
H20.33.030	1	0.6955741635677771	pca	per_subclass	L2/3 IT
H20.33.031	1	0.40896170159701456	pca	per_subclass	L2/3 IT
H20.33.032	1	0.29074706257906974	pca	per_subclass	L2/3 IT
H20.33.033	1	0.981136868986914	pca	per_subclass	L2/3 IT
H20.33.034	1	0.5533094978220217	pca	per_subclass	L2/3 IT
H20.33.035	0	0.8636054670171726	pca	per_subclass	L2/3 IT
H20.33.036	1	0.9791575020881037	pca	per_subclass	L2/3 IT
H20.33.037	1	0.9856990855985224	pca	per_subclass	L2/3 IT
H20.33.038	1	0.9679602217587459	pca	per_subclass	L2/3 IT
H20.33.039	1	0.3461625183310836	pca	per_subclass	L2/3 IT
H20.33.040	1	0.8905104148335695	pca	per_subclass	L2/3 IT
H20.33.041	1	0.6077302016164384	pca	per_subclass	L2/3 IT
H20.33.043	1	0.662906846642946	pca	per_subclass	L2/3 IT
H20.33.044	0	0.5925949715039994	pca	per_subclass	L2/3 IT
H20.33.045	1	0.969847083606151	pca	per_subclass	L2/3 IT
H20.33.046	1	0.8805340665512442	pca	per_subclass	L2/3 IT
H21.33.001	0	0.9650546721851233	pca	per_subclass	L2/3 IT
H21.33.002	1	0.9270717528929311	pca	per_subclass	L2/3 IT
H21.33.003	0	0.5948454658973396	pca	per_subclass	L2/3 IT
H21.33.004	0	0.7732384319535219	pca	per_subclass	L2/3 IT
H21.33.005	1	0.8125056431672594	pca	per_subclass	L2/3 IT
H21.33.006	1	0.5604218330190939	pca	per_subclass	L2/3 IT
H21.33.007	1	0.8169114738092957	pca	per_subclass	L2/3 IT
H21.33.008	1	0.957100177161075	pca	per_subclass	L2/3 IT
H21.33.009	1	0.9724397879367052	pca	per_subclass	L2/3 IT
H21.33.010	1	0.8969467721492524	pca	per_subclass	L2/3 IT
H21.33.011	0	0.8340458977344387	pca	per_subclass	L2/3 IT
H21.33.012	1	0.7048004294089623	pca	per_subclass	L2/3 IT
H21.33.013	1	0.8993840081569733	pca	per_subclass	L2/3 IT
H21.33.014	1	0.5271662447707391	pca	per_subclass	L2/3 IT
H21.33.015	0	0.8147318167778703	pca	per_subclass	L2/3 IT
H21.33.016	0	0.6310974968061396	pca	per_subclass	L2/3 IT
H21.33.017	1	0.8877453562232318	pca	per_subclass	L2/3 IT
H21.33.018	0	0.8377111974268484	pca	per_subclass	L2/3 IT
H21.33.019	0	0.7306363851188544	pca	per_subclass	L2/3 IT
H21.33.020	1	0.9742110458848154	pca	per_subclass	L2/3 IT
H21.33.021	1	0.9587177859557434	pca	per_subclass	L2/3 IT
H21.33.022	1	0.821676309892724	pca	per_subclass	L2/3 IT
H21.33.023	0	0.7514548315275549	pca	per_subclass	L2/3 IT
H21.33.025	1	0.5837905984082145	pca	per_subclass	L2/3 IT
H21.33.026	1	0.7043803319765106	pca	per_subclass	L2/3 IT
H21.33.027	1	0.8111285240198539	pca	per_subclass	L2/3 IT
H21.33.028	0	0.5651861217182452	pca	per_subclass	L2/3 IT
H21.33.029	1	0.652327461311945	pca	per_subclass	L2/3 IT
H21.33.030	1	0.8005582773576967	pca	per_subclass	L2/3 IT
H21.33.031	1	0.48781363890374063	pca	per_subclass	L2/3 IT
H21.33.032	0	0.626667669183371	pca	per_subclass	L2/3 IT
H21.33.033	1	0.8727416260711788	pca	per_subclass	L2/3 IT
H21.33.034	1	0.9679924175848367	pca	per_subclass	L2/3 IT
H21.33.035	1	0.7756815187880081	pca	per_subclass	L2/3 IT
H21.33.036	1	0.7294434179556843	pca	per_subclass	L2/3 IT
H21.33.037	0	0.8925757685187236	pca	per_subclass	L2/3 IT
H21.33.038	0	0.8084393239902383	pca	per_subclass	L2/3 IT
H21.33.039	1	0.9086484184395012	pca	per_subclass	L2/3 IT
H21.33.040	1	0.9475533328517785	pca	per_subclass	L2/3 IT
H21.33.041	0	0.6288233256280853	pca	per_subclass	L2/3 IT
H21.33.042	1	0.5967296935951791	pca	per_subclass	L2/3 IT
H21.33.043	0	0.7341281950683884	pca	per_subclass	L2/3 IT
H21.33.044	1	0.43176421646713303	pca	per_subclass	L2/3 IT
H21.33.045	1	0.9857335765047448	pca	per_subclass	L2/3 IT
H21.33.046	1	0.8470080508772598	pca	per_subclass	L2/3 IT
H21.33.047	1	0.5829629566281518	pca	per_subclass	L2/3 IT
H19.33.004	0	0.9833242610636997	pca	per_subclass	L4 IT
H20.33.001	0	0.7875271086659519	pca	per_subclass	L4 IT
H20.33.002	0	0.7734266886896343	pca	per_subclass	L4 IT
H20.33.004	1	0.6871143307330206	pca	per_subclass	L4 IT
H20.33.005	1	0.8924797217573157	pca	per_subclass	L4 IT
H20.33.008	1	0.44882425309712143	pca	per_subclass	L4 IT
H20.33.011	1	0.6612832318766949	pca	per_subclass	L4 IT
H20.33.012	0	0.7908112936962906	pca	per_subclass	L4 IT
H20.33.013	1	0.6005680913517661	pca	per_subclass	L4 IT
H20.33.014	1	0.4528224479439009	pca	per_subclass	L4 IT
H20.33.015	1	0.789945844651222	pca	per_subclass	L4 IT
H20.33.016	1	0.6554638574343702	pca	per_subclass	L4 IT
H20.33.017	1	0.8676367386767488	pca	per_subclass	L4 IT
H20.33.018	1	0.932070371706604	pca	per_subclass	L4 IT
H20.33.019	1	0.7446071348103804	pca	per_subclass	L4 IT
H20.33.020	1	0.9347936848853223	pca	per_subclass	L4 IT
H20.33.024	1	0.16636781384673766	pca	per_subclass	L4 IT
H20.33.025	1	0.6053126841596933	pca	per_subclass	L4 IT
H20.33.026	1	0.8664753346605479	pca	per_subclass	L4 IT
H20.33.027	1	0.5930155822833615	pca	per_subclass	L4 IT
H20.33.028	1	0.9630074988809485	pca	per_subclass	L4 IT
H20.33.029	1	0.8610933962416807	pca	per_subclass	L4 IT
H20.33.030	1	0.28749128081441366	pca	per_subclass	L4 IT
H20.33.031	1	0.42629194757461103	pca	per_subclass	L4 IT
H20.33.032	1	0.6395545665488663	pca	per_subclass	L4 IT
H20.33.033	1	0.9824607598012106	pca	per_subclass	L4 IT
H20.33.034	1	0.7115740684897954	pca	per_subclass	L4 IT
H20.33.035	0	0.8240927863358518	pca	per_subclass	L4 IT
H20.33.036	1	0.9525096321675368	pca	per_subclass	L4 IT
H20.33.037	1	0.9924819383752954	pca	per_subclass	L4 IT
H20.33.038	1	0.9149604349831708	pca	per_subclass	L4 IT
H20.33.039	1	0.7365902279630155	pca	per_subclass	L4 IT
H20.33.040	1	0.8813844277567974	pca	per_subclass	L4 IT
H20.33.041	1	0.7258218936274592	pca	per_subclass	L4 IT
H20.33.043	1	0.45136950397729675	pca	per_subclass	L4 IT
H20.33.044	0	0.9277233430328959	pca	per_subclass	L4 IT
H20.33.045	1	0.9932660128367106	pca	per_subclass	L4 IT
H20.33.046	1	0.8411061795877359	pca	per_subclass	L4 IT
H21.33.001	0	0.938655470872234	pca	per_subclass	L4 IT
H21.33.002	1	0.9342485654379449	pca	per_subclass	L4 IT
H21.33.003	0	0.7766204601384572	pca	per_subclass	L4 IT
H21.33.004	0	0.6003001224620009	pca	per_subclass	L4 IT
H21.33.005	1	0.7307921845073858	pca	per_subclass	L4 IT
H21.33.006	1	0.6014363473653224	pca	per_subclass	L4 IT
H21.33.007	1	0.8623628383992396	pca	per_subclass	L4 IT
H21.33.008	1	0.9351787155095804	pca	per_subclass	L4 IT
H21.33.009	1	0.9828701459641038	pca	per_subclass	L4 IT
H21.33.010	1	0.8962194173736725	pca	per_subclass	L4 IT
H21.33.011	0	0.6567985152941058	pca	per_subclass	L4 IT
H21.33.012	1	0.777651228685747	pca	per_subclass	L4 IT
H21.33.013	1	0.821985853359022	pca	per_subclass	L4 IT
H21.33.014	1	0.5721038367288753	pca	per_subclass	L4 IT
H21.33.015	0	0.6798249712175106	pca	per_subclass	L4 IT
H21.33.016	0	0.5125414024276178	pca	per_subclass	L4 IT
H21.33.017	1	0.8527629764057603	pca	per_subclass	L4 IT
H21.33.018	0	0.7944183509554119	pca	per_subclass	L4 IT
H21.33.019	0	0.4196474081203746	pca	per_subclass	L4 IT
H21.33.020	1	0.9749695662878048	pca	per_subclass	L4 IT
H21.33.021	1	0.8657151269690463	pca	per_subclass	L4 IT
H21.33.022	1	0.8592050740238918	pca	per_subclass	L4 IT
H21.33.023	0	0.6777395979951946	pca	per_subclass	L4 IT
H21.33.025	1	0.5482480832815355	pca	per_subclass	L4 IT
H21.33.026	1	0.8249197919206486	pca	per_subclass	L4 IT
H21.33.027	1	0.7274946554861262	pca	per_subclass	L4 IT
H21.33.028	0	0.7432476639776298	pca	per_subclass	L4 IT
H21.33.029	1	0.696955676765325	pca	per_subclass	L4 IT
H21.33.030	1	0.7694389662970476	pca	per_subclass	L4 IT
H21.33.031	1	0.5947187414920634	pca	per_subclass	L4 IT
H21.33.032	0	0.37267072672184176	pca	per_subclass	L4 IT
H21.33.033	1	0.7546761122391203	pca	per_subclass	L4 IT
H21.33.034	1	0.9824764833792546	pca	per_subclass	L4 IT
H21.33.035	1	0.8628612075350466	pca	per_subclass	L4 IT
H21.33.036	1	0.5598370785952759	pca	per_subclass	L4 IT
H21.33.037	0	0.7565945821203093	pca	per_subclass	L4 IT
H21.33.038	0	0.780828637553981	pca	per_subclass	L4 IT
H21.33.039	1	0.7104120641794174	pca	per_subclass	L4 IT
H21.33.040	1	0.939245003114778	pca	per_subclass	L4 IT
H21.33.041	0	0.5933573369494114	pca	per_subclass	L4 IT
H21.33.042	1	0.708331500023179	pca	per_subclass	L4 IT
H21.33.043	0	0.8035480813026604	pca	per_subclass	L4 IT
H21.33.044	1	0.7723299336934065	pca	per_subclass	L4 IT
H21.33.045	1	0.9883025508141395	pca	per_subclass	L4 IT
H21.33.046	1	0.9011421985958089	pca	per_subclass	L4 IT
H21.33.047	1	0.7805877751690043	pca	per_subclass	L4 IT
H19.33.004	0	0.9929110125925324	pca	per_subclass	L5 ET
H20.33.001	0	0.5363527106011948	pca	per_subclass	L5 ET
H20.33.002	0	0.6143445400895622	pca	per_subclass	L5 ET
H20.33.004	1	0.5706707026225285	pca	per_subclass	L5 ET
H20.33.005	1	0.8487531750099805	pca	per_subclass	L5 ET
H20.33.008	1	0.5861364520197846	pca	per_subclass	L5 ET
H20.33.011	1	0.7953349295686959	pca	per_subclass	L5 ET
H20.33.012	0	0.7249692333541157	pca	per_subclass	L5 ET
H20.33.013	1	0.4238566470444655	pca	per_subclass	L5 ET
H20.33.014	1	0.5023081259888522	pca	per_subclass	L5 ET
H20.33.015	1	0.851750939802628	pca	per_subclass	L5 ET
H20.33.016	1	0.6464858946379393	pca	per_subclass	L5 ET
H20.33.017	1	0.8471638362936659	pca	per_subclass	L5 ET
H20.33.018	1	0.9400168556430459	pca	per_subclass	L5 ET
H20.33.019	1	0.5077905459880406	pca	per_subclass	L5 ET
H20.33.020	1	0.887658014696715	pca	per_subclass	L5 ET
H20.33.024	1	0.5327562190456091	pca	per_subclass	L5 ET
H20.33.025	1	0.6012045087562226	pca	per_subclass	L5 ET
H20.33.026	1	0.9492868332412743	pca	per_subclass	L5 ET
H20.33.027	1	0.7565198161562121	pca	per_subclass	L5 ET
H20.33.028	1	0.9730030292483189	pca	per_subclass	L5 ET
H20.33.029	1	0.505371051243847	pca	per_subclass	L5 ET
H20.33.030	1	0.8593099568140625	pca	per_subclass	L5 ET
H20.33.031	1	0.7483304707808051	pca	per_subclass	L5 ET
H20.33.032	1	0.6523886491363571	pca	per_subclass	L5 ET
H20.33.034	1	0.6939552052521449	pca	per_subclass	L5 ET
H20.33.035	0	0.9155948120284343	pca	per_subclass	L5 ET
H20.33.039	1	0.6654551681479193	pca	per_subclass	L5 ET
H20.33.040	1	0.811947036787745	pca	per_subclass	L5 ET
H20.33.041	1	0.7489252761798252	pca	per_subclass	L5 ET
H20.33.043	1	0.35543591256995166	pca	per_subclass	L5 ET
H20.33.044	0	0.7680994420569383	pca	per_subclass	L5 ET
H20.33.046	1	0.9176207476210898	pca	per_subclass	L5 ET
H21.33.001	0	0.9130951065308939	pca	per_subclass	L5 ET
H21.33.002	1	0.9454683658293277	pca	per_subclass	L5 ET
H21.33.003	0	0.6040553912924882	pca	per_subclass	L5 ET
H21.33.004	0	0.5780390000478074	pca	per_subclass	L5 ET
H21.33.005	1	0.7777022627908621	pca	per_subclass	L5 ET
H21.33.006	1	0.5838350360118854	pca	per_subclass	L5 ET
H21.33.007	1	0.9138317265033347	pca	per_subclass	L5 ET
H21.33.010	1	0.9283112369396378	pca	per_subclass	L5 ET
H21.33.011	0	0.4631135874975357	pca	per_subclass	L5 ET
H21.33.012	1	0.7856096195409196	pca	per_subclass	L5 ET
H21.33.013	1	0.7184403478047183	pca	per_subclass	L5 ET
H21.33.014	1	0.8728355967322214	pca	per_subclass	L5 ET
H21.33.015	0	0.6642843762868066	pca	per_subclass	L5 ET
H21.33.016	0	0.42023869527222324	pca	per_subclass	L5 ET
H21.33.017	1	0.7249405849261021	pca	per_subclass	L5 ET
H21.33.018	0	0.9415728068378424	pca	per_subclass	L5 ET
H21.33.019	0	0.497311488336282	pca	per_subclass	L5 ET
H21.33.022	1	0.741259962557403	pca	per_subclass	L5 ET
H21.33.023	0	0.8106460804015254	pca	per_subclass	L5 ET
H21.33.025	1	0.8033661526244483	pca	per_subclass	L5 ET
H21.33.027	1	0.7107442688514751	pca	per_subclass	L5 ET
H21.33.028	0	0.48008104503801513	pca	per_subclass	L5 ET
H21.33.029	1	0.7663993435513096	pca	per_subclass	L5 ET
H21.33.030	1	0.6558245949400985	pca	per_subclass	L5 ET
H21.33.031	1	0.7113203196069154	pca	per_subclass	L5 ET
H21.33.032	0	0.6047517449038733	pca	per_subclass	L5 ET
H21.33.033	1	0.813358814206864	pca	per_subclass	L5 ET
H21.33.035	1	0.8599679220752364	pca	per_subclass	L5 ET
H21.33.036	1	0.7383203476163783	pca	per_subclass	L5 ET
H21.33.038	0	0.397885125974867	pca	per_subclass	L5 ET
H21.33.039	1	0.9068549133349082	pca	per_subclass	L5 ET
H21.33.040	1	0.8910351748425255	pca	per_subclass	L5 ET
H21.33.041	0	0.780749035870354	pca	per_subclass	L5 ET
H21.33.042	1	0.6328704651511327	pca	per_subclass	L5 ET
H21.33.043	0	0.8957733147953636	pca	per_subclass	L5 ET
H21.33.044	1	0.6645149313447007	pca	per_subclass	L5 ET
H21.33.046	1	0.9504138230082957	pca	per_subclass	L5 ET
H19.33.004	0	0.9729745131452775	pca	per_subclass	L5 IT
H20.33.001	0	0.5056489765017	pca	per_subclass	L5 IT
H20.33.002	0	0.7973145766559508	pca	per_subclass	L5 IT
H20.33.004	1	0.35289936655379306	pca	per_subclass	L5 IT
H20.33.005	1	0.9532248491202159	pca	per_subclass	L5 IT
H20.33.008	1	0.46139286106981603	pca	per_subclass	L5 IT
H20.33.011	1	0.7220552340858959	pca	per_subclass	L5 IT
H20.33.012	0	0.6544286201629125	pca	per_subclass	L5 IT
H20.33.013	1	0.7285514761198075	pca	per_subclass	L5 IT
H20.33.014	1	0.36031186354252587	pca	per_subclass	L5 IT
H20.33.015	1	0.7443158452114222	pca	per_subclass	L5 IT
H20.33.016	1	0.545352171911607	pca	per_subclass	L5 IT
H20.33.017	1	0.8306113219208242	pca	per_subclass	L5 IT
H20.33.018	1	0.9589891119147487	pca	per_subclass	L5 IT
H20.33.019	1	0.8119712116092689	pca	per_subclass	L5 IT
H20.33.020	1	0.9514093622701039	pca	per_subclass	L5 IT
H20.33.024	1	0.5874955737951764	pca	per_subclass	L5 IT
H20.33.025	1	0.36708001125336487	pca	per_subclass	L5 IT
H20.33.026	1	0.8202616045932727	pca	per_subclass	L5 IT
H20.33.027	1	0.8538622515573838	pca	per_subclass	L5 IT
H20.33.028	1	0.9850452611456987	pca	per_subclass	L5 IT
H20.33.029	1	0.8941201426718488	pca	per_subclass	L5 IT
H20.33.030	1	0.8924595386686913	pca	per_subclass	L5 IT
H20.33.031	1	0.3581663930814894	pca	per_subclass	L5 IT
H20.33.032	1	0.5201578357863854	pca	per_subclass	L5 IT
H20.33.033	1	0.9904691144113661	pca	per_subclass	L5 IT
H20.33.034	1	0.7235059287431355	pca	per_subclass	L5 IT
H20.33.035	0	0.8942584305739778	pca	per_subclass	L5 IT
H20.33.036	1	0.9168841505492169	pca	per_subclass	L5 IT
H20.33.037	1	0.9484140727715566	pca	per_subclass	L5 IT
H20.33.038	1	0.9801754438652106	pca	per_subclass	L5 IT
H20.33.039	1	0.5303244114896751	pca	per_subclass	L5 IT
H20.33.040	1	0.8124074107353731	pca	per_subclass	L5 IT
H20.33.041	1	0.392076888053036	pca	per_subclass	L5 IT
H20.33.043	1	0.19789867317865278	pca	per_subclass	L5 IT
H20.33.044	0	0.6520718120949937	pca	per_subclass	L5 IT
H20.33.045	1	0.971320484043364	pca	per_subclass	L5 IT
H20.33.046	1	0.8703196740736227	pca	per_subclass	L5 IT
H21.33.001	0	0.9864348363371995	pca	per_subclass	L5 IT
H21.33.002	1	0.8552091439301794	pca	per_subclass	L5 IT
H21.33.003	0	0.3996970714081171	pca	per_subclass	L5 IT
H21.33.004	0	0.690679138779261	pca	per_subclass	L5 IT
H21.33.005	1	0.7842512072075646	pca	per_subclass	L5 IT
H21.33.006	1	0.8351575264890856	pca	per_subclass	L5 IT
H21.33.007	1	0.8904122627730138	pca	per_subclass	L5 IT
H21.33.008	1	0.9152624337057279	pca	per_subclass	L5 IT
H21.33.009	1	0.8681869405512413	pca	per_subclass	L5 IT
H21.33.010	1	0.93580378883312	pca	per_subclass	L5 IT
H21.33.011	0	0.644319937502973	pca	per_subclass	L5 IT
H21.33.012	1	0.6744216615999014	pca	per_subclass	L5 IT
H21.33.013	1	0.9110599001161497	pca	per_subclass	L5 IT
H21.33.014	1	0.27479414993951873	pca	per_subclass	L5 IT
H21.33.015	0	0.6909982467212163	pca	per_subclass	L5 IT
H21.33.016	0	0.7178025597375455	pca	per_subclass	L5 IT
H21.33.017	1	0.8608763713955627	pca	per_subclass	L5 IT
H21.33.018	0	0.8109396725989697	pca	per_subclass	L5 IT
H21.33.019	0	0.45070523419798736	pca	per_subclass	L5 IT
H21.33.020	1	0.9849319056089236	pca	per_subclass	L5 IT
H21.33.021	1	0.9657325531766722	pca	per_subclass	L5 IT
H21.33.022	1	0.6358790745231732	pca	per_subclass	L5 IT
H21.33.023	0	0.6771453570204202	pca	per_subclass	L5 IT
H21.33.025	1	0.6409376220756283	pca	per_subclass	L5 IT
H21.33.026	1	0.7405818737076452	pca	per_subclass	L5 IT
H21.33.027	1	0.755567698753992	pca	per_subclass	L5 IT
H21.33.028	0	0.611560525425934	pca	per_subclass	L5 IT
H21.33.029	1	0.7671019357030314	pca	per_subclass	L5 IT
H21.33.030	1	0.8694378727514221	pca	per_subclass	L5 IT
H21.33.031	1	0.8242563313705278	pca	per_subclass	L5 IT
H21.33.032	0	0.7614444364678135	pca	per_subclass	L5 IT
H21.33.033	1	0.6448156516355935	pca	per_subclass	L5 IT
H21.33.034	1	0.9474109669662637	pca	per_subclass	L5 IT
H21.33.035	1	0.8427332294849672	pca	per_subclass	L5 IT
H21.33.036	1	0.7307997714534753	pca	per_subclass	L5 IT
H21.33.037	0	0.6116857758389596	pca	per_subclass	L5 IT
H21.33.038	0	0.7205690643251594	pca	per_subclass	L5 IT
H21.33.039	1	0.826889227825105	pca	per_subclass	L5 IT
H21.33.040	1	0.9394920288706992	pca	per_subclass	L5 IT
H21.33.041	0	0.6567990205327648	pca	per_subclass	L5 IT
H21.33.042	1	0.6569909773151041	pca	per_subclass	L5 IT
H21.33.043	0	0.9314930210084468	pca	per_subclass	L5 IT
H21.33.044	1	0.7784378159655598	pca	per_subclass	L5 IT
H21.33.045	1	0.965745135341711	pca	per_subclass	L5 IT
H21.33.046	1	0.9305890408541027	pca	per_subclass	L5 IT
H21.33.047	1	0.870667684321672	pca	per_subclass	L5 IT
H19.33.004	0	0.9813908488235807	pca	per_subclass	L5/6 NP
H20.33.001	0	0.864279885511771	pca	per_subclass	L5/6 NP
H20.33.002	0	0.7273220074406005	pca	per_subclass	L5/6 NP
H20.33.004	1	0.4880726303131633	pca	per_subclass	L5/6 NP
H20.33.005	1	0.944301135175901	pca	per_subclass	L5/6 NP
H20.33.008	1	0.8362244163109016	pca	per_subclass	L5/6 NP
H20.33.011	1	0.5962521422135189	pca	per_subclass	L5/6 NP
H20.33.012	0	0.6928696894340873	pca	per_subclass	L5/6 NP
H20.33.013	1	0.6230598466340191	pca	per_subclass	L5/6 NP
H20.33.014	1	0.5850413602492697	pca	per_subclass	L5/6 NP
H20.33.015	1	0.7101419727364989	pca	per_subclass	L5/6 NP
H20.33.016	1	0.5332237024171873	pca	per_subclass	L5/6 NP
H20.33.017	1	0.9445440917936843	pca	per_subclass	L5/6 NP
H20.33.018	1	0.9757632154749072	pca	per_subclass	L5/6 NP
H20.33.019	1	0.6218697815627745	pca	per_subclass	L5/6 NP
H20.33.020	1	0.9340777384698589	pca	per_subclass	L5/6 NP
H20.33.024	1	0.5495704320909056	pca	per_subclass	L5/6 NP
H20.33.025	1	0.7207162702240069	pca	per_subclass	L5/6 NP
H20.33.026	1	0.8393468452972224	pca	per_subclass	L5/6 NP
H20.33.027	1	0.5474069986289115	pca	per_subclass	L5/6 NP
H20.33.028	1	0.9285510498681073	pca	per_subclass	L5/6 NP
H20.33.029	1	0.6456084563190188	pca	per_subclass	L5/6 NP
H20.33.030	1	0.5346153321110159	pca	per_subclass	L5/6 NP
H20.33.031	1	0.6745232131690015	pca	per_subclass	L5/6 NP
H20.33.032	1	0.5804769795359535	pca	per_subclass	L5/6 NP
H20.33.033	1	0.9679320633831908	pca	per_subclass	L5/6 NP
H20.33.034	1	0.8204459940477346	pca	per_subclass	L5/6 NP
H20.33.035	0	0.8234312142087414	pca	per_subclass	L5/6 NP
H20.33.036	1	0.951571616012164	pca	per_subclass	L5/6 NP
H20.33.037	1	0.9908520861474166	pca	per_subclass	L5/6 NP
H20.33.039	1	0.6717448847981998	pca	per_subclass	L5/6 NP
H20.33.040	1	0.8009679104768654	pca	per_subclass	L5/6 NP
H20.33.041	1	0.8648343101764645	pca	per_subclass	L5/6 NP
H20.33.043	1	0.30511647402343417	pca	per_subclass	L5/6 NP
H20.33.044	0	0.7728919886360884	pca	per_subclass	L5/6 NP
H20.33.045	1	0.9865673647770979	pca	per_subclass	L5/6 NP
H20.33.046	1	0.9169969511033026	pca	per_subclass	L5/6 NP
H21.33.001	0	0.9581521031294393	pca	per_subclass	L5/6 NP
H21.33.002	1	0.9289164554803655	pca	per_subclass	L5/6 NP
H21.33.003	0	0.7752235478994135	pca	per_subclass	L5/6 NP
H21.33.004	0	0.37597690319156113	pca	per_subclass	L5/6 NP
H21.33.005	1	0.8870126644687962	pca	per_subclass	L5/6 NP
H21.33.006	1	0.5160432330239892	pca	per_subclass	L5/6 NP
H21.33.007	1	0.8686495445761494	pca	per_subclass	L5/6 NP
H21.33.008	1	0.799188611787924	pca	per_subclass	L5/6 NP
H21.33.009	1	0.9901071393906236	pca	per_subclass	L5/6 NP
H21.33.010	1	0.891993239778451	pca	per_subclass	L5/6 NP
H21.33.011	0	0.5987269766179117	pca	per_subclass	L5/6 NP
H21.33.012	1	0.53743811287076	pca	per_subclass	L5/6 NP
H21.33.013	1	0.8726539990200404	pca	per_subclass	L5/6 NP
H21.33.014	1	0.5886240252218504	pca	per_subclass	L5/6 NP
H21.33.015	0	0.6876914989351292	pca	per_subclass	L5/6 NP
H21.33.016	0	0.5655401251141836	pca	per_subclass	L5/6 NP
H21.33.017	1	0.7590942542230831	pca	per_subclass	L5/6 NP
H21.33.018	0	0.8727907582314393	pca	per_subclass	L5/6 NP
H21.33.019	0	0.6466697620877729	pca	per_subclass	L5/6 NP
H21.33.021	1	0.8885311750086915	pca	per_subclass	L5/6 NP
H21.33.022	1	0.7878249887823857	pca	per_subclass	L5/6 NP
H21.33.023	0	0.7148579542758184	pca	per_subclass	L5/6 NP
H21.33.025	1	0.8538165789870028	pca	per_subclass	L5/6 NP
H21.33.026	1	0.8129630082056828	pca	per_subclass	L5/6 NP
H21.33.027	1	0.6622682266043729	pca	per_subclass	L5/6 NP
H21.33.028	0	0.8113122976174119	pca	per_subclass	L5/6 NP
H21.33.029	1	0.9343625634669595	pca	per_subclass	L5/6 NP
H21.33.030	1	0.6489657075005336	pca	per_subclass	L5/6 NP
H21.33.031	1	0.6983098909880324	pca	per_subclass	L5/6 NP
H21.33.032	0	0.8268237897503681	pca	per_subclass	L5/6 NP
H21.33.033	1	0.858173959265365	pca	per_subclass	L5/6 NP
H21.33.034	1	0.9421165818790739	pca	per_subclass	L5/6 NP
H21.33.035	1	0.7818687969686636	pca	per_subclass	L5/6 NP
H21.33.036	1	0.6081323941891197	pca	per_subclass	L5/6 NP
H21.33.037	0	0.48737680636347347	pca	per_subclass	L5/6 NP
H21.33.038	0	0.657892202436028	pca	per_subclass	L5/6 NP
H21.33.039	1	0.9378311440364241	pca	per_subclass	L5/6 NP
H21.33.040	1	0.8666489330638527	pca	per_subclass	L5/6 NP
H21.33.041	0	0.6112355442024409	pca	per_subclass	L5/6 NP
H21.33.042	1	0.7879529533451103	pca	per_subclass	L5/6 NP
H21.33.043	0	0.8976962199615326	pca	per_subclass	L5/6 NP
H21.33.044	1	0.5755863881499216	pca	per_subclass	L5/6 NP
H21.33.045	1	0.9725749755588998	pca	per_subclass	L5/6 NP
H21.33.046	1	0.6725292451669055	pca	per_subclass	L5/6 NP
H21.33.047	1	0.5540711784221709	pca	per_subclass	L5/6 NP
H19.33.004	0	0.987998722041965	pca	per_subclass	L6 CT
H20.33.001	0	0.6565916372245996	pca	per_subclass	L6 CT
H20.33.002	0	0.6307579695142502	pca	per_subclass	L6 CT
H20.33.004	1	0.6098544231701502	pca	per_subclass	L6 CT
H20.33.005	1	0.8481518606464009	pca	per_subclass	L6 CT
H20.33.008	1	0.2685776745173493	pca	per_subclass	L6 CT
H20.33.011	1	0.560150481864759	pca	per_subclass	L6 CT
H20.33.012	0	0.7920316599238987	pca	per_subclass	L6 CT
H20.33.013	1	0.5184858411773909	pca	per_subclass	L6 CT
H20.33.014	1	0.6710622636619977	pca	per_subclass	L6 CT
H20.33.015	1	0.9099976097737559	pca	per_subclass	L6 CT
H20.33.016	1	0.5419469352067023	pca	per_subclass	L6 CT
H20.33.017	1	0.8303299285438731	pca	per_subclass	L6 CT
H20.33.018	1	0.9647896115011761	pca	per_subclass	L6 CT
H20.33.019	1	0.6111626098588689	pca	per_subclass	L6 CT
H20.33.020	1	0.9351312432381753	pca	per_subclass	L6 CT
H20.33.024	1	0.5929985838987479	pca	per_subclass	L6 CT
H20.33.025	1	0.37107407997834707	pca	per_subclass	L6 CT
H20.33.026	1	0.9663164266430924	pca	per_subclass	L6 CT
H20.33.027	1	0.5098540524381115	pca	per_subclass	L6 CT
H20.33.028	1	0.8689102475809592	pca	per_subclass	L6 CT
H20.33.029	1	0.5880759840924684	pca	per_subclass	L6 CT
H20.33.030	1	0.8353494610862494	pca	per_subclass	L6 CT
H20.33.031	1	0.6011025566823947	pca	per_subclass	L6 CT
H20.33.032	1	0.632564948726292	pca	per_subclass	L6 CT
H20.33.033	1	0.9664061982301246	pca	per_subclass	L6 CT
H20.33.034	1	0.7462310978118643	pca	per_subclass	L6 CT
H20.33.035	0	0.8027950544789595	pca	per_subclass	L6 CT
H20.33.036	1	0.9707717993826155	pca	per_subclass	L6 CT
H20.33.037	1	0.9709745254815072	pca	per_subclass	L6 CT
H20.33.039	1	0.6169900977111903	pca	per_subclass	L6 CT
H20.33.040	1	0.6256031597754038	pca	per_subclass	L6 CT
H20.33.041	1	0.6274309410374167	pca	per_subclass	L6 CT
H20.33.043	1	0.5315881887127842	pca	per_subclass	L6 CT
H20.33.044	0	0.6378297065766284	pca	per_subclass	L6 CT
H20.33.045	1	0.9681666417878869	pca	per_subclass	L6 CT
H20.33.046	1	0.9484861662469608	pca	per_subclass	L6 CT
H21.33.001	0	0.9891311436676562	pca	per_subclass	L6 CT
H21.33.002	1	0.9631146682732596	pca	per_subclass	L6 CT
H21.33.003	0	0.5457335507859657	pca	per_subclass	L6 CT
H21.33.004	0	0.512089512054432	pca	per_subclass	L6 CT
H21.33.005	1	0.6116132616036012	pca	per_subclass	L6 CT
H21.33.006	1	0.41445739933003134	pca	per_subclass	L6 CT
H21.33.007	1	0.8767948581389466	pca	per_subclass	L6 CT
H21.33.008	1	0.9645398323625107	pca	per_subclass	L6 CT
H21.33.009	1	0.96881844414733	pca	per_subclass	L6 CT
H21.33.010	1	0.9402944326914933	pca	per_subclass	L6 CT
H21.33.011	0	0.7958439797642628	pca	per_subclass	L6 CT
H21.33.012	1	0.6895436192752677	pca	per_subclass	L6 CT
H21.33.013	1	0.8461724288535232	pca	per_subclass	L6 CT
H21.33.014	1	0.7943427582083225	pca	per_subclass	L6 CT
H21.33.015	0	0.750320817466524	pca	per_subclass	L6 CT
H21.33.016	0	0.7948586877880143	pca	per_subclass	L6 CT
H21.33.017	1	0.3901948715345802	pca	per_subclass	L6 CT
H21.33.018	0	0.8849539054624047	pca	per_subclass	L6 CT
H21.33.019	0	0.4374060938884181	pca	per_subclass	L6 CT
H21.33.021	1	0.9331502936178998	pca	per_subclass	L6 CT
H21.33.022	1	0.7340224183288943	pca	per_subclass	L6 CT
H21.33.023	0	0.7685461751911644	pca	per_subclass	L6 CT
H21.33.025	1	0.42806681107247124	pca	per_subclass	L6 CT
H21.33.026	1	0.6839010904615155	pca	per_subclass	L6 CT
H21.33.027	1	0.7665113467765746	pca	per_subclass	L6 CT
H21.33.028	0	0.6744805481033603	pca	per_subclass	L6 CT
H21.33.029	1	0.8145900873926646	pca	per_subclass	L6 CT
H21.33.030	1	0.7305663929389704	pca	per_subclass	L6 CT
H21.33.031	1	0.7484701054205636	pca	per_subclass	L6 CT
H21.33.032	0	0.6158415812058375	pca	per_subclass	L6 CT
H21.33.033	1	0.6572424357009818	pca	per_subclass	L6 CT
H21.33.035	1	0.8057404169514564	pca	per_subclass	L6 CT
H21.33.036	1	0.5859653336608758	pca	per_subclass	L6 CT
H21.33.037	0	0.6266201785499822	pca	per_subclass	L6 CT
H21.33.038	0	0.716898010840681	pca	per_subclass	L6 CT
H21.33.039	1	0.8794342529947846	pca	per_subclass	L6 CT
H21.33.040	1	0.8305415328510785	pca	per_subclass	L6 CT
H21.33.041	0	0.6952482404840159	pca	per_subclass	L6 CT
H21.33.042	1	0.7470938215378489	pca	per_subclass	L6 CT
H21.33.043	0	0.8684881177483594	pca	per_subclass	L6 CT
H21.33.044	1	0.7703780664296915	pca	per_subclass	L6 CT
H21.33.045	1	0.9831347643219706	pca	per_subclass	L6 CT
H21.33.046	1	0.880104270139829	pca	per_subclass	L6 CT
H21.33.047	1	0.7352597078048706	pca	per_subclass	L6 CT
H19.33.004	0	0.9824937555482425	pca	per_subclass	L6 IT
H20.33.001	0	0.6270552945458403	pca	per_subclass	L6 IT
H20.33.002	0	0.718281567961902	pca	per_subclass	L6 IT
H20.33.004	1	0.7298239619522814	pca	per_subclass	L6 IT
H20.33.005	1	0.850087933154974	pca	per_subclass	L6 IT
H20.33.008	1	0.4964811639530716	pca	per_subclass	L6 IT
H20.33.011	1	0.43672807290344207	pca	per_subclass	L6 IT
H20.33.012	0	0.7408729694317417	pca	per_subclass	L6 IT
H20.33.013	1	0.6119418670182812	pca	per_subclass	L6 IT
H20.33.014	1	0.42264169547071795	pca	per_subclass	L6 IT
H20.33.015	1	0.5500049435005296	pca	per_subclass	L6 IT
H20.33.016	1	0.6068440448287437	pca	per_subclass	L6 IT
H20.33.017	1	0.8648832309967966	pca	per_subclass	L6 IT
H20.33.018	1	0.938502620383163	pca	per_subclass	L6 IT
H20.33.019	1	0.7728137956381408	pca	per_subclass	L6 IT
H20.33.020	1	0.8839761342554491	pca	per_subclass	L6 IT
H20.33.024	1	0.5784107993967216	pca	per_subclass	L6 IT
H20.33.025	1	0.24587545251080675	pca	per_subclass	L6 IT
H20.33.026	1	0.9219562393813225	pca	per_subclass	L6 IT
H20.33.027	1	0.5493317406689471	pca	per_subclass	L6 IT
H20.33.028	1	0.946204007117186	pca	per_subclass	L6 IT
H20.33.029	1	0.642771872696906	pca	per_subclass	L6 IT
H20.33.030	1	0.8277844667383676	pca	per_subclass	L6 IT
H20.33.031	1	0.48556228652394406	pca	per_subclass	L6 IT
H20.33.032	1	0.7804150962056728	pca	per_subclass	L6 IT
H20.33.033	1	0.9843379778027785	pca	per_subclass	L6 IT
H20.33.034	1	0.7876587323884254	pca	per_subclass	L6 IT
H20.33.035	0	0.783595920702713	pca	per_subclass	L6 IT
H20.33.036	1	0.9298585337668082	pca	per_subclass	L6 IT
H20.33.037	1	0.9884125370957946	pca	per_subclass	L6 IT
H20.33.039	1	0.5917848906832347	pca	per_subclass	L6 IT
H20.33.040	1	0.6116007597818596	pca	per_subclass	L6 IT
H20.33.041	1	0.6316231086404414	pca	per_subclass	L6 IT
H20.33.043	1	0.697072286694126	pca	per_subclass	L6 IT
H20.33.044	0	0.7277219847281223	pca	per_subclass	L6 IT
H20.33.045	1	0.965276211474227	pca	per_subclass	L6 IT
H20.33.046	1	0.9104816915844163	pca	per_subclass	L6 IT
H21.33.001	0	0.9983671183537993	pca	per_subclass	L6 IT
H21.33.002	1	0.8914462698045682	pca	per_subclass	L6 IT
H21.33.003	0	0.5334892631318244	pca	per_subclass	L6 IT
H21.33.004	0	0.4583258680315069	pca	per_subclass	L6 IT
H21.33.005	1	0.8242548811902802	pca	per_subclass	L6 IT
H21.33.006	1	0.6039705980562677	pca	per_subclass	L6 IT
H21.33.007	1	0.8859598924665886	pca	per_subclass	L6 IT
H21.33.008	1	0.9867677014799078	pca	per_subclass	L6 IT
H21.33.009	1	0.9653589676982561	pca	per_subclass	L6 IT
H21.33.010	1	0.8736455872007293	pca	per_subclass	L6 IT
H21.33.011	0	0.7671715815258555	pca	per_subclass	L6 IT
H21.33.012	1	0.7713820607702266	pca	per_subclass	L6 IT
H21.33.013	1	0.7984217999359756	pca	per_subclass	L6 IT
H21.33.014	1	0.5436207635264274	pca	per_subclass	L6 IT
H21.33.015	0	0.34283974200881745	pca	per_subclass	L6 IT
H21.33.016	0	0.6966867040524815	pca	per_subclass	L6 IT
H21.33.017	1	0.77138903294965	pca	per_subclass	L6 IT
H21.33.018	0	0.8091797811878051	pca	per_subclass	L6 IT
H21.33.019	0	0.43975551279217606	pca	per_subclass	L6 IT
H21.33.021	1	0.926276955891914	pca	per_subclass	L6 IT
H21.33.022	1	0.8582914214545067	pca	per_subclass	L6 IT
H21.33.023	0	0.8008596722772741	pca	per_subclass	L6 IT
H21.33.025	1	0.8216894697925898	pca	per_subclass	L6 IT
H21.33.026	1	0.7332201129417311	pca	per_subclass	L6 IT
H21.33.027	1	0.8258736205336572	pca	per_subclass	L6 IT
H21.33.028	0	0.5137038699523719	pca	per_subclass	L6 IT
H21.33.029	1	0.8429900527842813	pca	per_subclass	L6 IT
H21.33.030	1	0.534981562503331	pca	per_subclass	L6 IT
H21.33.031	1	0.8979829663590028	pca	per_subclass	L6 IT
H21.33.032	0	0.6151015856589808	pca	per_subclass	L6 IT
H21.33.033	1	0.6767326461816964	pca	per_subclass	L6 IT
H21.33.034	1	0.9744606966525897	pca	per_subclass	L6 IT
H21.33.035	1	0.8206912841825588	pca	per_subclass	L6 IT
H21.33.036	1	0.5713380741344016	pca	per_subclass	L6 IT
H21.33.037	0	0.6972719759360476	pca	per_subclass	L6 IT
H21.33.038	0	0.7337328126486613	pca	per_subclass	L6 IT
H21.33.039	1	0.8012282294566269	pca	per_subclass	L6 IT
H21.33.040	1	0.8897038981979744	pca	per_subclass	L6 IT
H21.33.041	0	0.5599832418774067	pca	per_subclass	L6 IT
H21.33.042	1	0.7733585350276215	pca	per_subclass	L6 IT
H21.33.043	0	0.882803982130525	pca	per_subclass	L6 IT
H21.33.044	1	0.29598074044560685	pca	per_subclass	L6 IT
H21.33.045	1	0.9736673101992442	pca	per_subclass	L6 IT
H21.33.046	1	0.8839123354702391	pca	per_subclass	L6 IT
H21.33.047	1	0.6120563222232238	pca	per_subclass	L6 IT
H19.33.004	0	0.98417198121907	pca	per_subclass	L6 IT Car3
H20.33.001	0	0.7574776973623305	pca	per_subclass	L6 IT Car3
H20.33.002	0	0.8157941354910957	pca	per_subclass	L6 IT Car3
H20.33.004	1	0.7002736180938166	pca	per_subclass	L6 IT Car3
H20.33.005	1	0.932071432687392	pca	per_subclass	L6 IT Car3
H20.33.008	1	0.19606269235098703	pca	per_subclass	L6 IT Car3
H20.33.011	1	0.5906188531851494	pca	per_subclass	L6 IT Car3
H20.33.012	0	0.8444955355747169	pca	per_subclass	L6 IT Car3
H20.33.013	1	0.731191236428737	pca	per_subclass	L6 IT Car3
H20.33.014	1	0.7805883992600545	pca	per_subclass	L6 IT Car3
H20.33.015	1	0.9697561470344148	pca	per_subclass	L6 IT Car3
H20.33.016	1	0.7460471007699703	pca	per_subclass	L6 IT Car3
H20.33.017	1	0.7308009032546143	pca	per_subclass	L6 IT Car3
H20.33.018	1	0.9300403415443139	pca	per_subclass	L6 IT Car3
H20.33.019	1	0.8846228376221317	pca	per_subclass	L6 IT Car3
H20.33.020	1	0.7206801412515003	pca	per_subclass	L6 IT Car3
H20.33.024	1	0.48046448088324334	pca	per_subclass	L6 IT Car3
H20.33.025	1	0.595426427115517	pca	per_subclass	L6 IT Car3
H20.33.026	1	0.8728516622933646	pca	per_subclass	L6 IT Car3
H20.33.027	1	0.7393350583479397	pca	per_subclass	L6 IT Car3
H20.33.028	1	0.9366558234585469	pca	per_subclass	L6 IT Car3
H20.33.029	1	0.45015685541012707	pca	per_subclass	L6 IT Car3
H20.33.030	1	0.8284687588570204	pca	per_subclass	L6 IT Car3
H20.33.031	1	0.39662913727932325	pca	per_subclass	L6 IT Car3
H20.33.032	1	0.6049908018852821	pca	per_subclass	L6 IT Car3
H20.33.033	1	0.976815631305602	pca	per_subclass	L6 IT Car3
H20.33.034	1	0.6441789640837593	pca	per_subclass	L6 IT Car3
H20.33.035	0	0.7953435131676214	pca	per_subclass	L6 IT Car3
H20.33.036	1	0.8880107295480315	pca	per_subclass	L6 IT Car3
H20.33.037	1	0.9269316592286792	pca	per_subclass	L6 IT Car3
H20.33.038	1	0.8140440381218077	pca	per_subclass	L6 IT Car3
H20.33.039	1	0.7386090907492159	pca	per_subclass	L6 IT Car3
H20.33.040	1	0.7090652093399287	pca	per_subclass	L6 IT Car3
H20.33.041	1	0.8157496644974145	pca	per_subclass	L6 IT Car3
H20.33.043	1	0.5853565936270418	pca	per_subclass	L6 IT Car3
H20.33.044	0	0.8063422211426896	pca	per_subclass	L6 IT Car3
H20.33.045	1	0.8950026398337873	pca	per_subclass	L6 IT Car3
H20.33.046	1	0.8141946541958681	pca	per_subclass	L6 IT Car3
H21.33.001	0	0.9953344531880527	pca	per_subclass	L6 IT Car3
H21.33.002	1	0.6788737236103014	pca	per_subclass	L6 IT Car3
H21.33.003	0	0.5022178990263954	pca	per_subclass	L6 IT Car3
H21.33.004	0	0.45452221136942705	pca	per_subclass	L6 IT Car3
H21.33.005	1	0.569756821648282	pca	per_subclass	L6 IT Car3
H21.33.006	1	0.37062735585624634	pca	per_subclass	L6 IT Car3
H21.33.007	1	0.8737156466701931	pca	per_subclass	L6 IT Car3
H21.33.008	1	0.8521797045615516	pca	per_subclass	L6 IT Car3
H21.33.009	1	0.8719288448275588	pca	per_subclass	L6 IT Car3
H21.33.010	1	0.9280357959278863	pca	per_subclass	L6 IT Car3
H21.33.011	0	0.5081473990868083	pca	per_subclass	L6 IT Car3
H21.33.012	1	0.7635735097334615	pca	per_subclass	L6 IT Car3
H21.33.013	1	0.9289863884070085	pca	per_subclass	L6 IT Car3
H21.33.014	1	0.8496554125471949	pca	per_subclass	L6 IT Car3
H21.33.015	0	0.7234326864763877	pca	per_subclass	L6 IT Car3
H21.33.016	0	0.7961363375571574	pca	per_subclass	L6 IT Car3
H21.33.017	1	0.8554089085434706	pca	per_subclass	L6 IT Car3
H21.33.018	0	0.699928523533911	pca	per_subclass	L6 IT Car3
H21.33.019	0	0.5257459743010703	pca	per_subclass	L6 IT Car3
H21.33.021	1	0.5369546347231278	pca	per_subclass	L6 IT Car3
H21.33.022	1	0.7512894967712473	pca	per_subclass	L6 IT Car3
H21.33.023	0	0.6126141660854578	pca	per_subclass	L6 IT Car3
H21.33.025	1	0.7666620862601474	pca	per_subclass	L6 IT Car3
H21.33.026	1	0.2995593466758432	pca	per_subclass	L6 IT Car3
H21.33.027	1	0.7196282500836755	pca	per_subclass	L6 IT Car3
H21.33.028	0	0.6669156961201322	pca	per_subclass	L6 IT Car3
H21.33.029	1	0.7991164560839324	pca	per_subclass	L6 IT Car3
H21.33.030	1	0.47435250515809146	pca	per_subclass	L6 IT Car3
H21.33.031	1	0.831554372833055	pca	per_subclass	L6 IT Car3
H21.33.032	0	0.6640432859284852	pca	per_subclass	L6 IT Car3
H21.33.033	1	0.7317950828409974	pca	per_subclass	L6 IT Car3
H21.33.034	1	0.7736176781928275	pca	per_subclass	L6 IT Car3
H21.33.035	1	0.9181299380103913	pca	per_subclass	L6 IT Car3
H21.33.036	1	0.603821881184907	pca	per_subclass	L6 IT Car3
H21.33.037	0	0.7062798674357076	pca	per_subclass	L6 IT Car3
H21.33.038	0	0.6242567925835936	pca	per_subclass	L6 IT Car3
H21.33.039	1	0.8952528149763042	pca	per_subclass	L6 IT Car3
H21.33.040	1	0.9475695078471675	pca	per_subclass	L6 IT Car3
H21.33.041	0	0.8270919826623004	pca	per_subclass	L6 IT Car3
H21.33.042	1	0.8480715725161696	pca	per_subclass	L6 IT Car3
H21.33.043	0	0.9129038361649456	pca	per_subclass	L6 IT Car3
H21.33.044	1	0.9245593416683994	pca	per_subclass	L6 IT Car3
H21.33.045	1	0.9446123032189366	pca	per_subclass	L6 IT Car3
H21.33.046	1	0.8852197864329903	pca	per_subclass	L6 IT Car3
H21.33.047	1	0.5094399062522703	pca	per_subclass	L6 IT Car3
H19.33.004	0	0.9871844034442148	pca	per_subclass	L6b
H20.33.001	0	0.49441136065726815	pca	per_subclass	L6b
H20.33.002	0	0.485618797768414	pca	per_subclass	L6b
H20.33.004	1	0.7170654351005048	pca	per_subclass	L6b
H20.33.005	1	0.8545855108237449	pca	per_subclass	L6b
H20.33.008	1	0.07416187169645255	pca	per_subclass	L6b
H20.33.011	1	0.6946863139400407	pca	per_subclass	L6b
H20.33.012	0	0.7676595837873915	pca	per_subclass	L6b
H20.33.013	1	0.5144354811536423	pca	per_subclass	L6b
H20.33.014	1	0.5273464187264126	pca	per_subclass	L6b
H20.33.015	1	0.8557137800458576	pca	per_subclass	L6b
H20.33.016	1	0.7819436010811606	pca	per_subclass	L6b
H20.33.017	1	0.863801387795365	pca	per_subclass	L6b
H20.33.018	1	0.9747138288254416	pca	per_subclass	L6b
H20.33.019	1	0.4692702052287795	pca	per_subclass	L6b
H20.33.020	1	0.9654753225079133	pca	per_subclass	L6b
H20.33.024	1	0.49752085483666997	pca	per_subclass	L6b
H20.33.025	1	0.5833088411335977	pca	per_subclass	L6b
H20.33.026	1	0.972017144259693	pca	per_subclass	L6b
H20.33.027	1	0.6541214495233232	pca	per_subclass	L6b
H20.33.028	1	0.9639648463698931	pca	per_subclass	L6b
H20.33.029	1	0.6594990919283005	pca	per_subclass	L6b
H20.33.030	1	0.8767365671486793	pca	per_subclass	L6b
H20.33.031	1	0.6510974709954882	pca	per_subclass	L6b
H20.33.032	1	0.41990520646310125	pca	per_subclass	L6b
H20.33.033	1	0.9906614871730369	pca	per_subclass	L6b
H20.33.034	1	0.8285788621434038	pca	per_subclass	L6b
H20.33.035	0	0.8733476146669249	pca	per_subclass	L6b
H20.33.036	1	0.8576362894117044	pca	per_subclass	L6b
H20.33.037	1	0.9791916981713797	pca	per_subclass	L6b
H20.33.039	1	0.4989482729211917	pca	per_subclass	L6b
H20.33.040	1	0.7891752788177442	pca	per_subclass	L6b
H20.33.041	1	0.7270039549398749	pca	per_subclass	L6b
H20.33.043	1	0.6795836084848027	pca	per_subclass	L6b
H20.33.044	0	0.6152254932702462	pca	per_subclass	L6b
H20.33.045	1	0.9829950245268384	pca	per_subclass	L6b
H20.33.046	1	0.9661833128208099	pca	per_subclass	L6b
H21.33.001	0	0.629407981443934	pca	per_subclass	L6b
H21.33.002	1	0.9511322665250406	pca	per_subclass	L6b
H21.33.003	0	0.4733863065083728	pca	per_subclass	L6b
H21.33.004	0	0.171615249613385	pca	per_subclass	L6b
H21.33.005	1	0.7690061546408581	pca	per_subclass	L6b
H21.33.006	1	0.6523423760408359	pca	per_subclass	L6b
H21.33.007	1	0.882373110539971	pca	per_subclass	L6b
H21.33.008	1	0.966104292179133	pca	per_subclass	L6b
H21.33.009	1	0.9796486543361222	pca	per_subclass	L6b
H21.33.010	1	0.9451593881680409	pca	per_subclass	L6b
H21.33.011	0	0.6005885786853543	pca	per_subclass	L6b
H21.33.012	1	0.8394447408830155	pca	per_subclass	L6b
H21.33.013	1	0.6896779890941364	pca	per_subclass	L6b
H21.33.014	1	0.5943940219535948	pca	per_subclass	L6b
H21.33.015	0	0.5927573610768688	pca	per_subclass	L6b
H21.33.016	0	0.7912941922387295	pca	per_subclass	L6b
H21.33.017	1	0.7019525066461808	pca	per_subclass	L6b
H21.33.018	0	0.9061380356011884	pca	per_subclass	L6b
H21.33.019	0	0.4088182616618611	pca	per_subclass	L6b
H21.33.021	1	0.8307873703275561	pca	per_subclass	L6b
H21.33.022	1	0.8767549928516181	pca	per_subclass	L6b
H21.33.023	0	0.5919240519010198	pca	per_subclass	L6b
H21.33.025	1	0.8039051070369034	pca	per_subclass	L6b
H21.33.026	1	0.7508573685881463	pca	per_subclass	L6b
H21.33.027	1	0.8268237207331337	pca	per_subclass	L6b
H21.33.028	0	0.8111349530074763	pca	per_subclass	L6b
H21.33.029	1	0.7138310467233828	pca	per_subclass	L6b
H21.33.030	1	0.7748992557768898	pca	per_subclass	L6b
H21.33.031	1	0.88540369550186	pca	per_subclass	L6b
H21.33.032	0	0.6678378275410518	pca	per_subclass	L6b
H21.33.033	1	0.7057316070954774	pca	per_subclass	L6b
H21.33.034	1	0.968742252922396	pca	per_subclass	L6b
H21.33.035	1	0.8088465526086296	pca	per_subclass	L6b
H21.33.036	1	0.7801727792167301	pca	per_subclass	L6b
H21.33.037	0	0.4033352374875082	pca	per_subclass	L6b
H21.33.038	0	0.698542735005823	pca	per_subclass	L6b
H21.33.039	1	0.7492105344014105	pca	per_subclass	L6b
H21.33.040	1	0.7950228204026824	pca	per_subclass	L6b
H21.33.041	0	0.5308244078389792	pca	per_subclass	L6b
H21.33.042	1	0.7863937737148418	pca	per_subclass	L6b
H21.33.043	0	0.897112439090644	pca	per_subclass	L6b
H21.33.044	1	0.2972922459414161	pca	per_subclass	L6b
H21.33.045	1	0.9672910467874039	pca	per_subclass	L6b
H21.33.046	1	0.9139501800856322	pca	per_subclass	L6b
H21.33.047	1	0.8008216464947322	pca	per_subclass	L6b
H19.33.004	0	0.9321802031854496	pca	per_subclass	Lamp5
H20.33.001	0	0.8268221946778642	pca	per_subclass	Lamp5
H20.33.002	0	0.6107254770677609	pca	per_subclass	Lamp5
H20.33.004	1	0.8196590586542019	pca	per_subclass	Lamp5
H20.33.005	1	0.6836030364592002	pca	per_subclass	Lamp5
H20.33.008	1	0.9422175727773169	pca	per_subclass	Lamp5
H20.33.011	1	0.5143307029213118	pca	per_subclass	Lamp5
H20.33.012	0	0.7709974807455818	pca	per_subclass	Lamp5
H20.33.013	1	0.4823664868652858	pca	per_subclass	Lamp5
H20.33.014	1	0.8744881264744512	pca	per_subclass	Lamp5
H20.33.015	1	0.896183187778208	pca	per_subclass	Lamp5
H20.33.016	1	0.9217514708268638	pca	per_subclass	Lamp5
H20.33.017	1	0.942204532101934	pca	per_subclass	Lamp5
H20.33.018	1	0.9662394789010819	pca	per_subclass	Lamp5
H20.33.019	1	0.9053390582940194	pca	per_subclass	Lamp5
H20.33.020	1	0.9096827821232776	pca	per_subclass	Lamp5
H20.33.024	1	0.04796705517248301	pca	per_subclass	Lamp5
H20.33.025	1	0.569447488717734	pca	per_subclass	Lamp5
H20.33.026	1	0.2214474034139236	pca	per_subclass	Lamp5
H20.33.027	1	0.6794716883193066	pca	per_subclass	Lamp5
H20.33.028	1	0.9896380453687591	pca	per_subclass	Lamp5
H20.33.029	1	0.9557097760479378	pca	per_subclass	Lamp5
H20.33.030	1	0.4562392791384939	pca	per_subclass	Lamp5
H20.33.031	1	0.8778428981530432	pca	per_subclass	Lamp5
H20.33.032	1	0.7669948469895765	pca	per_subclass	Lamp5
H20.33.033	1	0.9545159383503048	pca	per_subclass	Lamp5
H20.33.034	1	0.6469554769838554	pca	per_subclass	Lamp5
H20.33.035	0	0.8312225643033472	pca	per_subclass	Lamp5
H20.33.036	1	0.9859137724392975	pca	per_subclass	Lamp5
H20.33.037	1	0.9837731469286813	pca	per_subclass	Lamp5
H20.33.038	1	0.9222332644390594	pca	per_subclass	Lamp5
H20.33.039	1	0.5104587112608046	pca	per_subclass	Lamp5
H20.33.040	1	0.9263032947280024	pca	per_subclass	Lamp5
H20.33.041	1	0.8681805948144419	pca	per_subclass	Lamp5
H20.33.043	1	0.2714983207243137	pca	per_subclass	Lamp5
H20.33.044	0	0.9118911195241317	pca	per_subclass	Lamp5
H20.33.045	1	0.9658642682727565	pca	per_subclass	Lamp5
H20.33.046	1	0.8185837662439109	pca	per_subclass	Lamp5
H21.33.001	0	0.8788959466438288	pca	per_subclass	Lamp5
H21.33.002	1	0.769333987878887	pca	per_subclass	Lamp5
H21.33.003	0	0.5090345668536241	pca	per_subclass	Lamp5
H21.33.004	0	0.4361192472141412	pca	per_subclass	Lamp5
H21.33.005	1	0.8436768109573445	pca	per_subclass	Lamp5
H21.33.006	1	0.6011406081088968	pca	per_subclass	Lamp5
H21.33.007	1	0.8603753419629318	pca	per_subclass	Lamp5
H21.33.008	1	0.6381916862801063	pca	per_subclass	Lamp5
H21.33.009	1	0.9521245570649441	pca	per_subclass	Lamp5
H21.33.010	1	0.8721599680634771	pca	per_subclass	Lamp5
H21.33.011	0	0.476584432744357	pca	per_subclass	Lamp5
H21.33.012	1	0.6090082954146526	pca	per_subclass	Lamp5
H21.33.013	1	0.9714426401877077	pca	per_subclass	Lamp5
H21.33.014	1	0.7183395231007126	pca	per_subclass	Lamp5
H21.33.015	0	0.22464937804596868	pca	per_subclass	Lamp5
H21.33.016	0	0.6104972670798527	pca	per_subclass	Lamp5
H21.33.017	1	0.9313237674484218	pca	per_subclass	Lamp5
H21.33.018	0	0.8229995417328894	pca	per_subclass	Lamp5
H21.33.019	0	0.8988828601067104	pca	per_subclass	Lamp5
H21.33.021	1	0.8117885376938402	pca	per_subclass	Lamp5
H21.33.022	1	0.6053105394542629	pca	per_subclass	Lamp5
H21.33.023	0	0.49391718146339497	pca	per_subclass	Lamp5
H21.33.025	1	0.8920937323012534	pca	per_subclass	Lamp5
H21.33.026	1	0.8110406644390258	pca	per_subclass	Lamp5
H21.33.027	1	0.42287013944370955	pca	per_subclass	Lamp5
H21.33.028	0	0.8457162224707918	pca	per_subclass	Lamp5
H21.33.029	1	0.9117074721014514	pca	per_subclass	Lamp5
H21.33.030	1	0.6645868212140047	pca	per_subclass	Lamp5
H21.33.031	1	0.5563311292027466	pca	per_subclass	Lamp5
H21.33.032	0	0.6291516082285228	pca	per_subclass	Lamp5
H21.33.033	1	0.957501251516903	pca	per_subclass	Lamp5
H21.33.034	1	0.9888994436774288	pca	per_subclass	Lamp5
H21.33.035	1	0.961418573407345	pca	per_subclass	Lamp5
H21.33.036	1	0.6163553933127395	pca	per_subclass	Lamp5
H21.33.037	0	0.5271876493134918	pca	per_subclass	Lamp5
H21.33.038	0	0.9102120356865087	pca	per_subclass	Lamp5
H21.33.039	1	0.8991473626391431	pca	per_subclass	Lamp5
H21.33.040	1	0.918997234679767	pca	per_subclass	Lamp5
H21.33.041	0	0.8454208863750379	pca	per_subclass	Lamp5
H21.33.042	1	0.783000400417469	pca	per_subclass	Lamp5
H21.33.043	0	0.7765004210305092	pca	per_subclass	Lamp5
H21.33.044	1	0.8468063722250267	pca	per_subclass	Lamp5
H21.33.045	1	0.8875188654432679	pca	per_subclass	Lamp5
H21.33.046	1	0.9415127224441381	pca	per_subclass	Lamp5
H21.33.047	1	0.2950544706754409	pca	per_subclass	Lamp5
H19.33.004	0	0.9724436914425842	pca	per_subclass	Lamp5 Lhx6
H20.33.001	0	0.7827031925770769	pca	per_subclass	Lamp5 Lhx6
H20.33.002	0	0.7406819971405618	pca	per_subclass	Lamp5 Lhx6
H20.33.004	1	0.5990670435137019	pca	per_subclass	Lamp5 Lhx6
H20.33.005	1	0.938391713961688	pca	per_subclass	Lamp5 Lhx6
H20.33.008	1	0.4840308352297832	pca	per_subclass	Lamp5 Lhx6
H20.33.011	1	0.6129447108651528	pca	per_subclass	Lamp5 Lhx6
H20.33.012	0	0.8172883896769024	pca	per_subclass	Lamp5 Lhx6
H20.33.013	1	0.7120452344453649	pca	per_subclass	Lamp5 Lhx6
H20.33.014	1	0.7669869504820125	pca	per_subclass	Lamp5 Lhx6
H20.33.015	1	0.9608573867048866	pca	per_subclass	Lamp5 Lhx6
H20.33.016	1	0.6867317356508729	pca	per_subclass	Lamp5 Lhx6
H20.33.017	1	0.8605770922971754	pca	per_subclass	Lamp5 Lhx6
H20.33.018	1	0.847782312616568	pca	per_subclass	Lamp5 Lhx6
H20.33.019	1	0.858376896663626	pca	per_subclass	Lamp5 Lhx6
H20.33.020	1	0.7804026496893798	pca	per_subclass	Lamp5 Lhx6
H20.33.024	1	0.1601958228862536	pca	per_subclass	Lamp5 Lhx6
H20.33.025	1	0.5560845731343298	pca	per_subclass	Lamp5 Lhx6
H20.33.026	1	0.7769053324252859	pca	per_subclass	Lamp5 Lhx6
H20.33.027	1	0.6220820358179002	pca	per_subclass	Lamp5 Lhx6
H20.33.028	1	0.9186066789111773	pca	per_subclass	Lamp5 Lhx6
H20.33.029	1	0.5893566929416133	pca	per_subclass	Lamp5 Lhx6
H20.33.030	1	0.7940880185264277	pca	per_subclass	Lamp5 Lhx6
H20.33.031	1	0.508070627142015	pca	per_subclass	Lamp5 Lhx6
H20.33.032	1	0.5071081036174905	pca	per_subclass	Lamp5 Lhx6
H20.33.033	1	0.9210779632691392	pca	per_subclass	Lamp5 Lhx6
H20.33.034	1	0.8885684233269696	pca	per_subclass	Lamp5 Lhx6
H20.33.035	0	0.8225566754863308	pca	per_subclass	Lamp5 Lhx6
H20.33.036	1	0.8998555055769462	pca	per_subclass	Lamp5 Lhx6
H20.33.037	1	0.8519364941355082	pca	per_subclass	Lamp5 Lhx6
H20.33.039	1	0.6141678417925893	pca	per_subclass	Lamp5 Lhx6
H20.33.040	1	0.6854357036163096	pca	per_subclass	Lamp5 Lhx6
H20.33.041	1	0.8463210159083095	pca	per_subclass	Lamp5 Lhx6
H20.33.043	1	0.5388653227464364	pca	per_subclass	Lamp5 Lhx6
H20.33.044	0	0.77071621699878	pca	per_subclass	Lamp5 Lhx6
H20.33.045	1	0.8489904360115161	pca	per_subclass	Lamp5 Lhx6
H20.33.046	1	0.8463301474391608	pca	per_subclass	Lamp5 Lhx6
H21.33.001	0	0.9602568166376091	pca	per_subclass	Lamp5 Lhx6
H21.33.002	1	0.41484158248297903	pca	per_subclass	Lamp5 Lhx6
H21.33.003	0	0.5784009580952896	pca	per_subclass	Lamp5 Lhx6
H21.33.004	0	0.519250409078205	pca	per_subclass	Lamp5 Lhx6
H21.33.005	1	0.7195490816762298	pca	per_subclass	Lamp5 Lhx6
H21.33.006	1	0.6306143984063717	pca	per_subclass	Lamp5 Lhx6
H21.33.007	1	0.9137774787931792	pca	per_subclass	Lamp5 Lhx6
H21.33.008	1	0.9523470123404436	pca	per_subclass	Lamp5 Lhx6
H21.33.009	1	0.809950516779175	pca	per_subclass	Lamp5 Lhx6
H21.33.010	1	0.9137959370136202	pca	per_subclass	Lamp5 Lhx6
H21.33.011	0	0.7775755397153523	pca	per_subclass	Lamp5 Lhx6
H21.33.012	1	0.7822793054567743	pca	per_subclass	Lamp5 Lhx6
H21.33.013	1	0.8382712125238125	pca	per_subclass	Lamp5 Lhx6
H21.33.014	1	0.7931917666503494	pca	per_subclass	Lamp5 Lhx6
H21.33.015	0	0.7029005478188772	pca	per_subclass	Lamp5 Lhx6
H21.33.016	0	0.6754850922064957	pca	per_subclass	Lamp5 Lhx6
H21.33.017	1	0.8476755302039262	pca	per_subclass	Lamp5 Lhx6
H21.33.018	0	0.8528650647096722	pca	per_subclass	Lamp5 Lhx6
H21.33.019	0	0.6255704722145521	pca	per_subclass	Lamp5 Lhx6
H21.33.021	1	0.7872703350235033	pca	per_subclass	Lamp5 Lhx6
H21.33.022	1	0.8189954631594786	pca	per_subclass	Lamp5 Lhx6
H21.33.023	0	0.7091337443734386	pca	per_subclass	Lamp5 Lhx6
H21.33.025	1	0.7810101955363256	pca	per_subclass	Lamp5 Lhx6
H21.33.026	1	0.7016830332335099	pca	per_subclass	Lamp5 Lhx6
H21.33.027	1	0.5970809836863207	pca	per_subclass	Lamp5 Lhx6
H21.33.028	0	0.8590892394489635	pca	per_subclass	Lamp5 Lhx6
H21.33.029	1	0.7973010248387985	pca	per_subclass	Lamp5 Lhx6
H21.33.030	1	0.6352339303378096	pca	per_subclass	Lamp5 Lhx6
H21.33.031	1	0.5934528633049124	pca	per_subclass	Lamp5 Lhx6
H21.33.032	0	0.7837392170201716	pca	per_subclass	Lamp5 Lhx6
H21.33.033	1	0.85632793232966	pca	per_subclass	Lamp5 Lhx6
H21.33.034	1	0.9602352964657692	pca	per_subclass	Lamp5 Lhx6
H21.33.035	1	0.6903433994433585	pca	per_subclass	Lamp5 Lhx6
H21.33.036	1	0.7135556837346801	pca	per_subclass	Lamp5 Lhx6
H21.33.037	0	0.6781926093209532	pca	per_subclass	Lamp5 Lhx6
H21.33.038	0	0.8680769805276188	pca	per_subclass	Lamp5 Lhx6
H21.33.039	1	0.8474042349846842	pca	per_subclass	Lamp5 Lhx6
H21.33.040	1	0.9414295391310205	pca	per_subclass	Lamp5 Lhx6
H21.33.041	0	0.718205869623035	pca	per_subclass	Lamp5 Lhx6
H21.33.042	1	0.6953313533780217	pca	per_subclass	Lamp5 Lhx6
H21.33.043	0	0.8116968417466917	pca	per_subclass	Lamp5 Lhx6
H21.33.044	1	0.9033908670278954	pca	per_subclass	Lamp5 Lhx6
H21.33.045	1	0.847268760461913	pca	per_subclass	Lamp5 Lhx6
H21.33.046	1	0.8667539788675246	pca	per_subclass	Lamp5 Lhx6
H21.33.047	1	0.3061109484980751	pca	per_subclass	Lamp5 Lhx6
H19.33.004	0	0.9147796037377294	pca	per_subclass	OPC
H20.33.001	0	0.6812829591472178	pca	per_subclass	OPC
H20.33.002	0	0.7427215860429028	pca	per_subclass	OPC
H20.33.004	1	0.7000337698036857	pca	per_subclass	OPC
H20.33.005	1	0.8461598934784049	pca	per_subclass	OPC
H20.33.008	1	0.8238691491603463	pca	per_subclass	OPC
H20.33.011	1	0.7866245321964732	pca	per_subclass	OPC
H20.33.012	0	0.8042878900267254	pca	per_subclass	OPC
H20.33.013	1	0.7380671576826011	pca	per_subclass	OPC
H20.33.014	1	0.5400301735380987	pca	per_subclass	OPC
H20.33.015	1	0.9425076911305398	pca	per_subclass	OPC
H20.33.016	1	0.8475035122737593	pca	per_subclass	OPC
H20.33.017	1	0.9111126102417726	pca	per_subclass	OPC
H20.33.018	1	0.939407771776761	pca	per_subclass	OPC
H20.33.019	1	0.8617029707210675	pca	per_subclass	OPC
H20.33.020	1	0.7948652130347977	pca	per_subclass	OPC
H20.33.024	1	0.3940382919289334	pca	per_subclass	OPC
H20.33.025	1	0.512501375170068	pca	per_subclass	OPC
H20.33.026	1	0.8437679245770597	pca	per_subclass	OPC
H20.33.027	1	0.8322501924853128	pca	per_subclass	OPC
H20.33.028	1	0.9047940153891965	pca	per_subclass	OPC
H20.33.029	1	0.6994913759645266	pca	per_subclass	OPC
H20.33.030	1	0.7528110306766685	pca	per_subclass	OPC
H20.33.031	1	0.35963475644160237	pca	per_subclass	OPC
H20.33.032	1	0.6763974628905093	pca	per_subclass	OPC
H20.33.033	1	0.748784916278033	pca	per_subclass	OPC
H20.33.034	1	0.9587334331256718	pca	per_subclass	OPC
H20.33.035	0	0.5681480356498388	pca	per_subclass	OPC
H20.33.036	1	0.9417048243504695	pca	per_subclass	OPC
H20.33.037	1	0.9271385856873595	pca	per_subclass	OPC
H20.33.038	1	0.6627250122538525	pca	per_subclass	OPC
H20.33.039	1	0.6999180886130996	pca	per_subclass	OPC
H20.33.040	1	0.8912258246807147	pca	per_subclass	OPC
H20.33.041	1	0.9833164067101074	pca	per_subclass	OPC
H20.33.043	1	0.5576734458913052	pca	per_subclass	OPC
H20.33.044	0	0.620739241953212	pca	per_subclass	OPC
H20.33.045	1	0.9708334707581482	pca	per_subclass	OPC
H20.33.046	1	0.8943011747784183	pca	per_subclass	OPC
H21.33.001	0	0.7818494983088552	pca	per_subclass	OPC
H21.33.002	1	0.6434070660225012	pca	per_subclass	OPC
H21.33.003	0	0.7942369447311066	pca	per_subclass	OPC
H21.33.004	0	0.6178860338579811	pca	per_subclass	OPC
H21.33.005	1	0.8545438621177024	pca	per_subclass	OPC
H21.33.006	1	0.7603397224408346	pca	per_subclass	OPC
H21.33.007	1	0.889436691406401	pca	per_subclass	OPC
H21.33.008	1	0.8333628381162355	pca	per_subclass	OPC
H21.33.009	1	0.9037511829995161	pca	per_subclass	OPC
H21.33.010	1	0.7836676387896755	pca	per_subclass	OPC
H21.33.011	0	0.5037056756188648	pca	per_subclass	OPC
H21.33.012	1	0.5460556930630747	pca	per_subclass	OPC
H21.33.013	1	0.8942189379676492	pca	per_subclass	OPC
H21.33.014	1	0.9670309404170432	pca	per_subclass	OPC
H21.33.015	0	0.5718414168319687	pca	per_subclass	OPC
H21.33.016	0	0.6782374087817111	pca	per_subclass	OPC
H21.33.017	1	0.7072786788194744	pca	per_subclass	OPC
H21.33.018	0	0.9646990811192067	pca	per_subclass	OPC
H21.33.019	0	0.6373908327402453	pca	per_subclass	OPC
H21.33.020	1	0.4953418918146643	pca	per_subclass	OPC
H21.33.021	1	0.8972705069733573	pca	per_subclass	OPC
H21.33.022	1	0.8515412528486148	pca	per_subclass	OPC
H21.33.023	0	0.6512886704146099	pca	per_subclass	OPC
H21.33.025	1	0.9556831792660795	pca	per_subclass	OPC
H21.33.026	1	0.7450888357790746	pca	per_subclass	OPC
H21.33.027	1	0.5157512679081343	pca	per_subclass	OPC
H21.33.028	0	0.7178945607631185	pca	per_subclass	OPC
H21.33.029	1	0.9043661760589125	pca	per_subclass	OPC
H21.33.030	1	0.736263053574603	pca	per_subclass	OPC
H21.33.031	1	0.24795289782280922	pca	per_subclass	OPC
H21.33.032	0	0.7494787180533222	pca	per_subclass	OPC
H21.33.033	1	0.8796350034810994	pca	per_subclass	OPC
H21.33.034	1	0.8886980084684545	pca	per_subclass	OPC
H21.33.035	1	0.8909620531219831	pca	per_subclass	OPC
H21.33.036	1	0.36347608998651115	pca	per_subclass	OPC
H21.33.037	0	0.30139511799340624	pca	per_subclass	OPC
H21.33.038	0	0.8233947870355298	pca	per_subclass	OPC
H21.33.039	1	0.9220090662052435	pca	per_subclass	OPC
H21.33.040	1	0.9361944307254181	pca	per_subclass	OPC
H21.33.041	0	0.8331317486159975	pca	per_subclass	OPC
H21.33.042	1	0.6674899602090516	pca	per_subclass	OPC
H21.33.043	0	0.7824554920141359	pca	per_subclass	OPC
H21.33.044	1	0.9321958876384302	pca	per_subclass	OPC
H21.33.045	1	0.960827913193528	pca	per_subclass	OPC
H21.33.046	1	0.8251343222938082	pca	per_subclass	OPC
H21.33.047	1	0.7709979337054305	pca	per_subclass	OPC
H19.33.004	0	0.9441248106040618	pca	per_subclass	Oligodendrocyte
H20.33.001	0	0.6841380041391756	pca	per_subclass	Oligodendrocyte
H20.33.002	0	0.795934607698279	pca	per_subclass	Oligodendrocyte
H20.33.004	1	0.42434012642104635	pca	per_subclass	Oligodendrocyte
H20.33.005	1	0.8655830411492559	pca	per_subclass	Oligodendrocyte
H20.33.008	1	0.2783180146664851	pca	per_subclass	Oligodendrocyte
H20.33.011	1	0.4297768634434802	pca	per_subclass	Oligodendrocyte
H20.33.012	0	0.8296436285159807	pca	per_subclass	Oligodendrocyte
H20.33.013	1	0.7694643249763341	pca	per_subclass	Oligodendrocyte
H20.33.014	1	0.8429485289503083	pca	per_subclass	Oligodendrocyte
H20.33.015	1	0.8344209533767193	pca	per_subclass	Oligodendrocyte
H20.33.016	1	0.7102166054182859	pca	per_subclass	Oligodendrocyte
H20.33.017	1	0.7748868445583851	pca	per_subclass	Oligodendrocyte
H20.33.018	1	0.89269021590735	pca	per_subclass	Oligodendrocyte
H20.33.019	1	0.8232751302440292	pca	per_subclass	Oligodendrocyte
H20.33.020	1	0.7926215386200616	pca	per_subclass	Oligodendrocyte
H20.33.024	1	0.11473677049507218	pca	per_subclass	Oligodendrocyte
H20.33.025	1	0.4555853233218527	pca	per_subclass	Oligodendrocyte
H20.33.026	1	0.7949653632424117	pca	per_subclass	Oligodendrocyte
H20.33.027	1	0.739170120589352	pca	per_subclass	Oligodendrocyte
H20.33.028	1	0.7899678365558076	pca	per_subclass	Oligodendrocyte
H20.33.029	1	0.7473695821938301	pca	per_subclass	Oligodendrocyte
H20.33.030	1	0.8108357846614769	pca	per_subclass	Oligodendrocyte
H20.33.031	1	0.5118317018057497	pca	per_subclass	Oligodendrocyte
H20.33.032	1	0.7357037005310623	pca	per_subclass	Oligodendrocyte
H20.33.033	1	0.952645594039571	pca	per_subclass	Oligodendrocyte
H20.33.034	1	0.9138038495885124	pca	per_subclass	Oligodendrocyte
H20.33.035	0	0.6167094233490055	pca	per_subclass	Oligodendrocyte
H20.33.036	1	0.8956565879918417	pca	per_subclass	Oligodendrocyte
H20.33.037	1	0.9413196755629718	pca	per_subclass	Oligodendrocyte
H20.33.038	1	0.7736444291504834	pca	per_subclass	Oligodendrocyte
H20.33.039	1	0.7963222752484904	pca	per_subclass	Oligodendrocyte
H20.33.040	1	0.8742404462721666	pca	per_subclass	Oligodendrocyte
H20.33.041	1	0.8863322353449854	pca	per_subclass	Oligodendrocyte
H20.33.043	1	0.5641242487739858	pca	per_subclass	Oligodendrocyte
H20.33.044	0	0.8561414637324265	pca	per_subclass	Oligodendrocyte
H20.33.045	1	0.9468940154205241	pca	per_subclass	Oligodendrocyte
H20.33.046	1	0.9338837249365998	pca	per_subclass	Oligodendrocyte
H21.33.001	0	0.9558669907538796	pca	per_subclass	Oligodendrocyte
H21.33.002	1	0.9031312366414701	pca	per_subclass	Oligodendrocyte
H21.33.003	0	0.5439717141237774	pca	per_subclass	Oligodendrocyte
H21.33.004	0	0.3038775460007164	pca	per_subclass	Oligodendrocyte
H21.33.005	1	0.7024927337734972	pca	per_subclass	Oligodendrocyte
H21.33.006	1	0.6602299975888445	pca	per_subclass	Oligodendrocyte
H21.33.007	1	0.9433896924221783	pca	per_subclass	Oligodendrocyte
H21.33.008	1	0.8072039127117	pca	per_subclass	Oligodendrocyte
H21.33.009	1	0.8966392157049426	pca	per_subclass	Oligodendrocyte
H21.33.010	1	0.8822300908646875	pca	per_subclass	Oligodendrocyte
H21.33.011	0	0.8360620677419941	pca	per_subclass	Oligodendrocyte
H21.33.012	1	0.6908709621659368	pca	per_subclass	Oligodendrocyte
H21.33.013	1	0.8465127082339681	pca	per_subclass	Oligodendrocyte
H21.33.014	1	0.7517444411387854	pca	per_subclass	Oligodendrocyte
H21.33.015	0	0.7372793268839537	pca	per_subclass	Oligodendrocyte
H21.33.016	0	0.7915253987336539	pca	per_subclass	Oligodendrocyte
H21.33.017	1	0.7326826812583775	pca	per_subclass	Oligodendrocyte
H21.33.018	0	0.6615145285666684	pca	per_subclass	Oligodendrocyte
H21.33.019	0	0.6639650748144333	pca	per_subclass	Oligodendrocyte
H21.33.020	1	0.897165320170977	pca	per_subclass	Oligodendrocyte
H21.33.021	1	0.7576319221689594	pca	per_subclass	Oligodendrocyte
H21.33.022	1	0.7558869242746168	pca	per_subclass	Oligodendrocyte
H21.33.023	0	0.6160464564920396	pca	per_subclass	Oligodendrocyte
H21.33.025	1	0.7251019711565656	pca	per_subclass	Oligodendrocyte
H21.33.026	1	0.5653048482592876	pca	per_subclass	Oligodendrocyte
H21.33.027	1	0.7001983260965489	pca	per_subclass	Oligodendrocyte
H21.33.028	0	0.87788458818067	pca	per_subclass	Oligodendrocyte
H21.33.029	1	0.7150207025960831	pca	per_subclass	Oligodendrocyte
H21.33.030	1	0.8223148910923135	pca	per_subclass	Oligodendrocyte
H21.33.031	1	0.8985084356622073	pca	per_subclass	Oligodendrocyte
H21.33.032	0	0.7941815492918349	pca	per_subclass	Oligodendrocyte
H21.33.033	1	0.8774264654594202	pca	per_subclass	Oligodendrocyte
H21.33.034	1	0.9572558011378154	pca	per_subclass	Oligodendrocyte
H21.33.035	1	0.8450472332673318	pca	per_subclass	Oligodendrocyte
H21.33.036	1	0.4588683690514791	pca	per_subclass	Oligodendrocyte
H21.33.037	0	0.6886311221899157	pca	per_subclass	Oligodendrocyte
H21.33.038	0	0.6448802861777617	pca	per_subclass	Oligodendrocyte
H21.33.039	1	0.7747437470371652	pca	per_subclass	Oligodendrocyte
H21.33.040	1	0.9368051513156272	pca	per_subclass	Oligodendrocyte
H21.33.041	0	0.7852935028883179	pca	per_subclass	Oligodendrocyte
H21.33.042	1	0.4437659696900648	pca	per_subclass	Oligodendrocyte
H21.33.043	0	0.7537839628819638	pca	per_subclass	Oligodendrocyte
H21.33.044	1	0.9070276598325073	pca	per_subclass	Oligodendrocyte
H21.33.045	1	0.966446734089139	pca	per_subclass	Oligodendrocyte
H21.33.046	1	0.9432749442362178	pca	per_subclass	Oligodendrocyte
H21.33.047	1	0.5948569963322543	pca	per_subclass	Oligodendrocyte
H19.33.004	0	0.942000099922409	pca	per_subclass	Pax6
H20.33.001	0	0.80801565417443	pca	per_subclass	Pax6
H20.33.002	0	0.5967446612617193	pca	per_subclass	Pax6
H20.33.004	1	0.5001209723374543	pca	per_subclass	Pax6
H20.33.005	1	0.842655195764818	pca	per_subclass	Pax6
H20.33.008	1	0.7911745412004647	pca	per_subclass	Pax6
H20.33.011	1	0.7982740287263472	pca	per_subclass	Pax6
H20.33.012	0	0.7797270457927847	pca	per_subclass	Pax6
H20.33.013	1	0.6509335802649906	pca	per_subclass	Pax6
H20.33.014	1	0.52885091562812	pca	per_subclass	Pax6
H20.33.015	1	0.9429679418893084	pca	per_subclass	Pax6
H20.33.016	1	0.6941825644567186	pca	per_subclass	Pax6
H20.33.017	1	0.9763852949049486	pca	per_subclass	Pax6
H20.33.018	1	0.9413872868952481	pca	per_subclass	Pax6
H20.33.019	1	0.9701523999204689	pca	per_subclass	Pax6
H20.33.020	1	0.9357990766605523	pca	per_subclass	Pax6
H20.33.024	1	0.06922764926789607	pca	per_subclass	Pax6
H20.33.025	1	0.8738151810898037	pca	per_subclass	Pax6
H20.33.026	1	0.886277097862379	pca	per_subclass	Pax6
H20.33.027	1	0.6769241286786526	pca	per_subclass	Pax6
H20.33.028	1	0.9651155639638942	pca	per_subclass	Pax6
H20.33.029	1	0.6131344999199639	pca	per_subclass	Pax6
H20.33.030	1	0.8048394781878209	pca	per_subclass	Pax6
H20.33.031	1	0.8625838576034983	pca	per_subclass	Pax6
H20.33.032	1	0.7730604378015478	pca	per_subclass	Pax6
H20.33.033	1	0.899698766054723	pca	per_subclass	Pax6
H20.33.034	1	0.5712767834176724	pca	per_subclass	Pax6
H20.33.035	0	0.483786668152492	pca	per_subclass	Pax6
H20.33.036	1	0.9799631988655652	pca	per_subclass	Pax6
H20.33.037	1	0.9410926176998758	pca	per_subclass	Pax6
H20.33.039	1	0.9561809596116946	pca	per_subclass	Pax6
H20.33.040	1	0.790186402754936	pca	per_subclass	Pax6
H20.33.041	1	0.8168581345853856	pca	per_subclass	Pax6
H20.33.043	1	0.6533896887261144	pca	per_subclass	Pax6
H20.33.044	0	0.7496260642029047	pca	per_subclass	Pax6
H20.33.045	1	0.5535091166344401	pca	per_subclass	Pax6
H20.33.046	1	0.46328143700665736	pca	per_subclass	Pax6
H21.33.001	0	0.8371636868747663	pca	per_subclass	Pax6
H21.33.002	1	0.622682109844502	pca	per_subclass	Pax6
H21.33.003	0	0.6989101515113164	pca	per_subclass	Pax6
H21.33.004	0	0.3517247072137356	pca	per_subclass	Pax6
H21.33.005	1	0.864709619169646	pca	per_subclass	Pax6
H21.33.006	1	0.6394102266887461	pca	per_subclass	Pax6
H21.33.007	1	0.8906307120133127	pca	per_subclass	Pax6
H21.33.008	1	0.9443838353006481	pca	per_subclass	Pax6
H21.33.009	1	0.9623914096022727	pca	per_subclass	Pax6
H21.33.010	1	0.921258637548499	pca	per_subclass	Pax6
H21.33.011	0	0.33509084855768057	pca	per_subclass	Pax6
H21.33.012	1	0.7007111802320299	pca	per_subclass	Pax6
H21.33.013	1	0.9237409764417537	pca	per_subclass	Pax6
H21.33.014	1	0.522047619466016	pca	per_subclass	Pax6
H21.33.015	0	0.19010168296906174	pca	per_subclass	Pax6
H21.33.016	0	0.7465281406634491	pca	per_subclass	Pax6
H21.33.017	1	0.771083382651332	pca	per_subclass	Pax6
H21.33.018	0	0.7104688377945255	pca	per_subclass	Pax6
H21.33.019	0	0.6304950176559492	pca	per_subclass	Pax6
H21.33.021	1	0.931213793988355	pca	per_subclass	Pax6
H21.33.022	1	0.8047871298387831	pca	per_subclass	Pax6
H21.33.023	0	0.5423733165595191	pca	per_subclass	Pax6
H21.33.025	1	0.7717350668412569	pca	per_subclass	Pax6
H21.33.026	1	0.7765019754612922	pca	per_subclass	Pax6
H21.33.027	1	0.7373274938900501	pca	per_subclass	Pax6
H21.33.028	0	0.9024647188011242	pca	per_subclass	Pax6
H21.33.029	1	0.8197691180775312	pca	per_subclass	Pax6
H21.33.030	1	0.6185315252474067	pca	per_subclass	Pax6
H21.33.031	1	0.615327561808438	pca	per_subclass	Pax6
H21.33.032	0	0.30894293759919284	pca	per_subclass	Pax6
H21.33.033	1	0.9880121991987222	pca	per_subclass	Pax6
H21.33.034	1	0.8721265859894067	pca	per_subclass	Pax6
H21.33.035	1	0.7569304537519927	pca	per_subclass	Pax6
H21.33.036	1	0.5680235073069632	pca	per_subclass	Pax6
H21.33.037	0	0.6233342694088078	pca	per_subclass	Pax6
H21.33.038	0	0.769794305467762	pca	per_subclass	Pax6
H21.33.039	1	0.9480020578400017	pca	per_subclass	Pax6
H21.33.040	1	0.9909407746073947	pca	per_subclass	Pax6
H21.33.041	0	0.9328457179968067	pca	per_subclass	Pax6
H21.33.042	1	0.7270052700501289	pca	per_subclass	Pax6
H21.33.043	0	0.7922876115580068	pca	per_subclass	Pax6
H21.33.044	1	0.9171345514649216	pca	per_subclass	Pax6
H21.33.045	1	0.879962630682706	pca	per_subclass	Pax6
H21.33.046	1	0.8519893242187286	pca	per_subclass	Pax6
H21.33.047	1	0.4067713072256513	pca	per_subclass	Pax6
H19.33.004	0	0.9382348514473552	pca	per_subclass	Pvalb
H20.33.001	0	0.4855394951709616	pca	per_subclass	Pvalb
H20.33.002	0	0.6351714964020536	pca	per_subclass	Pvalb
H20.33.004	1	0.7080298834518487	pca	per_subclass	Pvalb
H20.33.005	1	0.9514201537026097	pca	per_subclass	Pvalb
H20.33.008	1	0.8170188269506677	pca	per_subclass	Pvalb
H20.33.011	1	0.6402480012495193	pca	per_subclass	Pvalb
H20.33.012	0	0.9241322596394539	pca	per_subclass	Pvalb
H20.33.013	1	0.24850632689203564	pca	per_subclass	Pvalb
H20.33.014	1	0.48907402797021726	pca	per_subclass	Pvalb
H20.33.015	1	0.9206824086052645	pca	per_subclass	Pvalb
H20.33.016	1	0.812467974902708	pca	per_subclass	Pvalb
H20.33.017	1	0.9599955752155651	pca	per_subclass	Pvalb
H20.33.018	1	0.9216771766325144	pca	per_subclass	Pvalb
H20.33.019	1	0.8751508493805403	pca	per_subclass	Pvalb
H20.33.020	1	0.922422572959406	pca	per_subclass	Pvalb
H20.33.024	1	0.44968116031275984	pca	per_subclass	Pvalb
H20.33.025	1	0.6600885168270618	pca	per_subclass	Pvalb
H20.33.026	1	0.6070173511713528	pca	per_subclass	Pvalb
H20.33.027	1	0.7280620757512182	pca	per_subclass	Pvalb
H20.33.028	1	0.9864647205680352	pca	per_subclass	Pvalb
H20.33.029	1	0.4850697385126269	pca	per_subclass	Pvalb
H20.33.030	1	0.49872888075024757	pca	per_subclass	Pvalb
H20.33.031	1	0.37820334218941254	pca	per_subclass	Pvalb
H20.33.032	1	0.5544220338900328	pca	per_subclass	Pvalb
H20.33.033	1	0.9887870153452962	pca	per_subclass	Pvalb
H20.33.034	1	0.7489279515106013	pca	per_subclass	Pvalb
H20.33.035	0	0.6695163578288221	pca	per_subclass	Pvalb
H20.33.036	1	0.9871736586390393	pca	per_subclass	Pvalb
H20.33.037	1	0.9780423354103256	pca	per_subclass	Pvalb
H20.33.038	1	0.8987634924090686	pca	per_subclass	Pvalb
H20.33.039	1	0.5225592309110151	pca	per_subclass	Pvalb
H20.33.040	1	0.7792997648627523	pca	per_subclass	Pvalb
H20.33.041	1	0.45341039828796503	pca	per_subclass	Pvalb
H20.33.043	1	0.44327615223363	pca	per_subclass	Pvalb
H20.33.044	0	0.8085404852865293	pca	per_subclass	Pvalb
H20.33.045	1	0.8660332484773832	pca	per_subclass	Pvalb
H20.33.046	1	0.9121803991591877	pca	per_subclass	Pvalb
H21.33.001	0	0.9979895750540251	pca	per_subclass	Pvalb
H21.33.002	1	0.7106644697557218	pca	per_subclass	Pvalb
H21.33.003	0	0.7130899482535128	pca	per_subclass	Pvalb
H21.33.004	0	0.6293128395723135	pca	per_subclass	Pvalb
H21.33.005	1	0.8228676629654779	pca	per_subclass	Pvalb
H21.33.006	1	0.7180479460677851	pca	per_subclass	Pvalb
H21.33.007	1	0.9525243484597297	pca	per_subclass	Pvalb
H21.33.008	1	0.8359452459914556	pca	per_subclass	Pvalb
H21.33.009	1	0.9602764818772185	pca	per_subclass	Pvalb
H21.33.010	1	0.8961503039104093	pca	per_subclass	Pvalb
H21.33.011	0	0.6425205988444036	pca	per_subclass	Pvalb
H21.33.012	1	0.7379828990895372	pca	per_subclass	Pvalb
H21.33.013	1	0.8684334803022873	pca	per_subclass	Pvalb
H21.33.014	1	0.7902198220924511	pca	per_subclass	Pvalb
H21.33.015	0	0.5666801817105176	pca	per_subclass	Pvalb
H21.33.016	0	0.728219270185526	pca	per_subclass	Pvalb
H21.33.017	1	0.6562227364715312	pca	per_subclass	Pvalb
H21.33.018	0	0.8667580656688884	pca	per_subclass	Pvalb
H21.33.019	0	0.6662639049210967	pca	per_subclass	Pvalb
H21.33.021	1	0.8718304539571526	pca	per_subclass	Pvalb
H21.33.022	1	0.7216177952180294	pca	per_subclass	Pvalb
H21.33.023	0	0.6501049217440149	pca	per_subclass	Pvalb
H21.33.025	1	0.8692270492585028	pca	per_subclass	Pvalb
H21.33.026	1	0.7688112998975138	pca	per_subclass	Pvalb
H21.33.027	1	0.4697363107356088	pca	per_subclass	Pvalb
H21.33.028	0	0.6585559663194143	pca	per_subclass	Pvalb
H21.33.029	1	0.9041982656005318	pca	per_subclass	Pvalb
H21.33.030	1	0.7925608363436099	pca	per_subclass	Pvalb
H21.33.031	1	0.7401099188669155	pca	per_subclass	Pvalb
H21.33.032	0	0.4991044664405286	pca	per_subclass	Pvalb
H21.33.033	1	0.9323193822811092	pca	per_subclass	Pvalb
H21.33.034	1	0.9909990657948594	pca	per_subclass	Pvalb
H21.33.035	1	0.7299942268960875	pca	per_subclass	Pvalb
H21.33.036	1	0.7604187631636767	pca	per_subclass	Pvalb
H21.33.037	0	0.5942124426140387	pca	per_subclass	Pvalb
H21.33.038	0	0.6095686345710322	pca	per_subclass	Pvalb
H21.33.039	1	0.9218607519312986	pca	per_subclass	Pvalb
H21.33.040	1	0.883406054297956	pca	per_subclass	Pvalb
H21.33.041	0	0.8617120330958802	pca	per_subclass	Pvalb
H21.33.042	1	0.7492710708347324	pca	per_subclass	Pvalb
H21.33.043	0	0.6701680757781429	pca	per_subclass	Pvalb
H21.33.044	1	0.9745028171774985	pca	per_subclass	Pvalb
H21.33.045	1	0.9405761280158625	pca	per_subclass	Pvalb
H21.33.046	1	0.7469123210315182	pca	per_subclass	Pvalb
H21.33.047	1	0.7043100383059828	pca	per_subclass	Pvalb
H19.33.004	0	0.959604525979876	pca	per_subclass	Sncg
H20.33.001	0	0.8899977759579878	pca	per_subclass	Sncg
H20.33.002	0	0.8547293316134498	pca	per_subclass	Sncg
H20.33.004	1	0.8237005043550164	pca	per_subclass	Sncg
H20.33.005	1	0.9223421233364807	pca	per_subclass	Sncg
H20.33.008	1	0.6396492005951376	pca	per_subclass	Sncg
H20.33.011	1	0.6133467405785276	pca	per_subclass	Sncg
H20.33.012	0	0.7649329320963579	pca	per_subclass	Sncg
H20.33.013	1	0.7198500925925926	pca	per_subclass	Sncg
H20.33.014	1	0.8005142964130204	pca	per_subclass	Sncg
H20.33.015	1	0.9174261662117026	pca	per_subclass	Sncg
H20.33.016	1	0.7846895754306185	pca	per_subclass	Sncg
H20.33.017	1	0.8695989230610215	pca	per_subclass	Sncg
H20.33.018	1	0.8614456170244817	pca	per_subclass	Sncg
H20.33.019	1	0.7232689512443525	pca	per_subclass	Sncg
H20.33.020	1	0.9519641045836476	pca	per_subclass	Sncg
H20.33.024	1	0.1999915702595663	pca	per_subclass	Sncg
H20.33.025	1	0.6971948575492689	pca	per_subclass	Sncg
H20.33.026	1	0.5456688926378788	pca	per_subclass	Sncg
H20.33.027	1	0.6616164155246171	pca	per_subclass	Sncg
H20.33.028	1	0.900782552214743	pca	per_subclass	Sncg
H20.33.029	1	0.8058073693086586	pca	per_subclass	Sncg
H20.33.030	1	0.6541658661067866	pca	per_subclass	Sncg
H20.33.031	1	0.7828394940144295	pca	per_subclass	Sncg
H20.33.032	1	0.33992788994586143	pca	per_subclass	Sncg
H20.33.033	1	0.97230101397096	pca	per_subclass	Sncg
H20.33.034	1	0.5695737708172743	pca	per_subclass	Sncg
H20.33.035	0	0.8272734258320827	pca	per_subclass	Sncg
H20.33.036	1	0.9698720492911118	pca	per_subclass	Sncg
H20.33.037	1	0.9470211488072525	pca	per_subclass	Sncg
H20.33.038	1	0.8883672953971467	pca	per_subclass	Sncg
H20.33.039	1	0.7281572864895385	pca	per_subclass	Sncg
H20.33.040	1	0.651109223581608	pca	per_subclass	Sncg
H20.33.041	1	0.6957557678480623	pca	per_subclass	Sncg
H20.33.043	1	0.2137929401069744	pca	per_subclass	Sncg
H20.33.044	0	0.9167452134664877	pca	per_subclass	Sncg
H20.33.045	1	0.9302203970957029	pca	per_subclass	Sncg
H20.33.046	1	0.8349069906758396	pca	per_subclass	Sncg
H21.33.001	0	0.9194615404014383	pca	per_subclass	Sncg
H21.33.002	1	0.7906582837321705	pca	per_subclass	Sncg
H21.33.003	0	0.5587537009224276	pca	per_subclass	Sncg
H21.33.004	0	0.6834825119570228	pca	per_subclass	Sncg
H21.33.005	1	0.6534069817380843	pca	per_subclass	Sncg
H21.33.006	1	0.7162235615244809	pca	per_subclass	Sncg
H21.33.007	1	0.9571576153543344	pca	per_subclass	Sncg
H21.33.008	1	0.6620363152908542	pca	per_subclass	Sncg
H21.33.009	1	0.961959159473231	pca	per_subclass	Sncg
H21.33.010	1	0.9321763141316792	pca	per_subclass	Sncg
H21.33.011	0	0.604317518942799	pca	per_subclass	Sncg
H21.33.012	1	0.5296873852667183	pca	per_subclass	Sncg
H21.33.013	1	0.841427579384435	pca	per_subclass	Sncg
H21.33.014	1	0.8653074672703849	pca	per_subclass	Sncg
H21.33.015	0	0.4150927886685367	pca	per_subclass	Sncg
H21.33.016	0	0.6698590018523336	pca	per_subclass	Sncg
H21.33.017	1	0.7557199097914027	pca	per_subclass	Sncg
H21.33.018	0	0.9309057390329514	pca	per_subclass	Sncg
H21.33.019	0	0.8285497496602032	pca	per_subclass	Sncg
H21.33.021	1	0.8983468286041214	pca	per_subclass	Sncg
H21.33.022	1	0.6851849176447222	pca	per_subclass	Sncg
H21.33.023	0	0.650826444757594	pca	per_subclass	Sncg
H21.33.025	1	0.8848751743637371	pca	per_subclass	Sncg
H21.33.026	1	0.8052587036069563	pca	per_subclass	Sncg
H21.33.027	1	0.16725323908089607	pca	per_subclass	Sncg
H21.33.028	0	0.7522103800543611	pca	per_subclass	Sncg
H21.33.029	1	0.7083685618696602	pca	per_subclass	Sncg
H21.33.030	1	0.5607902557072304	pca	per_subclass	Sncg
H21.33.031	1	0.43533221150932	pca	per_subclass	Sncg
H21.33.032	0	0.4802708496315047	pca	per_subclass	Sncg
H21.33.033	1	0.907816237310748	pca	per_subclass	Sncg
H21.33.034	1	0.9717342894575168	pca	per_subclass	Sncg
H21.33.035	1	0.9014730038441506	pca	per_subclass	Sncg
H21.33.036	1	0.507798534516781	pca	per_subclass	Sncg
H21.33.037	0	0.6713956798090149	pca	per_subclass	Sncg
H21.33.038	0	0.6667832823268751	pca	per_subclass	Sncg
H21.33.039	1	0.8136318293964905	pca	per_subclass	Sncg
H21.33.040	1	0.8932569376255148	pca	per_subclass	Sncg
H21.33.041	0	0.7032133112857046	pca	per_subclass	Sncg
H21.33.042	1	0.7841881878717153	pca	per_subclass	Sncg
H21.33.043	0	0.8008214898296842	pca	per_subclass	Sncg
H21.33.044	1	0.7698815806967463	pca	per_subclass	Sncg
H21.33.045	1	0.9180566437909083	pca	per_subclass	Sncg
H21.33.046	1	0.7849250994731118	pca	per_subclass	Sncg
H21.33.047	1	0.6433490777121079	pca	per_subclass	Sncg
H19.33.004	0	0.8571072956394437	pca	per_subclass	Sst
H20.33.001	0	0.8418092975808626	pca	per_subclass	Sst
H20.33.002	0	0.5569481233808202	pca	per_subclass	Sst
H20.33.004	1	0.9534215162130242	pca	per_subclass	Sst
H20.33.005	1	0.8810144465375018	pca	per_subclass	Sst
H20.33.008	1	0.8196003532407673	pca	per_subclass	Sst
H20.33.011	1	0.6595153616373228	pca	per_subclass	Sst
H20.33.012	0	0.9347294070035709	pca	per_subclass	Sst
H20.33.013	1	0.5251395508870408	pca	per_subclass	Sst
H20.33.014	1	0.7769780672378781	pca	per_subclass	Sst
H20.33.015	1	0.9510077388594143	pca	per_subclass	Sst
H20.33.016	1	0.5767316016557203	pca	per_subclass	Sst
H20.33.017	1	0.971741310272894	pca	per_subclass	Sst
H20.33.018	1	0.9784699319709949	pca	per_subclass	Sst
H20.33.019	1	0.8305578203518358	pca	per_subclass	Sst
H20.33.020	1	0.9223505881232341	pca	per_subclass	Sst
H20.33.024	1	0.5907636145951838	pca	per_subclass	Sst
H20.33.025	1	0.6963606782001485	pca	per_subclass	Sst
H20.33.026	1	0.7779368786902005	pca	per_subclass	Sst
H20.33.027	1	0.4073077036033229	pca	per_subclass	Sst
H20.33.028	1	0.9637132256095391	pca	per_subclass	Sst
H20.33.029	1	0.7146902189872775	pca	per_subclass	Sst
H20.33.030	1	0.8211009987272329	pca	per_subclass	Sst
H20.33.031	1	0.4348356407246162	pca	per_subclass	Sst
H20.33.032	1	0.36317978413919183	pca	per_subclass	Sst
H20.33.033	1	0.9386136636212006	pca	per_subclass	Sst
H20.33.034	1	0.6427834433439562	pca	per_subclass	Sst
H20.33.035	0	0.5222597583546222	pca	per_subclass	Sst
H20.33.036	1	0.9786479800326372	pca	per_subclass	Sst
H20.33.037	1	0.9101608424680403	pca	per_subclass	Sst
H20.33.038	1	0.9731605795214511	pca	per_subclass	Sst
H20.33.039	1	0.9194576042350636	pca	per_subclass	Sst
H20.33.040	1	0.8915594633101573	pca	per_subclass	Sst
H20.33.041	1	0.9543049023740174	pca	per_subclass	Sst
H20.33.043	1	0.22333970308225687	pca	per_subclass	Sst
H20.33.044	0	0.7803662737786912	pca	per_subclass	Sst
H20.33.045	1	0.823218780278528	pca	per_subclass	Sst
H20.33.046	1	0.9199803558707484	pca	per_subclass	Sst
H21.33.001	0	0.9694989280558817	pca	per_subclass	Sst
H21.33.002	1	0.14736071569139947	pca	per_subclass	Sst
H21.33.003	0	0.7718192951219914	pca	per_subclass	Sst
H21.33.004	0	0.5439089468801852	pca	per_subclass	Sst
H21.33.005	1	0.7330517196811239	pca	per_subclass	Sst
H21.33.006	1	0.6637767114588071	pca	per_subclass	Sst
H21.33.007	1	0.9739438389065482	pca	per_subclass	Sst
H21.33.008	1	0.9097394345221321	pca	per_subclass	Sst
H21.33.009	1	0.9339277137331182	pca	per_subclass	Sst
H21.33.010	1	0.9050179819525574	pca	per_subclass	Sst
H21.33.011	0	0.5111160475803953	pca	per_subclass	Sst
H21.33.012	1	0.8729853200961906	pca	per_subclass	Sst
H21.33.013	1	0.9433857932123034	pca	per_subclass	Sst
H21.33.014	1	0.8094302563721223	pca	per_subclass	Sst
H21.33.015	0	0.24089586323578951	pca	per_subclass	Sst
H21.33.016	0	0.7764203522058496	pca	per_subclass	Sst
H21.33.017	1	0.8416453742874109	pca	per_subclass	Sst
H21.33.018	0	0.8711903274482543	pca	per_subclass	Sst
H21.33.019	0	0.8458679177143915	pca	per_subclass	Sst
H21.33.021	1	0.8917452403672854	pca	per_subclass	Sst
H21.33.022	1	0.9273477129956605	pca	per_subclass	Sst
H21.33.023	0	0.6584914381360412	pca	per_subclass	Sst
H21.33.025	1	0.8908053697803664	pca	per_subclass	Sst
H21.33.026	1	0.9169387083591796	pca	per_subclass	Sst
H21.33.027	1	0.3067324245834341	pca	per_subclass	Sst
H21.33.028	0	0.6567685872888215	pca	per_subclass	Sst
H21.33.029	1	0.8212533837641225	pca	per_subclass	Sst
H21.33.030	1	0.5450894167673684	pca	per_subclass	Sst
H21.33.031	1	0.886548046303818	pca	per_subclass	Sst
H21.33.032	0	0.5572109172897126	pca	per_subclass	Sst
H21.33.033	1	0.9222277824626526	pca	per_subclass	Sst
H21.33.034	1	0.7159181682303897	pca	per_subclass	Sst
H21.33.035	1	0.9712875567996887	pca	per_subclass	Sst
H21.33.036	1	0.6930041860335046	pca	per_subclass	Sst
H21.33.037	0	0.07844624803242103	pca	per_subclass	Sst
H21.33.038	0	0.8316265553455932	pca	per_subclass	Sst
H21.33.039	1	0.8416164695221809	pca	per_subclass	Sst
H21.33.040	1	0.9402243154619463	pca	per_subclass	Sst
H21.33.041	0	0.9429629513943365	pca	per_subclass	Sst
H21.33.042	1	0.6945909549269474	pca	per_subclass	Sst
H21.33.043	0	0.6604534038285707	pca	per_subclass	Sst
H21.33.044	1	0.8663386714884991	pca	per_subclass	Sst
H21.33.045	1	0.5608950050461763	pca	per_subclass	Sst
H21.33.046	1	0.5887360336236193	pca	per_subclass	Sst
H21.33.047	1	0.7753559639859202	pca	per_subclass	Sst
H19.33.004	0	0.9115594656006103	pca	per_subclass	Sst Chodl
H20.33.001	0	0.7093846408356218	pca	per_subclass	Sst Chodl
H20.33.002	0	0.45217663708735145	pca	per_subclass	Sst Chodl
H20.33.004	1	0.7246007782850593	pca	per_subclass	Sst Chodl
H20.33.005	1	0.9027189838014611	pca	per_subclass	Sst Chodl
H20.33.008	1	0.9035046700385456	pca	per_subclass	Sst Chodl
H20.33.011	1	0.6244759998262956	pca	per_subclass	Sst Chodl
H20.33.013	1	0.4512435342238167	pca	per_subclass	Sst Chodl
H20.33.014	1	0.5711962264457366	pca	per_subclass	Sst Chodl
H20.33.015	1	0.8077344123879371	pca	per_subclass	Sst Chodl
H20.33.016	1	0.7222987664088076	pca	per_subclass	Sst Chodl
H20.33.017	1	0.7117047358917058	pca	per_subclass	Sst Chodl
H20.33.018	1	0.7963114107844205	pca	per_subclass	Sst Chodl
H20.33.019	1	0.9318959154336215	pca	per_subclass	Sst Chodl
H20.33.020	1	0.8005257770403637	pca	per_subclass	Sst Chodl
H20.33.024	1	0.9001694115552515	pca	per_subclass	Sst Chodl
H20.33.025	1	0.7596512462743589	pca	per_subclass	Sst Chodl
H20.33.026	1	0.7184749139777826	pca	per_subclass	Sst Chodl
H20.33.027	1	0.7225119883304787	pca	per_subclass	Sst Chodl
H20.33.029	1	0.6076669808010893	pca	per_subclass	Sst Chodl
H20.33.030	1	0.8815000289022402	pca	per_subclass	Sst Chodl
H20.33.031	1	0.6736441559251645	pca	per_subclass	Sst Chodl
H20.33.032	1	0.7668985299351826	pca	per_subclass	Sst Chodl
H20.33.034	1	0.7370118058941145	pca	per_subclass	Sst Chodl
H20.33.035	0	0.9428725730329054	pca	per_subclass	Sst Chodl
H20.33.039	1	0.9284714736911059	pca	per_subclass	Sst Chodl
H20.33.040	1	0.736378987667105	pca	per_subclass	Sst Chodl
H20.33.041	1	0.7421946708216168	pca	per_subclass	Sst Chodl
H20.33.043	1	0.7924692083622822	pca	per_subclass	Sst Chodl
H20.33.044	0	0.6442179376666853	pca	per_subclass	Sst Chodl
H21.33.001	0	0.9407322979843912	pca	per_subclass	Sst Chodl
H21.33.002	1	0.3004076875225059	pca	per_subclass	Sst Chodl
H21.33.003	0	0.434698189175801	pca	per_subclass	Sst Chodl
H21.33.004	0	0.4989090124572101	pca	per_subclass	Sst Chodl
H21.33.006	1	0.44990026411021694	pca	per_subclass	Sst Chodl
H21.33.007	1	0.9793077523808492	pca	per_subclass	Sst Chodl
H21.33.008	1	0.8794803188607541	pca	per_subclass	Sst Chodl
H21.33.010	1	0.9403437602991049	pca	per_subclass	Sst Chodl
H21.33.011	0	0.8890458612010553	pca	per_subclass	Sst Chodl
H21.33.012	1	0.7876519399796434	pca	per_subclass	Sst Chodl
H21.33.013	1	0.9242776310060684	pca	per_subclass	Sst Chodl
H21.33.014	1	0.7796710078095861	pca	per_subclass	Sst Chodl
H21.33.015	0	0.5676558737072763	pca	per_subclass	Sst Chodl
H21.33.016	0	0.9035190644265816	pca	per_subclass	Sst Chodl
H21.33.018	0	0.7991190909247208	pca	per_subclass	Sst Chodl
H21.33.019	0	0.7150698420061369	pca	per_subclass	Sst Chodl
H21.33.021	1	0.7014920422694407	pca	per_subclass	Sst Chodl
H21.33.022	1	0.8476843311310841	pca	per_subclass	Sst Chodl
H21.33.023	0	0.8134593730721529	pca	per_subclass	Sst Chodl
H21.33.025	1	0.865658300155526	pca	per_subclass	Sst Chodl
H21.33.026	1	0.5088392925049725	pca	per_subclass	Sst Chodl
H21.33.027	1	0.647503961868597	pca	per_subclass	Sst Chodl
H21.33.028	0	0.7469062697193269	pca	per_subclass	Sst Chodl
H21.33.030	1	0.5017803845217397	pca	per_subclass	Sst Chodl
H21.33.031	1	0.31052081860033875	pca	per_subclass	Sst Chodl
H21.33.032	0	0.7145230678196374	pca	per_subclass	Sst Chodl
H21.33.035	1	0.6933876844045177	pca	per_subclass	Sst Chodl
H21.33.040	1	0.730316892126274	pca	per_subclass	Sst Chodl
H21.33.041	0	0.9280299304911399	pca	per_subclass	Sst Chodl
H21.33.042	1	0.9081819395062748	pca	per_subclass	Sst Chodl
H21.33.043	0	0.5627272691932819	pca	per_subclass	Sst Chodl
H21.33.047	1	0.4461266906721656	pca	per_subclass	Sst Chodl
H19.33.004	0	0.9399754715179227	pca	per_subclass	VLMC & Perivascular
H20.33.001	0	0.24136252978232867	pca	per_subclass	VLMC & Perivascular
H20.33.002	0	0.9263661045985178	pca	per_subclass	VLMC & Perivascular
H20.33.004	1	0.5401524103963222	pca	per_subclass	VLMC & Perivascular
H20.33.005	1	0.45959755017045173	pca	per_subclass	VLMC & Perivascular
H20.33.008	1	0.9547973347684356	pca	per_subclass	VLMC & Perivascular
H20.33.011	1	0.8662777621760597	pca	per_subclass	VLMC & Perivascular
H20.33.012	0	0.895744549577363	pca	per_subclass	VLMC & Perivascular
H20.33.013	1	0.5562525357670737	pca	per_subclass	VLMC & Perivascular
H20.33.014	1	0.9066994194900813	pca	per_subclass	VLMC & Perivascular
H20.33.015	1	0.5687301159599896	pca	per_subclass	VLMC & Perivascular
H20.33.016	1	0.9412995508778348	pca	per_subclass	VLMC & Perivascular
H20.33.017	1	0.9448838505633586	pca	per_subclass	VLMC & Perivascular
H20.33.018	1	0.9738596163014803	pca	per_subclass	VLMC & Perivascular
H20.33.019	1	0.7207850680784965	pca	per_subclass	VLMC & Perivascular
H20.33.020	1	0.8276417246256715	pca	per_subclass	VLMC & Perivascular
H20.33.024	1	0.30155220407479744	pca	per_subclass	VLMC & Perivascular
H20.33.025	1	0.49986776858850446	pca	per_subclass	VLMC & Perivascular
H20.33.026	1	0.8815302031989856	pca	per_subclass	VLMC & Perivascular
H20.33.027	1	0.947988398028184	pca	per_subclass	VLMC & Perivascular
H20.33.028	1	0.4125138038871231	pca	per_subclass	VLMC & Perivascular
H20.33.029	1	0.9006694391792969	pca	per_subclass	VLMC & Perivascular
H20.33.030	1	0.9075154429911994	pca	per_subclass	VLMC & Perivascular
H20.33.031	1	0.5487944390427328	pca	per_subclass	VLMC & Perivascular
H20.33.032	1	0.7219735144082557	pca	per_subclass	VLMC & Perivascular
H20.33.033	1	0.608016859779785	pca	per_subclass	VLMC & Perivascular
H20.33.034	1	0.964816437799098	pca	per_subclass	VLMC & Perivascular
H20.33.035	0	0.6691398011793596	pca	per_subclass	VLMC & Perivascular
H20.33.036	1	0.9505826564462506	pca	per_subclass	VLMC & Perivascular
H20.33.037	1	0.9398415380904194	pca	per_subclass	VLMC & Perivascular
H20.33.038	1	0.8552481260715773	pca	per_subclass	VLMC & Perivascular
H20.33.039	1	0.8943516382856627	pca	per_subclass	VLMC & Perivascular
H20.33.040	1	0.9248713229315261	pca	per_subclass	VLMC & Perivascular
H20.33.041	1	0.9390383359353567	pca	per_subclass	VLMC & Perivascular
H20.33.043	1	0.23610688075028188	pca	per_subclass	VLMC & Perivascular
H20.33.044	0	0.5965474882793285	pca	per_subclass	VLMC & Perivascular
H20.33.045	1	0.983659898255345	pca	per_subclass	VLMC & Perivascular
H20.33.046	1	0.9704144195163791	pca	per_subclass	VLMC & Perivascular
H21.33.001	0	0.21912568818845948	pca	per_subclass	VLMC & Perivascular
H21.33.002	1	0.8905313742314807	pca	per_subclass	VLMC & Perivascular
H21.33.003	0	0.8011988195181304	pca	per_subclass	VLMC & Perivascular
H21.33.004	0	0.6207407824138256	pca	per_subclass	VLMC & Perivascular
H21.33.005	1	0.9284599356252597	pca	per_subclass	VLMC & Perivascular
H21.33.006	1	0.673065800366615	pca	per_subclass	VLMC & Perivascular
H21.33.007	1	0.8740696386735614	pca	per_subclass	VLMC & Perivascular
H21.33.008	1	0.9476068415561377	pca	per_subclass	VLMC & Perivascular
H21.33.009	1	0.578196244210065	pca	per_subclass	VLMC & Perivascular
H21.33.010	1	0.5401893663031201	pca	per_subclass	VLMC & Perivascular
H21.33.011	0	0.04422591956737633	pca	per_subclass	VLMC & Perivascular
H21.33.012	1	0.9511561001441855	pca	per_subclass	VLMC & Perivascular
H21.33.013	1	0.7232247059320319	pca	per_subclass	VLMC & Perivascular
H21.33.014	1	0.2738262673920843	pca	per_subclass	VLMC & Perivascular
H21.33.015	0	0.26702529405605235	pca	per_subclass	VLMC & Perivascular
H21.33.016	0	0.3193441201783283	pca	per_subclass	VLMC & Perivascular
H21.33.017	1	0.31187411627372696	pca	per_subclass	VLMC & Perivascular
H21.33.018	0	0.6293052737025959	pca	per_subclass	VLMC & Perivascular
H21.33.019	0	0.7619507269023478	pca	per_subclass	VLMC & Perivascular
H21.33.020	1	0.8879733490425782	pca	per_subclass	VLMC & Perivascular
H21.33.021	1	0.8026161802769665	pca	per_subclass	VLMC & Perivascular
H21.33.022	1	0.80136259878525	pca	per_subclass	VLMC & Perivascular
H21.33.023	0	0.74374395563869	pca	per_subclass	VLMC & Perivascular
H21.33.025	1	0.782215326306572	pca	per_subclass	VLMC & Perivascular
H21.33.026	1	0.49481091795745036	pca	per_subclass	VLMC & Perivascular
H21.33.027	1	0.6127823512386683	pca	per_subclass	VLMC & Perivascular
H21.33.028	0	0.6804125027003151	pca	per_subclass	VLMC & Perivascular
H21.33.029	1	0.9916817837559517	pca	per_subclass	VLMC & Perivascular
H21.33.030	1	0.8310810364467978	pca	per_subclass	VLMC & Perivascular
H21.33.031	1	0.829266923263415	pca	per_subclass	VLMC & Perivascular
H21.33.032	0	0.6678944668013871	pca	per_subclass	VLMC & Perivascular
H21.33.033	1	0.9734776714460279	pca	per_subclass	VLMC & Perivascular
H21.33.034	1	0.9028575777710983	pca	per_subclass	VLMC & Perivascular
H21.33.035	1	0.7598538666766739	pca	per_subclass	VLMC & Perivascular
H21.33.036	1	0.5306666305982721	pca	per_subclass	VLMC & Perivascular
H21.33.037	0	0.8497831010312339	pca	per_subclass	VLMC & Perivascular
H21.33.038	0	0.8599339614484641	pca	per_subclass	VLMC & Perivascular
H21.33.039	1	0.8704695728118791	pca	per_subclass	VLMC & Perivascular
H21.33.040	1	0.9034305211192477	pca	per_subclass	VLMC & Perivascular
H21.33.041	0	0.8327477690149803	pca	per_subclass	VLMC & Perivascular
H21.33.042	1	0.7020361729625968	pca	per_subclass	VLMC & Perivascular
H21.33.043	0	0.8139751979348702	pca	per_subclass	VLMC & Perivascular
H21.33.044	1	0.7780985694630944	pca	per_subclass	VLMC & Perivascular
H21.33.045	1	0.9553809219753683	pca	per_subclass	VLMC & Perivascular
H21.33.046	1	0.9266606586523674	pca	per_subclass	VLMC & Perivascular
H21.33.047	1	0.8746521317474787	pca	per_subclass	VLMC & Perivascular
H19.33.004	0	0.958000458549327	pca	per_subclass	Vip
H20.33.001	0	0.8875138471269783	pca	per_subclass	Vip
H20.33.002	0	0.7154635037703003	pca	per_subclass	Vip
H20.33.004	1	0.5241027398256136	pca	per_subclass	Vip
H20.33.005	1	0.9294821587905554	pca	per_subclass	Vip
H20.33.008	1	0.5675629892846346	pca	per_subclass	Vip
H20.33.011	1	0.6874069897636865	pca	per_subclass	Vip
H20.33.012	0	0.8937567791792821	pca	per_subclass	Vip
H20.33.013	1	0.5302193487070743	pca	per_subclass	Vip
H20.33.014	1	0.72949895604858	pca	per_subclass	Vip
H20.33.015	1	0.6960218175946322	pca	per_subclass	Vip
H20.33.016	1	0.8967271466427542	pca	per_subclass	Vip
H20.33.017	1	0.9219776757616958	pca	per_subclass	Vip
H20.33.018	1	0.9419121326904364	pca	per_subclass	Vip
H20.33.019	1	0.8743643050063289	pca	per_subclass	Vip
H20.33.020	1	0.9612373473078281	pca	per_subclass	Vip
H20.33.024	1	0.1300756426296306	pca	per_subclass	Vip
H20.33.025	1	0.6435743041110071	pca	per_subclass	Vip
H20.33.026	1	0.8089471270332966	pca	per_subclass	Vip
H20.33.027	1	0.46361419546048505	pca	per_subclass	Vip
H20.33.028	1	0.9673749688135642	pca	per_subclass	Vip
H20.33.029	1	0.5639370575580949	pca	per_subclass	Vip
H20.33.030	1	0.6073673555686218	pca	per_subclass	Vip
H20.33.031	1	0.6699437699318656	pca	per_subclass	Vip
H20.33.032	1	0.7352868171484068	pca	per_subclass	Vip
H20.33.033	1	0.9649963003178698	pca	per_subclass	Vip
H20.33.034	1	0.7310494334838045	pca	per_subclass	Vip
H20.33.035	0	0.8492484481335874	pca	per_subclass	Vip
H20.33.036	1	0.9234375072033437	pca	per_subclass	Vip
H20.33.037	1	0.9545655977849229	pca	per_subclass	Vip
H20.33.038	1	0.9242747186942513	pca	per_subclass	Vip
H20.33.039	1	0.7721185774401023	pca	per_subclass	Vip
H20.33.040	1	0.8824972641385859	pca	per_subclass	Vip
H20.33.041	1	0.8796444684614707	pca	per_subclass	Vip
H20.33.043	1	0.5081495687681663	pca	per_subclass	Vip
H20.33.044	0	0.8310076348217669	pca	per_subclass	Vip
H20.33.045	1	0.9665216560125132	pca	per_subclass	Vip
H20.33.046	1	0.7810291537178045	pca	per_subclass	Vip
H21.33.001	0	0.9523013584433919	pca	per_subclass	Vip
H21.33.002	1	0.8532080371472095	pca	per_subclass	Vip
H21.33.003	0	0.6680082053941319	pca	per_subclass	Vip
H21.33.004	0	0.4640965271239826	pca	per_subclass	Vip
H21.33.005	1	0.9071970186343086	pca	per_subclass	Vip
H21.33.006	1	0.6343067791737019	pca	per_subclass	Vip
H21.33.007	1	0.6988133854874765	pca	per_subclass	Vip
H21.33.008	1	0.962664504128797	pca	per_subclass	Vip
H21.33.009	1	0.9860978632644594	pca	per_subclass	Vip
H21.33.010	1	0.8851579679951351	pca	per_subclass	Vip
H21.33.011	0	0.48568801987514254	pca	per_subclass	Vip
H21.33.012	1	0.6928333644615134	pca	per_subclass	Vip
H21.33.013	1	0.9113057510973362	pca	per_subclass	Vip
H21.33.014	1	0.4695835579614359	pca	per_subclass	Vip
H21.33.015	0	0.37122360078729494	pca	per_subclass	Vip
H21.33.016	0	0.782448270250259	pca	per_subclass	Vip
H21.33.017	1	0.9574025011898563	pca	per_subclass	Vip
H21.33.018	0	0.7957439874621002	pca	per_subclass	Vip
H21.33.019	0	0.8787607237543138	pca	per_subclass	Vip
H21.33.020	1	0.9446718212910825	pca	per_subclass	Vip
H21.33.021	1	0.8150994681247307	pca	per_subclass	Vip
H21.33.022	1	0.7981263197153613	pca	per_subclass	Vip
H21.33.023	0	0.8401305988178311	pca	per_subclass	Vip
H21.33.025	1	0.9333880466739528	pca	per_subclass	Vip
H21.33.026	1	0.8505609891050916	pca	per_subclass	Vip
H21.33.027	1	0.842192922101167	pca	per_subclass	Vip
H21.33.028	0	0.6999181915489066	pca	per_subclass	Vip
H21.33.029	1	0.7858679904341623	pca	per_subclass	Vip
H21.33.030	1	0.18868596332186657	pca	per_subclass	Vip
H21.33.031	1	0.796776741471991	pca	per_subclass	Vip
H21.33.032	0	0.3822003688272505	pca	per_subclass	Vip
H21.33.033	1	0.942717584648145	pca	per_subclass	Vip
H21.33.034	1	0.9476372108237985	pca	per_subclass	Vip
H21.33.035	1	0.9252566364358158	pca	per_subclass	Vip
H21.33.036	1	0.5112880773163513	pca	per_subclass	Vip
H21.33.037	0	0.4027950608959414	pca	per_subclass	Vip
H21.33.038	0	0.9062366436589555	pca	per_subclass	Vip
H21.33.039	1	0.8264786506197801	pca	per_subclass	Vip
H21.33.040	1	0.768212944869927	pca	per_subclass	Vip
H21.33.041	0	0.5247644850197023	pca	per_subclass	Vip
H21.33.042	1	0.8885852018181366	pca	per_subclass	Vip
H21.33.043	0	0.8812779959328589	pca	per_subclass	Vip
H21.33.044	1	0.9036551675770743	pca	per_subclass	Vip
H21.33.045	1	0.8977584024553993	pca	per_subclass	Vip
H21.33.046	1	0.7312300807636959	pca	per_subclass	Vip
H21.33.047	1	0.4021636288302842	pca	per_subclass	Vip
H19.33.004	0	0.9545593764401156	pca	combined	9 subclasses
H20.33.001	0	0.44440595883775236	pca	combined	9 subclasses
H20.33.002	0	0.8868769294334241	pca	combined	9 subclasses
H20.33.004	1	0.4771324473780874	pca	combined	9 subclasses
H20.33.005	1	0.8247335623329167	pca	combined	9 subclasses
H20.33.008	1	0.5419366519181027	pca	combined	9 subclasses
H20.33.011	1	0.680012529698582	pca	combined	9 subclasses
H20.33.012	0	0.8644445653118348	pca	combined	9 subclasses
H20.33.013	1	0.6460716538297955	pca	combined	9 subclasses
H20.33.014	1	0.7950049025679926	pca	combined	9 subclasses
H20.33.015	1	0.6946180054506211	pca	combined	9 subclasses
H20.33.016	1	0.887030486205419	pca	combined	9 subclasses
H20.33.017	1	0.9290381265714476	pca	combined	9 subclasses
H20.33.018	1	0.9655496490923043	pca	combined	9 subclasses
H20.33.019	1	0.8833514658368402	pca	combined	9 subclasses
H20.33.020	1	0.9181802694273917	pca	combined	9 subclasses
H20.33.024	1	0.08891377707994583	pca	combined	9 subclasses
H20.33.025	1	0.4324473857465316	pca	combined	9 subclasses
H20.33.026	1	0.8704161430902376	pca	combined	9 subclasses
H20.33.027	1	0.9157495746814179	pca	combined	9 subclasses
H20.33.028	1	0.941977974024821	pca	combined	9 subclasses
H20.33.029	1	0.7601280201260382	pca	combined	9 subclasses
H20.33.030	1	0.658295974312426	pca	combined	9 subclasses
H20.33.031	1	0.30815228346087953	pca	combined	9 subclasses
H20.33.032	1	0.6406844662569119	pca	combined	9 subclasses
H20.33.033	1	0.9774827265032693	pca	combined	9 subclasses
H20.33.034	1	0.9239595900991754	pca	combined	9 subclasses
H20.33.035	0	0.8080549732743195	pca	combined	9 subclasses
H20.33.036	1	0.969844393003527	pca	combined	9 subclasses
H20.33.037	1	0.9810636851555378	pca	combined	9 subclasses
H20.33.038	1	0.9163798106962563	pca	combined	9 subclasses
H20.33.039	1	0.6988453815304115	pca	combined	9 subclasses
H20.33.040	1	0.9642562631086136	pca	combined	9 subclasses
H20.33.041	1	0.9692305689326993	pca	combined	9 subclasses
H20.33.043	1	0.3219125998790831	pca	combined	9 subclasses
H20.33.044	0	0.8476911712009004	pca	combined	9 subclasses
H20.33.045	1	0.9947547216790633	pca	combined	9 subclasses
H20.33.046	1	0.9501706573661434	pca	combined	9 subclasses
H21.33.001	0	0.9634410071629436	pca	combined	9 subclasses
H21.33.002	1	0.8511429759656259	pca	combined	9 subclasses
H21.33.003	0	0.6556417680223936	pca	combined	9 subclasses
H21.33.004	0	0.7189071370030616	pca	combined	9 subclasses
H21.33.005	1	0.9206588301201091	pca	combined	9 subclasses
H21.33.006	1	0.6293661213643075	pca	combined	9 subclasses
H21.33.007	1	0.9038488428417196	pca	combined	9 subclasses
H21.33.008	1	0.9072505740171198	pca	combined	9 subclasses
H21.33.009	1	0.9692258536457473	pca	combined	9 subclasses
H21.33.010	1	0.8161183509968912	pca	combined	9 subclasses
H21.33.011	0	0.551191021520004	pca	combined	9 subclasses
H21.33.012	1	0.7489948187104671	pca	combined	9 subclasses
H21.33.013	1	0.8949202425880889	pca	combined	9 subclasses
H21.33.014	1	0.7493201387681084	pca	combined	9 subclasses
H21.33.015	0	0.5504942291515064	pca	combined	9 subclasses
H21.33.016	0	0.4298510438757214	pca	combined	9 subclasses
H21.33.017	1	0.6978362546014583	pca	combined	9 subclasses
H21.33.018	0	0.7878703955148385	pca	combined	9 subclasses
H21.33.019	0	0.7623750429220395	pca	combined	9 subclasses
H21.33.020	1	0.9887985786986369	pca	combined	9 subclasses
H21.33.021	1	0.9566236443772406	pca	combined	9 subclasses
H21.33.022	1	0.6778406602560224	pca	combined	9 subclasses
H21.33.023	0	0.8230098146069057	pca	combined	9 subclasses
H21.33.025	1	0.6927210393566421	pca	combined	9 subclasses
H21.33.026	1	0.6611129928243805	pca	combined	9 subclasses
H21.33.027	1	0.7169233584921322	pca	combined	9 subclasses
H21.33.028	0	0.6354820653441816	pca	combined	9 subclasses
H21.33.029	1	0.9425453703746565	pca	combined	9 subclasses
H21.33.030	1	0.8100910321336559	pca	combined	9 subclasses
H21.33.031	1	0.7281488454273848	pca	combined	9 subclasses
H21.33.032	0	0.5608920006401057	pca	combined	9 subclasses
H21.33.033	1	0.9665793850600302	pca	combined	9 subclasses
H21.33.034	1	0.9299923009863184	pca	combined	9 subclasses
H21.33.035	1	0.9343360777094281	pca	combined	9 subclasses
H21.33.036	1	0.48792910409259316	pca	combined	9 subclasses
H21.33.037	0	0.4633262062303064	pca	combined	9 subclasses
H21.33.038	0	0.9218610177365674	pca	combined	9 subclasses
H21.33.039	1	0.7664561944196471	pca	combined	9 subclasses
H21.33.040	1	0.9260837186888591	pca	combined	9 subclasses
H21.33.041	0	0.787147047199251	pca	combined	9 subclasses
H21.33.042	1	0.2958011531104896	pca	combined	9 subclasses
H21.33.043	0	0.8008725287874263	pca	combined	9 subclasses
H21.33.044	1	0.7225660908210088	pca	combined	9 subclasses
H21.33.045	1	0.9874289172662507	pca	combined	9 subclasses
H21.33.046	1	0.9502670980487803	pca	combined	9 subclasses
H21.33.047	1	0.934381759133639	pca	combined	9 subclasses
H19.33.004	0	0.9400100290546419	pca	combined+cov	9 subclasses
H20.33.001	0	0.4114892740909615	pca	combined+cov	9 subclasses
H20.33.002	0	0.8807808645496584	pca	combined+cov	9 subclasses
H20.33.004	1	0.5775612233106985	pca	combined+cov	9 subclasses
H20.33.005	1	0.7954928412840251	pca	combined+cov	9 subclasses
H20.33.008	1	0.6918468066677722	pca	combined+cov	9 subclasses
H20.33.011	1	0.7765979223249669	pca	combined+cov	9 subclasses
H20.33.012	0	0.848395847031861	pca	combined+cov	9 subclasses
H20.33.013	1	0.6556775553868948	pca	combined+cov	9 subclasses
H20.33.014	1	0.7640452007014262	pca	combined+cov	9 subclasses
H20.33.015	1	0.647433316682115	pca	combined+cov	9 subclasses
H20.33.016	1	0.8791847079115718	pca	combined+cov	9 subclasses
H20.33.017	1	0.9128201619396379	pca	combined+cov	9 subclasses
H20.33.018	1	0.9754679840419108	pca	combined+cov	9 subclasses
H20.33.019	1	0.9305487459001338	pca	combined+cov	9 subclasses
H20.33.020	1	0.9665636936927271	pca	combined+cov	9 subclasses
H20.33.024	1	0.07454821322507493	pca	combined+cov	9 subclasses
H20.33.025	1	0.41474708655732967	pca	combined+cov	9 subclasses
H20.33.026	1	0.9473919879227786	pca	combined+cov	9 subclasses
H20.33.027	1	0.9097804642221309	pca	combined+cov	9 subclasses
H20.33.028	1	0.9340186437448368	pca	combined+cov	9 subclasses
H20.33.029	1	0.7312422180942093	pca	combined+cov	9 subclasses
H20.33.030	1	0.7585935972214908	pca	combined+cov	9 subclasses
H20.33.031	1	0.25123197892030646	pca	combined+cov	9 subclasses
H20.33.032	1	0.552207921008385	pca	combined+cov	9 subclasses
H20.33.033	1	0.965622805291502	pca	combined+cov	9 subclasses
H20.33.034	1	0.8912785724085934	pca	combined+cov	9 subclasses
H20.33.035	0	0.7947899471823519	pca	combined+cov	9 subclasses
H20.33.036	1	0.9558839821319707	pca	combined+cov	9 subclasses
H20.33.037	1	0.9671870718058461	pca	combined+cov	9 subclasses
H20.33.038	1	0.9423195120842955	pca	combined+cov	9 subclasses
H20.33.039	1	0.6565497399900339	pca	combined+cov	9 subclasses
H20.33.040	1	0.9440156511230509	pca	combined+cov	9 subclasses
H20.33.041	1	0.9531033432535663	pca	combined+cov	9 subclasses
H20.33.043	1	0.6166304958604462	pca	combined+cov	9 subclasses
H20.33.044	0	0.8157684687868241	pca	combined+cov	9 subclasses
H20.33.045	1	0.997939016571135	pca	combined+cov	9 subclasses
H20.33.046	1	0.9352029486253745	pca	combined+cov	9 subclasses
H21.33.001	0	0.9658118915749112	pca	combined+cov	9 subclasses
H21.33.002	1	0.8813308042609679	pca	combined+cov	9 subclasses
H21.33.003	0	0.5737492402497281	pca	combined+cov	9 subclasses
H21.33.004	0	0.6749160398198486	pca	combined+cov	9 subclasses
H21.33.005	1	0.881584845589513	pca	combined+cov	9 subclasses
H21.33.006	1	0.705647171401317	pca	combined+cov	9 subclasses
H21.33.007	1	0.8745568569516923	pca	combined+cov	9 subclasses
H21.33.008	1	0.8990107410444805	pca	combined+cov	9 subclasses
H21.33.009	1	0.9886397414322176	pca	combined+cov	9 subclasses
H21.33.010	1	0.7777595423351402	pca	combined+cov	9 subclasses
H21.33.011	0	0.49623687850979425	pca	combined+cov	9 subclasses
H21.33.012	1	0.8117349615688946	pca	combined+cov	9 subclasses
H21.33.013	1	0.9361907589073253	pca	combined+cov	9 subclasses
H21.33.014	1	0.691190399106443	pca	combined+cov	9 subclasses
H21.33.015	0	0.4726205581955874	pca	combined+cov	9 subclasses
H21.33.016	0	0.3874052016292987	pca	combined+cov	9 subclasses
H21.33.017	1	0.6817834923482666	pca	combined+cov	9 subclasses
H21.33.018	0	0.7295911411801048	pca	combined+cov	9 subclasses
H21.33.019	0	0.7001408804122825	pca	combined+cov	9 subclasses
H21.33.020	1	0.9797346730791123	pca	combined+cov	9 subclasses
H21.33.021	1	0.9317355158530057	pca	combined+cov	9 subclasses
H21.33.022	1	0.6598369603174312	pca	combined+cov	9 subclasses
H21.33.023	0	0.8013722714934957	pca	combined+cov	9 subclasses
H21.33.025	1	0.6003702780496333	pca	combined+cov	9 subclasses
H21.33.026	1	0.7755228936839187	pca	combined+cov	9 subclasses
H21.33.027	1	0.8066350281312473	pca	combined+cov	9 subclasses
H21.33.028	0	0.573214591397869	pca	combined+cov	9 subclasses
H21.33.029	1	0.9538754843342531	pca	combined+cov	9 subclasses
H21.33.030	1	0.8762852500712477	pca	combined+cov	9 subclasses
H21.33.031	1	0.8078216007283405	pca	combined+cov	9 subclasses
H21.33.032	0	0.5529967894435601	pca	combined+cov	9 subclasses
H21.33.033	1	0.9754753316848506	pca	combined+cov	9 subclasses
H21.33.034	1	0.9633811977808296	pca	combined+cov	9 subclasses
H21.33.035	1	0.9191526531812906	pca	combined+cov	9 subclasses
H21.33.036	1	0.43152750594903255	pca	combined+cov	9 subclasses
H21.33.037	0	0.4385794100893328	pca	combined+cov	9 subclasses
H21.33.038	0	0.8919270386298527	pca	combined+cov	9 subclasses
H21.33.039	1	0.7515480837210825	pca	combined+cov	9 subclasses
H21.33.040	1	0.9573742087276278	pca	combined+cov	9 subclasses
H21.33.041	0	0.7464595895134195	pca	combined+cov	9 subclasses
H21.33.042	1	0.5702591320466748	pca	combined+cov	9 subclasses
H21.33.043	0	0.7844241809794276	pca	combined+cov	9 subclasses
H21.33.044	1	0.7249893437466615	pca	combined+cov	9 subclasses
H21.33.045	1	0.990194831325816	pca	combined+cov	9 subclasses
H21.33.046	1	0.9333838757652035	pca	combined+cov	9 subclasses
H21.33.047	1	0.923525780886651	pca	combined+cov	9 subclasses
H19.33.004	0	0.9591936142757133	pca256	per_subclass	Astrocyte
H20.33.001	0	0.7294063264445031	pca256	per_subclass	Astrocyte
H20.33.002	0	0.7679727655257744	pca256	per_subclass	Astrocyte
H20.33.004	1	0.8620409621323708	pca256	per_subclass	Astrocyte
H20.33.005	1	0.7269487978978296	pca256	per_subclass	Astrocyte
H20.33.008	1	0.7361015826767818	pca256	per_subclass	Astrocyte
H20.33.011	1	0.6178742791146326	pca256	per_subclass	Astrocyte
H20.33.012	0	0.9082533090440409	pca256	per_subclass	Astrocyte
H20.33.013	1	0.9152100193883552	pca256	per_subclass	Astrocyte
H20.33.014	1	0.49075489383446946	pca256	per_subclass	Astrocyte
H20.33.015	1	0.7935813686404504	pca256	per_subclass	Astrocyte
H20.33.016	1	0.6727670459738542	pca256	per_subclass	Astrocyte
H20.33.017	1	0.9334297273712757	pca256	per_subclass	Astrocyte
H20.33.018	1	0.9756414731823471	pca256	per_subclass	Astrocyte
H20.33.019	1	0.8993346647009298	pca256	per_subclass	Astrocyte
H20.33.020	1	0.8672848016183483	pca256	per_subclass	Astrocyte
H20.33.024	1	0.543248358670741	pca256	per_subclass	Astrocyte
H20.33.025	1	0.6439835479426652	pca256	per_subclass	Astrocyte
H20.33.026	1	0.9672368657842313	pca256	per_subclass	Astrocyte
H20.33.027	1	0.8247326834296054	pca256	per_subclass	Astrocyte
H20.33.028	1	0.8554860396710513	pca256	per_subclass	Astrocyte
H20.33.029	1	0.6459105621688347	pca256	per_subclass	Astrocyte
H20.33.030	1	0.7286483462225959	pca256	per_subclass	Astrocyte
H20.33.031	1	0.535541416494018	pca256	per_subclass	Astrocyte
H20.33.032	1	0.5610469551492788	pca256	per_subclass	Astrocyte
H20.33.033	1	0.9235059911896583	pca256	per_subclass	Astrocyte
H20.33.034	1	0.46576867415104567	pca256	per_subclass	Astrocyte
H20.33.035	0	0.8733621005239055	pca256	per_subclass	Astrocyte
H20.33.036	1	0.9022758803015423	pca256	per_subclass	Astrocyte
H20.33.037	1	0.9847285746006686	pca256	per_subclass	Astrocyte
H20.33.038	1	0.529896819752229	pca256	per_subclass	Astrocyte
H20.33.039	1	0.8695879304122436	pca256	per_subclass	Astrocyte
H20.33.040	1	0.7381064926172417	pca256	per_subclass	Astrocyte
H20.33.041	1	0.6730492748882282	pca256	per_subclass	Astrocyte
H20.33.043	1	0.5863714237660879	pca256	per_subclass	Astrocyte
H20.33.044	0	0.7800127969035828	pca256	per_subclass	Astrocyte
H20.33.045	1	0.9870555243782894	pca256	per_subclass	Astrocyte
H20.33.046	1	0.9405655772149244	pca256	per_subclass	Astrocyte
H21.33.001	0	0.8680058606193792	pca256	per_subclass	Astrocyte
H21.33.002	1	0.9727353911209329	pca256	per_subclass	Astrocyte
H21.33.003	0	0.6517561829485666	pca256	per_subclass	Astrocyte
H21.33.004	0	0.564392187769805	pca256	per_subclass	Astrocyte
H21.33.005	1	0.6905110019890386	pca256	per_subclass	Astrocyte
H21.33.006	1	0.4801921480145589	pca256	per_subclass	Astrocyte
H21.33.007	1	0.9356830475070742	pca256	per_subclass	Astrocyte
H21.33.008	1	0.8383763134968835	pca256	per_subclass	Astrocyte
H21.33.009	1	0.7509578952541359	pca256	per_subclass	Astrocyte
H21.33.010	1	0.8816315722021013	pca256	per_subclass	Astrocyte
H21.33.011	0	0.6963512888022125	pca256	per_subclass	Astrocyte
H21.33.012	1	0.7355219919128718	pca256	per_subclass	Astrocyte
H21.33.013	1	0.9571121031728964	pca256	per_subclass	Astrocyte
H21.33.014	1	0.7345936862894903	pca256	per_subclass	Astrocyte
H21.33.015	0	0.5345299937675863	pca256	per_subclass	Astrocyte
H21.33.016	0	0.7928464486008715	pca256	per_subclass	Astrocyte
H21.33.017	1	0.6937618418676521	pca256	per_subclass	Astrocyte
H21.33.018	0	0.6009369015120436	pca256	per_subclass	Astrocyte
H21.33.019	0	0.7145951757474027	pca256	per_subclass	Astrocyte
H21.33.020	1	0.8223557618830732	pca256	per_subclass	Astrocyte
H21.33.021	1	0.8672939675729363	pca256	per_subclass	Astrocyte
H21.33.022	1	0.8188425853267729	pca256	per_subclass	Astrocyte
H21.33.023	0	0.613278255660054	pca256	per_subclass	Astrocyte
H21.33.025	1	0.3701879865412766	pca256	per_subclass	Astrocyte
H21.33.026	1	0.7629248923136333	pca256	per_subclass	Astrocyte
H21.33.027	1	0.6015977854861025	pca256	per_subclass	Astrocyte
H21.33.028	0	0.7147892345572229	pca256	per_subclass	Astrocyte
H21.33.029	1	0.915496381621625	pca256	per_subclass	Astrocyte
H21.33.030	1	0.6715948147024673	pca256	per_subclass	Astrocyte
H21.33.031	1	0.7521856963615622	pca256	per_subclass	Astrocyte
H21.33.032	0	0.7358294938409857	pca256	per_subclass	Astrocyte
H21.33.033	1	0.6920474907577632	pca256	per_subclass	Astrocyte
H21.33.034	1	0.9259520483773009	pca256	per_subclass	Astrocyte
H21.33.035	1	0.9400941026850658	pca256	per_subclass	Astrocyte
H21.33.036	1	0.6748410779959076	pca256	per_subclass	Astrocyte
H21.33.037	0	0.5154149660330927	pca256	per_subclass	Astrocyte
H21.33.038	0	0.6598920656395205	pca256	per_subclass	Astrocyte
H21.33.039	1	0.893145988850274	pca256	per_subclass	Astrocyte
H21.33.040	1	0.7936596505334494	pca256	per_subclass	Astrocyte
H21.33.041	0	0.8816098765253519	pca256	per_subclass	Astrocyte
H21.33.042	1	0.6153945318971674	pca256	per_subclass	Astrocyte
H21.33.043	0	0.7848715845311803	pca256	per_subclass	Astrocyte
H21.33.044	1	0.7897253017010104	pca256	per_subclass	Astrocyte
H21.33.045	1	0.9927921740866458	pca256	per_subclass	Astrocyte
H21.33.046	1	0.8893680896844017	pca256	per_subclass	Astrocyte
H21.33.047	1	0.42978222542533934	pca256	per_subclass	Astrocyte
H19.33.004	0	0.9791538012140905	pca256	per_subclass	Chandelier
H20.33.001	0	0.8381475365938323	pca256	per_subclass	Chandelier
H20.33.002	0	0.6825488793889682	pca256	per_subclass	Chandelier
H20.33.004	1	0.6013460066006314	pca256	per_subclass	Chandelier
H20.33.005	1	0.88851032795753	pca256	per_subclass	Chandelier
H20.33.008	1	0.46939438509400855	pca256	per_subclass	Chandelier
H20.33.011	1	0.5493908196781823	pca256	per_subclass	Chandelier
H20.33.012	0	0.6287033399813962	pca256	per_subclass	Chandelier
H20.33.013	1	0.646444607429826	pca256	per_subclass	Chandelier
H20.33.014	1	0.4740647653944257	pca256	per_subclass	Chandelier
H20.33.015	1	0.8410350950884444	pca256	per_subclass	Chandelier
H20.33.016	1	0.6225401443494855	pca256	per_subclass	Chandelier
H20.33.017	1	0.9494581693189602	pca256	per_subclass	Chandelier
H20.33.018	1	0.9271249546893889	pca256	per_subclass	Chandelier
H20.33.019	1	0.8816317201935439	pca256	per_subclass	Chandelier
H20.33.020	1	0.8975007517978362	pca256	per_subclass	Chandelier
H20.33.024	1	0.3695142952786183	pca256	per_subclass	Chandelier
H20.33.025	1	0.7081636730080503	pca256	per_subclass	Chandelier
H20.33.026	1	0.7940375241722383	pca256	per_subclass	Chandelier
H20.33.027	1	0.5268173470825531	pca256	per_subclass	Chandelier
H20.33.028	1	0.9773611838629828	pca256	per_subclass	Chandelier
H20.33.029	1	0.725973906703427	pca256	per_subclass	Chandelier
H20.33.030	1	0.7753685113786636	pca256	per_subclass	Chandelier
H20.33.031	1	0.5866369075501148	pca256	per_subclass	Chandelier
H20.33.032	1	0.5411783369103892	pca256	per_subclass	Chandelier
H20.33.033	1	0.9461130183449147	pca256	per_subclass	Chandelier
H20.33.034	1	0.6107563670893786	pca256	per_subclass	Chandelier
H20.33.035	0	0.8216167508300843	pca256	per_subclass	Chandelier
H20.33.036	1	0.8918877704310543	pca256	per_subclass	Chandelier
H20.33.037	1	0.8948384184886857	pca256	per_subclass	Chandelier
H20.33.039	1	0.6748656878831443	pca256	per_subclass	Chandelier
H20.33.040	1	0.8043098926062721	pca256	per_subclass	Chandelier
H20.33.041	1	0.7933638514945194	pca256	per_subclass	Chandelier
H20.33.043	1	0.4426571572973786	pca256	per_subclass	Chandelier
H20.33.044	0	0.8672154030035377	pca256	per_subclass	Chandelier
H20.33.045	1	0.9374299996726435	pca256	per_subclass	Chandelier
H20.33.046	1	0.9019034843446079	pca256	per_subclass	Chandelier
H21.33.001	0	0.5788662583759604	pca256	per_subclass	Chandelier
H21.33.002	1	0.8284621822748196	pca256	per_subclass	Chandelier
H21.33.003	0	0.7349033177790919	pca256	per_subclass	Chandelier
H21.33.004	0	0.6788769644565041	pca256	per_subclass	Chandelier
H21.33.005	1	0.9321119796874907	pca256	per_subclass	Chandelier
H21.33.006	1	0.6190834934560125	pca256	per_subclass	Chandelier
H21.33.007	1	0.8843386154480444	pca256	per_subclass	Chandelier
H21.33.008	1	0.8051679117412075	pca256	per_subclass	Chandelier
H21.33.009	1	0.9322616930371848	pca256	per_subclass	Chandelier
H21.33.010	1	0.9458240577571215	pca256	per_subclass	Chandelier
H21.33.011	0	0.5828202518895101	pca256	per_subclass	Chandelier
H21.33.012	1	0.5518857445478567	pca256	per_subclass	Chandelier
H21.33.013	1	0.8447884333570362	pca256	per_subclass	Chandelier
H21.33.014	1	0.6991673270907169	pca256	per_subclass	Chandelier
H21.33.015	0	0.6077411753576524	pca256	per_subclass	Chandelier
H21.33.016	0	0.7285216875202905	pca256	per_subclass	Chandelier
H21.33.017	1	0.7384792569938702	pca256	per_subclass	Chandelier
H21.33.018	0	0.8016837324775639	pca256	per_subclass	Chandelier
H21.33.019	0	0.574231774579276	pca256	per_subclass	Chandelier
H21.33.021	1	0.8034782580930733	pca256	per_subclass	Chandelier
H21.33.022	1	0.8027787914375157	pca256	per_subclass	Chandelier
H21.33.023	0	0.6871869131320123	pca256	per_subclass	Chandelier
H21.33.025	1	0.8268951954439874	pca256	per_subclass	Chandelier
H21.33.026	1	0.8470862813835363	pca256	per_subclass	Chandelier
H21.33.027	1	0.6949442327411155	pca256	per_subclass	Chandelier
H21.33.028	0	0.8477781994881655	pca256	per_subclass	Chandelier
H21.33.029	1	0.8759480705131455	pca256	per_subclass	Chandelier
H21.33.030	1	0.653695872999456	pca256	per_subclass	Chandelier
H21.33.031	1	0.7298290489085424	pca256	per_subclass	Chandelier
H21.33.032	0	0.7301212498701629	pca256	per_subclass	Chandelier
H21.33.033	1	0.8713501535648497	pca256	per_subclass	Chandelier
H21.33.035	1	0.7745264725410002	pca256	per_subclass	Chandelier
H21.33.036	1	0.7649528214969933	pca256	per_subclass	Chandelier
H21.33.037	0	0.6508776757969359	pca256	per_subclass	Chandelier
H21.33.038	0	0.7797750388260145	pca256	per_subclass	Chandelier
H21.33.039	1	0.9230139522029177	pca256	per_subclass	Chandelier
H21.33.040	1	0.7627850817884301	pca256	per_subclass	Chandelier
H21.33.041	0	0.7963465616334938	pca256	per_subclass	Chandelier
H21.33.042	1	0.7984512643770525	pca256	per_subclass	Chandelier
H21.33.043	0	0.764927487365096	pca256	per_subclass	Chandelier
H21.33.044	1	0.8085379602086075	pca256	per_subclass	Chandelier
H21.33.045	1	0.9620180592922034	pca256	per_subclass	Chandelier
H21.33.046	1	0.9176242936776916	pca256	per_subclass	Chandelier
H21.33.047	1	0.6774536014508566	pca256	per_subclass	Chandelier
H19.33.004	0	0.9047041596237207	pca256	per_subclass	Endothelial
H20.33.001	0	0.7318449176225245	pca256	per_subclass	Endothelial
H20.33.002	0	0.7426082608736327	pca256	per_subclass	Endothelial
H20.33.004	1	0.531838153264544	pca256	per_subclass	Endothelial
H20.33.005	1	0.8537089250104849	pca256	per_subclass	Endothelial
H20.33.008	1	0.594027074069661	pca256	per_subclass	Endothelial
H20.33.011	1	0.7413990502371588	pca256	per_subclass	Endothelial
H20.33.012	0	0.892018857747947	pca256	per_subclass	Endothelial
H20.33.013	1	0.7003796729224742	pca256	per_subclass	Endothelial
H20.33.014	1	0.4873105809609288	pca256	per_subclass	Endothelial
H20.33.015	1	0.5379750737109986	pca256	per_subclass	Endothelial
H20.33.016	1	0.6989556725049783	pca256	per_subclass	Endothelial
H20.33.017	1	0.7458720953940485	pca256	per_subclass	Endothelial
H20.33.018	1	0.8742821931301258	pca256	per_subclass	Endothelial
H20.33.019	1	0.8716707430374182	pca256	per_subclass	Endothelial
H20.33.020	1	0.6304033590909215	pca256	per_subclass	Endothelial
H20.33.025	1	0.48090323098279864	pca256	per_subclass	Endothelial
H20.33.027	1	0.9454972628282731	pca256	per_subclass	Endothelial
H20.33.028	1	0.9248152180918494	pca256	per_subclass	Endothelial
H20.33.030	1	0.7632958564142338	pca256	per_subclass	Endothelial
H20.33.032	1	0.4316522060947821	pca256	per_subclass	Endothelial
H20.33.033	1	0.8935880204478867	pca256	per_subclass	Endothelial
H20.33.034	1	0.706549883291059	pca256	per_subclass	Endothelial
H20.33.035	0	0.846672933957999	pca256	per_subclass	Endothelial
H20.33.036	1	0.8513806788001202	pca256	per_subclass	Endothelial
H20.33.037	1	0.8627586504508749	pca256	per_subclass	Endothelial
H20.33.038	1	0.8345736538740874	pca256	per_subclass	Endothelial
H20.33.039	1	0.46830793323716957	pca256	per_subclass	Endothelial
H20.33.040	1	0.651472350602188	pca256	per_subclass	Endothelial
H20.33.041	1	0.8378285418768165	pca256	per_subclass	Endothelial
H20.33.043	1	0.45088238840187067	pca256	per_subclass	Endothelial
H20.33.044	0	0.629606150025055	pca256	per_subclass	Endothelial
H20.33.045	1	0.8788258922998133	pca256	per_subclass	Endothelial
H20.33.046	1	0.8572366664187385	pca256	per_subclass	Endothelial
H21.33.001	0	0.6894724258292566	pca256	per_subclass	Endothelial
H21.33.002	1	0.8283799538515787	pca256	per_subclass	Endothelial
H21.33.003	0	0.865089207657195	pca256	per_subclass	Endothelial
H21.33.004	0	0.5848470748122487	pca256	per_subclass	Endothelial
H21.33.005	1	0.6875219853885638	pca256	per_subclass	Endothelial
H21.33.007	1	0.7913094418191171	pca256	per_subclass	Endothelial
H21.33.009	1	0.5525807728577293	pca256	per_subclass	Endothelial
H21.33.010	1	0.7993526778280902	pca256	per_subclass	Endothelial
H21.33.011	0	0.4011648819360315	pca256	per_subclass	Endothelial
H21.33.012	1	0.7045446955245864	pca256	per_subclass	Endothelial
H21.33.013	1	0.7599899038907196	pca256	per_subclass	Endothelial
H21.33.015	0	0.5404576677521135	pca256	per_subclass	Endothelial
H21.33.017	1	0.8027860793015311	pca256	per_subclass	Endothelial
H21.33.018	0	0.8970130429186984	pca256	per_subclass	Endothelial
H21.33.019	0	0.699428505342089	pca256	per_subclass	Endothelial
H21.33.020	1	0.908357065353288	pca256	per_subclass	Endothelial
H21.33.021	1	0.8502095917612544	pca256	per_subclass	Endothelial
H21.33.022	1	0.8676840494525022	pca256	per_subclass	Endothelial
H21.33.023	0	0.6958288293054478	pca256	per_subclass	Endothelial
H21.33.025	1	0.6924711183322177	pca256	per_subclass	Endothelial
H21.33.026	1	0.6055654349743038	pca256	per_subclass	Endothelial
H21.33.027	1	0.7279094544160456	pca256	per_subclass	Endothelial
H21.33.028	0	0.7473935969621023	pca256	per_subclass	Endothelial
H21.33.029	1	0.4925246399910671	pca256	per_subclass	Endothelial
H21.33.030	1	0.7177752795682275	pca256	per_subclass	Endothelial
H21.33.031	1	0.7485977465121569	pca256	per_subclass	Endothelial
H21.33.032	0	0.6605484128624093	pca256	per_subclass	Endothelial
H21.33.033	1	0.7954107899014577	pca256	per_subclass	Endothelial
H21.33.034	1	0.8131506972017111	pca256	per_subclass	Endothelial
H21.33.035	1	0.543728085309173	pca256	per_subclass	Endothelial
H21.33.037	0	0.8760358093130314	pca256	per_subclass	Endothelial
H21.33.038	0	0.7526665971412129	pca256	per_subclass	Endothelial
H21.33.040	1	0.8646760673061531	pca256	per_subclass	Endothelial
H21.33.041	0	0.5798078178823811	pca256	per_subclass	Endothelial
H21.33.043	0	0.9162779191092522	pca256	per_subclass	Endothelial
H21.33.044	1	0.7580421495418713	pca256	per_subclass	Endothelial
H21.33.045	1	0.9348694383192937	pca256	per_subclass	Endothelial
H21.33.046	1	0.7962969187866571	pca256	per_subclass	Endothelial
H21.33.047	1	0.31129345243649836	pca256	per_subclass	Endothelial
H19.33.004	0	0.9231849073713436	pca256	per_subclass	Immune
H20.33.001	0	0.48939180274288063	pca256	per_subclass	Immune
H20.33.002	0	0.551989225422903	pca256	per_subclass	Immune
H20.33.004	1	0.9712575966205149	pca256	per_subclass	Immune
H20.33.005	1	0.5288880922794559	pca256	per_subclass	Immune
H20.33.008	1	0.5282367158926984	pca256	per_subclass	Immune
H20.33.011	1	0.823013209788088	pca256	per_subclass	Immune
H20.33.012	0	0.8005108983138127	pca256	per_subclass	Immune
H20.33.013	1	0.4709284193678693	pca256	per_subclass	Immune
H20.33.014	1	0.55296234001825	pca256	per_subclass	Immune
H20.33.015	1	0.9509667023277976	pca256	per_subclass	Immune
H20.33.016	1	0.7435539286411041	pca256	per_subclass	Immune
H20.33.017	1	0.7917678427317301	pca256	per_subclass	Immune
H20.33.018	1	0.9758973844288708	pca256	per_subclass	Immune
H20.33.019	1	0.759117572402835	pca256	per_subclass	Immune
H20.33.020	1	0.9173354614083327	pca256	per_subclass	Immune
H20.33.024	1	0.6713123989341278	pca256	per_subclass	Immune
H20.33.025	1	0.8357590808599721	pca256	per_subclass	Immune
H20.33.026	1	0.894039129896856	pca256	per_subclass	Immune
H20.33.027	1	0.9819613817982031	pca256	per_subclass	Immune
H20.33.028	1	0.9630373392771375	pca256	per_subclass	Immune
H20.33.029	1	0.7032687983783781	pca256	per_subclass	Immune
H20.33.030	1	0.80612162326195	pca256	per_subclass	Immune
H20.33.031	1	0.6803069080543389	pca256	per_subclass	Immune
H20.33.032	1	0.7145809537041448	pca256	per_subclass	Immune
H20.33.033	1	0.8466371602560783	pca256	per_subclass	Immune
H20.33.034	1	0.9307319150099639	pca256	per_subclass	Immune
H20.33.035	0	0.8009387881405381	pca256	per_subclass	Immune
H20.33.036	1	0.8966973292039315	pca256	per_subclass	Immune
H20.33.037	1	0.9862533990961377	pca256	per_subclass	Immune
H20.33.038	1	0.9875124633795617	pca256	per_subclass	Immune
H20.33.039	1	0.6854099180935502	pca256	per_subclass	Immune
H20.33.040	1	0.9324466445556686	pca256	per_subclass	Immune
H20.33.041	1	0.6066892091352648	pca256	per_subclass	Immune
H20.33.043	1	0.3651837261337483	pca256	per_subclass	Immune
H20.33.044	0	0.26142351556765997	pca256	per_subclass	Immune
H20.33.045	1	0.9723095934686095	pca256	per_subclass	Immune
H20.33.046	1	0.9359477468991295	pca256	per_subclass	Immune
H21.33.001	0	0.9081864758642858	pca256	per_subclass	Immune
H21.33.002	1	0.5964061235397606	pca256	per_subclass	Immune
H21.33.003	0	0.7498031019876914	pca256	per_subclass	Immune
H21.33.004	0	0.4650806888432452	pca256	per_subclass	Immune
H21.33.005	1	0.6576115325692463	pca256	per_subclass	Immune
H21.33.006	1	0.6208181580662103	pca256	per_subclass	Immune
H21.33.007	1	0.9575559768276346	pca256	per_subclass	Immune
H21.33.008	1	0.8463775026090087	pca256	per_subclass	Immune
H21.33.009	1	0.9668082018600158	pca256	per_subclass	Immune
H21.33.010	1	0.8077217054073769	pca256	per_subclass	Immune
H21.33.011	0	0.6037077677110104	pca256	per_subclass	Immune
H21.33.012	1	0.8566458884501433	pca256	per_subclass	Immune
H21.33.013	1	0.9809701518269248	pca256	per_subclass	Immune
H21.33.014	1	0.9089768523123739	pca256	per_subclass	Immune
H21.33.015	0	0.7662014512216363	pca256	per_subclass	Immune
H21.33.016	0	0.3360502259406756	pca256	per_subclass	Immune
H21.33.017	1	0.8236060958783877	pca256	per_subclass	Immune
H21.33.018	0	0.8629245721683138	pca256	per_subclass	Immune
H21.33.019	0	0.7879328963058655	pca256	per_subclass	Immune
H21.33.020	1	0.9567072423483876	pca256	per_subclass	Immune
H21.33.021	1	0.8508889379239702	pca256	per_subclass	Immune
H21.33.022	1	0.4231041522046623	pca256	per_subclass	Immune
H21.33.023	0	0.8884607984776729	pca256	per_subclass	Immune
H21.33.025	1	0.4582636899286013	pca256	per_subclass	Immune
H21.33.026	1	0.4395772491751108	pca256	per_subclass	Immune
H21.33.027	1	0.5726105663735588	pca256	per_subclass	Immune
H21.33.028	0	0.8133388570909504	pca256	per_subclass	Immune
H21.33.029	1	0.9604899180498441	pca256	per_subclass	Immune
H21.33.030	1	0.8748633688442448	pca256	per_subclass	Immune
H21.33.031	1	0.9052963196643251	pca256	per_subclass	Immune
H21.33.032	0	0.9154425068091403	pca256	per_subclass	Immune
H21.33.033	1	0.8313018027784066	pca256	per_subclass	Immune
H21.33.034	1	0.9712443425823618	pca256	per_subclass	Immune
H21.33.035	1	0.9560454761396139	pca256	per_subclass	Immune
H21.33.036	1	0.6777143854337326	pca256	per_subclass	Immune
H21.33.037	0	0.7620585168203422	pca256	per_subclass	Immune
H21.33.038	0	0.9212294776962429	pca256	per_subclass	Immune
H21.33.039	1	0.9431983555395058	pca256	per_subclass	Immune
H21.33.040	1	0.8902279516433953	pca256	per_subclass	Immune
H21.33.041	0	0.46120722651443397	pca256	per_subclass	Immune
H21.33.042	1	0.451150783610528	pca256	per_subclass	Immune
H21.33.043	0	0.5814582722236666	pca256	per_subclass	Immune
H21.33.044	1	0.895095942815621	pca256	per_subclass	Immune
H21.33.045	1	0.997153810097055	pca256	per_subclass	Immune
H21.33.046	1	0.9573121734074647	pca256	per_subclass	Immune
H21.33.047	1	0.4052280011381006	pca256	per_subclass	Immune
H19.33.004	0	0.9822718435257567	pca256	per_subclass	L2/3 IT
H20.33.001	0	0.6448518143742237	pca256	per_subclass	L2/3 IT
H20.33.002	0	0.7663511928221788	pca256	per_subclass	L2/3 IT
H20.33.004	1	0.5701789989106069	pca256	per_subclass	L2/3 IT
H20.33.005	1	0.9352681575032987	pca256	per_subclass	L2/3 IT
H20.33.008	1	0.7805987828830092	pca256	per_subclass	L2/3 IT
H20.33.011	1	0.6292268545528088	pca256	per_subclass	L2/3 IT
H20.33.012	0	0.8052027907975188	pca256	per_subclass	L2/3 IT
H20.33.013	1	0.6363367136931758	pca256	per_subclass	L2/3 IT
H20.33.014	1	0.4828734158430059	pca256	per_subclass	L2/3 IT
H20.33.015	1	0.7112106068485357	pca256	per_subclass	L2/3 IT
H20.33.016	1	0.8781944541289117	pca256	per_subclass	L2/3 IT
H20.33.017	1	0.8444217400458317	pca256	per_subclass	L2/3 IT
H20.33.018	1	0.9296481228646976	pca256	per_subclass	L2/3 IT
H20.33.019	1	0.8988353998366714	pca256	per_subclass	L2/3 IT
H20.33.020	1	0.9292788445619923	pca256	per_subclass	L2/3 IT
H20.33.024	1	0.669636458403816	pca256	per_subclass	L2/3 IT
H20.33.025	1	0.5282272193352823	pca256	per_subclass	L2/3 IT
H20.33.026	1	0.9256826455999233	pca256	per_subclass	L2/3 IT
H20.33.027	1	0.7007909702449917	pca256	per_subclass	L2/3 IT
H20.33.028	1	0.9918525371159397	pca256	per_subclass	L2/3 IT
H20.33.029	1	0.827476854494463	pca256	per_subclass	L2/3 IT
H20.33.030	1	0.7613527441204523	pca256	per_subclass	L2/3 IT
H20.33.031	1	0.6744224048407095	pca256	per_subclass	L2/3 IT
H20.33.032	1	0.45951021734674724	pca256	per_subclass	L2/3 IT
H20.33.033	1	0.9734531362331953	pca256	per_subclass	L2/3 IT
H20.33.034	1	0.6224684320880395	pca256	per_subclass	L2/3 IT
H20.33.035	0	0.8232978105598576	pca256	per_subclass	L2/3 IT
H20.33.036	1	0.9721454496062572	pca256	per_subclass	L2/3 IT
H20.33.037	1	0.9932310357731249	pca256	per_subclass	L2/3 IT
H20.33.038	1	0.9856384178410902	pca256	per_subclass	L2/3 IT
H20.33.039	1	0.6021308482175076	pca256	per_subclass	L2/3 IT
H20.33.040	1	0.8795576947604262	pca256	per_subclass	L2/3 IT
H20.33.041	1	0.5929363959598186	pca256	per_subclass	L2/3 IT
H20.33.043	1	0.5396848696744743	pca256	per_subclass	L2/3 IT
H20.33.044	0	0.49512470522562246	pca256	per_subclass	L2/3 IT
H20.33.045	1	0.9717247198363138	pca256	per_subclass	L2/3 IT
H20.33.046	1	0.8783415463110094	pca256	per_subclass	L2/3 IT
H21.33.001	0	0.6843234659920346	pca256	per_subclass	L2/3 IT
H21.33.002	1	0.9107208281144228	pca256	per_subclass	L2/3 IT
H21.33.003	0	0.5962645909884632	pca256	per_subclass	L2/3 IT
H21.33.004	0	0.6486295009593255	pca256	per_subclass	L2/3 IT
H21.33.005	1	0.7704592969695503	pca256	per_subclass	L2/3 IT
H21.33.006	1	0.5888477234158314	pca256	per_subclass	L2/3 IT
H21.33.007	1	0.8718792270712152	pca256	per_subclass	L2/3 IT
H21.33.008	1	0.9565694467618437	pca256	per_subclass	L2/3 IT
H21.33.009	1	0.963367615371407	pca256	per_subclass	L2/3 IT
H21.33.010	1	0.9087978615311819	pca256	per_subclass	L2/3 IT
H21.33.011	0	0.639745884721948	pca256	per_subclass	L2/3 IT
H21.33.012	1	0.7480666526487288	pca256	per_subclass	L2/3 IT
H21.33.013	1	0.9690695063337232	pca256	per_subclass	L2/3 IT
H21.33.014	1	0.6608774334724806	pca256	per_subclass	L2/3 IT
H21.33.015	0	0.4887465258271261	pca256	per_subclass	L2/3 IT
H21.33.016	0	0.5212755612592261	pca256	per_subclass	L2/3 IT
H21.33.017	1	0.8601569881496232	pca256	per_subclass	L2/3 IT
H21.33.018	0	0.8257951550679294	pca256	per_subclass	L2/3 IT
H21.33.019	0	0.4490996605286931	pca256	per_subclass	L2/3 IT
H21.33.020	1	0.9809053585980358	pca256	per_subclass	L2/3 IT
H21.33.021	1	0.9082023490606849	pca256	per_subclass	L2/3 IT
H21.33.022	1	0.835772687294891	pca256	per_subclass	L2/3 IT
H21.33.023	0	0.7876692126867605	pca256	per_subclass	L2/3 IT
H21.33.025	1	0.8333518959571002	pca256	per_subclass	L2/3 IT
H21.33.026	1	0.45754900078955696	pca256	per_subclass	L2/3 IT
H21.33.027	1	0.5999917058681631	pca256	per_subclass	L2/3 IT
H21.33.028	0	0.5755768818099402	pca256	per_subclass	L2/3 IT
H21.33.029	1	0.9250991524813298	pca256	per_subclass	L2/3 IT
H21.33.030	1	0.7525095154609465	pca256	per_subclass	L2/3 IT
H21.33.031	1	0.4139451688449661	pca256	per_subclass	L2/3 IT
H21.33.032	0	0.7036257571481457	pca256	per_subclass	L2/3 IT
H21.33.033	1	0.8996883063478414	pca256	per_subclass	L2/3 IT
H21.33.034	1	0.9802735192918093	pca256	per_subclass	L2/3 IT
H21.33.035	1	0.8540872671674379	pca256	per_subclass	L2/3 IT
H21.33.036	1	0.7615479324088099	pca256	per_subclass	L2/3 IT
H21.33.037	0	0.7920512769679711	pca256	per_subclass	L2/3 IT
H21.33.038	0	0.7443233351379894	pca256	per_subclass	L2/3 IT
H21.33.039	1	0.9568784833544888	pca256	per_subclass	L2/3 IT
H21.33.040	1	0.8070973574587761	pca256	per_subclass	L2/3 IT
H21.33.041	0	0.787895785287489	pca256	per_subclass	L2/3 IT
H21.33.042	1	0.6088186020147002	pca256	per_subclass	L2/3 IT
H21.33.043	0	0.7515012300604791	pca256	per_subclass	L2/3 IT
H21.33.044	1	0.2903829626993851	pca256	per_subclass	L2/3 IT
H21.33.045	1	0.9908117340076906	pca256	per_subclass	L2/3 IT
H21.33.046	1	0.804070753066555	pca256	per_subclass	L2/3 IT
H21.33.047	1	0.7713577399045641	pca256	per_subclass	L2/3 IT
H19.33.004	0	0.9773275672043905	pca256	per_subclass	L4 IT
H20.33.001	0	0.6530391635255456	pca256	per_subclass	L4 IT
H20.33.002	0	0.5984235963560003	pca256	per_subclass	L4 IT
H20.33.004	1	0.775114830064118	pca256	per_subclass	L4 IT
H20.33.005	1	0.9093502662688211	pca256	per_subclass	L4 IT
H20.33.008	1	0.5900122699436816	pca256	per_subclass	L4 IT
H20.33.011	1	0.8209683152423235	pca256	per_subclass	L4 IT
H20.33.012	0	0.8319220382578928	pca256	per_subclass	L4 IT
H20.33.013	1	0.696345774196246	pca256	per_subclass	L4 IT
H20.33.014	1	0.48742808278776784	pca256	per_subclass	L4 IT
H20.33.015	1	0.8246711685321972	pca256	per_subclass	L4 IT
H20.33.016	1	0.8780523313318531	pca256	per_subclass	L4 IT
H20.33.017	1	0.8715306686290694	pca256	per_subclass	L4 IT
H20.33.018	1	0.9276838584863419	pca256	per_subclass	L4 IT
H20.33.019	1	0.731943471836621	pca256	per_subclass	L4 IT
H20.33.020	1	0.9543877142482973	pca256	per_subclass	L4 IT
H20.33.024	1	0.6682736507145476	pca256	per_subclass	L4 IT
H20.33.025	1	0.5155229446525806	pca256	per_subclass	L4 IT
H20.33.026	1	0.9243353462088806	pca256	per_subclass	L4 IT
H20.33.027	1	0.8595442283570955	pca256	per_subclass	L4 IT
H20.33.028	1	0.9646358396001784	pca256	per_subclass	L4 IT
H20.33.029	1	0.7066416119990389	pca256	per_subclass	L4 IT
H20.33.030	1	0.8257406388612012	pca256	per_subclass	L4 IT
H20.33.031	1	0.6576093319828831	pca256	per_subclass	L4 IT
H20.33.032	1	0.6162274024778851	pca256	per_subclass	L4 IT
H20.33.033	1	0.9628589964101245	pca256	per_subclass	L4 IT
H20.33.034	1	0.6900865444048355	pca256	per_subclass	L4 IT
H20.33.035	0	0.9025141659373105	pca256	per_subclass	L4 IT
H20.33.036	1	0.9224870608940746	pca256	per_subclass	L4 IT
H20.33.037	1	0.9843142004716794	pca256	per_subclass	L4 IT
H20.33.038	1	0.9784507891706727	pca256	per_subclass	L4 IT
H20.33.039	1	0.6737411636257434	pca256	per_subclass	L4 IT
H20.33.040	1	0.9155524022785375	pca256	per_subclass	L4 IT
H20.33.041	1	0.6393805966332757	pca256	per_subclass	L4 IT
H20.33.043	1	0.5430256086612768	pca256	per_subclass	L4 IT
H20.33.044	0	0.6279858777990502	pca256	per_subclass	L4 IT
H20.33.045	1	0.9676743369592273	pca256	per_subclass	L4 IT
H20.33.046	1	0.894259476767225	pca256	per_subclass	L4 IT
H21.33.001	0	0.6245835898560561	pca256	per_subclass	L4 IT
H21.33.002	1	0.9432621751645176	pca256	per_subclass	L4 IT
H21.33.003	0	0.5979436569561138	pca256	per_subclass	L4 IT
H21.33.004	0	0.6914404225054522	pca256	per_subclass	L4 IT
H21.33.005	1	0.7812480071702068	pca256	per_subclass	L4 IT
H21.33.006	1	0.7130952607700721	pca256	per_subclass	L4 IT
H21.33.007	1	0.8161706362854708	pca256	per_subclass	L4 IT
H21.33.008	1	0.8350357548374756	pca256	per_subclass	L4 IT
H21.33.009	1	0.9690503699320278	pca256	per_subclass	L4 IT
H21.33.010	1	0.8208098405216333	pca256	per_subclass	L4 IT
H21.33.011	0	0.6505809028056626	pca256	per_subclass	L4 IT
H21.33.012	1	0.837024126286804	pca256	per_subclass	L4 IT
H21.33.013	1	0.971138505114922	pca256	per_subclass	L4 IT
H21.33.014	1	0.5098769975748478	pca256	per_subclass	L4 IT
H21.33.015	0	0.6281205695737858	pca256	per_subclass	L4 IT
H21.33.016	0	0.6432480324299792	pca256	per_subclass	L4 IT
H21.33.017	1	0.6895449542601837	pca256	per_subclass	L4 IT
H21.33.018	0	0.924951558050731	pca256	per_subclass	L4 IT
H21.33.019	0	0.4881555981363186	pca256	per_subclass	L4 IT
H21.33.020	1	0.9411383892518759	pca256	per_subclass	L4 IT
H21.33.021	1	0.8108403577829861	pca256	per_subclass	L4 IT
H21.33.022	1	0.8333663496854691	pca256	per_subclass	L4 IT
H21.33.023	0	0.6000562116579568	pca256	per_subclass	L4 IT
H21.33.025	1	0.7904633446887839	pca256	per_subclass	L4 IT
H21.33.026	1	0.7130731993791224	pca256	per_subclass	L4 IT
H21.33.027	1	0.5582379842289875	pca256	per_subclass	L4 IT
H21.33.028	0	0.7541418809744677	pca256	per_subclass	L4 IT
H21.33.029	1	0.8936398355937314	pca256	per_subclass	L4 IT
H21.33.030	1	0.7893774869940751	pca256	per_subclass	L4 IT
H21.33.031	1	0.5417385563593761	pca256	per_subclass	L4 IT
H21.33.032	0	0.465974179107625	pca256	per_subclass	L4 IT
H21.33.033	1	0.8572574271469874	pca256	per_subclass	L4 IT
H21.33.034	1	0.9853019898621941	pca256	per_subclass	L4 IT
H21.33.035	1	0.9136496050201404	pca256	per_subclass	L4 IT
H21.33.036	1	0.8629370731770287	pca256	per_subclass	L4 IT
H21.33.037	0	0.7405021287125377	pca256	per_subclass	L4 IT
H21.33.038	0	0.629387593597358	pca256	per_subclass	L4 IT
H21.33.039	1	0.9186999371837544	pca256	per_subclass	L4 IT
H21.33.040	1	0.8545544631171562	pca256	per_subclass	L4 IT
H21.33.041	0	0.6579929356552949	pca256	per_subclass	L4 IT
H21.33.042	1	0.7277062514293521	pca256	per_subclass	L4 IT
H21.33.043	0	0.7864775546207045	pca256	per_subclass	L4 IT
H21.33.044	1	0.5332280234414928	pca256	per_subclass	L4 IT
H21.33.045	1	0.9651017622216302	pca256	per_subclass	L4 IT
H21.33.046	1	0.8667336383673202	pca256	per_subclass	L4 IT
H21.33.047	1	0.8073407327266491	pca256	per_subclass	L4 IT
H19.33.004	0	0.9309737776149702	pca256	per_subclass	L5 ET
H20.33.001	0	0.5344251999379924	pca256	per_subclass	L5 ET
H20.33.002	0	0.8618520436911663	pca256	per_subclass	L5 ET
H20.33.004	1	0.6496031582050767	pca256	per_subclass	L5 ET
H20.33.005	1	0.7298619651359031	pca256	per_subclass	L5 ET
H20.33.008	1	0.7868051904049898	pca256	per_subclass	L5 ET
H20.33.011	1	0.6726570240470735	pca256	per_subclass	L5 ET
H20.33.012	0	0.6294399202562541	pca256	per_subclass	L5 ET
H20.33.013	1	0.5332874454118313	pca256	per_subclass	L5 ET
H20.33.014	1	0.3717712245028826	pca256	per_subclass	L5 ET
H20.33.015	1	0.862010045297007	pca256	per_subclass	L5 ET
H20.33.016	1	0.7619874174878025	pca256	per_subclass	L5 ET
H20.33.017	1	0.9467609839433706	pca256	per_subclass	L5 ET
H20.33.018	1	0.9214973636610644	pca256	per_subclass	L5 ET
H20.33.019	1	0.6324620734584154	pca256	per_subclass	L5 ET
H20.33.020	1	0.9133213240592555	pca256	per_subclass	L5 ET
H20.33.024	1	0.6622787804016225	pca256	per_subclass	L5 ET
H20.33.025	1	0.6816305739821626	pca256	per_subclass	L5 ET
H20.33.026	1	0.9530255516542679	pca256	per_subclass	L5 ET
H20.33.027	1	0.9083912439790843	pca256	per_subclass	L5 ET
H20.33.028	1	0.934042386205185	pca256	per_subclass	L5 ET
H20.33.029	1	0.6515408954196406	pca256	per_subclass	L5 ET
H20.33.030	1	0.8081128833224677	pca256	per_subclass	L5 ET
H20.33.031	1	0.7992403077434901	pca256	per_subclass	L5 ET
H20.33.032	1	0.5356319919519947	pca256	per_subclass	L5 ET
H20.33.034	1	0.664157147661243	pca256	per_subclass	L5 ET
H20.33.035	0	0.49243390643249374	pca256	per_subclass	L5 ET
H20.33.039	1	0.6486539179098189	pca256	per_subclass	L5 ET
H20.33.040	1	0.9083419587641105	pca256	per_subclass	L5 ET
H20.33.041	1	0.7752282432961317	pca256	per_subclass	L5 ET
H20.33.043	1	0.33518759675992815	pca256	per_subclass	L5 ET
H20.33.044	0	0.5589414875190625	pca256	per_subclass	L5 ET
H20.33.046	1	0.9158587223753475	pca256	per_subclass	L5 ET
H21.33.001	0	0.7151624704440865	pca256	per_subclass	L5 ET
H21.33.002	1	0.9724564902542084	pca256	per_subclass	L5 ET
H21.33.003	0	0.7078992553187333	pca256	per_subclass	L5 ET
H21.33.004	0	0.6764800393213936	pca256	per_subclass	L5 ET
H21.33.005	1	0.7937397525951604	pca256	per_subclass	L5 ET
H21.33.006	1	0.7777436741057342	pca256	per_subclass	L5 ET
H21.33.007	1	0.9310416161519793	pca256	per_subclass	L5 ET
H21.33.010	1	0.83460370926382	pca256	per_subclass	L5 ET
H21.33.011	0	0.4833718966225762	pca256	per_subclass	L5 ET
H21.33.012	1	0.8540995362434757	pca256	per_subclass	L5 ET
H21.33.013	1	0.7288346252396525	pca256	per_subclass	L5 ET
H21.33.014	1	0.6808529495463	pca256	per_subclass	L5 ET
H21.33.015	0	0.5712162483430996	pca256	per_subclass	L5 ET
H21.33.016	0	0.29510713870506605	pca256	per_subclass	L5 ET
H21.33.017	1	0.7026009980133134	pca256	per_subclass	L5 ET
H21.33.018	0	0.9163691976815669	pca256	per_subclass	L5 ET
H21.33.019	0	0.6240557330247836	pca256	per_subclass	L5 ET
H21.33.022	1	0.867755611468724	pca256	per_subclass	L5 ET
H21.33.023	0	0.8138987100456833	pca256	per_subclass	L5 ET
H21.33.025	1	0.7354135366722183	pca256	per_subclass	L5 ET
H21.33.027	1	0.784367009454835	pca256	per_subclass	L5 ET
H21.33.028	0	0.4542911010369517	pca256	per_subclass	L5 ET
H21.33.029	1	0.8570311495395909	pca256	per_subclass	L5 ET
H21.33.030	1	0.6670763403577059	pca256	per_subclass	L5 ET
H21.33.031	1	0.8164754962651901	pca256	per_subclass	L5 ET
H21.33.032	0	0.5333096447256639	pca256	per_subclass	L5 ET
H21.33.033	1	0.8135819413666077	pca256	per_subclass	L5 ET
H21.33.035	1	0.8738734939168353	pca256	per_subclass	L5 ET
H21.33.036	1	0.65528303803209	pca256	per_subclass	L5 ET
H21.33.038	0	0.31519956084953615	pca256	per_subclass	L5 ET
H21.33.039	1	0.939670820734	pca256	per_subclass	L5 ET
H21.33.040	1	0.899764426062504	pca256	per_subclass	L5 ET
H21.33.041	0	0.9138704074381959	pca256	per_subclass	L5 ET
H21.33.042	1	0.7639707168494648	pca256	per_subclass	L5 ET
H21.33.043	0	0.8082334544640524	pca256	per_subclass	L5 ET
H21.33.044	1	0.6690663599587918	pca256	per_subclass	L5 ET
H21.33.046	1	0.9013084411447249	pca256	per_subclass	L5 ET
H19.33.004	0	0.9058598698432705	pca256	per_subclass	L5 IT
H20.33.001	0	0.46442041509147225	pca256	per_subclass	L5 IT
H20.33.002	0	0.7163481417440248	pca256	per_subclass	L5 IT
H20.33.004	1	0.6087697682124004	pca256	per_subclass	L5 IT
H20.33.005	1	0.7515168665059984	pca256	per_subclass	L5 IT
H20.33.008	1	0.45399040673728275	pca256	per_subclass	L5 IT
H20.33.011	1	0.653739598224899	pca256	per_subclass	L5 IT
H20.33.012	0	0.6677648799637893	pca256	per_subclass	L5 IT
H20.33.013	1	0.7072170608454582	pca256	per_subclass	L5 IT
H20.33.014	1	0.37855580666967537	pca256	per_subclass	L5 IT
H20.33.015	1	0.8407921154898513	pca256	per_subclass	L5 IT
H20.33.016	1	0.7760267541326602	pca256	per_subclass	L5 IT
H20.33.017	1	0.8925575274032594	pca256	per_subclass	L5 IT
H20.33.018	1	0.9621904991963184	pca256	per_subclass	L5 IT
H20.33.019	1	0.7336922206468499	pca256	per_subclass	L5 IT
H20.33.020	1	0.9596960789346873	pca256	per_subclass	L5 IT
H20.33.024	1	0.8134654826970056	pca256	per_subclass	L5 IT
H20.33.025	1	0.35097370276334783	pca256	per_subclass	L5 IT
H20.33.026	1	0.9347126458864295	pca256	per_subclass	L5 IT
H20.33.027	1	0.824195478355876	pca256	per_subclass	L5 IT
H20.33.028	1	0.9754662396445462	pca256	per_subclass	L5 IT
H20.33.029	1	0.6777943333949379	pca256	per_subclass	L5 IT
H20.33.030	1	0.8343953727142303	pca256	per_subclass	L5 IT
H20.33.031	1	0.7342105095193266	pca256	per_subclass	L5 IT
H20.33.032	1	0.6083408547479631	pca256	per_subclass	L5 IT
H20.33.033	1	0.9844349588638094	pca256	per_subclass	L5 IT
H20.33.034	1	0.6112419986919619	pca256	per_subclass	L5 IT
H20.33.035	0	0.9481855443837188	pca256	per_subclass	L5 IT
H20.33.036	1	0.9103068564310437	pca256	per_subclass	L5 IT
H20.33.037	1	0.9722621749852074	pca256	per_subclass	L5 IT
H20.33.038	1	0.9738882072031755	pca256	per_subclass	L5 IT
H20.33.039	1	0.5580927362940056	pca256	per_subclass	L5 IT
H20.33.040	1	0.8288505202227361	pca256	per_subclass	L5 IT
H20.33.041	1	0.5557211053185951	pca256	per_subclass	L5 IT
H20.33.043	1	0.39524381835565103	pca256	per_subclass	L5 IT
H20.33.044	0	0.6586563071552028	pca256	per_subclass	L5 IT
H20.33.045	1	0.9650607435260167	pca256	per_subclass	L5 IT
H20.33.046	1	0.8627370759943028	pca256	per_subclass	L5 IT
H21.33.001	0	0.886909424753553	pca256	per_subclass	L5 IT
H21.33.002	1	0.9272926202086345	pca256	per_subclass	L5 IT
H21.33.003	0	0.6007850948086848	pca256	per_subclass	L5 IT
H21.33.004	0	0.5593716326014359	pca256	per_subclass	L5 IT
H21.33.005	1	0.668378959289953	pca256	per_subclass	L5 IT
H21.33.006	1	0.5908684479870596	pca256	per_subclass	L5 IT
H21.33.007	1	0.7595911998046252	pca256	per_subclass	L5 IT
H21.33.008	1	0.8788321305425887	pca256	per_subclass	L5 IT
H21.33.009	1	0.9729703040624942	pca256	per_subclass	L5 IT
H21.33.010	1	0.8900812225544907	pca256	per_subclass	L5 IT
H21.33.011	0	0.5746314975226448	pca256	per_subclass	L5 IT
H21.33.012	1	0.6142759345973393	pca256	per_subclass	L5 IT
H21.33.013	1	0.9391252175003487	pca256	per_subclass	L5 IT
H21.33.014	1	0.7968169334199604	pca256	per_subclass	L5 IT
H21.33.015	0	0.5710345092527734	pca256	per_subclass	L5 IT
H21.33.016	0	0.6507312825103435	pca256	per_subclass	L5 IT
H21.33.017	1	0.7133170266134077	pca256	per_subclass	L5 IT
H21.33.018	0	0.8755784741104687	pca256	per_subclass	L5 IT
H21.33.019	0	0.4547927375659393	pca256	per_subclass	L5 IT
H21.33.020	1	0.9774540598575531	pca256	per_subclass	L5 IT
H21.33.021	1	0.8450961774340495	pca256	per_subclass	L5 IT
H21.33.022	1	0.7894301402656211	pca256	per_subclass	L5 IT
H21.33.023	0	0.7857572594702227	pca256	per_subclass	L5 IT
H21.33.025	1	0.8412972439039876	pca256	per_subclass	L5 IT
H21.33.026	1	0.6336135417169908	pca256	per_subclass	L5 IT
H21.33.027	1	0.6508546364378152	pca256	per_subclass	L5 IT
H21.33.028	0	0.5992321573087056	pca256	per_subclass	L5 IT
H21.33.029	1	0.8873247678370451	pca256	per_subclass	L5 IT
H21.33.030	1	0.779148851760912	pca256	per_subclass	L5 IT
H21.33.031	1	0.8370152786856003	pca256	per_subclass	L5 IT
H21.33.032	0	0.803065338757374	pca256	per_subclass	L5 IT
H21.33.033	1	0.8771769587232778	pca256	per_subclass	L5 IT
H21.33.034	1	0.9620436461706431	pca256	per_subclass	L5 IT
H21.33.035	1	0.8408924770714108	pca256	per_subclass	L5 IT
H21.33.036	1	0.8059613905458459	pca256	per_subclass	L5 IT
H21.33.037	0	0.7316435783742705	pca256	per_subclass	L5 IT
H21.33.038	0	0.5661557243258619	pca256	per_subclass	L5 IT
H21.33.039	1	0.8346987597957961	pca256	per_subclass	L5 IT
H21.33.040	1	0.8714734055637537	pca256	per_subclass	L5 IT
H21.33.041	0	0.6154056731441193	pca256	per_subclass	L5 IT
H21.33.042	1	0.6193907742118219	pca256	per_subclass	L5 IT
H21.33.043	0	0.9037828020686515	pca256	per_subclass	L5 IT
H21.33.044	1	0.8676777993340398	pca256	per_subclass	L5 IT
H21.33.045	1	0.9585051687743451	pca256	per_subclass	L5 IT
H21.33.046	1	0.9056452377422552	pca256	per_subclass	L5 IT
H21.33.047	1	0.8640892314321953	pca256	per_subclass	L5 IT
H19.33.004	0	0.9531846970128246	pca256	per_subclass	L5/6 NP
H20.33.001	0	0.8581783639946237	pca256	per_subclass	L5/6 NP
H20.33.002	0	0.721386652008365	pca256	per_subclass	L5/6 NP
H20.33.004	1	0.6556036650055946	pca256	per_subclass	L5/6 NP
H20.33.005	1	0.8214932684142457	pca256	per_subclass	L5/6 NP
H20.33.008	1	0.7156686276277647	pca256	per_subclass	L5/6 NP
H20.33.011	1	0.6873789593667335	pca256	per_subclass	L5/6 NP
H20.33.012	0	0.7516605993511443	pca256	per_subclass	L5/6 NP
H20.33.013	1	0.6314284813902298	pca256	per_subclass	L5/6 NP
H20.33.014	1	0.6457470289241415	pca256	per_subclass	L5/6 NP
H20.33.015	1	0.635778619944243	pca256	per_subclass	L5/6 NP
H20.33.016	1	0.8408069341495791	pca256	per_subclass	L5/6 NP
H20.33.017	1	0.8460298690981082	pca256	per_subclass	L5/6 NP
H20.33.018	1	0.9558751306467765	pca256	per_subclass	L5/6 NP
H20.33.019	1	0.5469842911083859	pca256	per_subclass	L5/6 NP
H20.33.020	1	0.9216061356450824	pca256	per_subclass	L5/6 NP
H20.33.024	1	0.55586221143477	pca256	per_subclass	L5/6 NP
H20.33.025	1	0.574319885174411	pca256	per_subclass	L5/6 NP
H20.33.026	1	0.8204958460742814	pca256	per_subclass	L5/6 NP
H20.33.027	1	0.6522612739326806	pca256	per_subclass	L5/6 NP
H20.33.028	1	0.9921310243994377	pca256	per_subclass	L5/6 NP
H20.33.029	1	0.6756217434648071	pca256	per_subclass	L5/6 NP
H20.33.030	1	0.7822273365202452	pca256	per_subclass	L5/6 NP
H20.33.031	1	0.6084252622093441	pca256	per_subclass	L5/6 NP
H20.33.032	1	0.5173532458461093	pca256	per_subclass	L5/6 NP
H20.33.033	1	0.9847460379181093	pca256	per_subclass	L5/6 NP
H20.33.034	1	0.6947678857767571	pca256	per_subclass	L5/6 NP
H20.33.035	0	0.8408777916899798	pca256	per_subclass	L5/6 NP
H20.33.036	1	0.9158202909161635	pca256	per_subclass	L5/6 NP
H20.33.037	1	0.9914473051314229	pca256	per_subclass	L5/6 NP
H20.33.039	1	0.6607735672331667	pca256	per_subclass	L5/6 NP
H20.33.040	1	0.7637755521497802	pca256	per_subclass	L5/6 NP
H20.33.041	1	0.47826297324148015	pca256	per_subclass	L5/6 NP
H20.33.043	1	0.41643602678645947	pca256	per_subclass	L5/6 NP
H20.33.044	0	0.6542037487523533	pca256	per_subclass	L5/6 NP
H20.33.045	1	0.9616188294497018	pca256	per_subclass	L5/6 NP
H20.33.046	1	0.8826442976722383	pca256	per_subclass	L5/6 NP
H21.33.001	0	0.7976347201583235	pca256	per_subclass	L5/6 NP
H21.33.002	1	0.9487919429940812	pca256	per_subclass	L5/6 NP
H21.33.003	0	0.5377912047377603	pca256	per_subclass	L5/6 NP
H21.33.004	0	0.4684982539453465	pca256	per_subclass	L5/6 NP
H21.33.005	1	0.8613570126045278	pca256	per_subclass	L5/6 NP
H21.33.006	1	0.6963420756890732	pca256	per_subclass	L5/6 NP
H21.33.007	1	0.919503593793317	pca256	per_subclass	L5/6 NP
H21.33.008	1	0.9698073136479058	pca256	per_subclass	L5/6 NP
H21.33.009	1	0.9618781441895143	pca256	per_subclass	L5/6 NP
H21.33.010	1	0.9467782939934496	pca256	per_subclass	L5/6 NP
H21.33.011	0	0.6435622123289765	pca256	per_subclass	L5/6 NP
H21.33.012	1	0.5283121581353297	pca256	per_subclass	L5/6 NP
H21.33.013	1	0.908181942224186	pca256	per_subclass	L5/6 NP
H21.33.014	1	0.47333953406954093	pca256	per_subclass	L5/6 NP
H21.33.015	0	0.8037539656858577	pca256	per_subclass	L5/6 NP
H21.33.016	0	0.6647276493038319	pca256	per_subclass	L5/6 NP
H21.33.017	1	0.8857193055747082	pca256	per_subclass	L5/6 NP
H21.33.018	0	0.8788404570848254	pca256	per_subclass	L5/6 NP
H21.33.019	0	0.714393818706625	pca256	per_subclass	L5/6 NP
H21.33.021	1	0.9001627969381254	pca256	per_subclass	L5/6 NP
H21.33.022	1	0.8254665483524499	pca256	per_subclass	L5/6 NP
H21.33.023	0	0.7515076605598999	pca256	per_subclass	L5/6 NP
H21.33.025	1	0.8593342532903272	pca256	per_subclass	L5/6 NP
H21.33.026	1	0.67952995719606	pca256	per_subclass	L5/6 NP
H21.33.027	1	0.7080010618254625	pca256	per_subclass	L5/6 NP
H21.33.028	0	0.8079964992520592	pca256	per_subclass	L5/6 NP
H21.33.029	1	0.7520208794412412	pca256	per_subclass	L5/6 NP
H21.33.030	1	0.560196890608568	pca256	per_subclass	L5/6 NP
H21.33.031	1	0.5678997040850028	pca256	per_subclass	L5/6 NP
H21.33.032	0	0.6695912401355202	pca256	per_subclass	L5/6 NP
H21.33.033	1	0.852630430303576	pca256	per_subclass	L5/6 NP
H21.33.034	1	0.9616383272990523	pca256	per_subclass	L5/6 NP
H21.33.035	1	0.8671183287357346	pca256	per_subclass	L5/6 NP
H21.33.036	1	0.590243178874894	pca256	per_subclass	L5/6 NP
H21.33.037	0	0.6698379602468285	pca256	per_subclass	L5/6 NP
H21.33.038	0	0.7291523813569112	pca256	per_subclass	L5/6 NP
H21.33.039	1	0.8957988927619654	pca256	per_subclass	L5/6 NP
H21.33.040	1	0.7878942648074584	pca256	per_subclass	L5/6 NP
H21.33.041	0	0.6159738708790542	pca256	per_subclass	L5/6 NP
H21.33.042	1	0.643962663782552	pca256	per_subclass	L5/6 NP
H21.33.043	0	0.8525339090537315	pca256	per_subclass	L5/6 NP
H21.33.044	1	0.9066932779819533	pca256	per_subclass	L5/6 NP
H21.33.045	1	0.9791592449771486	pca256	per_subclass	L5/6 NP
H21.33.046	1	0.8912470253874977	pca256	per_subclass	L5/6 NP
H21.33.047	1	0.5232905244987351	pca256	per_subclass	L5/6 NP
H19.33.004	0	0.9727784892028863	pca256	per_subclass	L6 CT
H20.33.001	0	0.6543749966553729	pca256	per_subclass	L6 CT
H20.33.002	0	0.7440425788634267	pca256	per_subclass	L6 CT
H20.33.004	1	0.6086786367056927	pca256	per_subclass	L6 CT
H20.33.005	1	0.7767316468318415	pca256	per_subclass	L6 CT
H20.33.008	1	0.64895973344379	pca256	per_subclass	L6 CT
H20.33.011	1	0.7338895336307523	pca256	per_subclass	L6 CT
H20.33.012	0	0.568751119617696	pca256	per_subclass	L6 CT
H20.33.013	1	0.6108369993845477	pca256	per_subclass	L6 CT
H20.33.014	1	0.6916404855371499	pca256	per_subclass	L6 CT
H20.33.015	1	0.9401113469818654	pca256	per_subclass	L6 CT
H20.33.016	1	0.7112115285386527	pca256	per_subclass	L6 CT
H20.33.017	1	0.8864438913253301	pca256	per_subclass	L6 CT
H20.33.018	1	0.9620795514803777	pca256	per_subclass	L6 CT
H20.33.019	1	0.6887644538366728	pca256	per_subclass	L6 CT
H20.33.020	1	0.8993439962189985	pca256	per_subclass	L6 CT
H20.33.024	1	0.7390208212627346	pca256	per_subclass	L6 CT
H20.33.025	1	0.5494912902545371	pca256	per_subclass	L6 CT
H20.33.026	1	0.9568032810884468	pca256	per_subclass	L6 CT
H20.33.027	1	0.698863678673132	pca256	per_subclass	L6 CT
H20.33.028	1	0.8977660914596767	pca256	per_subclass	L6 CT
H20.33.029	1	0.72100014129347	pca256	per_subclass	L6 CT
H20.33.030	1	0.8063117220758246	pca256	per_subclass	L6 CT
H20.33.031	1	0.5802512463836662	pca256	per_subclass	L6 CT
H20.33.032	1	0.6283238889387996	pca256	per_subclass	L6 CT
H20.33.033	1	0.9722225299134877	pca256	per_subclass	L6 CT
H20.33.034	1	0.765888536521049	pca256	per_subclass	L6 CT
H20.33.035	0	0.8467254486864011	pca256	per_subclass	L6 CT
H20.33.036	1	0.9772883527262343	pca256	per_subclass	L6 CT
H20.33.037	1	0.9733367107786597	pca256	per_subclass	L6 CT
H20.33.039	1	0.6231327626407352	pca256	per_subclass	L6 CT
H20.33.040	1	0.7271979229192329	pca256	per_subclass	L6 CT
H20.33.041	1	0.6302999018870492	pca256	per_subclass	L6 CT
H20.33.043	1	0.439018188355299	pca256	per_subclass	L6 CT
H20.33.044	0	0.5254089041476816	pca256	per_subclass	L6 CT
H20.33.045	1	0.9801099463331433	pca256	per_subclass	L6 CT
H20.33.046	1	0.9375357628283698	pca256	per_subclass	L6 CT
H21.33.001	0	0.8892510283649079	pca256	per_subclass	L6 CT
H21.33.002	1	0.9741761009997679	pca256	per_subclass	L6 CT
H21.33.003	0	0.6020555203626583	pca256	per_subclass	L6 CT
H21.33.004	0	0.29752893206259967	pca256	per_subclass	L6 CT
H21.33.005	1	0.7367942968154175	pca256	per_subclass	L6 CT
H21.33.006	1	0.4111720406647835	pca256	per_subclass	L6 CT
H21.33.007	1	0.933820743591054	pca256	per_subclass	L6 CT
H21.33.008	1	0.906610454820631	pca256	per_subclass	L6 CT
H21.33.009	1	0.9720710035686885	pca256	per_subclass	L6 CT
H21.33.010	1	0.9369039926449034	pca256	per_subclass	L6 CT
H21.33.011	0	0.6873142265899675	pca256	per_subclass	L6 CT
H21.33.012	1	0.796618215567109	pca256	per_subclass	L6 CT
H21.33.013	1	0.9556515420498151	pca256	per_subclass	L6 CT
H21.33.014	1	0.9090784794285819	pca256	per_subclass	L6 CT
H21.33.015	0	0.7354420517401454	pca256	per_subclass	L6 CT
H21.33.016	0	0.7910027493622408	pca256	per_subclass	L6 CT
H21.33.017	1	0.6635533020193605	pca256	per_subclass	L6 CT
H21.33.018	0	0.9355350827394148	pca256	per_subclass	L6 CT
H21.33.019	0	0.564522334477007	pca256	per_subclass	L6 CT
H21.33.021	1	0.9539617608979711	pca256	per_subclass	L6 CT
H21.33.022	1	0.7591723544471991	pca256	per_subclass	L6 CT
H21.33.023	0	0.5849850301388998	pca256	per_subclass	L6 CT
H21.33.025	1	0.568493697992974	pca256	per_subclass	L6 CT
H21.33.026	1	0.661777373167519	pca256	per_subclass	L6 CT
H21.33.027	1	0.6921768820584184	pca256	per_subclass	L6 CT
H21.33.028	0	0.7878060502614569	pca256	per_subclass	L6 CT
H21.33.029	1	0.8586930937693008	pca256	per_subclass	L6 CT
H21.33.030	1	0.7196436623494874	pca256	per_subclass	L6 CT
H21.33.031	1	0.605733449760855	pca256	per_subclass	L6 CT
H21.33.032	0	0.5538039457789891	pca256	per_subclass	L6 CT
H21.33.033	1	0.5771700529904097	pca256	per_subclass	L6 CT
H21.33.035	1	0.7807835424281359	pca256	per_subclass	L6 CT
H21.33.036	1	0.5406103643265512	pca256	per_subclass	L6 CT
H21.33.037	0	0.6674550932581034	pca256	per_subclass	L6 CT
H21.33.038	0	0.6452271032824187	pca256	per_subclass	L6 CT
H21.33.039	1	0.9449910430752787	pca256	per_subclass	L6 CT
H21.33.040	1	0.7204254308249533	pca256	per_subclass	L6 CT
H21.33.041	0	0.7642678379885732	pca256	per_subclass	L6 CT
H21.33.042	1	0.812918865396637	pca256	per_subclass	L6 CT
H21.33.043	0	0.7485502273600405	pca256	per_subclass	L6 CT
H21.33.044	1	0.7812973260359287	pca256	per_subclass	L6 CT
H21.33.045	1	0.963010947161742	pca256	per_subclass	L6 CT
H21.33.046	1	0.828416539174275	pca256	per_subclass	L6 CT
H21.33.047	1	0.7307014247755588	pca256	per_subclass	L6 CT
H19.33.004	0	0.9187727336940015	pca256	per_subclass	L6 IT
H20.33.001	0	0.2819717877862226	pca256	per_subclass	L6 IT
H20.33.002	0	0.7138151685258787	pca256	per_subclass	L6 IT
H20.33.004	1	0.6917130679561072	pca256	per_subclass	L6 IT
H20.33.005	1	0.8255677124177832	pca256	per_subclass	L6 IT
H20.33.008	1	0.6192103077797535	pca256	per_subclass	L6 IT
H20.33.011	1	0.520936488658495	pca256	per_subclass	L6 IT
H20.33.012	0	0.5790978117116059	pca256	per_subclass	L6 IT
H20.33.013	1	0.6413527731946391	pca256	per_subclass	L6 IT
H20.33.014	1	0.38156284938025864	pca256	per_subclass	L6 IT
H20.33.015	1	0.8069683476963462	pca256	per_subclass	L6 IT
H20.33.016	1	0.5993786937168208	pca256	per_subclass	L6 IT
H20.33.017	1	0.9488726311826543	pca256	per_subclass	L6 IT
H20.33.018	1	0.9766963166963911	pca256	per_subclass	L6 IT
H20.33.019	1	0.5817326146450836	pca256	per_subclass	L6 IT
H20.33.020	1	0.9132437204475243	pca256	per_subclass	L6 IT
H20.33.024	1	0.5706405769189085	pca256	per_subclass	L6 IT
H20.33.025	1	0.4256824247394147	pca256	per_subclass	L6 IT
H20.33.026	1	0.9305517368273069	pca256	per_subclass	L6 IT
H20.33.027	1	0.8106835097024643	pca256	per_subclass	L6 IT
H20.33.028	1	0.9840553829723584	pca256	per_subclass	L6 IT
H20.33.029	1	0.8958018597373391	pca256	per_subclass	L6 IT
H20.33.030	1	0.8600196708418866	pca256	per_subclass	L6 IT
H20.33.031	1	0.5167875555450452	pca256	per_subclass	L6 IT
H20.33.032	1	0.5880847594427971	pca256	per_subclass	L6 IT
H20.33.033	1	0.9765680189315518	pca256	per_subclass	L6 IT
H20.33.034	1	0.6650619153598607	pca256	per_subclass	L6 IT
H20.33.035	0	0.9320912398863157	pca256	per_subclass	L6 IT
H20.33.036	1	0.9002026508217901	pca256	per_subclass	L6 IT
H20.33.037	1	0.9843796680232255	pca256	per_subclass	L6 IT
H20.33.039	1	0.5124361626286998	pca256	per_subclass	L6 IT
H20.33.040	1	0.8563273143897293	pca256	per_subclass	L6 IT
H20.33.041	1	0.7394153080565126	pca256	per_subclass	L6 IT
H20.33.043	1	0.4100356988482942	pca256	per_subclass	L6 IT
H20.33.044	0	0.5823549092677078	pca256	per_subclass	L6 IT
H20.33.045	1	0.9756660631598818	pca256	per_subclass	L6 IT
H20.33.046	1	0.9367871632149436	pca256	per_subclass	L6 IT
H21.33.001	0	0.9333926321791373	pca256	per_subclass	L6 IT
H21.33.002	1	0.9609133683420963	pca256	per_subclass	L6 IT
H21.33.003	0	0.48060709942858865	pca256	per_subclass	L6 IT
H21.33.004	0	0.432809252561024	pca256	per_subclass	L6 IT
H21.33.005	1	0.7606941037505177	pca256	per_subclass	L6 IT
H21.33.006	1	0.6771037348956289	pca256	per_subclass	L6 IT
H21.33.007	1	0.923664623277763	pca256	per_subclass	L6 IT
H21.33.008	1	0.975201467819581	pca256	per_subclass	L6 IT
H21.33.009	1	0.9781492421718243	pca256	per_subclass	L6 IT
H21.33.010	1	0.9055110233688917	pca256	per_subclass	L6 IT
H21.33.011	0	0.6087140801931075	pca256	per_subclass	L6 IT
H21.33.012	1	0.7398619913445647	pca256	per_subclass	L6 IT
H21.33.013	1	0.9627092224015759	pca256	per_subclass	L6 IT
H21.33.014	1	0.8786504779851876	pca256	per_subclass	L6 IT
H21.33.015	0	0.5649030299790921	pca256	per_subclass	L6 IT
H21.33.016	0	0.5953806526669505	pca256	per_subclass	L6 IT
H21.33.017	1	0.6366134601204996	pca256	per_subclass	L6 IT
H21.33.018	0	0.8659526670913499	pca256	per_subclass	L6 IT
H21.33.019	0	0.5690200901133273	pca256	per_subclass	L6 IT
H21.33.021	1	0.9642583287864884	pca256	per_subclass	L6 IT
H21.33.022	1	0.785481087650607	pca256	per_subclass	L6 IT
H21.33.023	0	0.9344126002448242	pca256	per_subclass	L6 IT
H21.33.025	1	0.8012512654424544	pca256	per_subclass	L6 IT
H21.33.026	1	0.7187634364591549	pca256	per_subclass	L6 IT
H21.33.027	1	0.897550505427392	pca256	per_subclass	L6 IT
H21.33.028	0	0.37335285695870885	pca256	per_subclass	L6 IT
H21.33.029	1	0.965625472290594	pca256	per_subclass	L6 IT
H21.33.030	1	0.7582224704050411	pca256	per_subclass	L6 IT
H21.33.031	1	0.7942198333453387	pca256	per_subclass	L6 IT
H21.33.032	0	0.8199448024559054	pca256	per_subclass	L6 IT
H21.33.033	1	0.7070477945188978	pca256	per_subclass	L6 IT
H21.33.034	1	0.956765410078398	pca256	per_subclass	L6 IT
H21.33.035	1	0.8972765859526559	pca256	per_subclass	L6 IT
H21.33.036	1	0.6861343522986083	pca256	per_subclass	L6 IT
H21.33.037	0	0.6434450815546688	pca256	per_subclass	L6 IT
H21.33.038	0	0.6093746231012692	pca256	per_subclass	L6 IT
H21.33.039	1	0.9656578670680716	pca256	per_subclass	L6 IT
H21.33.040	1	0.49219991366834004	pca256	per_subclass	L6 IT
H21.33.041	0	0.5390526583337396	pca256	per_subclass	L6 IT
H21.33.042	1	0.7502856635359392	pca256	per_subclass	L6 IT
H21.33.043	0	0.9213575238278109	pca256	per_subclass	L6 IT
H21.33.044	1	0.92712367437581	pca256	per_subclass	L6 IT
H21.33.045	1	0.9705535740506022	pca256	per_subclass	L6 IT
H21.33.046	1	0.8846322666445822	pca256	per_subclass	L6 IT
H21.33.047	1	0.7189673655144465	pca256	per_subclass	L6 IT
H19.33.004	0	0.9735078574807712	pca256	per_subclass	L6 IT Car3
H20.33.001	0	0.6074001702609616	pca256	per_subclass	L6 IT Car3
H20.33.002	0	0.7876114866780185	pca256	per_subclass	L6 IT Car3
H20.33.004	1	0.48762585771750955	pca256	per_subclass	L6 IT Car3
H20.33.005	1	0.8906783857028323	pca256	per_subclass	L6 IT Car3
H20.33.008	1	0.38868942665832185	pca256	per_subclass	L6 IT Car3
H20.33.011	1	0.5226773899403667	pca256	per_subclass	L6 IT Car3
H20.33.012	0	0.8349229023335795	pca256	per_subclass	L6 IT Car3
H20.33.013	1	0.6760974829378884	pca256	per_subclass	L6 IT Car3
H20.33.014	1	0.663421806535534	pca256	per_subclass	L6 IT Car3
H20.33.015	1	0.8883098887282632	pca256	per_subclass	L6 IT Car3
H20.33.016	1	0.7747063404736132	pca256	per_subclass	L6 IT Car3
H20.33.017	1	0.7820221587918297	pca256	per_subclass	L6 IT Car3
H20.33.018	1	0.9056125895594193	pca256	per_subclass	L6 IT Car3
H20.33.019	1	0.7249382527755408	pca256	per_subclass	L6 IT Car3
H20.33.020	1	0.8851475911697285	pca256	per_subclass	L6 IT Car3
H20.33.024	1	0.5103748826334161	pca256	per_subclass	L6 IT Car3
H20.33.025	1	0.5027494755478817	pca256	per_subclass	L6 IT Car3
H20.33.026	1	0.8914460486476529	pca256	per_subclass	L6 IT Car3
H20.33.027	1	0.6458711433954963	pca256	per_subclass	L6 IT Car3
H20.33.028	1	0.9178975088313772	pca256	per_subclass	L6 IT Car3
H20.33.029	1	0.7288220385558573	pca256	per_subclass	L6 IT Car3
H20.33.030	1	0.7806143473400093	pca256	per_subclass	L6 IT Car3
H20.33.031	1	0.5395441467055894	pca256	per_subclass	L6 IT Car3
H20.33.032	1	0.5606572435587389	pca256	per_subclass	L6 IT Car3
H20.33.033	1	0.9707598884176093	pca256	per_subclass	L6 IT Car3
H20.33.034	1	0.7618852492989359	pca256	per_subclass	L6 IT Car3
H20.33.035	0	0.8121702206377739	pca256	per_subclass	L6 IT Car3
H20.33.036	1	0.8477002177128407	pca256	per_subclass	L6 IT Car3
H20.33.037	1	0.9392997395757201	pca256	per_subclass	L6 IT Car3
H20.33.038	1	0.8164110795868545	pca256	per_subclass	L6 IT Car3
H20.33.039	1	0.6777315527644253	pca256	per_subclass	L6 IT Car3
H20.33.040	1	0.7702145757592147	pca256	per_subclass	L6 IT Car3
H20.33.041	1	0.7387487444615771	pca256	per_subclass	L6 IT Car3
H20.33.043	1	0.5027266086039079	pca256	per_subclass	L6 IT Car3
H20.33.044	0	0.6582964796900782	pca256	per_subclass	L6 IT Car3
H20.33.045	1	0.952668057501481	pca256	per_subclass	L6 IT Car3
H20.33.046	1	0.9046690624540699	pca256	per_subclass	L6 IT Car3
H21.33.001	0	0.9765922493680709	pca256	per_subclass	L6 IT Car3
H21.33.002	1	0.8346700246977281	pca256	per_subclass	L6 IT Car3
H21.33.003	0	0.7416127851434215	pca256	per_subclass	L6 IT Car3
H21.33.004	0	0.5765186727778787	pca256	per_subclass	L6 IT Car3
H21.33.005	1	0.671410124665775	pca256	per_subclass	L6 IT Car3
H21.33.006	1	0.5281205032782418	pca256	per_subclass	L6 IT Car3
H21.33.007	1	0.9120214389362941	pca256	per_subclass	L6 IT Car3
H21.33.008	1	0.8019157472535827	pca256	per_subclass	L6 IT Car3
H21.33.009	1	0.9360484337486621	pca256	per_subclass	L6 IT Car3
H21.33.010	1	0.8749553164186648	pca256	per_subclass	L6 IT Car3
H21.33.011	0	0.576268866481975	pca256	per_subclass	L6 IT Car3
H21.33.012	1	0.7100927737936108	pca256	per_subclass	L6 IT Car3
H21.33.013	1	0.7669664922760929	pca256	per_subclass	L6 IT Car3
H21.33.014	1	0.7837905231143509	pca256	per_subclass	L6 IT Car3
H21.33.015	0	0.6702706865037538	pca256	per_subclass	L6 IT Car3
H21.33.016	0	0.5303635220449383	pca256	per_subclass	L6 IT Car3
H21.33.017	1	0.7772380726770894	pca256	per_subclass	L6 IT Car3
H21.33.018	0	0.8023411010340571	pca256	per_subclass	L6 IT Car3
H21.33.019	0	0.6770814303481915	pca256	per_subclass	L6 IT Car3
H21.33.021	1	0.6774046706469348	pca256	per_subclass	L6 IT Car3
H21.33.022	1	0.6989248188260833	pca256	per_subclass	L6 IT Car3
H21.33.023	0	0.772672852004771	pca256	per_subclass	L6 IT Car3
H21.33.025	1	0.8293659628064841	pca256	per_subclass	L6 IT Car3
H21.33.026	1	0.49422895260142485	pca256	per_subclass	L6 IT Car3
H21.33.027	1	0.6951410009530111	pca256	per_subclass	L6 IT Car3
H21.33.028	0	0.7473585810831331	pca256	per_subclass	L6 IT Car3
H21.33.029	1	0.822819116487497	pca256	per_subclass	L6 IT Car3
H21.33.030	1	0.6395191033381156	pca256	per_subclass	L6 IT Car3
H21.33.031	1	0.7277692014024195	pca256	per_subclass	L6 IT Car3
H21.33.032	0	0.742288048957531	pca256	per_subclass	L6 IT Car3
H21.33.033	1	0.6953111343832445	pca256	per_subclass	L6 IT Car3
H21.33.034	1	0.9187816509569664	pca256	per_subclass	L6 IT Car3
H21.33.035	1	0.8701707644177995	pca256	per_subclass	L6 IT Car3
H21.33.036	1	0.788250792927053	pca256	per_subclass	L6 IT Car3
H21.33.037	0	0.8434448296604582	pca256	per_subclass	L6 IT Car3
H21.33.038	0	0.6483322408705433	pca256	per_subclass	L6 IT Car3
H21.33.039	1	0.8963681735084135	pca256	per_subclass	L6 IT Car3
H21.33.040	1	0.9072364735084081	pca256	per_subclass	L6 IT Car3
H21.33.041	0	0.7661697050428942	pca256	per_subclass	L6 IT Car3
H21.33.042	1	0.7063533014304555	pca256	per_subclass	L6 IT Car3
H21.33.043	0	0.803995255752494	pca256	per_subclass	L6 IT Car3
H21.33.044	1	0.9214474558356922	pca256	per_subclass	L6 IT Car3
H21.33.045	1	0.9546710400035652	pca256	per_subclass	L6 IT Car3
H21.33.046	1	0.7847662304553953	pca256	per_subclass	L6 IT Car3
H21.33.047	1	0.778581912224574	pca256	per_subclass	L6 IT Car3
H19.33.004	0	0.9452022841067285	pca256	per_subclass	L6b
H20.33.001	0	0.3391392145129427	pca256	per_subclass	L6b
H20.33.002	0	0.4730461801067773	pca256	per_subclass	L6b
H20.33.004	1	0.6178468889202772	pca256	per_subclass	L6b
H20.33.005	1	0.7868288210757554	pca256	per_subclass	L6b
H20.33.008	1	0.20293364816188975	pca256	per_subclass	L6b
H20.33.011	1	0.7718250835962699	pca256	per_subclass	L6b
H20.33.012	0	0.7827973126852257	pca256	per_subclass	L6b
H20.33.013	1	0.5855336166373674	pca256	per_subclass	L6b
H20.33.014	1	0.3834332636410716	pca256	per_subclass	L6b
H20.33.015	1	0.8855594815556078	pca256	per_subclass	L6b
H20.33.016	1	0.8890891427447066	pca256	per_subclass	L6b
H20.33.017	1	0.8869991115299525	pca256	per_subclass	L6b
H20.33.018	1	0.979137805329868	pca256	per_subclass	L6b
H20.33.019	1	0.6449475317336109	pca256	per_subclass	L6b
H20.33.020	1	0.9704691382278117	pca256	per_subclass	L6b
H20.33.024	1	0.6299935058217586	pca256	per_subclass	L6b
H20.33.025	1	0.6519379800701903	pca256	per_subclass	L6b
H20.33.026	1	0.975736446759198	pca256	per_subclass	L6b
H20.33.027	1	0.7829106545906034	pca256	per_subclass	L6b
H20.33.028	1	0.9632461257666727	pca256	per_subclass	L6b
H20.33.029	1	0.8163741604235606	pca256	per_subclass	L6b
H20.33.030	1	0.9410247145762611	pca256	per_subclass	L6b
H20.33.031	1	0.8674044563139984	pca256	per_subclass	L6b
H20.33.032	1	0.6880423318036042	pca256	per_subclass	L6b
H20.33.033	1	0.9957239678734311	pca256	per_subclass	L6b
H20.33.034	1	0.7968848401389884	pca256	per_subclass	L6b
H20.33.035	0	0.8315903400359437	pca256	per_subclass	L6b
H20.33.036	1	0.9264693894925976	pca256	per_subclass	L6b
H20.33.037	1	0.9935346687558289	pca256	per_subclass	L6b
H20.33.039	1	0.5879150814178994	pca256	per_subclass	L6b
H20.33.040	1	0.8223059381695185	pca256	per_subclass	L6b
H20.33.041	1	0.8688799978015853	pca256	per_subclass	L6b
H20.33.043	1	0.7720820809064455	pca256	per_subclass	L6b
H20.33.044	0	0.46918941149734994	pca256	per_subclass	L6b
H20.33.045	1	0.9904981577045568	pca256	per_subclass	L6b
H20.33.046	1	0.9855345509572547	pca256	per_subclass	L6b
H21.33.001	0	0.5904235714901412	pca256	per_subclass	L6b
H21.33.002	1	0.9723216016768557	pca256	per_subclass	L6b
H21.33.003	0	0.5339796833911453	pca256	per_subclass	L6b
H21.33.004	0	0.16440458929144652	pca256	per_subclass	L6b
H21.33.005	1	0.772849275475121	pca256	per_subclass	L6b
H21.33.006	1	0.6526737260194615	pca256	per_subclass	L6b
H21.33.007	1	0.9283684458927937	pca256	per_subclass	L6b
H21.33.008	1	0.9620672377868711	pca256	per_subclass	L6b
H21.33.009	1	0.9923565611174154	pca256	per_subclass	L6b
H21.33.010	1	0.9268507921055804	pca256	per_subclass	L6b
H21.33.011	0	0.21529672861553145	pca256	per_subclass	L6b
H21.33.012	1	0.8648205252238681	pca256	per_subclass	L6b
H21.33.013	1	0.8962095174770438	pca256	per_subclass	L6b
H21.33.014	1	0.7710155425674916	pca256	per_subclass	L6b
H21.33.015	0	0.5975745254461691	pca256	per_subclass	L6b
H21.33.016	0	0.8159294854243087	pca256	per_subclass	L6b
H21.33.017	1	0.7057137734337323	pca256	per_subclass	L6b
H21.33.018	0	0.9522412055010194	pca256	per_subclass	L6b
H21.33.019	0	0.4396759748791049	pca256	per_subclass	L6b
H21.33.021	1	0.8531341785429346	pca256	per_subclass	L6b
H21.33.022	1	0.9359889139332648	pca256	per_subclass	L6b
H21.33.023	0	0.4298802510842544	pca256	per_subclass	L6b
H21.33.025	1	0.86286045442806	pca256	per_subclass	L6b
H21.33.026	1	0.7849093359129033	pca256	per_subclass	L6b
H21.33.027	1	0.7755232981583016	pca256	per_subclass	L6b
H21.33.028	0	0.7884889991618642	pca256	per_subclass	L6b
H21.33.029	1	0.9434127056732923	pca256	per_subclass	L6b
H21.33.030	1	0.8114671637987143	pca256	per_subclass	L6b
H21.33.031	1	0.8902084395607007	pca256	per_subclass	L6b
H21.33.032	0	0.6986563341610278	pca256	per_subclass	L6b
H21.33.033	1	0.6992394264981556	pca256	per_subclass	L6b
H21.33.034	1	0.9870891130105006	pca256	per_subclass	L6b
H21.33.035	1	0.8702755761292632	pca256	per_subclass	L6b
H21.33.036	1	0.8166399853588132	pca256	per_subclass	L6b
H21.33.037	0	0.40965070738724724	pca256	per_subclass	L6b
H21.33.038	0	0.6594266441413936	pca256	per_subclass	L6b
H21.33.039	1	0.9225996316659282	pca256	per_subclass	L6b
H21.33.040	1	0.7638385466474777	pca256	per_subclass	L6b
H21.33.041	0	0.5964952909461816	pca256	per_subclass	L6b
H21.33.042	1	0.6739603389367714	pca256	per_subclass	L6b
H21.33.043	0	0.9691206091092759	pca256	per_subclass	L6b
H21.33.044	1	0.5108885463764625	pca256	per_subclass	L6b
H21.33.045	1	0.992757955997193	pca256	per_subclass	L6b
H21.33.046	1	0.9391950591294149	pca256	per_subclass	L6b
H21.33.047	1	0.7793665290700712	pca256	per_subclass	L6b
H19.33.004	0	0.8760140868949169	pca256	per_subclass	Lamp5
H20.33.001	0	0.9586160004657289	pca256	per_subclass	Lamp5
H20.33.002	0	0.560546883555638	pca256	per_subclass	Lamp5
H20.33.004	1	0.8467172349637915	pca256	per_subclass	Lamp5
H20.33.005	1	0.878155430363881	pca256	per_subclass	Lamp5
H20.33.008	1	0.8979616999653312	pca256	per_subclass	Lamp5
H20.33.011	1	0.6573246567840559	pca256	per_subclass	Lamp5
H20.33.012	0	0.7974252367533574	pca256	per_subclass	Lamp5
H20.33.013	1	0.6191862972834101	pca256	per_subclass	Lamp5
H20.33.014	1	0.7740497817664164	pca256	per_subclass	Lamp5
H20.33.015	1	0.7971406815550749	pca256	per_subclass	Lamp5
H20.33.016	1	0.9064909787587858	pca256	per_subclass	Lamp5
H20.33.017	1	0.9438159737452517	pca256	per_subclass	Lamp5
H20.33.018	1	0.9227196378980052	pca256	per_subclass	Lamp5
H20.33.019	1	0.7899338510598636	pca256	per_subclass	Lamp5
H20.33.020	1	0.8181288104914384	pca256	per_subclass	Lamp5
H20.33.024	1	0.326083742241292	pca256	per_subclass	Lamp5
H20.33.025	1	0.5996020643093724	pca256	per_subclass	Lamp5
H20.33.026	1	0.3787092076989627	pca256	per_subclass	Lamp5
H20.33.027	1	0.6555726760184509	pca256	per_subclass	Lamp5
H20.33.028	1	0.9677007531695978	pca256	per_subclass	Lamp5
H20.33.029	1	0.9039624389971752	pca256	per_subclass	Lamp5
H20.33.030	1	0.6270780104514136	pca256	per_subclass	Lamp5
H20.33.031	1	0.5394123348136081	pca256	per_subclass	Lamp5
H20.33.032	1	0.645809079003615	pca256	per_subclass	Lamp5
H20.33.033	1	0.9139194474906706	pca256	per_subclass	Lamp5
H20.33.034	1	0.4078234377300479	pca256	per_subclass	Lamp5
H20.33.035	0	0.8601784994117635	pca256	per_subclass	Lamp5
H20.33.036	1	0.9831462344407369	pca256	per_subclass	Lamp5
H20.33.037	1	0.9606034984634526	pca256	per_subclass	Lamp5
H20.33.038	1	0.9538003794541925	pca256	per_subclass	Lamp5
H20.33.039	1	0.5902343295506772	pca256	per_subclass	Lamp5
H20.33.040	1	0.858012564391388	pca256	per_subclass	Lamp5
H20.33.041	1	0.7676592674445217	pca256	per_subclass	Lamp5
H20.33.043	1	0.33907607811121654	pca256	per_subclass	Lamp5
H20.33.044	0	0.6446948724242688	pca256	per_subclass	Lamp5
H20.33.045	1	0.8669530189259834	pca256	per_subclass	Lamp5
H20.33.046	1	0.8968754547085774	pca256	per_subclass	Lamp5
H21.33.001	0	0.5248337543434497	pca256	per_subclass	Lamp5
H21.33.002	1	0.7906255479587315	pca256	per_subclass	Lamp5
H21.33.003	0	0.6723784093043899	pca256	per_subclass	Lamp5
H21.33.004	0	0.6127305932335773	pca256	per_subclass	Lamp5
H21.33.005	1	0.8880529037892364	pca256	per_subclass	Lamp5
H21.33.006	1	0.703490886209809	pca256	per_subclass	Lamp5
H21.33.007	1	0.7795469762162963	pca256	per_subclass	Lamp5
H21.33.008	1	0.6605270391613225	pca256	per_subclass	Lamp5
H21.33.009	1	0.9164678050260185	pca256	per_subclass	Lamp5
H21.33.010	1	0.9148305693361245	pca256	per_subclass	Lamp5
H21.33.011	0	0.5682608406483616	pca256	per_subclass	Lamp5
H21.33.012	1	0.5517689797290524	pca256	per_subclass	Lamp5
H21.33.013	1	0.8895701779878691	pca256	per_subclass	Lamp5
H21.33.014	1	0.24774748757999415	pca256	per_subclass	Lamp5
H21.33.015	0	0.45610214471964855	pca256	per_subclass	Lamp5
H21.33.016	0	0.7018085681141082	pca256	per_subclass	Lamp5
H21.33.017	1	0.9241780230774242	pca256	per_subclass	Lamp5
H21.33.018	0	0.7677989526661526	pca256	per_subclass	Lamp5
H21.33.019	0	0.808061597252306	pca256	per_subclass	Lamp5
H21.33.021	1	0.8538833646301265	pca256	per_subclass	Lamp5
H21.33.022	1	0.7533200374140234	pca256	per_subclass	Lamp5
H21.33.023	0	0.6566262295724551	pca256	per_subclass	Lamp5
H21.33.025	1	0.8445411266423285	pca256	per_subclass	Lamp5
H21.33.026	1	0.8480635586225095	pca256	per_subclass	Lamp5
H21.33.027	1	0.6439636597451107	pca256	per_subclass	Lamp5
H21.33.028	0	0.9237432398753631	pca256	per_subclass	Lamp5
H21.33.029	1	0.9147007617008518	pca256	per_subclass	Lamp5
H21.33.030	1	0.6824103092123871	pca256	per_subclass	Lamp5
H21.33.031	1	0.6328931177338875	pca256	per_subclass	Lamp5
H21.33.032	0	0.6398955381462587	pca256	per_subclass	Lamp5
H21.33.033	1	0.9336282322344518	pca256	per_subclass	Lamp5
H21.33.034	1	0.9685788107722754	pca256	per_subclass	Lamp5
H21.33.035	1	0.8204489535839287	pca256	per_subclass	Lamp5
H21.33.036	1	0.8557713479922896	pca256	per_subclass	Lamp5
H21.33.037	0	0.5555603103596973	pca256	per_subclass	Lamp5
H21.33.038	0	0.953516144483638	pca256	per_subclass	Lamp5
H21.33.039	1	0.9295927902244333	pca256	per_subclass	Lamp5
H21.33.040	1	0.9556715926798189	pca256	per_subclass	Lamp5
H21.33.041	0	0.8187494673225689	pca256	per_subclass	Lamp5
H21.33.042	1	0.8425353880379222	pca256	per_subclass	Lamp5
H21.33.043	0	0.8180737752773043	pca256	per_subclass	Lamp5
H21.33.044	1	0.86212689360746	pca256	per_subclass	Lamp5
H21.33.045	1	0.8770931032885914	pca256	per_subclass	Lamp5
H21.33.046	1	0.8928899904660261	pca256	per_subclass	Lamp5
H21.33.047	1	0.21762940238894157	pca256	per_subclass	Lamp5
H19.33.004	0	0.8985434937224939	pca256	per_subclass	Lamp5 Lhx6
H20.33.001	0	0.8460317481137567	pca256	per_subclass	Lamp5 Lhx6
H20.33.002	0	0.6422975656017957	pca256	per_subclass	Lamp5 Lhx6
H20.33.004	1	0.7210292271616678	pca256	per_subclass	Lamp5 Lhx6
H20.33.005	1	0.8722468809627222	pca256	per_subclass	Lamp5 Lhx6
H20.33.008	1	0.8972913613600599	pca256	per_subclass	Lamp5 Lhx6
H20.33.011	1	0.7019942911472548	pca256	per_subclass	Lamp5 Lhx6
H20.33.012	0	0.8326091101780436	pca256	per_subclass	Lamp5 Lhx6
H20.33.013	1	0.5462595128387852	pca256	per_subclass	Lamp5 Lhx6
H20.33.014	1	0.6085241887987297	pca256	per_subclass	Lamp5 Lhx6
H20.33.015	1	0.9021474500451075	pca256	per_subclass	Lamp5 Lhx6
H20.33.016	1	0.7934083197630883	pca256	per_subclass	Lamp5 Lhx6
H20.33.017	1	0.8541941984035404	pca256	per_subclass	Lamp5 Lhx6
H20.33.018	1	0.8948763166336816	pca256	per_subclass	Lamp5 Lhx6
H20.33.019	1	0.7447578572636929	pca256	per_subclass	Lamp5 Lhx6
H20.33.020	1	0.9053457476558711	pca256	per_subclass	Lamp5 Lhx6
H20.33.024	1	0.6991865558226069	pca256	per_subclass	Lamp5 Lhx6
H20.33.025	1	0.44211489966944156	pca256	per_subclass	Lamp5 Lhx6
H20.33.026	1	0.8787916744030355	pca256	per_subclass	Lamp5 Lhx6
H20.33.027	1	0.5156575394733274	pca256	per_subclass	Lamp5 Lhx6
H20.33.028	1	0.9480162622651859	pca256	per_subclass	Lamp5 Lhx6
H20.33.029	1	0.6607975727407375	pca256	per_subclass	Lamp5 Lhx6
H20.33.030	1	0.7475843900368755	pca256	per_subclass	Lamp5 Lhx6
H20.33.031	1	0.4371579425071667	pca256	per_subclass	Lamp5 Lhx6
H20.33.032	1	0.7017381709714401	pca256	per_subclass	Lamp5 Lhx6
H20.33.033	1	0.9535973837095456	pca256	per_subclass	Lamp5 Lhx6
H20.33.034	1	0.6702851536915606	pca256	per_subclass	Lamp5 Lhx6
H20.33.035	0	0.9266458120233743	pca256	per_subclass	Lamp5 Lhx6
H20.33.036	1	0.8719797224007759	pca256	per_subclass	Lamp5 Lhx6
H20.33.037	1	0.9534977846634851	pca256	per_subclass	Lamp5 Lhx6
H20.33.039	1	0.7060452312108543	pca256	per_subclass	Lamp5 Lhx6
H20.33.040	1	0.7737743764332041	pca256	per_subclass	Lamp5 Lhx6
H20.33.041	1	0.6251779600783024	pca256	per_subclass	Lamp5 Lhx6
H20.33.043	1	0.591851900804828	pca256	per_subclass	Lamp5 Lhx6
H20.33.044	0	0.6763166653677712	pca256	per_subclass	Lamp5 Lhx6
H20.33.045	1	0.8915243652606911	pca256	per_subclass	Lamp5 Lhx6
H20.33.046	1	0.861297013417955	pca256	per_subclass	Lamp5 Lhx6
H21.33.001	0	0.8317133643672074	pca256	per_subclass	Lamp5 Lhx6
H21.33.002	1	0.7403186175364124	pca256	per_subclass	Lamp5 Lhx6
H21.33.003	0	0.8445885498271872	pca256	per_subclass	Lamp5 Lhx6
H21.33.004	0	0.6948366553299383	pca256	per_subclass	Lamp5 Lhx6
H21.33.005	1	0.8445869008833983	pca256	per_subclass	Lamp5 Lhx6
H21.33.006	1	0.6028530985021714	pca256	per_subclass	Lamp5 Lhx6
H21.33.007	1	0.8497748669061005	pca256	per_subclass	Lamp5 Lhx6
H21.33.008	1	0.8675928259546974	pca256	per_subclass	Lamp5 Lhx6
H21.33.009	1	0.8634925096534714	pca256	per_subclass	Lamp5 Lhx6
H21.33.010	1	0.8946420178016794	pca256	per_subclass	Lamp5 Lhx6
H21.33.011	0	0.79533557277302	pca256	per_subclass	Lamp5 Lhx6
H21.33.012	1	0.6567518897369907	pca256	per_subclass	Lamp5 Lhx6
H21.33.013	1	0.770028419807442	pca256	per_subclass	Lamp5 Lhx6
H21.33.014	1	0.4977397504089785	pca256	per_subclass	Lamp5 Lhx6
H21.33.015	0	0.6138045763210455	pca256	per_subclass	Lamp5 Lhx6
H21.33.016	0	0.6997613470951782	pca256	per_subclass	Lamp5 Lhx6
H21.33.017	1	0.8994532416399543	pca256	per_subclass	Lamp5 Lhx6
H21.33.018	0	0.9389439448419947	pca256	per_subclass	Lamp5 Lhx6
H21.33.019	0	0.7028772996680073	pca256	per_subclass	Lamp5 Lhx6
H21.33.021	1	0.8544318283103797	pca256	per_subclass	Lamp5 Lhx6
H21.33.022	1	0.8113817081686545	pca256	per_subclass	Lamp5 Lhx6
H21.33.023	0	0.7011047083322983	pca256	per_subclass	Lamp5 Lhx6
H21.33.025	1	0.8372604430105153	pca256	per_subclass	Lamp5 Lhx6
H21.33.026	1	0.7510006711318624	pca256	per_subclass	Lamp5 Lhx6
H21.33.027	1	0.480399595509871	pca256	per_subclass	Lamp5 Lhx6
H21.33.028	0	0.7889265058790506	pca256	per_subclass	Lamp5 Lhx6
H21.33.029	1	0.829953996502593	pca256	per_subclass	Lamp5 Lhx6
H21.33.030	1	0.536540514021169	pca256	per_subclass	Lamp5 Lhx6
H21.33.031	1	0.7252933171152834	pca256	per_subclass	Lamp5 Lhx6
H21.33.032	0	0.6095895396715052	pca256	per_subclass	Lamp5 Lhx6
H21.33.033	1	0.794422315300949	pca256	per_subclass	Lamp5 Lhx6
H21.33.034	1	0.9361047897718315	pca256	per_subclass	Lamp5 Lhx6
H21.33.035	1	0.642028204546104	pca256	per_subclass	Lamp5 Lhx6
H21.33.036	1	0.7387273821897088	pca256	per_subclass	Lamp5 Lhx6
H21.33.037	0	0.5310189416908582	pca256	per_subclass	Lamp5 Lhx6
H21.33.038	0	0.8675994850602902	pca256	per_subclass	Lamp5 Lhx6
H21.33.039	1	0.8689575393876019	pca256	per_subclass	Lamp5 Lhx6
H21.33.040	1	0.8966939983426719	pca256	per_subclass	Lamp5 Lhx6
H21.33.041	0	0.7762860874510726	pca256	per_subclass	Lamp5 Lhx6
H21.33.042	1	0.707311242783898	pca256	per_subclass	Lamp5 Lhx6
H21.33.043	0	0.8299386803842781	pca256	per_subclass	Lamp5 Lhx6
H21.33.044	1	0.7092221168851063	pca256	per_subclass	Lamp5 Lhx6
H21.33.045	1	0.921924217956658	pca256	per_subclass	Lamp5 Lhx6
H21.33.046	1	0.8003777583381488	pca256	per_subclass	Lamp5 Lhx6
H21.33.047	1	0.5267470598228482	pca256	per_subclass	Lamp5 Lhx6
H19.33.004	0	0.9667892078538423	pca256	per_subclass	OPC
H20.33.001	0	0.6641385354540241	pca256	per_subclass	OPC
H20.33.002	0	0.9116633830525223	pca256	per_subclass	OPC
H20.33.004	1	0.588987098647357	pca256	per_subclass	OPC
H20.33.005	1	0.8949105656787143	pca256	per_subclass	OPC
H20.33.008	1	0.7660964245535397	pca256	per_subclass	OPC
H20.33.011	1	0.5483117443202514	pca256	per_subclass	OPC
H20.33.012	0	0.8111598531462425	pca256	per_subclass	OPC
H20.33.013	1	0.7105744707133856	pca256	per_subclass	OPC
H20.33.014	1	0.5651653164401218	pca256	per_subclass	OPC
H20.33.015	1	0.9461286785897698	pca256	per_subclass	OPC
H20.33.016	1	0.7431595039148597	pca256	per_subclass	OPC
H20.33.017	1	0.9198670895767744	pca256	per_subclass	OPC
H20.33.018	1	0.9289319006063133	pca256	per_subclass	OPC
H20.33.019	1	0.7353170425191288	pca256	per_subclass	OPC
H20.33.020	1	0.936089973389348	pca256	per_subclass	OPC
H20.33.024	1	0.42470387533891313	pca256	per_subclass	OPC
H20.33.025	1	0.7950856200140552	pca256	per_subclass	OPC
H20.33.026	1	0.9137628914674224	pca256	per_subclass	OPC
H20.33.027	1	0.6074956818562118	pca256	per_subclass	OPC
H20.33.028	1	0.8447358768076679	pca256	per_subclass	OPC
H20.33.029	1	0.7340103573157553	pca256	per_subclass	OPC
H20.33.030	1	0.7835324032199363	pca256	per_subclass	OPC
H20.33.031	1	0.43072877660413766	pca256	per_subclass	OPC
H20.33.032	1	0.7223130581269481	pca256	per_subclass	OPC
H20.33.033	1	0.907583138414417	pca256	per_subclass	OPC
H20.33.034	1	0.8316828747190739	pca256	per_subclass	OPC
H20.33.035	0	0.6543144371634122	pca256	per_subclass	OPC
H20.33.036	1	0.9110436594539093	pca256	per_subclass	OPC
H20.33.037	1	0.9330986163209225	pca256	per_subclass	OPC
H20.33.038	1	0.7226658378040272	pca256	per_subclass	OPC
H20.33.039	1	0.6882422038749472	pca256	per_subclass	OPC
H20.33.040	1	0.8716108058818806	pca256	per_subclass	OPC
H20.33.041	1	0.8942337452845847	pca256	per_subclass	OPC
H20.33.043	1	0.5517742638315624	pca256	per_subclass	OPC
H20.33.044	0	0.602719361030881	pca256	per_subclass	OPC
H20.33.045	1	0.9628111158505407	pca256	per_subclass	OPC
H20.33.046	1	0.8542059893231546	pca256	per_subclass	OPC
H21.33.001	0	0.6836760428914028	pca256	per_subclass	OPC
H21.33.002	1	0.8942057530493799	pca256	per_subclass	OPC
H21.33.003	0	0.9523624962380861	pca256	per_subclass	OPC
H21.33.004	0	0.5404993141758913	pca256	per_subclass	OPC
H21.33.005	1	0.8879642433050753	pca256	per_subclass	OPC
H21.33.006	1	0.5795468951493115	pca256	per_subclass	OPC
H21.33.007	1	0.8612200023778392	pca256	per_subclass	OPC
H21.33.008	1	0.8772534472548077	pca256	per_subclass	OPC
H21.33.009	1	0.9291306967277592	pca256	per_subclass	OPC
H21.33.010	1	0.8933416979191667	pca256	per_subclass	OPC
H21.33.011	0	0.44509067965790416	pca256	per_subclass	OPC
H21.33.012	1	0.6112498173646366	pca256	per_subclass	OPC
H21.33.013	1	0.8431280901470487	pca256	per_subclass	OPC
H21.33.014	1	0.5988102416416856	pca256	per_subclass	OPC
H21.33.015	0	0.601776213743964	pca256	per_subclass	OPC
H21.33.016	0	0.5590694566447125	pca256	per_subclass	OPC
H21.33.017	1	0.8774250342384224	pca256	per_subclass	OPC
H21.33.018	0	0.8993789224275865	pca256	per_subclass	OPC
H21.33.019	0	0.577859457395183	pca256	per_subclass	OPC
H21.33.020	1	0.5821065637643251	pca256	per_subclass	OPC
H21.33.021	1	0.8921790607387289	pca256	per_subclass	OPC
H21.33.022	1	0.7234715023245973	pca256	per_subclass	OPC
H21.33.023	0	0.6452520670814583	pca256	per_subclass	OPC
H21.33.025	1	0.8727111797486261	pca256	per_subclass	OPC
H21.33.026	1	0.3322315851925182	pca256	per_subclass	OPC
H21.33.027	1	0.7161805316388128	pca256	per_subclass	OPC
H21.33.028	0	0.8426775169181437	pca256	per_subclass	OPC
H21.33.029	1	0.8295415609380139	pca256	per_subclass	OPC
H21.33.030	1	0.7827898284602357	pca256	per_subclass	OPC
H21.33.031	1	0.7345303544187753	pca256	per_subclass	OPC
H21.33.032	0	0.7228128525582773	pca256	per_subclass	OPC
H21.33.033	1	0.7316994407844492	pca256	per_subclass	OPC
H21.33.034	1	0.8899952946200754	pca256	per_subclass	OPC
H21.33.035	1	0.6345710881157814	pca256	per_subclass	OPC
H21.33.036	1	0.46955382878896934	pca256	per_subclass	OPC
H21.33.037	0	0.6707790407331828	pca256	per_subclass	OPC
H21.33.038	0	0.8490193477302157	pca256	per_subclass	OPC
H21.33.039	1	0.9527327093092014	pca256	per_subclass	OPC
H21.33.040	1	0.9663448943781374	pca256	per_subclass	OPC
H21.33.041	0	0.6763312358176061	pca256	per_subclass	OPC
H21.33.042	1	0.5778779695784463	pca256	per_subclass	OPC
H21.33.043	0	0.8650762563140038	pca256	per_subclass	OPC
H21.33.044	1	0.816654785487257	pca256	per_subclass	OPC
H21.33.045	1	0.9206365485698846	pca256	per_subclass	OPC
H21.33.046	1	0.9115037858716523	pca256	per_subclass	OPC
H21.33.047	1	0.7205760427125325	pca256	per_subclass	OPC
H19.33.004	0	0.9754572321861689	pca256	per_subclass	Oligodendrocyte
H20.33.001	0	0.5976336942434686	pca256	per_subclass	Oligodendrocyte
H20.33.002	0	0.6276663804938118	pca256	per_subclass	Oligodendrocyte
H20.33.004	1	0.3248560693550479	pca256	per_subclass	Oligodendrocyte
H20.33.005	1	0.8881073108265222	pca256	per_subclass	Oligodendrocyte
H20.33.008	1	0.3200231005691587	pca256	per_subclass	Oligodendrocyte
H20.33.011	1	0.471803214146726	pca256	per_subclass	Oligodendrocyte
H20.33.012	0	0.7661943575463939	pca256	per_subclass	Oligodendrocyte
H20.33.013	1	0.6756439574887068	pca256	per_subclass	Oligodendrocyte
H20.33.014	1	0.8209683140222207	pca256	per_subclass	Oligodendrocyte
H20.33.015	1	0.8368304671853591	pca256	per_subclass	Oligodendrocyte
H20.33.016	1	0.7420330557322331	pca256	per_subclass	Oligodendrocyte
H20.33.017	1	0.7489580475718675	pca256	per_subclass	Oligodendrocyte
H20.33.018	1	0.9043130224418496	pca256	per_subclass	Oligodendrocyte
H20.33.019	1	0.7302272486966311	pca256	per_subclass	Oligodendrocyte
H20.33.020	1	0.8959105525835138	pca256	per_subclass	Oligodendrocyte
H20.33.024	1	0.4537202403245014	pca256	per_subclass	Oligodendrocyte
H20.33.025	1	0.5423984072368184	pca256	per_subclass	Oligodendrocyte
H20.33.026	1	0.6676108795844475	pca256	per_subclass	Oligodendrocyte
H20.33.027	1	0.8227983808635617	pca256	per_subclass	Oligodendrocyte
H20.33.028	1	0.8510467195132481	pca256	per_subclass	Oligodendrocyte
H20.33.029	1	0.7478582926468428	pca256	per_subclass	Oligodendrocyte
H20.33.030	1	0.867919875619584	pca256	per_subclass	Oligodendrocyte
H20.33.031	1	0.3901891699492613	pca256	per_subclass	Oligodendrocyte
H20.33.032	1	0.786005170854599	pca256	per_subclass	Oligodendrocyte
H20.33.033	1	0.8820506645041393	pca256	per_subclass	Oligodendrocyte
H20.33.034	1	0.8539991855221916	pca256	per_subclass	Oligodendrocyte
H20.33.035	0	0.6071368952075464	pca256	per_subclass	Oligodendrocyte
H20.33.036	1	0.8010294792373021	pca256	per_subclass	Oligodendrocyte
H20.33.037	1	0.9579906043303416	pca256	per_subclass	Oligodendrocyte
H20.33.038	1	0.8682655959608372	pca256	per_subclass	Oligodendrocyte
H20.33.039	1	0.8440343403376523	pca256	per_subclass	Oligodendrocyte
H20.33.040	1	0.8200931969249579	pca256	per_subclass	Oligodendrocyte
H20.33.041	1	0.9567006246323821	pca256	per_subclass	Oligodendrocyte
H20.33.043	1	0.4336085462754964	pca256	per_subclass	Oligodendrocyte
H20.33.044	0	0.9000664580565509	pca256	per_subclass	Oligodendrocyte
H20.33.045	1	0.9527588421228359	pca256	per_subclass	Oligodendrocyte
H20.33.046	1	0.9371121894064196	pca256	per_subclass	Oligodendrocyte
H21.33.001	0	0.921212310950828	pca256	per_subclass	Oligodendrocyte
H21.33.002	1	0.8201559183299973	pca256	per_subclass	Oligodendrocyte
H21.33.003	0	0.7034464226613071	pca256	per_subclass	Oligodendrocyte
H21.33.004	0	0.27583732114196247	pca256	per_subclass	Oligodendrocyte
H21.33.005	1	0.8840930493520414	pca256	per_subclass	Oligodendrocyte
H21.33.006	1	0.8061601038814958	pca256	per_subclass	Oligodendrocyte
H21.33.007	1	0.9484572371885773	pca256	per_subclass	Oligodendrocyte
H21.33.008	1	0.8103188376633896	pca256	per_subclass	Oligodendrocyte
H21.33.009	1	0.9907975252383092	pca256	per_subclass	Oligodendrocyte
H21.33.010	1	0.8838468926707916	pca256	per_subclass	Oligodendrocyte
H21.33.011	0	0.7823045499822958	pca256	per_subclass	Oligodendrocyte
H21.33.012	1	0.6588741015283047	pca256	per_subclass	Oligodendrocyte
H21.33.013	1	0.8606939043953117	pca256	per_subclass	Oligodendrocyte
H21.33.014	1	0.8170330541897286	pca256	per_subclass	Oligodendrocyte
H21.33.015	0	0.552526490155149	pca256	per_subclass	Oligodendrocyte
H21.33.016	0	0.7599347844873006	pca256	per_subclass	Oligodendrocyte
H21.33.017	1	0.6766312645661335	pca256	per_subclass	Oligodendrocyte
H21.33.018	0	0.7145362848885897	pca256	per_subclass	Oligodendrocyte
H21.33.019	0	0.7746581779286403	pca256	per_subclass	Oligodendrocyte
H21.33.020	1	0.8006679911217602	pca256	per_subclass	Oligodendrocyte
H21.33.021	1	0.8445627994903177	pca256	per_subclass	Oligodendrocyte
H21.33.022	1	0.6951148426527507	pca256	per_subclass	Oligodendrocyte
H21.33.023	0	0.3796972950997161	pca256	per_subclass	Oligodendrocyte
H21.33.025	1	0.872154167818105	pca256	per_subclass	Oligodendrocyte
H21.33.026	1	0.5395938820501864	pca256	per_subclass	Oligodendrocyte
H21.33.027	1	0.762110377588726	pca256	per_subclass	Oligodendrocyte
H21.33.028	0	0.7621292537955713	pca256	per_subclass	Oligodendrocyte
H21.33.029	1	0.8420242288545975	pca256	per_subclass	Oligodendrocyte
H21.33.030	1	0.5782192554768503	pca256	per_subclass	Oligodendrocyte
H21.33.031	1	0.8617486158352167	pca256	per_subclass	Oligodendrocyte
H21.33.032	0	0.786097799392514	pca256	per_subclass	Oligodendrocyte
H21.33.033	1	0.8194715214842219	pca256	per_subclass	Oligodendrocyte
H21.33.034	1	0.9824660556940543	pca256	per_subclass	Oligodendrocyte
H21.33.035	1	0.730295997920658	pca256	per_subclass	Oligodendrocyte
H21.33.036	1	0.5021046465811283	pca256	per_subclass	Oligodendrocyte
H21.33.037	0	0.8590113329080109	pca256	per_subclass	Oligodendrocyte
H21.33.038	0	0.6035093486864349	pca256	per_subclass	Oligodendrocyte
H21.33.039	1	0.8876549826105098	pca256	per_subclass	Oligodendrocyte
H21.33.040	1	0.7963190165093936	pca256	per_subclass	Oligodendrocyte
H21.33.041	0	0.5986572858654948	pca256	per_subclass	Oligodendrocyte
H21.33.042	1	0.6207021179181661	pca256	per_subclass	Oligodendrocyte
H21.33.043	0	0.8849635989675969	pca256	per_subclass	Oligodendrocyte
H21.33.044	1	0.8886485687242363	pca256	per_subclass	Oligodendrocyte
H21.33.045	1	0.9804189756342998	pca256	per_subclass	Oligodendrocyte
H21.33.046	1	0.9065204480627542	pca256	per_subclass	Oligodendrocyte
H21.33.047	1	0.529557495213853	pca256	per_subclass	Oligodendrocyte
H19.33.004	0	0.8563299640839958	pca256	per_subclass	Pax6
H20.33.001	0	0.7162414344537188	pca256	per_subclass	Pax6
H20.33.002	0	0.49084304579621996	pca256	per_subclass	Pax6
H20.33.004	1	0.5233986353415678	pca256	per_subclass	Pax6
H20.33.005	1	0.7691784174294873	pca256	per_subclass	Pax6
H20.33.008	1	0.8277378733039547	pca256	per_subclass	Pax6
H20.33.011	1	0.8599744569191158	pca256	per_subclass	Pax6
H20.33.012	0	0.5985494967230595	pca256	per_subclass	Pax6
H20.33.013	1	0.795700591538106	pca256	per_subclass	Pax6
H20.33.014	1	0.5630871571048214	pca256	per_subclass	Pax6
H20.33.015	1	0.9045232252211148	pca256	per_subclass	Pax6
H20.33.016	1	0.5704628539494083	pca256	per_subclass	Pax6
H20.33.017	1	0.9673773108033108	pca256	per_subclass	Pax6
H20.33.018	1	0.8978858710164911	pca256	per_subclass	Pax6
H20.33.019	1	0.9400878648061122	pca256	per_subclass	Pax6
H20.33.020	1	0.9295423251234898	pca256	per_subclass	Pax6
H20.33.024	1	0.5137532336436544	pca256	per_subclass	Pax6
H20.33.025	1	0.645088166684762	pca256	per_subclass	Pax6
H20.33.026	1	0.8831572246936128	pca256	per_subclass	Pax6
H20.33.027	1	0.7867529800957642	pca256	per_subclass	Pax6
H20.33.028	1	0.9558227711467258	pca256	per_subclass	Pax6
H20.33.029	1	0.6824098540873325	pca256	per_subclass	Pax6
H20.33.030	1	0.8016250050656634	pca256	per_subclass	Pax6
H20.33.031	1	0.85414511970357	pca256	per_subclass	Pax6
H20.33.032	1	0.7124698892200276	pca256	per_subclass	Pax6
H20.33.033	1	0.9379491908634874	pca256	per_subclass	Pax6
H20.33.034	1	0.2651048823437471	pca256	per_subclass	Pax6
H20.33.035	0	0.5514520487528417	pca256	per_subclass	Pax6
H20.33.036	1	0.9413425892832267	pca256	per_subclass	Pax6
H20.33.037	1	0.9431930949292863	pca256	per_subclass	Pax6
H20.33.039	1	0.9433654208744586	pca256	per_subclass	Pax6
H20.33.040	1	0.8038880874597851	pca256	per_subclass	Pax6
H20.33.041	1	0.7612143864462532	pca256	per_subclass	Pax6
H20.33.043	1	0.5008122496056857	pca256	per_subclass	Pax6
H20.33.044	0	0.6306715169638835	pca256	per_subclass	Pax6
H20.33.045	1	0.5176535028156988	pca256	per_subclass	Pax6
H20.33.046	1	0.845720112955944	pca256	per_subclass	Pax6
H21.33.001	0	0.7275452585992539	pca256	per_subclass	Pax6
H21.33.002	1	0.5953230681271299	pca256	per_subclass	Pax6
H21.33.003	0	0.8235075051364342	pca256	per_subclass	Pax6
H21.33.004	0	0.5094010403235398	pca256	per_subclass	Pax6
H21.33.005	1	0.9255747388879957	pca256	per_subclass	Pax6
H21.33.006	1	0.622077105884446	pca256	per_subclass	Pax6
H21.33.007	1	0.8501886792960883	pca256	per_subclass	Pax6
H21.33.008	1	0.9443929827972376	pca256	per_subclass	Pax6
H21.33.009	1	0.9657926914375183	pca256	per_subclass	Pax6
H21.33.010	1	0.840912230158217	pca256	per_subclass	Pax6
H21.33.011	0	0.31450197065069896	pca256	per_subclass	Pax6
H21.33.012	1	0.4884607120883889	pca256	per_subclass	Pax6
H21.33.013	1	0.9167847098202205	pca256	per_subclass	Pax6
H21.33.014	1	0.44588197907902555	pca256	per_subclass	Pax6
H21.33.015	0	0.43002491679824084	pca256	per_subclass	Pax6
H21.33.016	0	0.826503752618736	pca256	per_subclass	Pax6
H21.33.017	1	0.8527781967851009	pca256	per_subclass	Pax6
H21.33.018	0	0.8139793679539615	pca256	per_subclass	Pax6
H21.33.019	0	0.6263375208914755	pca256	per_subclass	Pax6
H21.33.021	1	0.929010177347185	pca256	per_subclass	Pax6
H21.33.022	1	0.7931477246792689	pca256	per_subclass	Pax6
H21.33.023	0	0.708876144741242	pca256	per_subclass	Pax6
H21.33.025	1	0.8219189240935633	pca256	per_subclass	Pax6
H21.33.026	1	0.7715162649466556	pca256	per_subclass	Pax6
H21.33.027	1	0.7700899824559232	pca256	per_subclass	Pax6
H21.33.028	0	0.9526932578403304	pca256	per_subclass	Pax6
H21.33.029	1	0.8719061553375788	pca256	per_subclass	Pax6
H21.33.030	1	0.5944394892531613	pca256	per_subclass	Pax6
H21.33.031	1	0.7713633272390972	pca256	per_subclass	Pax6
H21.33.032	0	0.4671428845956377	pca256	per_subclass	Pax6
H21.33.033	1	0.9634587490904826	pca256	per_subclass	Pax6
H21.33.034	1	0.8622905925840681	pca256	per_subclass	Pax6
H21.33.035	1	0.686177838944244	pca256	per_subclass	Pax6
H21.33.036	1	0.6494981257682113	pca256	per_subclass	Pax6
H21.33.037	0	0.6162868181704478	pca256	per_subclass	Pax6
H21.33.038	0	0.7193348688593943	pca256	per_subclass	Pax6
H21.33.039	1	0.9671569232834256	pca256	per_subclass	Pax6
H21.33.040	1	0.9750998915946656	pca256	per_subclass	Pax6
H21.33.041	0	0.9468311434362977	pca256	per_subclass	Pax6
H21.33.042	1	0.8413357110297645	pca256	per_subclass	Pax6
H21.33.043	0	0.7929538562157346	pca256	per_subclass	Pax6
H21.33.044	1	0.8819743055671596	pca256	per_subclass	Pax6
H21.33.045	1	0.9256282821085955	pca256	per_subclass	Pax6
H21.33.046	1	0.9007781282661156	pca256	per_subclass	Pax6
H21.33.047	1	0.3992881366105573	pca256	per_subclass	Pax6
H19.33.004	0	0.8908116697853604	pca256	per_subclass	Pvalb
H20.33.001	0	0.8412117289992679	pca256	per_subclass	Pvalb
H20.33.002	0	0.7172618751617177	pca256	per_subclass	Pvalb
H20.33.004	1	0.6413577252041262	pca256	per_subclass	Pvalb
H20.33.005	1	0.8732144157538253	pca256	per_subclass	Pvalb
H20.33.008	1	0.8942025927544707	pca256	per_subclass	Pvalb
H20.33.011	1	0.5992109789486288	pca256	per_subclass	Pvalb
H20.33.012	0	0.8752885437537931	pca256	per_subclass	Pvalb
H20.33.013	1	0.49201626275842153	pca256	per_subclass	Pvalb
H20.33.014	1	0.5163583235436454	pca256	per_subclass	Pvalb
H20.33.015	1	0.8274628822978685	pca256	per_subclass	Pvalb
H20.33.016	1	0.7920027648548364	pca256	per_subclass	Pvalb
H20.33.017	1	0.9695712792015787	pca256	per_subclass	Pvalb
H20.33.018	1	0.8752251025384552	pca256	per_subclass	Pvalb
H20.33.019	1	0.8758015770687176	pca256	per_subclass	Pvalb
H20.33.020	1	0.8426442809854896	pca256	per_subclass	Pvalb
H20.33.024	1	0.7896453984390532	pca256	per_subclass	Pvalb
H20.33.025	1	0.6495956201622765	pca256	per_subclass	Pvalb
H20.33.026	1	0.722867711558852	pca256	per_subclass	Pvalb
H20.33.027	1	0.7293120121592426	pca256	per_subclass	Pvalb
H20.33.028	1	0.98879817976035	pca256	per_subclass	Pvalb
H20.33.029	1	0.5899961784958926	pca256	per_subclass	Pvalb
H20.33.030	1	0.558116361091795	pca256	per_subclass	Pvalb
H20.33.031	1	0.31967017821804633	pca256	per_subclass	Pvalb
H20.33.032	1	0.7585803346660065	pca256	per_subclass	Pvalb
H20.33.033	1	0.9784175970524073	pca256	per_subclass	Pvalb
H20.33.034	1	0.71866318395621	pca256	per_subclass	Pvalb
H20.33.035	0	0.6677687575402722	pca256	per_subclass	Pvalb
H20.33.036	1	0.9549000195011568	pca256	per_subclass	Pvalb
H20.33.037	1	0.9635808738246558	pca256	per_subclass	Pvalb
H20.33.038	1	0.9129086463858972	pca256	per_subclass	Pvalb
H20.33.039	1	0.5173592215970606	pca256	per_subclass	Pvalb
H20.33.040	1	0.7681803368937812	pca256	per_subclass	Pvalb
H20.33.041	1	0.5051264380931592	pca256	per_subclass	Pvalb
H20.33.043	1	0.6503507921593672	pca256	per_subclass	Pvalb
H20.33.044	0	0.6833088857872549	pca256	per_subclass	Pvalb
H20.33.045	1	0.9031226961461696	pca256	per_subclass	Pvalb
H20.33.046	1	0.9076308708358829	pca256	per_subclass	Pvalb
H21.33.001	0	0.9745172173479357	pca256	per_subclass	Pvalb
H21.33.002	1	0.7614087411701084	pca256	per_subclass	Pvalb
H21.33.003	0	0.7696376608598469	pca256	per_subclass	Pvalb
H21.33.004	0	0.718980181846665	pca256	per_subclass	Pvalb
H21.33.005	1	0.873794340791655	pca256	per_subclass	Pvalb
H21.33.006	1	0.6642928263917672	pca256	per_subclass	Pvalb
H21.33.007	1	0.9101165292256275	pca256	per_subclass	Pvalb
H21.33.008	1	0.9245516066825241	pca256	per_subclass	Pvalb
H21.33.009	1	0.9779669485569629	pca256	per_subclass	Pvalb
H21.33.010	1	0.8677174000818312	pca256	per_subclass	Pvalb
H21.33.011	0	0.5420508471133096	pca256	per_subclass	Pvalb
H21.33.012	1	0.6943764964165673	pca256	per_subclass	Pvalb
H21.33.013	1	0.8946044378546041	pca256	per_subclass	Pvalb
H21.33.014	1	0.703873784054308	pca256	per_subclass	Pvalb
H21.33.015	0	0.7236021379525386	pca256	per_subclass	Pvalb
H21.33.016	0	0.8969701493632837	pca256	per_subclass	Pvalb
H21.33.017	1	0.716677676670567	pca256	per_subclass	Pvalb
H21.33.018	0	0.9169264167905566	pca256	per_subclass	Pvalb
H21.33.019	0	0.7065981084750346	pca256	per_subclass	Pvalb
H21.33.021	1	0.9250033135285116	pca256	per_subclass	Pvalb
H21.33.022	1	0.7603223417091365	pca256	per_subclass	Pvalb
H21.33.023	0	0.7638123796528481	pca256	per_subclass	Pvalb
H21.33.025	1	0.9016099215423969	pca256	per_subclass	Pvalb
H21.33.026	1	0.8115530014517625	pca256	per_subclass	Pvalb
H21.33.027	1	0.5326319985546721	pca256	per_subclass	Pvalb
H21.33.028	0	0.7556498285467967	pca256	per_subclass	Pvalb
H21.33.029	1	0.8906513377318165	pca256	per_subclass	Pvalb
H21.33.030	1	0.7821819614094018	pca256	per_subclass	Pvalb
H21.33.031	1	0.7182502591431696	pca256	per_subclass	Pvalb
H21.33.032	0	0.4882723328803841	pca256	per_subclass	Pvalb
H21.33.033	1	0.9089414896275738	pca256	per_subclass	Pvalb
H21.33.034	1	0.9672372926620094	pca256	per_subclass	Pvalb
H21.33.035	1	0.6514088902964449	pca256	per_subclass	Pvalb
H21.33.036	1	0.7973004776139161	pca256	per_subclass	Pvalb
H21.33.037	0	0.6644553304620132	pca256	per_subclass	Pvalb
H21.33.038	0	0.6650750285245309	pca256	per_subclass	Pvalb
H21.33.039	1	0.9563903201811319	pca256	per_subclass	Pvalb
H21.33.040	1	0.8809332301404638	pca256	per_subclass	Pvalb
H21.33.041	0	0.8287761514969259	pca256	per_subclass	Pvalb
H21.33.042	1	0.8644359122578432	pca256	per_subclass	Pvalb
H21.33.043	0	0.679010035325328	pca256	per_subclass	Pvalb
H21.33.044	1	0.9477042334561376	pca256	per_subclass	Pvalb
H21.33.045	1	0.9332729291170114	pca256	per_subclass	Pvalb
H21.33.046	1	0.8137560571578636	pca256	per_subclass	Pvalb
H21.33.047	1	0.434826559845796	pca256	per_subclass	Pvalb
H19.33.004	0	0.7141258012156338	pca256	per_subclass	Sncg
H20.33.001	0	0.9860249517418262	pca256	per_subclass	Sncg
H20.33.002	0	0.7165551842634619	pca256	per_subclass	Sncg
H20.33.004	1	0.6688460140685992	pca256	per_subclass	Sncg
H20.33.005	1	0.9119990334058933	pca256	per_subclass	Sncg
H20.33.008	1	0.8899466069266013	pca256	per_subclass	Sncg
H20.33.011	1	0.6487472926610305	pca256	per_subclass	Sncg
H20.33.012	0	0.47890099641604567	pca256	per_subclass	Sncg
H20.33.013	1	0.8847958271546945	pca256	per_subclass	Sncg
H20.33.014	1	0.8107098769272436	pca256	per_subclass	Sncg
H20.33.015	1	0.9123955920661591	pca256	per_subclass	Sncg
H20.33.016	1	0.6950367957598845	pca256	per_subclass	Sncg
H20.33.017	1	0.8925964128991438	pca256	per_subclass	Sncg
H20.33.018	1	0.8527572600714188	pca256	per_subclass	Sncg
H20.33.019	1	0.8418444389988482	pca256	per_subclass	Sncg
H20.33.020	1	0.9711329472917507	pca256	per_subclass	Sncg
H20.33.024	1	0.7674469154908884	pca256	per_subclass	Sncg
H20.33.025	1	0.8516291312048276	pca256	per_subclass	Sncg
H20.33.026	1	0.562973973337386	pca256	per_subclass	Sncg
H20.33.027	1	0.6628430282412028	pca256	per_subclass	Sncg
H20.33.028	1	0.9631200376096644	pca256	per_subclass	Sncg
H20.33.029	1	0.8210061021168414	pca256	per_subclass	Sncg
H20.33.030	1	0.8183879554270671	pca256	per_subclass	Sncg
H20.33.031	1	0.633275009261421	pca256	per_subclass	Sncg
H20.33.032	1	0.7729382002221913	pca256	per_subclass	Sncg
H20.33.033	1	0.9343721488296562	pca256	per_subclass	Sncg
H20.33.034	1	0.14419392397625103	pca256	per_subclass	Sncg
H20.33.035	0	0.7508139559927356	pca256	per_subclass	Sncg
H20.33.036	1	0.848135940411954	pca256	per_subclass	Sncg
H20.33.037	1	0.9673129789952059	pca256	per_subclass	Sncg
H20.33.038	1	0.8944209987846996	pca256	per_subclass	Sncg
H20.33.039	1	0.7518708356812827	pca256	per_subclass	Sncg
H20.33.040	1	0.8528685914556	pca256	per_subclass	Sncg
H20.33.041	1	0.4448912106232988	pca256	per_subclass	Sncg
H20.33.043	1	0.4308211221062388	pca256	per_subclass	Sncg
H20.33.044	0	0.7259881696795365	pca256	per_subclass	Sncg
H20.33.045	1	0.8914141648054962	pca256	per_subclass	Sncg
H20.33.046	1	0.930201303402366	pca256	per_subclass	Sncg
H21.33.001	0	0.5730777530828279	pca256	per_subclass	Sncg
H21.33.002	1	0.8555045800882496	pca256	per_subclass	Sncg
H21.33.003	0	0.5472336065261281	pca256	per_subclass	Sncg
H21.33.004	0	0.45427691458841546	pca256	per_subclass	Sncg
H21.33.005	1	0.9218360939881259	pca256	per_subclass	Sncg
H21.33.006	1	0.6067217775455734	pca256	per_subclass	Sncg
H21.33.007	1	0.9169293133157843	pca256	per_subclass	Sncg
H21.33.008	1	0.9258737361567466	pca256	per_subclass	Sncg
H21.33.009	1	0.9202031995977134	pca256	per_subclass	Sncg
H21.33.010	1	0.8309813341899556	pca256	per_subclass	Sncg
H21.33.011	0	0.5125193443683366	pca256	per_subclass	Sncg
H21.33.012	1	0.5819899311506365	pca256	per_subclass	Sncg
H21.33.013	1	0.9024678715258355	pca256	per_subclass	Sncg
H21.33.014	1	0.48956310337436665	pca256	per_subclass	Sncg
H21.33.015	0	0.6699683111281253	pca256	per_subclass	Sncg
H21.33.016	0	0.6032682847282601	pca256	per_subclass	Sncg
H21.33.017	1	0.8351116907280719	pca256	per_subclass	Sncg
H21.33.018	0	0.8535521750876459	pca256	per_subclass	Sncg
H21.33.019	0	0.8587236460544284	pca256	per_subclass	Sncg
H21.33.021	1	0.9433846274845633	pca256	per_subclass	Sncg
H21.33.022	1	0.8233050979247674	pca256	per_subclass	Sncg
H21.33.023	0	0.3140795343875175	pca256	per_subclass	Sncg
H21.33.025	1	0.8830284769685527	pca256	per_subclass	Sncg
H21.33.026	1	0.7227984347414251	pca256	per_subclass	Sncg
H21.33.027	1	0.4628325936391667	pca256	per_subclass	Sncg
H21.33.028	0	0.9348680329225209	pca256	per_subclass	Sncg
H21.33.029	1	0.8121379408709366	pca256	per_subclass	Sncg
H21.33.030	1	0.7816825969916426	pca256	per_subclass	Sncg
H21.33.031	1	0.8272226277376472	pca256	per_subclass	Sncg
H21.33.032	0	0.6968813083463755	pca256	per_subclass	Sncg
H21.33.033	1	0.9209280542101566	pca256	per_subclass	Sncg
H21.33.034	1	0.9810791598687244	pca256	per_subclass	Sncg
H21.33.035	1	0.7448583307240251	pca256	per_subclass	Sncg
H21.33.036	1	0.6324524499238532	pca256	per_subclass	Sncg
H21.33.037	0	0.6969216422105482	pca256	per_subclass	Sncg
H21.33.038	0	0.5718739572361149	pca256	per_subclass	Sncg
H21.33.039	1	0.9385151238786055	pca256	per_subclass	Sncg
H21.33.040	1	0.8657620822766641	pca256	per_subclass	Sncg
H21.33.041	0	0.797188098334372	pca256	per_subclass	Sncg
H21.33.042	1	0.833542474917486	pca256	per_subclass	Sncg
H21.33.043	0	0.8109420030716373	pca256	per_subclass	Sncg
H21.33.044	1	0.5883361861763498	pca256	per_subclass	Sncg
H21.33.045	1	0.9470131210397194	pca256	per_subclass	Sncg
H21.33.046	1	0.862071573693082	pca256	per_subclass	Sncg
H21.33.047	1	0.6269296740129647	pca256	per_subclass	Sncg
H19.33.004	0	0.8435897944020052	pca256	per_subclass	Sst
H20.33.001	0	0.7994625635403464	pca256	per_subclass	Sst
H20.33.002	0	0.42982451984486564	pca256	per_subclass	Sst
H20.33.004	1	0.9076488339161713	pca256	per_subclass	Sst
H20.33.005	1	0.7955366963455733	pca256	per_subclass	Sst
H20.33.008	1	0.9335632549412004	pca256	per_subclass	Sst
H20.33.011	1	0.6012622139334958	pca256	per_subclass	Sst
H20.33.012	0	0.9357451981057043	pca256	per_subclass	Sst
H20.33.013	1	0.7897334715132864	pca256	per_subclass	Sst
H20.33.014	1	0.6282849343236441	pca256	per_subclass	Sst
H20.33.015	1	0.8192579999189322	pca256	per_subclass	Sst
H20.33.016	1	0.7282433297522227	pca256	per_subclass	Sst
H20.33.017	1	0.9602693314927245	pca256	per_subclass	Sst
H20.33.018	1	0.9354281928124527	pca256	per_subclass	Sst
H20.33.019	1	0.8772910334264779	pca256	per_subclass	Sst
H20.33.020	1	0.939569529159594	pca256	per_subclass	Sst
H20.33.024	1	0.7376219898870513	pca256	per_subclass	Sst
H20.33.025	1	0.7032854417923032	pca256	per_subclass	Sst
H20.33.026	1	0.7997205071397044	pca256	per_subclass	Sst
H20.33.027	1	0.7385961029535449	pca256	per_subclass	Sst
H20.33.028	1	0.9162206734059579	pca256	per_subclass	Sst
H20.33.029	1	0.8524349371274333	pca256	per_subclass	Sst
H20.33.030	1	0.7418543935631956	pca256	per_subclass	Sst
H20.33.031	1	0.44052075272283997	pca256	per_subclass	Sst
H20.33.032	1	0.5925384258121043	pca256	per_subclass	Sst
H20.33.033	1	0.9194204061723695	pca256	per_subclass	Sst
H20.33.034	1	0.7633271775121788	pca256	per_subclass	Sst
H20.33.035	0	0.5820994594886666	pca256	per_subclass	Sst
H20.33.036	1	0.897037479754095	pca256	per_subclass	Sst
H20.33.037	1	0.8916607175142446	pca256	per_subclass	Sst
H20.33.038	1	0.9419369233132862	pca256	per_subclass	Sst
H20.33.039	1	0.9322225083555422	pca256	per_subclass	Sst
H20.33.040	1	0.9171989992854434	pca256	per_subclass	Sst
H20.33.041	1	0.8894315676916328	pca256	per_subclass	Sst
H20.33.043	1	0.45019858616700625	pca256	per_subclass	Sst
H20.33.044	0	0.39539403042074484	pca256	per_subclass	Sst
H20.33.045	1	0.7417044456682198	pca256	per_subclass	Sst
H20.33.046	1	0.9201707017735814	pca256	per_subclass	Sst
H21.33.001	0	0.48553357536651376	pca256	per_subclass	Sst
H21.33.002	1	0.3512662520496912	pca256	per_subclass	Sst
H21.33.003	0	0.8755384639778635	pca256	per_subclass	Sst
H21.33.004	0	0.6438827900868749	pca256	per_subclass	Sst
H21.33.005	1	0.9055724400593455	pca256	per_subclass	Sst
H21.33.006	1	0.652801683901169	pca256	per_subclass	Sst
H21.33.007	1	0.8756091116959599	pca256	per_subclass	Sst
H21.33.008	1	0.9670487702546557	pca256	per_subclass	Sst
H21.33.009	1	0.8557888240678146	pca256	per_subclass	Sst
H21.33.010	1	0.8064532404632312	pca256	per_subclass	Sst
H21.33.011	0	0.312732294061301	pca256	per_subclass	Sst
H21.33.012	1	0.8314872355176395	pca256	per_subclass	Sst
H21.33.013	1	0.979606757403522	pca256	per_subclass	Sst
H21.33.014	1	0.7765740394189081	pca256	per_subclass	Sst
H21.33.015	0	0.17540182276167118	pca256	per_subclass	Sst
H21.33.016	0	0.790095496022138	pca256	per_subclass	Sst
H21.33.017	1	0.6351917439312572	pca256	per_subclass	Sst
H21.33.018	0	0.7681996471728784	pca256	per_subclass	Sst
H21.33.019	0	0.7359425523432328	pca256	per_subclass	Sst
H21.33.021	1	0.8405449598278896	pca256	per_subclass	Sst
H21.33.022	1	0.8778312674076905	pca256	per_subclass	Sst
H21.33.023	0	0.8446235370902488	pca256	per_subclass	Sst
H21.33.025	1	0.8913607658769903	pca256	per_subclass	Sst
H21.33.026	1	0.8677126063270357	pca256	per_subclass	Sst
H21.33.027	1	0.5805019401571918	pca256	per_subclass	Sst
H21.33.028	0	0.59618370136596	pca256	per_subclass	Sst
H21.33.029	1	0.9551781796643635	pca256	per_subclass	Sst
H21.33.030	1	0.3832709100160449	pca256	per_subclass	Sst
H21.33.031	1	0.6331305625490801	pca256	per_subclass	Sst
H21.33.032	0	0.45620018742451424	pca256	per_subclass	Sst
H21.33.033	1	0.9058481941513067	pca256	per_subclass	Sst
H21.33.034	1	0.8863328235066079	pca256	per_subclass	Sst
H21.33.035	1	0.9117547087141226	pca256	per_subclass	Sst
H21.33.036	1	0.8912290819923123	pca256	per_subclass	Sst
H21.33.037	0	0.6896136979978224	pca256	per_subclass	Sst
H21.33.038	0	0.8767300489299702	pca256	per_subclass	Sst
H21.33.039	1	0.9439806495589599	pca256	per_subclass	Sst
H21.33.040	1	0.9176720767745516	pca256	per_subclass	Sst
H21.33.041	0	0.8787143989215324	pca256	per_subclass	Sst
H21.33.042	1	0.8624011554037333	pca256	per_subclass	Sst
H21.33.043	0	0.6050300604953707	pca256	per_subclass	Sst
H21.33.044	1	0.8936935598006993	pca256	per_subclass	Sst
H21.33.045	1	0.9405213482117383	pca256	per_subclass	Sst
H21.33.046	1	0.7844912856337277	pca256	per_subclass	Sst
H21.33.047	1	0.6137219643885611	pca256	per_subclass	Sst
H19.33.004	0	0.8685993787897897	pca256	per_subclass	Sst Chodl
H20.33.001	0	0.8434884036167467	pca256	per_subclass	Sst Chodl
H20.33.002	0	0.6247789810335961	pca256	per_subclass	Sst Chodl
H20.33.004	1	0.770839747086295	pca256	per_subclass	Sst Chodl
H20.33.005	1	0.922287343776062	pca256	per_subclass	Sst Chodl
H20.33.008	1	0.8739978309261233	pca256	per_subclass	Sst Chodl
H20.33.011	1	0.6643137619410667	pca256	per_subclass	Sst Chodl
H20.33.013	1	0.6426816832590044	pca256	per_subclass	Sst Chodl
H20.33.014	1	0.5963151689334691	pca256	per_subclass	Sst Chodl
H20.33.015	1	0.8716201249631105	pca256	per_subclass	Sst Chodl
H20.33.016	1	0.7466881949488565	pca256	per_subclass	Sst Chodl
H20.33.017	1	0.8374874186137301	pca256	per_subclass	Sst Chodl
H20.33.018	1	0.8716982569887344	pca256	per_subclass	Sst Chodl
H20.33.019	1	0.871231108525228	pca256	per_subclass	Sst Chodl
H20.33.020	1	0.7047878428505304	pca256	per_subclass	Sst Chodl
H20.33.024	1	0.8139501577302207	pca256	per_subclass	Sst Chodl
H20.33.025	1	0.6509429843940975	pca256	per_subclass	Sst Chodl
H20.33.026	1	0.6733798926446771	pca256	per_subclass	Sst Chodl
H20.33.027	1	0.7408417452766989	pca256	per_subclass	Sst Chodl
H20.33.029	1	0.6665858054652112	pca256	per_subclass	Sst Chodl
H20.33.030	1	0.8152940196545325	pca256	per_subclass	Sst Chodl
H20.33.031	1	0.558481177741054	pca256	per_subclass	Sst Chodl
H20.33.032	1	0.7291958472899417	pca256	per_subclass	Sst Chodl
H20.33.034	1	0.6730598537537326	pca256	per_subclass	Sst Chodl
H20.33.035	0	0.6509275023277541	pca256	per_subclass	Sst Chodl
H20.33.039	1	0.8809725360845702	pca256	per_subclass	Sst Chodl
H20.33.040	1	0.4570981332524104	pca256	per_subclass	Sst Chodl
H20.33.041	1	0.6623088565017528	pca256	per_subclass	Sst Chodl
H20.33.043	1	0.7980983297876477	pca256	per_subclass	Sst Chodl
H20.33.044	0	0.5510314566526527	pca256	per_subclass	Sst Chodl
H21.33.001	0	0.8765959022254819	pca256	per_subclass	Sst Chodl
H21.33.002	1	0.5915578891688591	pca256	per_subclass	Sst Chodl
H21.33.003	0	0.47080974271661713	pca256	per_subclass	Sst Chodl
H21.33.004	0	0.5343932688113949	pca256	per_subclass	Sst Chodl
H21.33.006	1	0.6265837189388355	pca256	per_subclass	Sst Chodl
H21.33.007	1	0.9447954551698231	pca256	per_subclass	Sst Chodl
H21.33.008	1	0.9296459534082671	pca256	per_subclass	Sst Chodl
H21.33.010	1	0.856426397741792	pca256	per_subclass	Sst Chodl
H21.33.011	0	0.5883774690990331	pca256	per_subclass	Sst Chodl
H21.33.012	1	0.5156379163244592	pca256	per_subclass	Sst Chodl
H21.33.013	1	0.8208411830820476	pca256	per_subclass	Sst Chodl
H21.33.014	1	0.7485551083929599	pca256	per_subclass	Sst Chodl
H21.33.015	0	0.6927025437947509	pca256	per_subclass	Sst Chodl
H21.33.016	0	0.901012507528484	pca256	per_subclass	Sst Chodl
H21.33.018	0	0.874811867397737	pca256	per_subclass	Sst Chodl
H21.33.019	0	0.6444454052327074	pca256	per_subclass	Sst Chodl
H21.33.021	1	0.7483270854793275	pca256	per_subclass	Sst Chodl
H21.33.022	1	0.8524018740482804	pca256	per_subclass	Sst Chodl
H21.33.023	0	0.8746986589627079	pca256	per_subclass	Sst Chodl
H21.33.025	1	0.9193772060060776	pca256	per_subclass	Sst Chodl
H21.33.026	1	0.6966155660652056	pca256	per_subclass	Sst Chodl
H21.33.027	1	0.6237073697307571	pca256	per_subclass	Sst Chodl
H21.33.028	0	0.34041083684937434	pca256	per_subclass	Sst Chodl
H21.33.030	1	0.7091461794285819	pca256	per_subclass	Sst Chodl
H21.33.031	1	0.18213861005863552	pca256	per_subclass	Sst Chodl
H21.33.032	0	0.6908102035071341	pca256	per_subclass	Sst Chodl
H21.33.035	1	0.6780018348927256	pca256	per_subclass	Sst Chodl
H21.33.040	1	0.8453337079958578	pca256	per_subclass	Sst Chodl
H21.33.041	0	0.8692874004151652	pca256	per_subclass	Sst Chodl
H21.33.042	1	0.8316938645084866	pca256	per_subclass	Sst Chodl
H21.33.043	0	0.7337408291517571	pca256	per_subclass	Sst Chodl
H21.33.047	1	0.4402401787099171	pca256	per_subclass	Sst Chodl
H19.33.004	0	0.9875348700525498	pca256	per_subclass	VLMC & Perivascular
H20.33.001	0	0.5767586617214789	pca256	per_subclass	VLMC & Perivascular
H20.33.002	0	0.904935308141894	pca256	per_subclass	VLMC & Perivascular
H20.33.004	1	0.8541072046572079	pca256	per_subclass	VLMC & Perivascular
H20.33.005	1	0.7640729042245223	pca256	per_subclass	VLMC & Perivascular
H20.33.008	1	0.8749408282224096	pca256	per_subclass	VLMC & Perivascular
H20.33.011	1	0.8836115803899208	pca256	per_subclass	VLMC & Perivascular
H20.33.012	0	0.7821766245654647	pca256	per_subclass	VLMC & Perivascular
H20.33.013	1	0.695541218896134	pca256	per_subclass	VLMC & Perivascular
H20.33.014	1	0.5420232732603235	pca256	per_subclass	VLMC & Perivascular
H20.33.015	1	0.6596373312984732	pca256	per_subclass	VLMC & Perivascular
H20.33.016	1	0.9014431914057738	pca256	per_subclass	VLMC & Perivascular
H20.33.017	1	0.9628067813610468	pca256	per_subclass	VLMC & Perivascular
H20.33.018	1	0.9780766090378872	pca256	per_subclass	VLMC & Perivascular
H20.33.019	1	0.7673329149196741	pca256	per_subclass	VLMC & Perivascular
H20.33.020	1	0.9098519990390891	pca256	per_subclass	VLMC & Perivascular
H20.33.024	1	0.7559397397906494	pca256	per_subclass	VLMC & Perivascular
H20.33.025	1	0.29058967173097267	pca256	per_subclass	VLMC & Perivascular
H20.33.026	1	0.8933606577246913	pca256	per_subclass	VLMC & Perivascular
H20.33.027	1	0.9063793306618468	pca256	per_subclass	VLMC & Perivascular
H20.33.028	1	0.9051761719823871	pca256	per_subclass	VLMC & Perivascular
H20.33.029	1	0.8470419676925461	pca256	per_subclass	VLMC & Perivascular
H20.33.030	1	0.9111908293716768	pca256	per_subclass	VLMC & Perivascular
H20.33.031	1	0.6875753668968707	pca256	per_subclass	VLMC & Perivascular
H20.33.032	1	0.699040168329136	pca256	per_subclass	VLMC & Perivascular
H20.33.033	1	0.636748562601994	pca256	per_subclass	VLMC & Perivascular
H20.33.034	1	0.8583236127991567	pca256	per_subclass	VLMC & Perivascular
H20.33.035	0	0.5623823234406727	pca256	per_subclass	VLMC & Perivascular
H20.33.036	1	0.9543623916502956	pca256	per_subclass	VLMC & Perivascular
H20.33.037	1	0.9951934129217355	pca256	per_subclass	VLMC & Perivascular
H20.33.038	1	0.869931539543777	pca256	per_subclass	VLMC & Perivascular
H20.33.039	1	0.8309263531192794	pca256	per_subclass	VLMC & Perivascular
H20.33.040	1	0.8937124639856215	pca256	per_subclass	VLMC & Perivascular
H20.33.041	1	0.7812359041159285	pca256	per_subclass	VLMC & Perivascular
H20.33.043	1	0.3479025682763375	pca256	per_subclass	VLMC & Perivascular
H20.33.044	0	0.4958084897235956	pca256	per_subclass	VLMC & Perivascular
H20.33.045	1	0.9518018077964825	pca256	per_subclass	VLMC & Perivascular
H20.33.046	1	0.9317957055045086	pca256	per_subclass	VLMC & Perivascular
H21.33.001	0	0.2844863064740536	pca256	per_subclass	VLMC & Perivascular
H21.33.002	1	0.8445151703693089	pca256	per_subclass	VLMC & Perivascular
H21.33.003	0	0.7139388724309308	pca256	per_subclass	VLMC & Perivascular
H21.33.004	0	0.45032424048969116	pca256	per_subclass	VLMC & Perivascular
H21.33.005	1	0.8468022436395609	pca256	per_subclass	VLMC & Perivascular
H21.33.006	1	0.5922994247341935	pca256	per_subclass	VLMC & Perivascular
H21.33.007	1	0.9105788264561372	pca256	per_subclass	VLMC & Perivascular
H21.33.008	1	0.8697905881501586	pca256	per_subclass	VLMC & Perivascular
H21.33.009	1	0.7308104667831177	pca256	per_subclass	VLMC & Perivascular
H21.33.010	1	0.8656776587389311	pca256	per_subclass	VLMC & Perivascular
H21.33.011	0	0.3939131863291528	pca256	per_subclass	VLMC & Perivascular
H21.33.012	1	0.7783084610794988	pca256	per_subclass	VLMC & Perivascular
H21.33.013	1	0.9013246368176745	pca256	per_subclass	VLMC & Perivascular
H21.33.014	1	0.6021311903015453	pca256	per_subclass	VLMC & Perivascular
H21.33.015	0	0.32934664468545993	pca256	per_subclass	VLMC & Perivascular
H21.33.016	0	0.2790574088323959	pca256	per_subclass	VLMC & Perivascular
H21.33.017	1	0.42565902109684145	pca256	per_subclass	VLMC & Perivascular
H21.33.018	0	0.93005801240104	pca256	per_subclass	VLMC & Perivascular
H21.33.019	0	0.7956176212008483	pca256	per_subclass	VLMC & Perivascular
H21.33.020	1	0.9118592875160509	pca256	per_subclass	VLMC & Perivascular
H21.33.021	1	0.9215568530234096	pca256	per_subclass	VLMC & Perivascular
H21.33.022	1	0.8369612701260898	pca256	per_subclass	VLMC & Perivascular
H21.33.023	0	0.6612268244016561	pca256	per_subclass	VLMC & Perivascular
H21.33.025	1	0.610524986863552	pca256	per_subclass	VLMC & Perivascular
H21.33.026	1	0.5157498995787987	pca256	per_subclass	VLMC & Perivascular
H21.33.027	1	0.8265358064205464	pca256	per_subclass	VLMC & Perivascular
H21.33.028	0	0.8017134110520365	pca256	per_subclass	VLMC & Perivascular
H21.33.029	1	0.9946905969403526	pca256	per_subclass	VLMC & Perivascular
H21.33.030	1	0.8118839806941935	pca256	per_subclass	VLMC & Perivascular
H21.33.031	1	0.7434904393766248	pca256	per_subclass	VLMC & Perivascular
H21.33.032	0	0.7346008582873346	pca256	per_subclass	VLMC & Perivascular
H21.33.033	1	0.897507629071858	pca256	per_subclass	VLMC & Perivascular
H21.33.034	1	0.9884640027492434	pca256	per_subclass	VLMC & Perivascular
H21.33.035	1	0.9074563349282279	pca256	per_subclass	VLMC & Perivascular
H21.33.036	1	0.43880548230773525	pca256	per_subclass	VLMC & Perivascular
H21.33.037	0	0.8233130115800368	pca256	per_subclass	VLMC & Perivascular
H21.33.038	0	0.8397476876299624	pca256	per_subclass	VLMC & Perivascular
H21.33.039	1	0.9031831073401403	pca256	per_subclass	VLMC & Perivascular
H21.33.040	1	0.9366041377179203	pca256	per_subclass	VLMC & Perivascular
H21.33.041	0	0.8082862613038543	pca256	per_subclass	VLMC & Perivascular
H21.33.042	1	0.8782574025606014	pca256	per_subclass	VLMC & Perivascular
H21.33.043	0	0.6948424234127353	pca256	per_subclass	VLMC & Perivascular
H21.33.044	1	0.8101870202264658	pca256	per_subclass	VLMC & Perivascular
H21.33.045	1	0.9929327017469898	pca256	per_subclass	VLMC & Perivascular
H21.33.046	1	0.9455292230833022	pca256	per_subclass	VLMC & Perivascular
H21.33.047	1	0.8593960200557719	pca256	per_subclass	VLMC & Perivascular
H19.33.004	0	0.9253164093723308	pca256	per_subclass	Vip
H20.33.001	0	0.9091167284499011	pca256	per_subclass	Vip
H20.33.002	0	0.8255042940285298	pca256	per_subclass	Vip
H20.33.004	1	0.42434003219801186	pca256	per_subclass	Vip
H20.33.005	1	0.9362853337027832	pca256	per_subclass	Vip
H20.33.008	1	0.8284705271543595	pca256	per_subclass	Vip
H20.33.011	1	0.6293391404920525	pca256	per_subclass	Vip
H20.33.012	0	0.6875368778878899	pca256	per_subclass	Vip
H20.33.013	1	0.6480986877634409	pca256	per_subclass	Vip
H20.33.014	1	0.7224050590602035	pca256	per_subclass	Vip
H20.33.015	1	0.9087817419311233	pca256	per_subclass	Vip
H20.33.016	1	0.9054159136018198	pca256	per_subclass	Vip
H20.33.017	1	0.86156677482979	pca256	per_subclass	Vip
H20.33.018	1	0.9303311194612481	pca256	per_subclass	Vip
H20.33.019	1	0.7908501934796522	pca256	per_subclass	Vip
H20.33.020	1	0.9792543496897117	pca256	per_subclass	Vip
H20.33.024	1	0.5067179966168956	pca256	per_subclass	Vip
H20.33.025	1	0.6862917391621692	pca256	per_subclass	Vip
H20.33.026	1	0.940717025650881	pca256	per_subclass	Vip
H20.33.027	1	0.7082054333881318	pca256	per_subclass	Vip
H20.33.028	1	0.9827804484560042	pca256	per_subclass	Vip
H20.33.029	1	0.791964492103521	pca256	per_subclass	Vip
H20.33.030	1	0.7127762033590818	pca256	per_subclass	Vip
H20.33.031	1	0.4496029905740386	pca256	per_subclass	Vip
H20.33.032	1	0.7249976992105053	pca256	per_subclass	Vip
H20.33.033	1	0.964804587298991	pca256	per_subclass	Vip
H20.33.034	1	0.4542979282894478	pca256	per_subclass	Vip
H20.33.035	0	0.6148305927968029	pca256	per_subclass	Vip
H20.33.036	1	0.852889394475358	pca256	per_subclass	Vip
H20.33.037	1	0.9592476110527984	pca256	per_subclass	Vip
H20.33.038	1	0.9336307393995839	pca256	per_subclass	Vip
H20.33.039	1	0.8054679021027512	pca256	per_subclass	Vip
H20.33.040	1	0.8566604511276908	pca256	per_subclass	Vip
H20.33.041	1	0.8814739821080781	pca256	per_subclass	Vip
H20.33.043	1	0.48222850067926554	pca256	per_subclass	Vip
H20.33.044	0	0.4092904081774408	pca256	per_subclass	Vip
H20.33.045	1	0.9587039454563051	pca256	per_subclass	Vip
H20.33.046	1	0.8920176219222233	pca256	per_subclass	Vip
H21.33.001	0	0.8340929019834782	pca256	per_subclass	Vip
H21.33.002	1	0.8979506646769639	pca256	per_subclass	Vip
H21.33.003	0	0.6035230003834308	pca256	per_subclass	Vip
H21.33.004	0	0.41005750739155705	pca256	per_subclass	Vip
H21.33.005	1	0.9117484930476991	pca256	per_subclass	Vip
H21.33.006	1	0.5687446169457996	pca256	per_subclass	Vip
H21.33.007	1	0.7774933979259614	pca256	per_subclass	Vip
H21.33.008	1	0.9826877084539435	pca256	per_subclass	Vip
H21.33.009	1	0.962674097809464	pca256	per_subclass	Vip
H21.33.010	1	0.9232347966329616	pca256	per_subclass	Vip
H21.33.011	0	0.691544595555689	pca256	per_subclass	Vip
H21.33.012	1	0.6897294673662085	pca256	per_subclass	Vip
H21.33.013	1	0.9414575889677292	pca256	per_subclass	Vip
H21.33.014	1	0.7269622145802231	pca256	per_subclass	Vip
H21.33.015	0	0.6615580623155531	pca256	per_subclass	Vip
H21.33.016	0	0.7605748989120775	pca256	per_subclass	Vip
H21.33.017	1	0.9394356425930515	pca256	per_subclass	Vip
H21.33.018	0	0.7205854596329019	pca256	per_subclass	Vip
H21.33.019	0	0.881750312715395	pca256	per_subclass	Vip
H21.33.020	1	0.9445264961568949	pca256	per_subclass	Vip
H21.33.021	1	0.8078406377622219	pca256	per_subclass	Vip
H21.33.022	1	0.7780130065064553	pca256	per_subclass	Vip
H21.33.023	0	0.6921195492740864	pca256	per_subclass	Vip
H21.33.025	1	0.9409879151157126	pca256	per_subclass	Vip
H21.33.026	1	0.7225508604826679	pca256	per_subclass	Vip
H21.33.027	1	0.7539457009276689	pca256	per_subclass	Vip
H21.33.028	0	0.8123557494378085	pca256	per_subclass	Vip
H21.33.029	1	0.7894662394165227	pca256	per_subclass	Vip
H21.33.030	1	0.2828969734640333	pca256	per_subclass	Vip
H21.33.031	1	0.8038190589037197	pca256	per_subclass	Vip
H21.33.032	0	0.689184328470667	pca256	per_subclass	Vip
H21.33.033	1	0.9378941845885527	pca256	per_subclass	Vip
H21.33.034	1	0.9841627239132977	pca256	per_subclass	Vip
H21.33.035	1	0.845473935595247	pca256	per_subclass	Vip
H21.33.036	1	0.4325110224452661	pca256	per_subclass	Vip
H21.33.037	0	0.5596605559751062	pca256	per_subclass	Vip
H21.33.038	0	0.8200156756901077	pca256	per_subclass	Vip
H21.33.039	1	0.9051844463813611	pca256	per_subclass	Vip
H21.33.040	1	0.9108444199214176	pca256	per_subclass	Vip
H21.33.041	0	0.7034616414525351	pca256	per_subclass	Vip
H21.33.042	1	0.9102199378203958	pca256	per_subclass	Vip
H21.33.043	0	0.8431369299410374	pca256	per_subclass	Vip
H21.33.044	1	0.708685535703046	pca256	per_subclass	Vip
H21.33.045	1	0.9765721825147263	pca256	per_subclass	Vip
H21.33.046	1	0.8746288735389042	pca256	per_subclass	Vip
H21.33.047	1	0.27775687071798727	pca256	per_subclass	Vip
H19.33.004	0	0.9747750568660731	pca256	combined	9 subclasses
H20.33.001	0	0.4976915388095967	pca256	combined	9 subclasses
H20.33.002	0	0.8078334499483285	pca256	combined	9 subclasses
H20.33.004	1	0.772551367449547	pca256	combined	9 subclasses
H20.33.005	1	0.7673991514134728	pca256	combined	9 subclasses
H20.33.008	1	0.6563259490369332	pca256	combined	9 subclasses
H20.33.011	1	0.6319421665741478	pca256	combined	9 subclasses
H20.33.012	0	0.7673761119848772	pca256	combined	9 subclasses
H20.33.013	1	0.7051818774914314	pca256	combined	9 subclasses
H20.33.014	1	0.5288818897205362	pca256	combined	9 subclasses
H20.33.015	1	0.8954915107865485	pca256	combined	9 subclasses
H20.33.016	1	0.878243742065485	pca256	combined	9 subclasses
H20.33.017	1	0.9221547589701652	pca256	combined	9 subclasses
H20.33.018	1	0.9529584839422064	pca256	combined	9 subclasses
H20.33.019	1	0.8604916703799106	pca256	combined	9 subclasses
H20.33.020	1	0.964198489387998	pca256	combined	9 subclasses
H20.33.024	1	0.7374717839799553	pca256	combined	9 subclasses
H20.33.025	1	0.4030100894809528	pca256	combined	9 subclasses
H20.33.026	1	0.9638813173320298	pca256	combined	9 subclasses
H20.33.027	1	0.9425043001346844	pca256	combined	9 subclasses
H20.33.028	1	0.952403101305254	pca256	combined	9 subclasses
H20.33.029	1	0.7251348519172944	pca256	combined	9 subclasses
H20.33.030	1	0.8419692324245952	pca256	combined	9 subclasses
H20.33.031	1	0.4757722462104036	pca256	combined	9 subclasses
H20.33.032	1	0.8006924441397671	pca256	combined	9 subclasses
H20.33.033	1	0.9199416462352105	pca256	combined	9 subclasses
H20.33.034	1	0.8095036255250955	pca256	combined	9 subclasses
H20.33.035	0	0.6939386062935297	pca256	combined	9 subclasses
H20.33.036	1	0.9245523029246998	pca256	combined	9 subclasses
H20.33.037	1	0.9897601484673167	pca256	combined	9 subclasses
H20.33.038	1	0.9780554681308239	pca256	combined	9 subclasses
H20.33.039	1	0.8041432150527055	pca256	combined	9 subclasses
H20.33.040	1	0.9244826117047212	pca256	combined	9 subclasses
H20.33.041	1	0.8943919170643058	pca256	combined	9 subclasses
H20.33.043	1	0.45150853720171413	pca256	combined	9 subclasses
H20.33.044	0	0.6676712623652831	pca256	combined	9 subclasses
H20.33.045	1	0.9718487154037492	pca256	combined	9 subclasses
H20.33.046	1	0.9163842673074587	pca256	combined	9 subclasses
H21.33.001	0	0.8290300709713249	pca256	combined	9 subclasses
H21.33.002	1	0.8177992459389459	pca256	combined	9 subclasses
H21.33.003	0	0.5090900934425966	pca256	combined	9 subclasses
H21.33.004	0	0.5485257697038058	pca256	combined	9 subclasses
H21.33.005	1	0.8116460141282402	pca256	combined	9 subclasses
H21.33.006	1	0.6375102788554643	pca256	combined	9 subclasses
H21.33.007	1	0.8564101703333493	pca256	combined	9 subclasses
H21.33.008	1	0.9471492970625583	pca256	combined	9 subclasses
H21.33.009	1	0.9766567180594146	pca256	combined	9 subclasses
H21.33.010	1	0.8468275060429873	pca256	combined	9 subclasses
H21.33.011	0	0.6625778605994395	pca256	combined	9 subclasses
H21.33.012	1	0.7336739849430873	pca256	combined	9 subclasses
H21.33.013	1	0.9635911325838331	pca256	combined	9 subclasses
H21.33.014	1	0.7172028490375263	pca256	combined	9 subclasses
H21.33.015	0	0.6381538049113752	pca256	combined	9 subclasses
H21.33.016	0	0.5469972919766846	pca256	combined	9 subclasses
H21.33.017	1	0.7160212733028619	pca256	combined	9 subclasses
H21.33.018	0	0.7491750121442664	pca256	combined	9 subclasses
H21.33.019	0	0.6633839983173114	pca256	combined	9 subclasses
H21.33.020	1	0.9433284444894283	pca256	combined	9 subclasses
H21.33.021	1	0.9406036857625208	pca256	combined	9 subclasses
H21.33.022	1	0.5449569649991949	pca256	combined	9 subclasses
H21.33.023	0	0.6604728865002614	pca256	combined	9 subclasses
H21.33.025	1	0.7996888864639479	pca256	combined	9 subclasses
H21.33.026	1	0.43719233986406014	pca256	combined	9 subclasses
H21.33.027	1	0.6281597783175814	pca256	combined	9 subclasses
H21.33.028	0	0.8730570409185157	pca256	combined	9 subclasses
H21.33.029	1	0.9589176552002276	pca256	combined	9 subclasses
H21.33.030	1	0.8230697400816863	pca256	combined	9 subclasses
H21.33.031	1	0.8215131226201781	pca256	combined	9 subclasses
H21.33.032	0	0.7866816665989109	pca256	combined	9 subclasses
H21.33.033	1	0.9175246678879965	pca256	combined	9 subclasses
H21.33.034	1	0.9858638852886357	pca256	combined	9 subclasses
H21.33.035	1	0.8846897760032384	pca256	combined	9 subclasses
H21.33.036	1	0.5630539739980019	pca256	combined	9 subclasses
H21.33.037	0	0.6697564169036957	pca256	combined	9 subclasses
H21.33.038	0	0.8770714093135494	pca256	combined	9 subclasses
H21.33.039	1	0.933245098961231	pca256	combined	9 subclasses
H21.33.040	1	0.8753198934415789	pca256	combined	9 subclasses
H21.33.041	0	0.7376227346674201	pca256	combined	9 subclasses
H21.33.042	1	0.611639270786147	pca256	combined	9 subclasses
H21.33.043	0	0.8263008266176449	pca256	combined	9 subclasses
H21.33.044	1	0.40509668187983594	pca256	combined	9 subclasses
H21.33.045	1	0.9964925997605381	pca256	combined	9 subclasses
H21.33.046	1	0.9567285850553754	pca256	combined	9 subclasses
H21.33.047	1	0.7352581356851473	pca256	combined	9 subclasses
H19.33.004	0	0.966042149491049	pca256	combined+cov	9 subclasses
H20.33.001	0	0.47730004967400264	pca256	combined+cov	9 subclasses
H20.33.002	0	0.8113425938061336	pca256	combined+cov	9 subclasses
H20.33.004	1	0.8238725121193312	pca256	combined+cov	9 subclasses
H20.33.005	1	0.754619674327427	pca256	combined+cov	9 subclasses
H20.33.008	1	0.818733895641295	pca256	combined+cov	9 subclasses
H20.33.011	1	0.7254227131806751	pca256	combined+cov	9 subclasses
H20.33.012	0	0.7681514428814064	pca256	combined+cov	9 subclasses
H20.33.013	1	0.7078102846980665	pca256	combined+cov	9 subclasses
H20.33.014	1	0.49554807761621494	pca256	combined+cov	9 subclasses
H20.33.015	1	0.8758992306850061	pca256	combined+cov	9 subclasses
H20.33.016	1	0.8792263117515263	pca256	combined+cov	9 subclasses
H20.33.017	1	0.9156393518908036	pca256	combined+cov	9 subclasses
H20.33.018	1	0.9675368217092852	pca256	combined+cov	9 subclasses
H20.33.019	1	0.8922726882377718	pca256	combined+cov	9 subclasses
H20.33.020	1	0.9868469737581809	pca256	combined+cov	9 subclasses
H20.33.024	1	0.6615982237207001	pca256	combined+cov	9 subclasses
H20.33.025	1	0.4387778791845622	pca256	combined+cov	9 subclasses
H20.33.026	1	0.9829599552530428	pca256	combined+cov	9 subclasses
H20.33.027	1	0.9378165078992241	pca256	combined+cov	9 subclasses
H20.33.028	1	0.9476227835560096	pca256	combined+cov	9 subclasses
H20.33.029	1	0.6760998583504101	pca256	combined+cov	9 subclasses
H20.33.030	1	0.8811246720599835	pca256	combined+cov	9 subclasses
H20.33.031	1	0.392947373479487	pca256	combined+cov	9 subclasses
H20.33.032	1	0.7403732784119285	pca256	combined+cov	9 subclasses
H20.33.033	1	0.9056482551315954	pca256	combined+cov	9 subclasses
H20.33.034	1	0.7420102227607169	pca256	combined+cov	9 subclasses
H20.33.035	0	0.6804554697784247	pca256	combined+cov	9 subclasses
H20.33.036	1	0.8947262586563205	pca256	combined+cov	9 subclasses
H20.33.037	1	0.9817638514721979	pca256	combined+cov	9 subclasses
H20.33.038	1	0.9840789212271549	pca256	combined+cov	9 subclasses
H20.33.039	1	0.7768375098684296	pca256	combined+cov	9 subclasses
H20.33.040	1	0.9002950197344202	pca256	combined+cov	9 subclasses
H20.33.041	1	0.8716386292815195	pca256	combined+cov	9 subclasses
H20.33.043	1	0.7172829875265138	pca256	combined+cov	9 subclasses
H20.33.044	0	0.6071375440859312	pca256	combined+cov	9 subclasses
H20.33.045	1	0.9899745115202119	pca256	combined+cov	9 subclasses
H20.33.046	1	0.9035690328778354	pca256	combined+cov	9 subclasses
H21.33.001	0	0.8160586162651956	pca256	combined+cov	9 subclasses
H21.33.002	1	0.8535332845966496	pca256	combined+cov	9 subclasses
H21.33.003	0	0.45332015597661535	pca256	combined+cov	9 subclasses
H21.33.004	0	0.497589828848509	pca256	combined+cov	9 subclasses
H21.33.005	1	0.7829008871034923	pca256	combined+cov	9 subclasses
H21.33.006	1	0.7187459122048663	pca256	combined+cov	9 subclasses
H21.33.007	1	0.83002159551588	pca256	combined+cov	9 subclasses
H21.33.008	1	0.9428455313891003	pca256	combined+cov	9 subclasses
H21.33.009	1	0.9927937203976572	pca256	combined+cov	9 subclasses
H21.33.010	1	0.8014651803918655	pca256	combined+cov	9 subclasses
H21.33.011	0	0.5829919726534943	pca256	combined+cov	9 subclasses
H21.33.012	1	0.783592988074463	pca256	combined+cov	9 subclasses
H21.33.013	1	0.9766127417399975	pca256	combined+cov	9 subclasses
H21.33.014	1	0.6590875581778768	pca256	combined+cov	9 subclasses
H21.33.015	0	0.5955515712891571	pca256	combined+cov	9 subclasses
H21.33.016	0	0.5096670411061771	pca256	combined+cov	9 subclasses
H21.33.017	1	0.692292123179313	pca256	combined+cov	9 subclasses
H21.33.018	0	0.7082646286166626	pca256	combined+cov	9 subclasses
H21.33.019	0	0.6526028843856594	pca256	combined+cov	9 subclasses
H21.33.020	1	0.9172872813060916	pca256	combined+cov	9 subclasses
H21.33.021	1	0.920953483273728	pca256	combined+cov	9 subclasses
H21.33.022	1	0.5052296920960042	pca256	combined+cov	9 subclasses
H21.33.023	0	0.6319557204465562	pca256	combined+cov	9 subclasses
H21.33.025	1	0.7415416680749689	pca256	combined+cov	9 subclasses
H21.33.026	1	0.521794415437675	pca256	combined+cov	9 subclasses
H21.33.027	1	0.7252443222616787	pca256	combined+cov	9 subclasses
H21.33.028	0	0.8437406323333508	pca256	combined+cov	9 subclasses
H21.33.029	1	0.9683664247854298	pca256	combined+cov	9 subclasses
H21.33.030	1	0.8821026219269162	pca256	combined+cov	9 subclasses
H21.33.031	1	0.8716179686349296	pca256	combined+cov	9 subclasses
H21.33.032	0	0.7808039150142608	pca256	combined+cov	9 subclasses
H21.33.033	1	0.9352518618930888	pca256	combined+cov	9 subclasses
H21.33.034	1	0.9892428554263262	pca256	combined+cov	9 subclasses
H21.33.035	1	0.8610693373303484	pca256	combined+cov	9 subclasses
H21.33.036	1	0.5002737255402898	pca256	combined+cov	9 subclasses
H21.33.037	0	0.6363757735927764	pca256	combined+cov	9 subclasses
H21.33.038	0	0.8377885246032657	pca256	combined+cov	9 subclasses
H21.33.039	1	0.9208998990309143	pca256	combined+cov	9 subclasses
H21.33.040	1	0.9254337014512644	pca256	combined+cov	9 subclasses
H21.33.041	0	0.7004216460699476	pca256	combined+cov	9 subclasses
H21.33.042	1	0.7907838985399971	pca256	combined+cov	9 subclasses
H21.33.043	0	0.8180403839268132	pca256	combined+cov	9 subclasses
H21.33.044	1	0.4165711759795694	pca256	combined+cov	9 subclasses
H21.33.045	1	0.997320953914967	pca256	combined+cov	9 subclasses
H21.33.046	1	0.9459223855211393	pca256	combined+cov	9 subclasses
H21.33.047	1	0.7143911546707729	pca256	combined+cov	9 subclasses
H19.33.004	0	0.9843119217019728	gf_v2_104m_cls	per_subclass	Astrocyte
H20.33.001	0	0.7962984068599673	gf_v2_104m_cls	per_subclass	Astrocyte
H20.33.002	0	0.7784081092234529	gf_v2_104m_cls	per_subclass	Astrocyte
H20.33.004	1	0.7697605523824997	gf_v2_104m_cls	per_subclass	Astrocyte
H20.33.005	1	0.7416371559534695	gf_v2_104m_cls	per_subclass	Astrocyte
H20.33.008	1	0.8055392154851451	gf_v2_104m_cls	per_subclass	Astrocyte
H20.33.011	1	0.5516622475938082	gf_v2_104m_cls	per_subclass	Astrocyte
H20.33.012	0	0.8278350663056943	gf_v2_104m_cls	per_subclass	Astrocyte
H20.33.013	1	0.7377089776330641	gf_v2_104m_cls	per_subclass	Astrocyte
H20.33.014	1	0.7891161736920846	gf_v2_104m_cls	per_subclass	Astrocyte
H20.33.015	1	0.9228499203075954	gf_v2_104m_cls	per_subclass	Astrocyte
H20.33.016	1	0.7097940194237293	gf_v2_104m_cls	per_subclass	Astrocyte
H20.33.017	1	0.8827057824722553	gf_v2_104m_cls	per_subclass	Astrocyte
H20.33.018	1	0.9331725103912556	gf_v2_104m_cls	per_subclass	Astrocyte
H20.33.019	1	0.7908830511950439	gf_v2_104m_cls	per_subclass	Astrocyte
H20.33.020	1	0.895839811852458	gf_v2_104m_cls	per_subclass	Astrocyte
H20.33.024	1	0.4148406556551019	gf_v2_104m_cls	per_subclass	Astrocyte
H20.33.025	1	0.6572226669083998	gf_v2_104m_cls	per_subclass	Astrocyte
H20.33.026	1	0.5945469515815828	gf_v2_104m_cls	per_subclass	Astrocyte
H20.33.027	1	0.9044862251037953	gf_v2_104m_cls	per_subclass	Astrocyte
H20.33.028	1	0.8687580394702558	gf_v2_104m_cls	per_subclass	Astrocyte
H20.33.029	1	0.4809743509503289	gf_v2_104m_cls	per_subclass	Astrocyte
H20.33.030	1	0.7140188004057733	gf_v2_104m_cls	per_subclass	Astrocyte
H20.33.031	1	0.5036503016647531	gf_v2_104m_cls	per_subclass	Astrocyte
H20.33.032	1	0.3163435019068938	gf_v2_104m_cls	per_subclass	Astrocyte
H20.33.033	1	0.9511221322273388	gf_v2_104m_cls	per_subclass	Astrocyte
H20.33.034	1	0.8207365207805711	gf_v2_104m_cls	per_subclass	Astrocyte
H20.33.035	0	0.4021284642983525	gf_v2_104m_cls	per_subclass	Astrocyte
H20.33.036	1	0.8812370626115845	gf_v2_104m_cls	per_subclass	Astrocyte
H20.33.037	1	0.8677621263514691	gf_v2_104m_cls	per_subclass	Astrocyte
H20.33.038	1	0.892168042847293	gf_v2_104m_cls	per_subclass	Astrocyte
H20.33.039	1	0.6911013219907657	gf_v2_104m_cls	per_subclass	Astrocyte
H20.33.040	1	0.6933128602028661	gf_v2_104m_cls	per_subclass	Astrocyte
H20.33.041	1	0.6325799989441263	gf_v2_104m_cls	per_subclass	Astrocyte
H20.33.043	1	0.7191349003660078	gf_v2_104m_cls	per_subclass	Astrocyte
H20.33.044	0	0.6148499322490869	gf_v2_104m_cls	per_subclass	Astrocyte
H20.33.045	1	0.8321753228277137	gf_v2_104m_cls	per_subclass	Astrocyte
H20.33.046	1	0.8802750990356735	gf_v2_104m_cls	per_subclass	Astrocyte
H21.33.001	0	0.9613533373562259	gf_v2_104m_cls	per_subclass	Astrocyte
H21.33.002	1	0.8319702932275879	gf_v2_104m_cls	per_subclass	Astrocyte
H21.33.003	0	0.8916494056653169	gf_v2_104m_cls	per_subclass	Astrocyte
H21.33.004	0	0.6240512624407388	gf_v2_104m_cls	per_subclass	Astrocyte
H21.33.005	1	0.7855451533670592	gf_v2_104m_cls	per_subclass	Astrocyte
H21.33.006	1	0.8286444722175232	gf_v2_104m_cls	per_subclass	Astrocyte
H21.33.007	1	0.807915305741661	gf_v2_104m_cls	per_subclass	Astrocyte
H21.33.008	1	0.5598761364331265	gf_v2_104m_cls	per_subclass	Astrocyte
H21.33.009	1	0.9441728800001826	gf_v2_104m_cls	per_subclass	Astrocyte
H21.33.010	1	0.6226498079194107	gf_v2_104m_cls	per_subclass	Astrocyte
H21.33.011	0	0.5764309327888741	gf_v2_104m_cls	per_subclass	Astrocyte
H21.33.012	1	0.5760334682235635	gf_v2_104m_cls	per_subclass	Astrocyte
H21.33.013	1	0.8661720399786328	gf_v2_104m_cls	per_subclass	Astrocyte
H21.33.014	1	0.8806772058208014	gf_v2_104m_cls	per_subclass	Astrocyte
H21.33.015	0	0.7449967575073184	gf_v2_104m_cls	per_subclass	Astrocyte
H21.33.016	0	0.795230431579188	gf_v2_104m_cls	per_subclass	Astrocyte
H21.33.017	1	0.6157610305235279	gf_v2_104m_cls	per_subclass	Astrocyte
H21.33.018	0	0.8420368557632834	gf_v2_104m_cls	per_subclass	Astrocyte
H21.33.019	0	0.9404578670441351	gf_v2_104m_cls	per_subclass	Astrocyte
H21.33.020	1	0.9600762066762212	gf_v2_104m_cls	per_subclass	Astrocyte
H21.33.021	1	0.7003621461371357	gf_v2_104m_cls	per_subclass	Astrocyte
H21.33.022	1	0.902067439508175	gf_v2_104m_cls	per_subclass	Astrocyte
H21.33.023	0	0.6197830423269843	gf_v2_104m_cls	per_subclass	Astrocyte
H21.33.025	1	0.6080602098980746	gf_v2_104m_cls	per_subclass	Astrocyte
H21.33.026	1	0.5818147022126523	gf_v2_104m_cls	per_subclass	Astrocyte
H21.33.027	1	0.5970209148113994	gf_v2_104m_cls	per_subclass	Astrocyte
H21.33.028	0	0.8811710068327041	gf_v2_104m_cls	per_subclass	Astrocyte
H21.33.029	1	0.7800738823217961	gf_v2_104m_cls	per_subclass	Astrocyte
H21.33.030	1	0.7319067439969292	gf_v2_104m_cls	per_subclass	Astrocyte
H21.33.031	1	0.6796429597330358	gf_v2_104m_cls	per_subclass	Astrocyte
H21.33.032	0	0.7605818250732632	gf_v2_104m_cls	per_subclass	Astrocyte
H21.33.033	1	0.5382457158278271	gf_v2_104m_cls	per_subclass	Astrocyte
H21.33.034	1	0.9734710287136673	gf_v2_104m_cls	per_subclass	Astrocyte
H21.33.035	1	0.8323585546161061	gf_v2_104m_cls	per_subclass	Astrocyte
H21.33.036	1	0.5440251988152742	gf_v2_104m_cls	per_subclass	Astrocyte
H21.33.037	0	0.4692017648850551	gf_v2_104m_cls	per_subclass	Astrocyte
H21.33.038	0	0.66332711807328	gf_v2_104m_cls	per_subclass	Astrocyte
H21.33.039	1	0.8915289337497354	gf_v2_104m_cls	per_subclass	Astrocyte
H21.33.040	1	0.9239972071743134	gf_v2_104m_cls	per_subclass	Astrocyte
H21.33.041	0	0.8432128040360933	gf_v2_104m_cls	per_subclass	Astrocyte
H21.33.042	1	0.6561121021233767	gf_v2_104m_cls	per_subclass	Astrocyte
H21.33.043	0	0.7989851737892906	gf_v2_104m_cls	per_subclass	Astrocyte
H21.33.044	1	0.822786136994262	gf_v2_104m_cls	per_subclass	Astrocyte
H21.33.045	1	0.9004495271374674	gf_v2_104m_cls	per_subclass	Astrocyte
H21.33.046	1	0.7401989376325222	gf_v2_104m_cls	per_subclass	Astrocyte
H21.33.047	1	0.605102355343824	gf_v2_104m_cls	per_subclass	Astrocyte
H19.33.004	0	0.9314683417956795	gf_v2_104m_cls	per_subclass	Chandelier
H20.33.001	0	0.7713119523675223	gf_v2_104m_cls	per_subclass	Chandelier
H20.33.002	0	0.5612900930970783	gf_v2_104m_cls	per_subclass	Chandelier
H20.33.004	1	0.41233855952047127	gf_v2_104m_cls	per_subclass	Chandelier
H20.33.005	1	0.8667199668242451	gf_v2_104m_cls	per_subclass	Chandelier
H20.33.008	1	0.7289876812309526	gf_v2_104m_cls	per_subclass	Chandelier
H20.33.011	1	0.48332128033586763	gf_v2_104m_cls	per_subclass	Chandelier
H20.33.012	0	0.6438862362355964	gf_v2_104m_cls	per_subclass	Chandelier
H20.33.013	1	0.6255908254388697	gf_v2_104m_cls	per_subclass	Chandelier
H20.33.014	1	0.48712874689220503	gf_v2_104m_cls	per_subclass	Chandelier
H20.33.015	1	0.8778157727580236	gf_v2_104m_cls	per_subclass	Chandelier
H20.33.016	1	0.7665479088207444	gf_v2_104m_cls	per_subclass	Chandelier
H20.33.017	1	0.8540587883281727	gf_v2_104m_cls	per_subclass	Chandelier
H20.33.018	1	0.8796504078372921	gf_v2_104m_cls	per_subclass	Chandelier
H20.33.019	1	0.8905401761264636	gf_v2_104m_cls	per_subclass	Chandelier
H20.33.020	1	0.8940266030853335	gf_v2_104m_cls	per_subclass	Chandelier
H20.33.024	1	0.4592488518379991	gf_v2_104m_cls	per_subclass	Chandelier
H20.33.025	1	0.4386730775572052	gf_v2_104m_cls	per_subclass	Chandelier
H20.33.026	1	0.5211521956867493	gf_v2_104m_cls	per_subclass	Chandelier
H20.33.027	1	0.8655744172469777	gf_v2_104m_cls	per_subclass	Chandelier
H20.33.028	1	0.9722380219410939	gf_v2_104m_cls	per_subclass	Chandelier
H20.33.029	1	0.6297174770856443	gf_v2_104m_cls	per_subclass	Chandelier
H20.33.030	1	0.9190228228994464	gf_v2_104m_cls	per_subclass	Chandelier
H20.33.031	1	0.6345276940475544	gf_v2_104m_cls	per_subclass	Chandelier
H20.33.032	1	0.5793435126860288	gf_v2_104m_cls	per_subclass	Chandelier
H20.33.033	1	0.741358786009964	gf_v2_104m_cls	per_subclass	Chandelier
H20.33.034	1	0.808952979106045	gf_v2_104m_cls	per_subclass	Chandelier
H20.33.035	0	0.8791863783362844	gf_v2_104m_cls	per_subclass	Chandelier
H20.33.036	1	0.9611532014777253	gf_v2_104m_cls	per_subclass	Chandelier
H20.33.037	1	0.8524742429585002	gf_v2_104m_cls	per_subclass	Chandelier
H20.33.039	1	0.18325163583991308	gf_v2_104m_cls	per_subclass	Chandelier
H20.33.040	1	0.7313439136346642	gf_v2_104m_cls	per_subclass	Chandelier
H20.33.041	1	0.7385431651766458	gf_v2_104m_cls	per_subclass	Chandelier
H20.33.043	1	0.5569946171757032	gf_v2_104m_cls	per_subclass	Chandelier
H20.33.044	0	0.696592018539673	gf_v2_104m_cls	per_subclass	Chandelier
H20.33.045	1	0.9893879551040785	gf_v2_104m_cls	per_subclass	Chandelier
H20.33.046	1	0.9607656284344314	gf_v2_104m_cls	per_subclass	Chandelier
H21.33.001	0	0.3449102775869818	gf_v2_104m_cls	per_subclass	Chandelier
H21.33.002	1	0.7270979514684447	gf_v2_104m_cls	per_subclass	Chandelier
H21.33.003	0	0.7730934572739147	gf_v2_104m_cls	per_subclass	Chandelier
H21.33.004	0	0.6441742012997265	gf_v2_104m_cls	per_subclass	Chandelier
H21.33.005	1	0.8868225868326846	gf_v2_104m_cls	per_subclass	Chandelier
H21.33.006	1	0.6541990042951703	gf_v2_104m_cls	per_subclass	Chandelier
H21.33.007	1	0.6248763280099773	gf_v2_104m_cls	per_subclass	Chandelier
H21.33.008	1	0.8480735083092161	gf_v2_104m_cls	per_subclass	Chandelier
H21.33.009	1	0.988427489631903	gf_v2_104m_cls	per_subclass	Chandelier
H21.33.010	1	0.9342128003673222	gf_v2_104m_cls	per_subclass	Chandelier
H21.33.011	0	0.3366017522413124	gf_v2_104m_cls	per_subclass	Chandelier
H21.33.012	1	0.5176025045819663	gf_v2_104m_cls	per_subclass	Chandelier
H21.33.013	1	0.9548815561014148	gf_v2_104m_cls	per_subclass	Chandelier
H21.33.014	1	0.7632890517018864	gf_v2_104m_cls	per_subclass	Chandelier
H21.33.015	0	0.7412673411104013	gf_v2_104m_cls	per_subclass	Chandelier
H21.33.016	0	0.7090532994345417	gf_v2_104m_cls	per_subclass	Chandelier
H21.33.017	1	0.5912974681871179	gf_v2_104m_cls	per_subclass	Chandelier
H21.33.018	0	0.6669076223785945	gf_v2_104m_cls	per_subclass	Chandelier
H21.33.019	0	0.518311772248937	gf_v2_104m_cls	per_subclass	Chandelier
H21.33.021	1	0.7868766872543519	gf_v2_104m_cls	per_subclass	Chandelier
H21.33.022	1	0.8385943472999063	gf_v2_104m_cls	per_subclass	Chandelier
H21.33.023	0	0.6950711390354198	gf_v2_104m_cls	per_subclass	Chandelier
H21.33.025	1	0.9403309875509646	gf_v2_104m_cls	per_subclass	Chandelier
H21.33.026	1	0.8918235681776976	gf_v2_104m_cls	per_subclass	Chandelier
H21.33.027	1	0.6694677616550135	gf_v2_104m_cls	per_subclass	Chandelier
H21.33.028	0	0.8642043491512824	gf_v2_104m_cls	per_subclass	Chandelier
H21.33.029	1	0.7956361838091155	gf_v2_104m_cls	per_subclass	Chandelier
H21.33.030	1	0.5696937061238301	gf_v2_104m_cls	per_subclass	Chandelier
H21.33.031	1	0.8169495126074698	gf_v2_104m_cls	per_subclass	Chandelier
H21.33.032	0	0.676207592490677	gf_v2_104m_cls	per_subclass	Chandelier
H21.33.033	1	0.9449452612767282	gf_v2_104m_cls	per_subclass	Chandelier
H21.33.035	1	0.8533571636664232	gf_v2_104m_cls	per_subclass	Chandelier
H21.33.036	1	0.7072334088126382	gf_v2_104m_cls	per_subclass	Chandelier
H21.33.037	0	0.6432521502048016	gf_v2_104m_cls	per_subclass	Chandelier
H21.33.038	0	0.9378295357097086	gf_v2_104m_cls	per_subclass	Chandelier
H21.33.039	1	0.9412795685785067	gf_v2_104m_cls	per_subclass	Chandelier
H21.33.040	1	0.7319588140685772	gf_v2_104m_cls	per_subclass	Chandelier
H21.33.041	0	0.8233598756852188	gf_v2_104m_cls	per_subclass	Chandelier
H21.33.042	1	0.8663467501721787	gf_v2_104m_cls	per_subclass	Chandelier
H21.33.043	0	0.8779604691431955	gf_v2_104m_cls	per_subclass	Chandelier
H21.33.044	1	0.9394331554957261	gf_v2_104m_cls	per_subclass	Chandelier
H21.33.045	1	0.9937871801724139	gf_v2_104m_cls	per_subclass	Chandelier
H21.33.046	1	0.9060666002931832	gf_v2_104m_cls	per_subclass	Chandelier
H21.33.047	1	0.5667582254337317	gf_v2_104m_cls	per_subclass	Chandelier
H19.33.004	0	0.8746033532646887	gf_v2_104m_cls	per_subclass	Endothelial
H20.33.001	0	0.7632129925086695	gf_v2_104m_cls	per_subclass	Endothelial
H20.33.002	0	0.9362426429311675	gf_v2_104m_cls	per_subclass	Endothelial
H20.33.004	1	0.7168376357906185	gf_v2_104m_cls	per_subclass	Endothelial
H20.33.005	1	0.7304998410121509	gf_v2_104m_cls	per_subclass	Endothelial
H20.33.008	1	0.5512281925720687	gf_v2_104m_cls	per_subclass	Endothelial
H20.33.011	1	0.6910017851725601	gf_v2_104m_cls	per_subclass	Endothelial
H20.33.012	0	0.8087297726241566	gf_v2_104m_cls	per_subclass	Endothelial
H20.33.013	1	0.4635367231226043	gf_v2_104m_cls	per_subclass	Endothelial
H20.33.014	1	0.658459221825472	gf_v2_104m_cls	per_subclass	Endothelial
H20.33.015	1	0.7878107467309647	gf_v2_104m_cls	per_subclass	Endothelial
H20.33.016	1	0.838670499675817	gf_v2_104m_cls	per_subclass	Endothelial
H20.33.017	1	0.8537836260715064	gf_v2_104m_cls	per_subclass	Endothelial
H20.33.018	1	0.9308050537031575	gf_v2_104m_cls	per_subclass	Endothelial
H20.33.019	1	0.598304165400142	gf_v2_104m_cls	per_subclass	Endothelial
H20.33.020	1	0.8580772229148128	gf_v2_104m_cls	per_subclass	Endothelial
H20.33.025	1	0.4810619775488497	gf_v2_104m_cls	per_subclass	Endothelial
H20.33.027	1	0.8842282675325933	gf_v2_104m_cls	per_subclass	Endothelial
H20.33.028	1	0.9580638180613331	gf_v2_104m_cls	per_subclass	Endothelial
H20.33.030	1	0.765403878023075	gf_v2_104m_cls	per_subclass	Endothelial
H20.33.032	1	0.39607762164439275	gf_v2_104m_cls	per_subclass	Endothelial
H20.33.033	1	0.9298921473196092	gf_v2_104m_cls	per_subclass	Endothelial
H20.33.034	1	0.8520565185150237	gf_v2_104m_cls	per_subclass	Endothelial
H20.33.035	0	0.3593709072938233	gf_v2_104m_cls	per_subclass	Endothelial
H20.33.036	1	0.9652065747596199	gf_v2_104m_cls	per_subclass	Endothelial
H20.33.037	1	0.9321969049392707	gf_v2_104m_cls	per_subclass	Endothelial
H20.33.038	1	0.8651634389956463	gf_v2_104m_cls	per_subclass	Endothelial
H20.33.039	1	0.39064352666212077	gf_v2_104m_cls	per_subclass	Endothelial
H20.33.040	1	0.7639779865343679	gf_v2_104m_cls	per_subclass	Endothelial
H20.33.041	1	0.7359755472180298	gf_v2_104m_cls	per_subclass	Endothelial
H20.33.043	1	0.7257219120471268	gf_v2_104m_cls	per_subclass	Endothelial
H20.33.044	0	0.7251784395985094	gf_v2_104m_cls	per_subclass	Endothelial
H20.33.045	1	0.9588408841170082	gf_v2_104m_cls	per_subclass	Endothelial
H20.33.046	1	0.8035950135212658	gf_v2_104m_cls	per_subclass	Endothelial
H21.33.001	0	0.7833182097645697	gf_v2_104m_cls	per_subclass	Endothelial
H21.33.002	1	0.7988144610851181	gf_v2_104m_cls	per_subclass	Endothelial
H21.33.003	0	0.8308503372574784	gf_v2_104m_cls	per_subclass	Endothelial
H21.33.004	0	0.4802179408717507	gf_v2_104m_cls	per_subclass	Endothelial
H21.33.005	1	0.798507060079481	gf_v2_104m_cls	per_subclass	Endothelial
H21.33.007	1	0.9262059888509292	gf_v2_104m_cls	per_subclass	Endothelial
H21.33.009	1	0.33898651931555274	gf_v2_104m_cls	per_subclass	Endothelial
H21.33.010	1	0.7503878437661544	gf_v2_104m_cls	per_subclass	Endothelial
H21.33.011	0	0.31300126123168026	gf_v2_104m_cls	per_subclass	Endothelial
H21.33.012	1	0.7347442615440095	gf_v2_104m_cls	per_subclass	Endothelial
H21.33.013	1	0.7696215110768989	gf_v2_104m_cls	per_subclass	Endothelial
H21.33.015	0	0.681541870111323	gf_v2_104m_cls	per_subclass	Endothelial
H21.33.017	1	0.7299370119966596	gf_v2_104m_cls	per_subclass	Endothelial
H21.33.018	0	0.8957119901571344	gf_v2_104m_cls	per_subclass	Endothelial
H21.33.019	0	0.8461291416976338	gf_v2_104m_cls	per_subclass	Endothelial
H21.33.020	1	0.9458022555672982	gf_v2_104m_cls	per_subclass	Endothelial
H21.33.021	1	0.6322332814701516	gf_v2_104m_cls	per_subclass	Endothelial
H21.33.022	1	0.8221588747962241	gf_v2_104m_cls	per_subclass	Endothelial
H21.33.023	0	0.8326907128975727	gf_v2_104m_cls	per_subclass	Endothelial
H21.33.025	1	0.8620376243859207	gf_v2_104m_cls	per_subclass	Endothelial
H21.33.026	1	0.6435378561505772	gf_v2_104m_cls	per_subclass	Endothelial
H21.33.027	1	0.43511847461820674	gf_v2_104m_cls	per_subclass	Endothelial
H21.33.028	0	0.5495770019606133	gf_v2_104m_cls	per_subclass	Endothelial
H21.33.029	1	0.46822986305794434	gf_v2_104m_cls	per_subclass	Endothelial
H21.33.030	1	0.8087783652942846	gf_v2_104m_cls	per_subclass	Endothelial
H21.33.031	1	0.41245294608409644	gf_v2_104m_cls	per_subclass	Endothelial
H21.33.032	0	0.3247101648565021	gf_v2_104m_cls	per_subclass	Endothelial
H21.33.033	1	0.8382210150601285	gf_v2_104m_cls	per_subclass	Endothelial
H21.33.034	1	0.9702882133976466	gf_v2_104m_cls	per_subclass	Endothelial
H21.33.035	1	0.7802973853956063	gf_v2_104m_cls	per_subclass	Endothelial
H21.33.037	0	0.4918484612989378	gf_v2_104m_cls	per_subclass	Endothelial
H21.33.038	0	0.7209619670870111	gf_v2_104m_cls	per_subclass	Endothelial
H21.33.040	1	0.7631455213354827	gf_v2_104m_cls	per_subclass	Endothelial
H21.33.041	0	0.2952963449646398	gf_v2_104m_cls	per_subclass	Endothelial
H21.33.043	0	0.8509395356806364	gf_v2_104m_cls	per_subclass	Endothelial
H21.33.044	1	0.8537462313191284	gf_v2_104m_cls	per_subclass	Endothelial
H21.33.045	1	0.7767124881925096	gf_v2_104m_cls	per_subclass	Endothelial
H21.33.046	1	0.5430680183138208	gf_v2_104m_cls	per_subclass	Endothelial
H21.33.047	1	0.7816758823190864	gf_v2_104m_cls	per_subclass	Endothelial
H19.33.004	0	0.8992457755396481	gf_v2_104m_cls	per_subclass	Immune
H20.33.001	0	0.5403694320811318	gf_v2_104m_cls	per_subclass	Immune
H20.33.002	0	0.710254930335141	gf_v2_104m_cls	per_subclass	Immune
H20.33.004	1	0.978963533553347	gf_v2_104m_cls	per_subclass	Immune
H20.33.005	1	0.868862204681033	gf_v2_104m_cls	per_subclass	Immune
H20.33.008	1	0.7092304691238787	gf_v2_104m_cls	per_subclass	Immune
H20.33.011	1	0.7136354909644387	gf_v2_104m_cls	per_subclass	Immune
H20.33.012	0	0.800598389712925	gf_v2_104m_cls	per_subclass	Immune
H20.33.013	1	0.7115447101855737	gf_v2_104m_cls	per_subclass	Immune
H20.33.014	1	0.5061692547104629	gf_v2_104m_cls	per_subclass	Immune
H20.33.015	1	0.8932370814207499	gf_v2_104m_cls	per_subclass	Immune
H20.33.016	1	0.826431090886099	gf_v2_104m_cls	per_subclass	Immune
H20.33.017	1	0.8280901443897584	gf_v2_104m_cls	per_subclass	Immune
H20.33.018	1	0.9688138741809101	gf_v2_104m_cls	per_subclass	Immune
H20.33.019	1	0.867907997504102	gf_v2_104m_cls	per_subclass	Immune
H20.33.020	1	0.9552186951664552	gf_v2_104m_cls	per_subclass	Immune
H20.33.024	1	0.1707879628579564	gf_v2_104m_cls	per_subclass	Immune
H20.33.025	1	0.577740015816677	gf_v2_104m_cls	per_subclass	Immune
H20.33.026	1	0.7752128106338129	gf_v2_104m_cls	per_subclass	Immune
H20.33.027	1	0.9825430259696526	gf_v2_104m_cls	per_subclass	Immune
H20.33.028	1	0.9855049867604248	gf_v2_104m_cls	per_subclass	Immune
H20.33.029	1	0.6583666419519955	gf_v2_104m_cls	per_subclass	Immune
H20.33.030	1	0.8399677630704929	gf_v2_104m_cls	per_subclass	Immune
H20.33.031	1	0.5416464778557152	gf_v2_104m_cls	per_subclass	Immune
H20.33.032	1	0.5479353713843014	gf_v2_104m_cls	per_subclass	Immune
H20.33.033	1	0.8001578601237632	gf_v2_104m_cls	per_subclass	Immune
H20.33.034	1	0.9537816735176182	gf_v2_104m_cls	per_subclass	Immune
H20.33.035	0	0.6465347599167772	gf_v2_104m_cls	per_subclass	Immune
H20.33.036	1	0.9649251020304741	gf_v2_104m_cls	per_subclass	Immune
H20.33.037	1	0.996541888175887	gf_v2_104m_cls	per_subclass	Immune
H20.33.038	1	0.994091121404886	gf_v2_104m_cls	per_subclass	Immune
H20.33.039	1	0.7874502266501675	gf_v2_104m_cls	per_subclass	Immune
H20.33.040	1	0.9696855324612358	gf_v2_104m_cls	per_subclass	Immune
H20.33.041	1	0.72077493199682	gf_v2_104m_cls	per_subclass	Immune
H20.33.043	1	0.44235857736237144	gf_v2_104m_cls	per_subclass	Immune
H20.33.044	0	0.4866215267756301	gf_v2_104m_cls	per_subclass	Immune
H20.33.045	1	0.9967381309026614	gf_v2_104m_cls	per_subclass	Immune
H20.33.046	1	0.9480257176152753	gf_v2_104m_cls	per_subclass	Immune
H21.33.001	0	0.8644619312163222	gf_v2_104m_cls	per_subclass	Immune
H21.33.002	1	0.7395853743906835	gf_v2_104m_cls	per_subclass	Immune
H21.33.003	0	0.41138746284978395	gf_v2_104m_cls	per_subclass	Immune
H21.33.004	0	0.22170667331154972	gf_v2_104m_cls	per_subclass	Immune
H21.33.005	1	0.6479384455148864	gf_v2_104m_cls	per_subclass	Immune
H21.33.006	1	0.6203726815012817	gf_v2_104m_cls	per_subclass	Immune
H21.33.007	1	0.9334040357160905	gf_v2_104m_cls	per_subclass	Immune
H21.33.008	1	0.6916910851657915	gf_v2_104m_cls	per_subclass	Immune
H21.33.009	1	0.9174788819314896	gf_v2_104m_cls	per_subclass	Immune
H21.33.010	1	0.7650634644457284	gf_v2_104m_cls	per_subclass	Immune
H21.33.011	0	0.43418125697231813	gf_v2_104m_cls	per_subclass	Immune
H21.33.012	1	0.7112082573449419	gf_v2_104m_cls	per_subclass	Immune
H21.33.013	1	0.891253988353381	gf_v2_104m_cls	per_subclass	Immune
H21.33.014	1	0.9072079509109422	gf_v2_104m_cls	per_subclass	Immune
H21.33.015	0	0.8458674683925407	gf_v2_104m_cls	per_subclass	Immune
H21.33.016	0	0.2197572196470745	gf_v2_104m_cls	per_subclass	Immune
H21.33.017	1	0.9439815509156068	gf_v2_104m_cls	per_subclass	Immune
H21.33.018	0	0.8399144061931534	gf_v2_104m_cls	per_subclass	Immune
H21.33.019	0	0.5726213436277989	gf_v2_104m_cls	per_subclass	Immune
H21.33.020	1	0.9921773117017378	gf_v2_104m_cls	per_subclass	Immune
H21.33.021	1	0.7676041122903859	gf_v2_104m_cls	per_subclass	Immune
H21.33.022	1	0.5252730619399247	gf_v2_104m_cls	per_subclass	Immune
H21.33.023	0	0.9302830222895878	gf_v2_104m_cls	per_subclass	Immune
H21.33.025	1	0.6210207942251916	gf_v2_104m_cls	per_subclass	Immune
H21.33.026	1	0.5742807704647032	gf_v2_104m_cls	per_subclass	Immune
H21.33.027	1	0.5612833437497091	gf_v2_104m_cls	per_subclass	Immune
H21.33.028	0	0.8226966400666228	gf_v2_104m_cls	per_subclass	Immune
H21.33.029	1	0.9012094026361815	gf_v2_104m_cls	per_subclass	Immune
H21.33.030	1	0.8766489401282896	gf_v2_104m_cls	per_subclass	Immune
H21.33.031	1	0.7584259231655774	gf_v2_104m_cls	per_subclass	Immune
H21.33.032	0	0.8154949211096628	gf_v2_104m_cls	per_subclass	Immune
H21.33.033	1	0.9511741880250592	gf_v2_104m_cls	per_subclass	Immune
H21.33.034	1	0.9758905878002825	gf_v2_104m_cls	per_subclass	Immune
H21.33.035	1	0.9450571964312733	gf_v2_104m_cls	per_subclass	Immune
H21.33.036	1	0.5606236567098183	gf_v2_104m_cls	per_subclass	Immune
H21.33.037	0	0.764922521046819	gf_v2_104m_cls	per_subclass	Immune
H21.33.038	0	0.8749287738993156	gf_v2_104m_cls	per_subclass	Immune
H21.33.039	1	0.8792628594765267	gf_v2_104m_cls	per_subclass	Immune
H21.33.040	1	0.8851865448586054	gf_v2_104m_cls	per_subclass	Immune
H21.33.041	0	0.6384272453781046	gf_v2_104m_cls	per_subclass	Immune
H21.33.042	1	0.042190474280203484	gf_v2_104m_cls	per_subclass	Immune
H21.33.043	0	0.39279639242567066	gf_v2_104m_cls	per_subclass	Immune
H21.33.044	1	0.8907739636383812	gf_v2_104m_cls	per_subclass	Immune
H21.33.045	1	0.9804952452648206	gf_v2_104m_cls	per_subclass	Immune
H21.33.046	1	0.939354208508869	gf_v2_104m_cls	per_subclass	Immune
H21.33.047	1	0.8243312456795954	gf_v2_104m_cls	per_subclass	Immune
H19.33.004	0	0.9623699098877374	gf_v2_104m_cls	per_subclass	L2/3 IT
H20.33.001	0	0.5534613761742236	gf_v2_104m_cls	per_subclass	L2/3 IT
H20.33.002	0	0.9008371855705619	gf_v2_104m_cls	per_subclass	L2/3 IT
H20.33.004	1	0.7723934309248399	gf_v2_104m_cls	per_subclass	L2/3 IT
H20.33.005	1	0.7469503987520237	gf_v2_104m_cls	per_subclass	L2/3 IT
H20.33.008	1	0.9845341630618571	gf_v2_104m_cls	per_subclass	L2/3 IT
H20.33.011	1	0.09084971483766999	gf_v2_104m_cls	per_subclass	L2/3 IT
H20.33.012	0	0.506642378769993	gf_v2_104m_cls	per_subclass	L2/3 IT
H20.33.013	1	0.760590587600918	gf_v2_104m_cls	per_subclass	L2/3 IT
H20.33.014	1	0.8307808078536801	gf_v2_104m_cls	per_subclass	L2/3 IT
H20.33.015	1	0.5940601674967224	gf_v2_104m_cls	per_subclass	L2/3 IT
H20.33.016	1	0.9649280461869972	gf_v2_104m_cls	per_subclass	L2/3 IT
H20.33.017	1	0.8970707849204012	gf_v2_104m_cls	per_subclass	L2/3 IT
H20.33.018	1	0.8500525731767065	gf_v2_104m_cls	per_subclass	L2/3 IT
H20.33.019	1	0.9643415383074713	gf_v2_104m_cls	per_subclass	L2/3 IT
H20.33.020	1	0.9663129557990457	gf_v2_104m_cls	per_subclass	L2/3 IT
H20.33.024	1	0.6263462800960791	gf_v2_104m_cls	per_subclass	L2/3 IT
H20.33.025	1	0.6034797790366082	gf_v2_104m_cls	per_subclass	L2/3 IT
H20.33.026	1	0.6665342991883693	gf_v2_104m_cls	per_subclass	L2/3 IT
H20.33.027	1	0.9530719369355376	gf_v2_104m_cls	per_subclass	L2/3 IT
H20.33.028	1	0.9731690491977819	gf_v2_104m_cls	per_subclass	L2/3 IT
H20.33.029	1	0.5938123538392398	gf_v2_104m_cls	per_subclass	L2/3 IT
H20.33.030	1	0.8000828766759946	gf_v2_104m_cls	per_subclass	L2/3 IT
H20.33.031	1	0.535548561162696	gf_v2_104m_cls	per_subclass	L2/3 IT
H20.33.032	1	0.5096192754075365	gf_v2_104m_cls	per_subclass	L2/3 IT
H20.33.033	1	0.9614058333558541	gf_v2_104m_cls	per_subclass	L2/3 IT
H20.33.034	1	0.8818296309802738	gf_v2_104m_cls	per_subclass	L2/3 IT
H20.33.035	0	0.7605065955523298	gf_v2_104m_cls	per_subclass	L2/3 IT
H20.33.036	1	0.9666291800301472	gf_v2_104m_cls	per_subclass	L2/3 IT
H20.33.037	1	0.986024922523761	gf_v2_104m_cls	per_subclass	L2/3 IT
H20.33.038	1	0.9890955619080852	gf_v2_104m_cls	per_subclass	L2/3 IT
H20.33.039	1	0.2588513345685918	gf_v2_104m_cls	per_subclass	L2/3 IT
H20.33.040	1	0.8030248053776667	gf_v2_104m_cls	per_subclass	L2/3 IT
H20.33.041	1	0.6815777081944601	gf_v2_104m_cls	per_subclass	L2/3 IT
H20.33.043	1	0.6353362277283601	gf_v2_104m_cls	per_subclass	L2/3 IT
H20.33.044	0	0.5487458955546101	gf_v2_104m_cls	per_subclass	L2/3 IT
H20.33.045	1	0.9971651500478591	gf_v2_104m_cls	per_subclass	L2/3 IT
H20.33.046	1	0.9803627762485305	gf_v2_104m_cls	per_subclass	L2/3 IT
H21.33.001	0	0.25666846991948467	gf_v2_104m_cls	per_subclass	L2/3 IT
H21.33.002	1	0.84832987935754	gf_v2_104m_cls	per_subclass	L2/3 IT
H21.33.003	0	0.903728623674605	gf_v2_104m_cls	per_subclass	L2/3 IT
H21.33.004	0	0.3008022170572989	gf_v2_104m_cls	per_subclass	L2/3 IT
H21.33.005	1	0.9506403246754347	gf_v2_104m_cls	per_subclass	L2/3 IT
H21.33.006	1	0.3956442103661292	gf_v2_104m_cls	per_subclass	L2/3 IT
H21.33.007	1	0.6040966535509956	gf_v2_104m_cls	per_subclass	L2/3 IT
H21.33.008	1	0.9593059384185707	gf_v2_104m_cls	per_subclass	L2/3 IT
H21.33.009	1	0.9801071298028425	gf_v2_104m_cls	per_subclass	L2/3 IT
H21.33.010	1	0.9587797507678392	gf_v2_104m_cls	per_subclass	L2/3 IT
H21.33.011	0	0.23742808245218683	gf_v2_104m_cls	per_subclass	L2/3 IT
H21.33.012	1	0.7722713890909583	gf_v2_104m_cls	per_subclass	L2/3 IT
H21.33.013	1	0.9896689234403334	gf_v2_104m_cls	per_subclass	L2/3 IT
H21.33.014	1	0.6429889708609005	gf_v2_104m_cls	per_subclass	L2/3 IT
H21.33.015	0	0.6502324777427295	gf_v2_104m_cls	per_subclass	L2/3 IT
H21.33.016	0	0.7816629033803538	gf_v2_104m_cls	per_subclass	L2/3 IT
H21.33.017	1	0.8218840601450854	gf_v2_104m_cls	per_subclass	L2/3 IT
H21.33.018	0	0.5755501049971843	gf_v2_104m_cls	per_subclass	L2/3 IT
H21.33.019	0	0.3908041216231548	gf_v2_104m_cls	per_subclass	L2/3 IT
H21.33.020	1	0.9892845941984894	gf_v2_104m_cls	per_subclass	L2/3 IT
H21.33.021	1	0.9316151249681681	gf_v2_104m_cls	per_subclass	L2/3 IT
H21.33.022	1	0.9060139425421891	gf_v2_104m_cls	per_subclass	L2/3 IT
H21.33.023	0	0.3721957065519802	gf_v2_104m_cls	per_subclass	L2/3 IT
H21.33.025	1	0.8006700883561203	gf_v2_104m_cls	per_subclass	L2/3 IT
H21.33.026	1	0.9262606641255525	gf_v2_104m_cls	per_subclass	L2/3 IT
H21.33.027	1	0.6433097821533453	gf_v2_104m_cls	per_subclass	L2/3 IT
H21.33.028	0	0.25859442156989865	gf_v2_104m_cls	per_subclass	L2/3 IT
H21.33.029	1	0.8789273370380404	gf_v2_104m_cls	per_subclass	L2/3 IT
H21.33.030	1	0.8199477228914992	gf_v2_104m_cls	per_subclass	L2/3 IT
H21.33.031	1	0.850880480850963	gf_v2_104m_cls	per_subclass	L2/3 IT
H21.33.032	0	0.3697151577137484	gf_v2_104m_cls	per_subclass	L2/3 IT
H21.33.033	1	0.9747410290418387	gf_v2_104m_cls	per_subclass	L2/3 IT
H21.33.034	1	0.9911330095416286	gf_v2_104m_cls	per_subclass	L2/3 IT
H21.33.035	1	0.8700429811187973	gf_v2_104m_cls	per_subclass	L2/3 IT
H21.33.036	1	0.6767515088011231	gf_v2_104m_cls	per_subclass	L2/3 IT
H21.33.037	0	0.5262158943088753	gf_v2_104m_cls	per_subclass	L2/3 IT
H21.33.038	0	0.8207508781823222	gf_v2_104m_cls	per_subclass	L2/3 IT
H21.33.039	1	0.9528807184842618	gf_v2_104m_cls	per_subclass	L2/3 IT
H21.33.040	1	0.7930414090834739	gf_v2_104m_cls	per_subclass	L2/3 IT
H21.33.041	0	0.8302693180379166	gf_v2_104m_cls	per_subclass	L2/3 IT
H21.33.042	1	0.7439065563126538	gf_v2_104m_cls	per_subclass	L2/3 IT
H21.33.043	0	0.9491974244863016	gf_v2_104m_cls	per_subclass	L2/3 IT
H21.33.044	1	0.9764244952322014	gf_v2_104m_cls	per_subclass	L2/3 IT
H21.33.045	1	0.994620932506422	gf_v2_104m_cls	per_subclass	L2/3 IT
H21.33.046	1	0.841862779832628	gf_v2_104m_cls	per_subclass	L2/3 IT
H21.33.047	1	0.8977224912959091	gf_v2_104m_cls	per_subclass	L2/3 IT
H19.33.004	0	0.9168038014966952	gf_v2_104m_cls	per_subclass	L4 IT
H20.33.001	0	0.679036204712548	gf_v2_104m_cls	per_subclass	L4 IT
H20.33.002	0	0.9308232477614208	gf_v2_104m_cls	per_subclass	L4 IT
H20.33.004	1	0.8518596477319308	gf_v2_104m_cls	per_subclass	L4 IT
H20.33.005	1	0.6370395093971882	gf_v2_104m_cls	per_subclass	L4 IT
H20.33.008	1	0.9745361495004564	gf_v2_104m_cls	per_subclass	L4 IT
H20.33.011	1	0.6311325427974838	gf_v2_104m_cls	per_subclass	L4 IT
H20.33.012	0	0.7360940889960494	gf_v2_104m_cls	per_subclass	L4 IT
H20.33.013	1	0.6848431140107302	gf_v2_104m_cls	per_subclass	L4 IT
H20.33.014	1	0.39324507356290644	gf_v2_104m_cls	per_subclass	L4 IT
H20.33.015	1	0.7750331868119563	gf_v2_104m_cls	per_subclass	L4 IT
H20.33.016	1	0.8536437101994417	gf_v2_104m_cls	per_subclass	L4 IT
H20.33.017	1	0.9313692666917035	gf_v2_104m_cls	per_subclass	L4 IT
H20.33.018	1	0.7736568885367447	gf_v2_104m_cls	per_subclass	L4 IT
H20.33.019	1	0.9016814168251266	gf_v2_104m_cls	per_subclass	L4 IT
H20.33.020	1	0.9474677238722513	gf_v2_104m_cls	per_subclass	L4 IT
H20.33.024	1	0.9714616443681366	gf_v2_104m_cls	per_subclass	L4 IT
H20.33.025	1	0.8177975738073726	gf_v2_104m_cls	per_subclass	L4 IT
H20.33.026	1	0.6168158877405585	gf_v2_104m_cls	per_subclass	L4 IT
H20.33.027	1	0.9911105337166747	gf_v2_104m_cls	per_subclass	L4 IT
H20.33.028	1	0.9835728677886966	gf_v2_104m_cls	per_subclass	L4 IT
H20.33.029	1	0.4014073416430639	gf_v2_104m_cls	per_subclass	L4 IT
H20.33.030	1	0.8790472017921844	gf_v2_104m_cls	per_subclass	L4 IT
H20.33.031	1	0.1627823271425906	gf_v2_104m_cls	per_subclass	L4 IT
H20.33.032	1	0.5617779356508534	gf_v2_104m_cls	per_subclass	L4 IT
H20.33.033	1	0.9549007799131717	gf_v2_104m_cls	per_subclass	L4 IT
H20.33.034	1	0.9250759751196181	gf_v2_104m_cls	per_subclass	L4 IT
H20.33.035	0	0.3889542543779377	gf_v2_104m_cls	per_subclass	L4 IT
H20.33.036	1	0.9818219423402983	gf_v2_104m_cls	per_subclass	L4 IT
H20.33.037	1	0.971560464967695	gf_v2_104m_cls	per_subclass	L4 IT
H20.33.038	1	0.9865438590434822	gf_v2_104m_cls	per_subclass	L4 IT
H20.33.039	1	0.564751951724195	gf_v2_104m_cls	per_subclass	L4 IT
H20.33.040	1	0.6882957774916059	gf_v2_104m_cls	per_subclass	L4 IT
H20.33.041	1	0.7118329682865615	gf_v2_104m_cls	per_subclass	L4 IT
H20.33.043	1	0.6484345209322179	gf_v2_104m_cls	per_subclass	L4 IT
H20.33.044	0	0.8269880724594193	gf_v2_104m_cls	per_subclass	L4 IT
H20.33.045	1	0.9967453403012131	gf_v2_104m_cls	per_subclass	L4 IT
H20.33.046	1	0.9155964673887954	gf_v2_104m_cls	per_subclass	L4 IT
H21.33.001	0	0.5612173718564308	gf_v2_104m_cls	per_subclass	L4 IT
H21.33.002	1	0.8510645409238704	gf_v2_104m_cls	per_subclass	L4 IT
H21.33.003	0	0.6125874315568676	gf_v2_104m_cls	per_subclass	L4 IT
H21.33.004	0	0.4933263610282843	gf_v2_104m_cls	per_subclass	L4 IT
H21.33.005	1	0.8630508450306159	gf_v2_104m_cls	per_subclass	L4 IT
H21.33.006	1	0.49929069945147164	gf_v2_104m_cls	per_subclass	L4 IT
H21.33.007	1	0.6310338971615053	gf_v2_104m_cls	per_subclass	L4 IT
H21.33.008	1	0.9670824921539471	gf_v2_104m_cls	per_subclass	L4 IT
H21.33.009	1	0.9921896866946476	gf_v2_104m_cls	per_subclass	L4 IT
H21.33.010	1	0.8226437024643728	gf_v2_104m_cls	per_subclass	L4 IT
H21.33.011	0	0.14441850043505408	gf_v2_104m_cls	per_subclass	L4 IT
H21.33.012	1	0.5426009481721022	gf_v2_104m_cls	per_subclass	L4 IT
H21.33.013	1	0.9742193661343089	gf_v2_104m_cls	per_subclass	L4 IT
H21.33.014	1	0.9795569555413369	gf_v2_104m_cls	per_subclass	L4 IT
H21.33.015	0	0.6569572725573742	gf_v2_104m_cls	per_subclass	L4 IT
H21.33.016	0	0.611839831831833	gf_v2_104m_cls	per_subclass	L4 IT
H21.33.017	1	0.7627528585212907	gf_v2_104m_cls	per_subclass	L4 IT
H21.33.018	0	0.809211188245533	gf_v2_104m_cls	per_subclass	L4 IT
H21.33.019	0	0.5348863358142563	gf_v2_104m_cls	per_subclass	L4 IT
H21.33.020	1	0.9490431667028167	gf_v2_104m_cls	per_subclass	L4 IT
H21.33.021	1	0.8270074184322173	gf_v2_104m_cls	per_subclass	L4 IT
H21.33.022	1	0.7000566713937989	gf_v2_104m_cls	per_subclass	L4 IT
H21.33.023	0	0.29395219467097433	gf_v2_104m_cls	per_subclass	L4 IT
H21.33.025	1	0.7667796741370289	gf_v2_104m_cls	per_subclass	L4 IT
H21.33.026	1	0.5940708382941636	gf_v2_104m_cls	per_subclass	L4 IT
H21.33.027	1	0.29326876864260887	gf_v2_104m_cls	per_subclass	L4 IT
H21.33.028	0	0.786437212369185	gf_v2_104m_cls	per_subclass	L4 IT
H21.33.029	1	0.8374335068561288	gf_v2_104m_cls	per_subclass	L4 IT
H21.33.030	1	0.8831086814905745	gf_v2_104m_cls	per_subclass	L4 IT
H21.33.031	1	0.8817042392060841	gf_v2_104m_cls	per_subclass	L4 IT
H21.33.032	0	0.4796269346860374	gf_v2_104m_cls	per_subclass	L4 IT
H21.33.033	1	0.9537482408902855	gf_v2_104m_cls	per_subclass	L4 IT
H21.33.034	1	0.9688861395982611	gf_v2_104m_cls	per_subclass	L4 IT
H21.33.035	1	0.8127639983974907	gf_v2_104m_cls	per_subclass	L4 IT
H21.33.036	1	0.7059079096666923	gf_v2_104m_cls	per_subclass	L4 IT
H21.33.037	0	0.6987839666984582	gf_v2_104m_cls	per_subclass	L4 IT
H21.33.038	0	0.778551225584127	gf_v2_104m_cls	per_subclass	L4 IT
H21.33.039	1	0.9211935413252395	gf_v2_104m_cls	per_subclass	L4 IT
H21.33.040	1	0.8803667559579379	gf_v2_104m_cls	per_subclass	L4 IT
H21.33.041	0	0.6729006252181071	gf_v2_104m_cls	per_subclass	L4 IT
H21.33.042	1	0.5854353429449309	gf_v2_104m_cls	per_subclass	L4 IT
H21.33.043	0	0.9390046871717559	gf_v2_104m_cls	per_subclass	L4 IT
H21.33.044	1	0.9083370864401286	gf_v2_104m_cls	per_subclass	L4 IT
H21.33.045	1	0.9947717005089448	gf_v2_104m_cls	per_subclass	L4 IT
H21.33.046	1	0.8948028019829823	gf_v2_104m_cls	per_subclass	L4 IT
H21.33.047	1	0.8743845179783525	gf_v2_104m_cls	per_subclass	L4 IT
H19.33.004	0	0.821115722555227	gf_v2_104m_cls	per_subclass	L5 ET
H20.33.001	0	0.484470936724912	gf_v2_104m_cls	per_subclass	L5 ET
H20.33.002	0	0.6696736649878667	gf_v2_104m_cls	per_subclass	L5 ET
H20.33.004	1	0.8194721401758297	gf_v2_104m_cls	per_subclass	L5 ET
H20.33.005	1	0.8274396062258509	gf_v2_104m_cls	per_subclass	L5 ET
H20.33.008	1	0.988160350988883	gf_v2_104m_cls	per_subclass	L5 ET
H20.33.011	1	0.5523265880348998	gf_v2_104m_cls	per_subclass	L5 ET
H20.33.012	0	0.7683234893849751	gf_v2_104m_cls	per_subclass	L5 ET
H20.33.013	1	0.41285564760655147	gf_v2_104m_cls	per_subclass	L5 ET
H20.33.014	1	0.671242833300656	gf_v2_104m_cls	per_subclass	L5 ET
H20.33.015	1	0.8227454392291346	gf_v2_104m_cls	per_subclass	L5 ET
H20.33.016	1	0.30999143400863066	gf_v2_104m_cls	per_subclass	L5 ET
H20.33.017	1	0.8928795699479066	gf_v2_104m_cls	per_subclass	L5 ET
H20.33.018	1	0.9101365750798951	gf_v2_104m_cls	per_subclass	L5 ET
H20.33.019	1	0.804383907758706	gf_v2_104m_cls	per_subclass	L5 ET
H20.33.020	1	0.9303898365196288	gf_v2_104m_cls	per_subclass	L5 ET
H20.33.024	1	0.8441338289265401	gf_v2_104m_cls	per_subclass	L5 ET
H20.33.025	1	0.9162024358673502	gf_v2_104m_cls	per_subclass	L5 ET
H20.33.026	1	0.3594970628706159	gf_v2_104m_cls	per_subclass	L5 ET
H20.33.027	1	0.974686313189688	gf_v2_104m_cls	per_subclass	L5 ET
H20.33.028	1	0.9919552601438572	gf_v2_104m_cls	per_subclass	L5 ET
H20.33.029	1	0.16241600846793008	gf_v2_104m_cls	per_subclass	L5 ET
H20.33.030	1	0.8911275116668886	gf_v2_104m_cls	per_subclass	L5 ET
H20.33.031	1	0.5201087858039222	gf_v2_104m_cls	per_subclass	L5 ET
H20.33.032	1	0.8924319200562071	gf_v2_104m_cls	per_subclass	L5 ET
H20.33.034	1	0.8489812862763326	gf_v2_104m_cls	per_subclass	L5 ET
H20.33.035	0	0.699759567449322	gf_v2_104m_cls	per_subclass	L5 ET
H20.33.039	1	0.5912865889176446	gf_v2_104m_cls	per_subclass	L5 ET
H20.33.040	1	0.6087863854526938	gf_v2_104m_cls	per_subclass	L5 ET
H20.33.041	1	0.8316227196666036	gf_v2_104m_cls	per_subclass	L5 ET
H20.33.043	1	0.5224927095295943	gf_v2_104m_cls	per_subclass	L5 ET
H20.33.044	0	0.8029125456974633	gf_v2_104m_cls	per_subclass	L5 ET
H20.33.046	1	0.9310559310784509	gf_v2_104m_cls	per_subclass	L5 ET
H21.33.001	0	0.9512442391600903	gf_v2_104m_cls	per_subclass	L5 ET
H21.33.002	1	0.7620410529127191	gf_v2_104m_cls	per_subclass	L5 ET
H21.33.003	0	0.7492401674305313	gf_v2_104m_cls	per_subclass	L5 ET
H21.33.004	0	0.4171050218253135	gf_v2_104m_cls	per_subclass	L5 ET
H21.33.005	1	0.8886436743414778	gf_v2_104m_cls	per_subclass	L5 ET
H21.33.006	1	0.58151460384904	gf_v2_104m_cls	per_subclass	L5 ET
H21.33.007	1	0.7801923803388675	gf_v2_104m_cls	per_subclass	L5 ET
H21.33.010	1	0.9012890584493984	gf_v2_104m_cls	per_subclass	L5 ET
H21.33.011	0	0.29373455656685404	gf_v2_104m_cls	per_subclass	L5 ET
H21.33.012	1	0.7807823543913985	gf_v2_104m_cls	per_subclass	L5 ET
H21.33.013	1	0.872336214279678	gf_v2_104m_cls	per_subclass	L5 ET
H21.33.014	1	0.886728499110157	gf_v2_104m_cls	per_subclass	L5 ET
H21.33.015	0	0.6432530522638229	gf_v2_104m_cls	per_subclass	L5 ET
H21.33.016	0	0.09721693692617253	gf_v2_104m_cls	per_subclass	L5 ET
H21.33.017	1	0.8537073509297898	gf_v2_104m_cls	per_subclass	L5 ET
H21.33.018	0	0.8573662607528562	gf_v2_104m_cls	per_subclass	L5 ET
H21.33.019	0	0.45972594977539477	gf_v2_104m_cls	per_subclass	L5 ET
H21.33.022	1	0.6181152940394832	gf_v2_104m_cls	per_subclass	L5 ET
H21.33.023	0	0.774765698743874	gf_v2_104m_cls	per_subclass	L5 ET
H21.33.025	1	0.851581158292937	gf_v2_104m_cls	per_subclass	L5 ET
H21.33.027	1	0.5571575741640382	gf_v2_104m_cls	per_subclass	L5 ET
H21.33.028	0	0.5607471959410547	gf_v2_104m_cls	per_subclass	L5 ET
H21.33.029	1	0.7321022912928707	gf_v2_104m_cls	per_subclass	L5 ET
H21.33.030	1	0.8649649327271385	gf_v2_104m_cls	per_subclass	L5 ET
H21.33.031	1	0.9619736321341023	gf_v2_104m_cls	per_subclass	L5 ET
H21.33.032	0	0.4420502147526092	gf_v2_104m_cls	per_subclass	L5 ET
H21.33.033	1	0.9479033329613136	gf_v2_104m_cls	per_subclass	L5 ET
H21.33.035	1	0.7905770987125661	gf_v2_104m_cls	per_subclass	L5 ET
H21.33.036	1	0.8603218798526159	gf_v2_104m_cls	per_subclass	L5 ET
H21.33.038	0	0.7768078439912323	gf_v2_104m_cls	per_subclass	L5 ET
H21.33.039	1	0.9394943711711484	gf_v2_104m_cls	per_subclass	L5 ET
H21.33.040	1	0.7526267606891602	gf_v2_104m_cls	per_subclass	L5 ET
H21.33.041	0	0.9154458484140526	gf_v2_104m_cls	per_subclass	L5 ET
H21.33.042	1	0.5378272536369508	gf_v2_104m_cls	per_subclass	L5 ET
H21.33.043	0	0.9506344555075034	gf_v2_104m_cls	per_subclass	L5 ET
H21.33.044	1	0.9995324277385992	gf_v2_104m_cls	per_subclass	L5 ET
H21.33.046	1	0.9922169195541162	gf_v2_104m_cls	per_subclass	L5 ET
H19.33.004	0	0.9345592986853845	gf_v2_104m_cls	per_subclass	L5 IT
H20.33.001	0	0.854097786627045	gf_v2_104m_cls	per_subclass	L5 IT
H20.33.002	0	0.9501351906882392	gf_v2_104m_cls	per_subclass	L5 IT
H20.33.004	1	0.5972532987988494	gf_v2_104m_cls	per_subclass	L5 IT
H20.33.005	1	0.7197960563427339	gf_v2_104m_cls	per_subclass	L5 IT
H20.33.008	1	0.9527646471269324	gf_v2_104m_cls	per_subclass	L5 IT
H20.33.011	1	0.5288925460369887	gf_v2_104m_cls	per_subclass	L5 IT
H20.33.012	0	0.553565766494764	gf_v2_104m_cls	per_subclass	L5 IT
H20.33.013	1	0.5157038603487057	gf_v2_104m_cls	per_subclass	L5 IT
H20.33.014	1	0.6284609130197648	gf_v2_104m_cls	per_subclass	L5 IT
H20.33.015	1	0.5540130134850652	gf_v2_104m_cls	per_subclass	L5 IT
H20.33.016	1	0.6574062530420177	gf_v2_104m_cls	per_subclass	L5 IT
H20.33.017	1	0.8814159302922648	gf_v2_104m_cls	per_subclass	L5 IT
H20.33.018	1	0.926859271353627	gf_v2_104m_cls	per_subclass	L5 IT
H20.33.019	1	0.84978478750445	gf_v2_104m_cls	per_subclass	L5 IT
H20.33.020	1	0.9662707761553107	gf_v2_104m_cls	per_subclass	L5 IT
H20.33.024	1	0.8426628637450501	gf_v2_104m_cls	per_subclass	L5 IT
H20.33.025	1	0.742708193042368	gf_v2_104m_cls	per_subclass	L5 IT
H20.33.026	1	0.8031475266922241	gf_v2_104m_cls	per_subclass	L5 IT
H20.33.027	1	0.9772079903915565	gf_v2_104m_cls	per_subclass	L5 IT
H20.33.028	1	0.8990020417813603	gf_v2_104m_cls	per_subclass	L5 IT
H20.33.029	1	0.7761855114948929	gf_v2_104m_cls	per_subclass	L5 IT
H20.33.030	1	0.7843261547310656	gf_v2_104m_cls	per_subclass	L5 IT
H20.33.031	1	0.6626373175847793	gf_v2_104m_cls	per_subclass	L5 IT
H20.33.032	1	0.6851758665854867	gf_v2_104m_cls	per_subclass	L5 IT
H20.33.033	1	0.9504329730310188	gf_v2_104m_cls	per_subclass	L5 IT
H20.33.034	1	0.6884964440486049	gf_v2_104m_cls	per_subclass	L5 IT
H20.33.035	0	0.6740056035141256	gf_v2_104m_cls	per_subclass	L5 IT
H20.33.036	1	0.9602276983922599	gf_v2_104m_cls	per_subclass	L5 IT
H20.33.037	1	0.9465504545112726	gf_v2_104m_cls	per_subclass	L5 IT
H20.33.038	1	0.952743691343468	gf_v2_104m_cls	per_subclass	L5 IT
H20.33.039	1	0.30228977801385964	gf_v2_104m_cls	per_subclass	L5 IT
H20.33.040	1	0.4856672116797725	gf_v2_104m_cls	per_subclass	L5 IT
H20.33.041	1	0.38718128041381494	gf_v2_104m_cls	per_subclass	L5 IT
H20.33.043	1	0.1999397970125376	gf_v2_104m_cls	per_subclass	L5 IT
H20.33.044	0	0.3941639778239222	gf_v2_104m_cls	per_subclass	L5 IT
H20.33.045	1	0.989883375845228	gf_v2_104m_cls	per_subclass	L5 IT
H20.33.046	1	0.9356824693791455	gf_v2_104m_cls	per_subclass	L5 IT
H21.33.001	0	0.9254178401902984	gf_v2_104m_cls	per_subclass	L5 IT
H21.33.002	1	0.9214588723549889	gf_v2_104m_cls	per_subclass	L5 IT
H21.33.003	0	0.9153604121081168	gf_v2_104m_cls	per_subclass	L5 IT
H21.33.004	0	0.20450536254878612	gf_v2_104m_cls	per_subclass	L5 IT
H21.33.005	1	0.8967543594703091	gf_v2_104m_cls	per_subclass	L5 IT
H21.33.006	1	0.6979944658740409	gf_v2_104m_cls	per_subclass	L5 IT
H21.33.007	1	0.5950804191827095	gf_v2_104m_cls	per_subclass	L5 IT
H21.33.008	1	0.9870449260327205	gf_v2_104m_cls	per_subclass	L5 IT
H21.33.009	1	0.9859992405563955	gf_v2_104m_cls	per_subclass	L5 IT
H21.33.010	1	0.806689512478721	gf_v2_104m_cls	per_subclass	L5 IT
H21.33.011	0	0.17057940762739388	gf_v2_104m_cls	per_subclass	L5 IT
H21.33.012	1	0.7154145679727881	gf_v2_104m_cls	per_subclass	L5 IT
H21.33.013	1	0.9462853117854614	gf_v2_104m_cls	per_subclass	L5 IT
H21.33.014	1	0.8401178886671541	gf_v2_104m_cls	per_subclass	L5 IT
H21.33.015	0	0.44272029741503627	gf_v2_104m_cls	per_subclass	L5 IT
H21.33.016	0	0.5484498927539704	gf_v2_104m_cls	per_subclass	L5 IT
H21.33.017	1	0.7651733701542565	gf_v2_104m_cls	per_subclass	L5 IT
H21.33.018	0	0.5135905769820245	gf_v2_104m_cls	per_subclass	L5 IT
H21.33.019	0	0.8493222178222416	gf_v2_104m_cls	per_subclass	L5 IT
H21.33.020	1	0.8710092220523098	gf_v2_104m_cls	per_subclass	L5 IT
H21.33.021	1	0.9426168001239279	gf_v2_104m_cls	per_subclass	L5 IT
H21.33.022	1	0.7672410557557287	gf_v2_104m_cls	per_subclass	L5 IT
H21.33.023	0	0.5047716418267978	gf_v2_104m_cls	per_subclass	L5 IT
H21.33.025	1	0.8068855518741941	gf_v2_104m_cls	per_subclass	L5 IT
H21.33.026	1	0.8833953149836127	gf_v2_104m_cls	per_subclass	L5 IT
H21.33.027	1	0.7875218175810457	gf_v2_104m_cls	per_subclass	L5 IT
H21.33.028	0	0.5845757874856903	gf_v2_104m_cls	per_subclass	L5 IT
H21.33.029	1	0.46438818162835405	gf_v2_104m_cls	per_subclass	L5 IT
H21.33.030	1	0.825632076396575	gf_v2_104m_cls	per_subclass	L5 IT
H21.33.031	1	0.9576043887014771	gf_v2_104m_cls	per_subclass	L5 IT
H21.33.032	0	0.6238010827555788	gf_v2_104m_cls	per_subclass	L5 IT
H21.33.033	1	0.9643551000745308	gf_v2_104m_cls	per_subclass	L5 IT
H21.33.034	1	0.887857652294356	gf_v2_104m_cls	per_subclass	L5 IT
H21.33.035	1	0.9283584701252376	gf_v2_104m_cls	per_subclass	L5 IT
H21.33.036	1	0.7799238296309644	gf_v2_104m_cls	per_subclass	L5 IT
H21.33.037	0	0.43095289839237133	gf_v2_104m_cls	per_subclass	L5 IT
H21.33.038	0	0.8814747853328291	gf_v2_104m_cls	per_subclass	L5 IT
H21.33.039	1	0.8943870733427687	gf_v2_104m_cls	per_subclass	L5 IT
H21.33.040	1	0.9026902966641595	gf_v2_104m_cls	per_subclass	L5 IT
H21.33.041	0	0.576057434184612	gf_v2_104m_cls	per_subclass	L5 IT
H21.33.042	1	0.653419967859259	gf_v2_104m_cls	per_subclass	L5 IT
H21.33.043	0	0.9675469697329323	gf_v2_104m_cls	per_subclass	L5 IT
H21.33.044	1	0.9166829323918281	gf_v2_104m_cls	per_subclass	L5 IT
H21.33.045	1	0.989269706305332	gf_v2_104m_cls	per_subclass	L5 IT
H21.33.046	1	0.942010683257684	gf_v2_104m_cls	per_subclass	L5 IT
H21.33.047	1	0.8911133902151311	gf_v2_104m_cls	per_subclass	L5 IT
H19.33.004	0	0.9380587759110861	gf_v2_104m_cls	per_subclass	L5/6 NP
H20.33.001	0	0.8153028208269728	gf_v2_104m_cls	per_subclass	L5/6 NP
H20.33.002	0	0.8830623127962246	gf_v2_104m_cls	per_subclass	L5/6 NP
H20.33.004	1	0.9613752722251843	gf_v2_104m_cls	per_subclass	L5/6 NP
H20.33.005	1	0.7785683903472467	gf_v2_104m_cls	per_subclass	L5/6 NP
H20.33.008	1	0.9587873802826931	gf_v2_104m_cls	per_subclass	L5/6 NP
H20.33.011	1	0.3872331358523762	gf_v2_104m_cls	per_subclass	L5/6 NP
H20.33.012	0	0.7238113581550077	gf_v2_104m_cls	per_subclass	L5/6 NP
H20.33.013	1	0.6649188953766945	gf_v2_104m_cls	per_subclass	L5/6 NP
H20.33.014	1	0.628279277729191	gf_v2_104m_cls	per_subclass	L5/6 NP
H20.33.015	1	0.8686050515002013	gf_v2_104m_cls	per_subclass	L5/6 NP
H20.33.016	1	0.8529649860045174	gf_v2_104m_cls	per_subclass	L5/6 NP
H20.33.017	1	0.9338333495758722	gf_v2_104m_cls	per_subclass	L5/6 NP
H20.33.018	1	0.8865709184603755	gf_v2_104m_cls	per_subclass	L5/6 NP
H20.33.019	1	0.9602321035800433	gf_v2_104m_cls	per_subclass	L5/6 NP
H20.33.020	1	0.9229670653029961	gf_v2_104m_cls	per_subclass	L5/6 NP
H20.33.024	1	0.9574532746500749	gf_v2_104m_cls	per_subclass	L5/6 NP
H20.33.025	1	0.787889160310657	gf_v2_104m_cls	per_subclass	L5/6 NP
H20.33.026	1	0.3533729472012255	gf_v2_104m_cls	per_subclass	L5/6 NP
H20.33.027	1	0.9887209165432541	gf_v2_104m_cls	per_subclass	L5/6 NP
H20.33.028	1	0.7501382315868058	gf_v2_104m_cls	per_subclass	L5/6 NP
H20.33.029	1	0.20005411753222577	gf_v2_104m_cls	per_subclass	L5/6 NP
H20.33.030	1	0.944701852228755	gf_v2_104m_cls	per_subclass	L5/6 NP
H20.33.031	1	0.4829349631611203	gf_v2_104m_cls	per_subclass	L5/6 NP
H20.33.032	1	0.44017188273392893	gf_v2_104m_cls	per_subclass	L5/6 NP
H20.33.033	1	0.7933754541419422	gf_v2_104m_cls	per_subclass	L5/6 NP
H20.33.034	1	0.9279779971219296	gf_v2_104m_cls	per_subclass	L5/6 NP
H20.33.035	0	0.18441568378693846	gf_v2_104m_cls	per_subclass	L5/6 NP
H20.33.036	1	0.944099330738363	gf_v2_104m_cls	per_subclass	L5/6 NP
H20.33.037	1	0.9603138658690848	gf_v2_104m_cls	per_subclass	L5/6 NP
H20.33.039	1	0.3985722478260171	gf_v2_104m_cls	per_subclass	L5/6 NP
H20.33.040	1	0.6908787698910878	gf_v2_104m_cls	per_subclass	L5/6 NP
H20.33.041	1	0.865348968660124	gf_v2_104m_cls	per_subclass	L5/6 NP
H20.33.043	1	0.7314339516568372	gf_v2_104m_cls	per_subclass	L5/6 NP
H20.33.044	0	0.7767245421168798	gf_v2_104m_cls	per_subclass	L5/6 NP
H20.33.045	1	0.988520592523478	gf_v2_104m_cls	per_subclass	L5/6 NP
H20.33.046	1	0.9813238721647757	gf_v2_104m_cls	per_subclass	L5/6 NP
H21.33.001	0	0.9343782357250158	gf_v2_104m_cls	per_subclass	L5/6 NP
H21.33.002	1	0.9285065503752605	gf_v2_104m_cls	per_subclass	L5/6 NP
H21.33.003	0	0.6760468230923393	gf_v2_104m_cls	per_subclass	L5/6 NP
H21.33.004	0	0.1754995445713739	gf_v2_104m_cls	per_subclass	L5/6 NP
H21.33.005	1	0.9011939283945969	gf_v2_104m_cls	per_subclass	L5/6 NP
H21.33.006	1	0.773794841628175	gf_v2_104m_cls	per_subclass	L5/6 NP
H21.33.007	1	0.3889616035479166	gf_v2_104m_cls	per_subclass	L5/6 NP
H21.33.008	1	0.9735780858751021	gf_v2_104m_cls	per_subclass	L5/6 NP
H21.33.009	1	0.9954821441506769	gf_v2_104m_cls	per_subclass	L5/6 NP
H21.33.010	1	0.8406670383175132	gf_v2_104m_cls	per_subclass	L5/6 NP
H21.33.011	0	0.12030731201685171	gf_v2_104m_cls	per_subclass	L5/6 NP
H21.33.012	1	0.7015146486329302	gf_v2_104m_cls	per_subclass	L5/6 NP
H21.33.013	1	0.9629141084148538	gf_v2_104m_cls	per_subclass	L5/6 NP
H21.33.014	1	0.8976357549607	gf_v2_104m_cls	per_subclass	L5/6 NP
H21.33.015	0	0.6212486552287352	gf_v2_104m_cls	per_subclass	L5/6 NP
H21.33.016	0	0.604931606127462	gf_v2_104m_cls	per_subclass	L5/6 NP
H21.33.017	1	0.7108554288853952	gf_v2_104m_cls	per_subclass	L5/6 NP
H21.33.018	0	0.68889339036542	gf_v2_104m_cls	per_subclass	L5/6 NP
H21.33.019	0	0.2276182364323879	gf_v2_104m_cls	per_subclass	L5/6 NP
H21.33.021	1	0.8073513868755191	gf_v2_104m_cls	per_subclass	L5/6 NP
H21.33.022	1	0.8971065266434749	gf_v2_104m_cls	per_subclass	L5/6 NP
H21.33.023	0	0.7302805683607342	gf_v2_104m_cls	per_subclass	L5/6 NP
H21.33.025	1	0.7765655213661061	gf_v2_104m_cls	per_subclass	L5/6 NP
H21.33.026	1	0.766354157930177	gf_v2_104m_cls	per_subclass	L5/6 NP
H21.33.027	1	0.5121882410274962	gf_v2_104m_cls	per_subclass	L5/6 NP
H21.33.028	0	0.7788541204645159	gf_v2_104m_cls	per_subclass	L5/6 NP
H21.33.029	1	0.9221976381183634	gf_v2_104m_cls	per_subclass	L5/6 NP
H21.33.030	1	0.8383196950548317	gf_v2_104m_cls	per_subclass	L5/6 NP
H21.33.031	1	0.8774714645058455	gf_v2_104m_cls	per_subclass	L5/6 NP
H21.33.032	0	0.45691289894647513	gf_v2_104m_cls	per_subclass	L5/6 NP
H21.33.033	1	0.8054337255762152	gf_v2_104m_cls	per_subclass	L5/6 NP
H21.33.034	1	0.9811540385159528	gf_v2_104m_cls	per_subclass	L5/6 NP
H21.33.035	1	0.8333329727058093	gf_v2_104m_cls	per_subclass	L5/6 NP
H21.33.036	1	0.8335615274026642	gf_v2_104m_cls	per_subclass	L5/6 NP
H21.33.037	0	0.19048044033266026	gf_v2_104m_cls	per_subclass	L5/6 NP
H21.33.038	0	0.8553126448926873	gf_v2_104m_cls	per_subclass	L5/6 NP
H21.33.039	1	0.9340848730899521	gf_v2_104m_cls	per_subclass	L5/6 NP
H21.33.040	1	0.7687236297775538	gf_v2_104m_cls	per_subclass	L5/6 NP
H21.33.041	0	0.4897723611668859	gf_v2_104m_cls	per_subclass	L5/6 NP
H21.33.042	1	0.7937710657269124	gf_v2_104m_cls	per_subclass	L5/6 NP
H21.33.043	0	0.9480324585866073	gf_v2_104m_cls	per_subclass	L5/6 NP
H21.33.044	1	0.9616301833703744	gf_v2_104m_cls	per_subclass	L5/6 NP
H21.33.045	1	0.9967792260220737	gf_v2_104m_cls	per_subclass	L5/6 NP
H21.33.046	1	0.8288979667135237	gf_v2_104m_cls	per_subclass	L5/6 NP
H21.33.047	1	0.4471392033406447	gf_v2_104m_cls	per_subclass	L5/6 NP
H19.33.004	0	0.9624174223259985	gf_v2_104m_cls	per_subclass	L6 CT
H20.33.001	0	0.7366826576790774	gf_v2_104m_cls	per_subclass	L6 CT
H20.33.002	0	0.896332468825037	gf_v2_104m_cls	per_subclass	L6 CT
H20.33.004	1	0.8256864243020836	gf_v2_104m_cls	per_subclass	L6 CT
H20.33.005	1	0.6975103222871774	gf_v2_104m_cls	per_subclass	L6 CT
H20.33.008	1	0.8993985017257422	gf_v2_104m_cls	per_subclass	L6 CT
H20.33.011	1	0.361672431163462	gf_v2_104m_cls	per_subclass	L6 CT
H20.33.012	0	0.6208508152499231	gf_v2_104m_cls	per_subclass	L6 CT
H20.33.013	1	0.6152776521245799	gf_v2_104m_cls	per_subclass	L6 CT
H20.33.014	1	0.5607675232077755	gf_v2_104m_cls	per_subclass	L6 CT
H20.33.015	1	0.9634606043491732	gf_v2_104m_cls	per_subclass	L6 CT
H20.33.016	1	0.42337741463886286	gf_v2_104m_cls	per_subclass	L6 CT
H20.33.017	1	0.8434234184751184	gf_v2_104m_cls	per_subclass	L6 CT
H20.33.018	1	0.9599903708201601	gf_v2_104m_cls	per_subclass	L6 CT
H20.33.019	1	0.7636459045872904	gf_v2_104m_cls	per_subclass	L6 CT
H20.33.020	1	0.925026936913077	gf_v2_104m_cls	per_subclass	L6 CT
H20.33.024	1	0.8392112726708236	gf_v2_104m_cls	per_subclass	L6 CT
H20.33.025	1	0.6040993599524163	gf_v2_104m_cls	per_subclass	L6 CT
H20.33.026	1	0.9328176450732476	gf_v2_104m_cls	per_subclass	L6 CT
H20.33.027	1	0.8541156648329341	gf_v2_104m_cls	per_subclass	L6 CT
H20.33.028	1	0.8825437007414468	gf_v2_104m_cls	per_subclass	L6 CT
H20.33.029	1	0.5014172522830581	gf_v2_104m_cls	per_subclass	L6 CT
H20.33.030	1	0.8017824952912435	gf_v2_104m_cls	per_subclass	L6 CT
H20.33.031	1	0.4166309711820914	gf_v2_104m_cls	per_subclass	L6 CT
H20.33.032	1	0.622052836025081	gf_v2_104m_cls	per_subclass	L6 CT
H20.33.033	1	0.929524570956907	gf_v2_104m_cls	per_subclass	L6 CT
H20.33.034	1	0.842528817003671	gf_v2_104m_cls	per_subclass	L6 CT
H20.33.035	0	0.8126862653147164	gf_v2_104m_cls	per_subclass	L6 CT
H20.33.036	1	0.9779720205878142	gf_v2_104m_cls	per_subclass	L6 CT
H20.33.037	1	0.9601309610459584	gf_v2_104m_cls	per_subclass	L6 CT
H20.33.039	1	0.4952942899136451	gf_v2_104m_cls	per_subclass	L6 CT
H20.33.040	1	0.6896916045383421	gf_v2_104m_cls	per_subclass	L6 CT
H20.33.041	1	0.6573704733441442	gf_v2_104m_cls	per_subclass	L6 CT
H20.33.043	1	0.4924658703989026	gf_v2_104m_cls	per_subclass	L6 CT
H20.33.044	0	0.658013875653212	gf_v2_104m_cls	per_subclass	L6 CT
H20.33.045	1	0.9662648256505765	gf_v2_104m_cls	per_subclass	L6 CT
H20.33.046	1	0.93276177857805	gf_v2_104m_cls	per_subclass	L6 CT
H21.33.001	0	0.9823486536993681	gf_v2_104m_cls	per_subclass	L6 CT
H21.33.002	1	0.9010062351530322	gf_v2_104m_cls	per_subclass	L6 CT
H21.33.003	0	0.7152955987676615	gf_v2_104m_cls	per_subclass	L6 CT
H21.33.004	0	0.39871303903013755	gf_v2_104m_cls	per_subclass	L6 CT
H21.33.005	1	0.8046432118190247	gf_v2_104m_cls	per_subclass	L6 CT
H21.33.006	1	0.5048875710187859	gf_v2_104m_cls	per_subclass	L6 CT
H21.33.007	1	0.7753203150007989	gf_v2_104m_cls	per_subclass	L6 CT
H21.33.008	1	0.9801282218995638	gf_v2_104m_cls	per_subclass	L6 CT
H21.33.009	1	0.9870586892832213	gf_v2_104m_cls	per_subclass	L6 CT
H21.33.010	1	0.9154159962367533	gf_v2_104m_cls	per_subclass	L6 CT
H21.33.011	0	0.44862885518215895	gf_v2_104m_cls	per_subclass	L6 CT
H21.33.012	1	0.7628945774727609	gf_v2_104m_cls	per_subclass	L6 CT
H21.33.013	1	0.9587121565944969	gf_v2_104m_cls	per_subclass	L6 CT
H21.33.014	1	0.9436025533692682	gf_v2_104m_cls	per_subclass	L6 CT
H21.33.015	0	0.5395655639544072	gf_v2_104m_cls	per_subclass	L6 CT
H21.33.016	0	0.7421418520403481	gf_v2_104m_cls	per_subclass	L6 CT
H21.33.017	1	0.33369854117871645	gf_v2_104m_cls	per_subclass	L6 CT
H21.33.018	0	0.8156938191222298	gf_v2_104m_cls	per_subclass	L6 CT
H21.33.019	0	0.6640894987622575	gf_v2_104m_cls	per_subclass	L6 CT
H21.33.021	1	0.8993960260642154	gf_v2_104m_cls	per_subclass	L6 CT
H21.33.022	1	0.6600021571060571	gf_v2_104m_cls	per_subclass	L6 CT
H21.33.023	0	0.6207363195824919	gf_v2_104m_cls	per_subclass	L6 CT
H21.33.025	1	0.3987757533600219	gf_v2_104m_cls	per_subclass	L6 CT
H21.33.026	1	0.8491494428206323	gf_v2_104m_cls	per_subclass	L6 CT
H21.33.027	1	0.7029253742959539	gf_v2_104m_cls	per_subclass	L6 CT
H21.33.028	0	0.5401329451069227	gf_v2_104m_cls	per_subclass	L6 CT
H21.33.029	1	0.7818128390120871	gf_v2_104m_cls	per_subclass	L6 CT
H21.33.030	1	0.7459107576904566	gf_v2_104m_cls	per_subclass	L6 CT
H21.33.031	1	0.3600161693742983	gf_v2_104m_cls	per_subclass	L6 CT
H21.33.032	0	0.4554100254441905	gf_v2_104m_cls	per_subclass	L6 CT
H21.33.033	1	0.7490386042217907	gf_v2_104m_cls	per_subclass	L6 CT
H21.33.035	1	0.8288797837299888	gf_v2_104m_cls	per_subclass	L6 CT
H21.33.036	1	0.7799967699733236	gf_v2_104m_cls	per_subclass	L6 CT
H21.33.037	0	0.5620413237965021	gf_v2_104m_cls	per_subclass	L6 CT
H21.33.038	0	0.7625022536531763	gf_v2_104m_cls	per_subclass	L6 CT
H21.33.039	1	0.9259618607844571	gf_v2_104m_cls	per_subclass	L6 CT
H21.33.040	1	0.8028312182957084	gf_v2_104m_cls	per_subclass	L6 CT
H21.33.041	0	0.7524063632232247	gf_v2_104m_cls	per_subclass	L6 CT
H21.33.042	1	0.8358471427157426	gf_v2_104m_cls	per_subclass	L6 CT
H21.33.043	0	0.8620382610991936	gf_v2_104m_cls	per_subclass	L6 CT
H21.33.044	1	0.9494620132485032	gf_v2_104m_cls	per_subclass	L6 CT
H21.33.045	1	0.9762277896557657	gf_v2_104m_cls	per_subclass	L6 CT
H21.33.046	1	0.806142301346604	gf_v2_104m_cls	per_subclass	L6 CT
H21.33.047	1	0.7083004881890672	gf_v2_104m_cls	per_subclass	L6 CT
H19.33.004	0	0.8687407681657964	gf_v2_104m_cls	per_subclass	L6 IT
H20.33.001	0	0.5523894730393508	gf_v2_104m_cls	per_subclass	L6 IT
H20.33.002	0	0.857761826939678	gf_v2_104m_cls	per_subclass	L6 IT
H20.33.004	1	0.8496079170375961	gf_v2_104m_cls	per_subclass	L6 IT
H20.33.005	1	0.8135359197434594	gf_v2_104m_cls	per_subclass	L6 IT
H20.33.008	1	0.8106062514914913	gf_v2_104m_cls	per_subclass	L6 IT
H20.33.011	1	0.33559834728792665	gf_v2_104m_cls	per_subclass	L6 IT
H20.33.012	0	0.7396583281724622	gf_v2_104m_cls	per_subclass	L6 IT
H20.33.013	1	0.5664164285780894	gf_v2_104m_cls	per_subclass	L6 IT
H20.33.014	1	0.5929884767313253	gf_v2_104m_cls	per_subclass	L6 IT
H20.33.015	1	0.9255196668547387	gf_v2_104m_cls	per_subclass	L6 IT
H20.33.016	1	0.5427909394739922	gf_v2_104m_cls	per_subclass	L6 IT
H20.33.017	1	0.8232246888013212	gf_v2_104m_cls	per_subclass	L6 IT
H20.33.018	1	0.9452585924983605	gf_v2_104m_cls	per_subclass	L6 IT
H20.33.019	1	0.8610686680763917	gf_v2_104m_cls	per_subclass	L6 IT
H20.33.020	1	0.9435915520959309	gf_v2_104m_cls	per_subclass	L6 IT
H20.33.024	1	0.8101896147145469	gf_v2_104m_cls	per_subclass	L6 IT
H20.33.025	1	0.629550861618378	gf_v2_104m_cls	per_subclass	L6 IT
H20.33.026	1	0.6774544229721802	gf_v2_104m_cls	per_subclass	L6 IT
H20.33.027	1	0.6872345597310083	gf_v2_104m_cls	per_subclass	L6 IT
H20.33.028	1	0.9857031607937877	gf_v2_104m_cls	per_subclass	L6 IT
H20.33.029	1	0.3689349398976571	gf_v2_104m_cls	per_subclass	L6 IT
H20.33.030	1	0.9054183365274471	gf_v2_104m_cls	per_subclass	L6 IT
H20.33.031	1	0.48773290520113255	gf_v2_104m_cls	per_subclass	L6 IT
H20.33.032	1	0.7291253179099673	gf_v2_104m_cls	per_subclass	L6 IT
H20.33.033	1	0.9836187989538809	gf_v2_104m_cls	per_subclass	L6 IT
H20.33.034	1	0.8614141317640073	gf_v2_104m_cls	per_subclass	L6 IT
H20.33.035	0	0.8301625671594708	gf_v2_104m_cls	per_subclass	L6 IT
H20.33.036	1	0.9476132511687215	gf_v2_104m_cls	per_subclass	L6 IT
H20.33.037	1	0.9719162560879584	gf_v2_104m_cls	per_subclass	L6 IT
H20.33.039	1	0.6717372111868426	gf_v2_104m_cls	per_subclass	L6 IT
H20.33.040	1	0.5806111598532326	gf_v2_104m_cls	per_subclass	L6 IT
H20.33.041	1	0.5913762867357129	gf_v2_104m_cls	per_subclass	L6 IT
H20.33.043	1	0.40039010353095283	gf_v2_104m_cls	per_subclass	L6 IT
H20.33.044	0	0.7675625566223575	gf_v2_104m_cls	per_subclass	L6 IT
H20.33.045	1	0.9547180631687908	gf_v2_104m_cls	per_subclass	L6 IT
H20.33.046	1	0.9631477895346187	gf_v2_104m_cls	per_subclass	L6 IT
H21.33.001	0	0.9634730678553514	gf_v2_104m_cls	per_subclass	L6 IT
H21.33.002	1	0.8066617888117278	gf_v2_104m_cls	per_subclass	L6 IT
H21.33.003	0	0.7053194517305232	gf_v2_104m_cls	per_subclass	L6 IT
H21.33.004	0	0.374785397143665	gf_v2_104m_cls	per_subclass	L6 IT
H21.33.005	1	0.9032926601130005	gf_v2_104m_cls	per_subclass	L6 IT
H21.33.006	1	0.3860996723647542	gf_v2_104m_cls	per_subclass	L6 IT
H21.33.007	1	0.8151468179946665	gf_v2_104m_cls	per_subclass	L6 IT
H21.33.008	1	0.9746691022735003	gf_v2_104m_cls	per_subclass	L6 IT
H21.33.009	1	0.9804474537728434	gf_v2_104m_cls	per_subclass	L6 IT
H21.33.010	1	0.8556606602144787	gf_v2_104m_cls	per_subclass	L6 IT
H21.33.011	0	0.26830525841139863	gf_v2_104m_cls	per_subclass	L6 IT
H21.33.012	1	0.5858239125379977	gf_v2_104m_cls	per_subclass	L6 IT
H21.33.013	1	0.9025896592203791	gf_v2_104m_cls	per_subclass	L6 IT
H21.33.014	1	0.7346273134801741	gf_v2_104m_cls	per_subclass	L6 IT
H21.33.015	0	0.35638956834066826	gf_v2_104m_cls	per_subclass	L6 IT
H21.33.016	0	0.6610094737252703	gf_v2_104m_cls	per_subclass	L6 IT
H21.33.017	1	0.6433959880673367	gf_v2_104m_cls	per_subclass	L6 IT
H21.33.018	0	0.7442848017851025	gf_v2_104m_cls	per_subclass	L6 IT
H21.33.019	0	0.8375917547085155	gf_v2_104m_cls	per_subclass	L6 IT
H21.33.021	1	0.9493610165034451	gf_v2_104m_cls	per_subclass	L6 IT
H21.33.022	1	0.8447783029983679	gf_v2_104m_cls	per_subclass	L6 IT
H21.33.023	0	0.8287397578817892	gf_v2_104m_cls	per_subclass	L6 IT
H21.33.025	1	0.7630524065449281	gf_v2_104m_cls	per_subclass	L6 IT
H21.33.026	1	0.7797984508099962	gf_v2_104m_cls	per_subclass	L6 IT
H21.33.027	1	0.6126383217243486	gf_v2_104m_cls	per_subclass	L6 IT
H21.33.028	0	0.6976593240650291	gf_v2_104m_cls	per_subclass	L6 IT
H21.33.029	1	0.8125526281683332	gf_v2_104m_cls	per_subclass	L6 IT
H21.33.030	1	0.5541293768500524	gf_v2_104m_cls	per_subclass	L6 IT
H21.33.031	1	0.8107166496341529	gf_v2_104m_cls	per_subclass	L6 IT
H21.33.032	0	0.685345037873662	gf_v2_104m_cls	per_subclass	L6 IT
H21.33.033	1	0.9524028515535526	gf_v2_104m_cls	per_subclass	L6 IT
H21.33.034	1	0.9611343114502111	gf_v2_104m_cls	per_subclass	L6 IT
H21.33.035	1	0.8594739792707985	gf_v2_104m_cls	per_subclass	L6 IT
H21.33.036	1	0.6641539642875046	gf_v2_104m_cls	per_subclass	L6 IT
H21.33.037	0	0.47141715713332	gf_v2_104m_cls	per_subclass	L6 IT
H21.33.038	0	0.9120364679997387	gf_v2_104m_cls	per_subclass	L6 IT
H21.33.039	1	0.8460428105914263	gf_v2_104m_cls	per_subclass	L6 IT
H21.33.040	1	0.8389103778036648	gf_v2_104m_cls	per_subclass	L6 IT
H21.33.041	0	0.6759889620342948	gf_v2_104m_cls	per_subclass	L6 IT
H21.33.042	1	0.8223326055867292	gf_v2_104m_cls	per_subclass	L6 IT
H21.33.043	0	0.8775671525941808	gf_v2_104m_cls	per_subclass	L6 IT
H21.33.044	1	0.960133506357932	gf_v2_104m_cls	per_subclass	L6 IT
H21.33.045	1	0.9529212205857818	gf_v2_104m_cls	per_subclass	L6 IT
H21.33.046	1	0.8128677180712078	gf_v2_104m_cls	per_subclass	L6 IT
H21.33.047	1	0.5217818613268793	gf_v2_104m_cls	per_subclass	L6 IT
H19.33.004	0	0.9553314535768649	gf_v2_104m_cls	per_subclass	L6 IT Car3
H20.33.001	0	0.7946772440626082	gf_v2_104m_cls	per_subclass	L6 IT Car3
H20.33.002	0	0.8264850061352208	gf_v2_104m_cls	per_subclass	L6 IT Car3
H20.33.004	1	0.8410245624686518	gf_v2_104m_cls	per_subclass	L6 IT Car3
H20.33.005	1	0.516033341325252	gf_v2_104m_cls	per_subclass	L6 IT Car3
H20.33.008	1	0.784765257805787	gf_v2_104m_cls	per_subclass	L6 IT Car3
H20.33.011	1	0.5986498205714754	gf_v2_104m_cls	per_subclass	L6 IT Car3
H20.33.012	0	0.8062756661001778	gf_v2_104m_cls	per_subclass	L6 IT Car3
H20.33.013	1	0.6339021914031924	gf_v2_104m_cls	per_subclass	L6 IT Car3
H20.33.014	1	0.7149690466749796	gf_v2_104m_cls	per_subclass	L6 IT Car3
H20.33.015	1	0.8253009582356006	gf_v2_104m_cls	per_subclass	L6 IT Car3
H20.33.016	1	0.5108795409024004	gf_v2_104m_cls	per_subclass	L6 IT Car3
H20.33.017	1	0.9110641499696653	gf_v2_104m_cls	per_subclass	L6 IT Car3
H20.33.018	1	0.9144459600432622	gf_v2_104m_cls	per_subclass	L6 IT Car3
H20.33.019	1	0.8474148849186518	gf_v2_104m_cls	per_subclass	L6 IT Car3
H20.33.020	1	0.7384847187082186	gf_v2_104m_cls	per_subclass	L6 IT Car3
H20.33.024	1	0.6639881963347817	gf_v2_104m_cls	per_subclass	L6 IT Car3
H20.33.025	1	0.5474320193750941	gf_v2_104m_cls	per_subclass	L6 IT Car3
H20.33.026	1	0.8032480409891953	gf_v2_104m_cls	per_subclass	L6 IT Car3
H20.33.027	1	0.7571445075274698	gf_v2_104m_cls	per_subclass	L6 IT Car3
H20.33.028	1	0.9419779065298162	gf_v2_104m_cls	per_subclass	L6 IT Car3
H20.33.029	1	0.7750806192745607	gf_v2_104m_cls	per_subclass	L6 IT Car3
H20.33.030	1	0.8820213456754106	gf_v2_104m_cls	per_subclass	L6 IT Car3
H20.33.031	1	0.6376984766083702	gf_v2_104m_cls	per_subclass	L6 IT Car3
H20.33.032	1	0.7564313516962768	gf_v2_104m_cls	per_subclass	L6 IT Car3
H20.33.033	1	0.9399486467641529	gf_v2_104m_cls	per_subclass	L6 IT Car3
H20.33.034	1	0.7561926032631894	gf_v2_104m_cls	per_subclass	L6 IT Car3
H20.33.035	0	0.7730858389193295	gf_v2_104m_cls	per_subclass	L6 IT Car3
H20.33.036	1	0.8737125543959519	gf_v2_104m_cls	per_subclass	L6 IT Car3
H20.33.037	1	0.882571538869259	gf_v2_104m_cls	per_subclass	L6 IT Car3
H20.33.038	1	0.9504855744848373	gf_v2_104m_cls	per_subclass	L6 IT Car3
H20.33.039	1	0.39252919426429844	gf_v2_104m_cls	per_subclass	L6 IT Car3
H20.33.040	1	0.7830680484790474	gf_v2_104m_cls	per_subclass	L6 IT Car3
H20.33.041	1	0.598618744911502	gf_v2_104m_cls	per_subclass	L6 IT Car3
H20.33.043	1	0.5143360380374328	gf_v2_104m_cls	per_subclass	L6 IT Car3
H20.33.044	0	0.7935934979619514	gf_v2_104m_cls	per_subclass	L6 IT Car3
H20.33.045	1	0.8893969443840671	gf_v2_104m_cls	per_subclass	L6 IT Car3
H20.33.046	1	0.8741316087146769	gf_v2_104m_cls	per_subclass	L6 IT Car3
H21.33.001	0	0.9975354254695198	gf_v2_104m_cls	per_subclass	L6 IT Car3
H21.33.002	1	0.6442898139327637	gf_v2_104m_cls	per_subclass	L6 IT Car3
H21.33.003	0	0.8099769043669112	gf_v2_104m_cls	per_subclass	L6 IT Car3
H21.33.004	0	0.6000158531129499	gf_v2_104m_cls	per_subclass	L6 IT Car3
H21.33.005	1	0.7526472356105061	gf_v2_104m_cls	per_subclass	L6 IT Car3
H21.33.006	1	0.3654352634077299	gf_v2_104m_cls	per_subclass	L6 IT Car3
H21.33.007	1	0.8712271109855874	gf_v2_104m_cls	per_subclass	L6 IT Car3
H21.33.008	1	0.8309169417913431	gf_v2_104m_cls	per_subclass	L6 IT Car3
H21.33.009	1	0.9527383817367081	gf_v2_104m_cls	per_subclass	L6 IT Car3
H21.33.010	1	0.9023148642419665	gf_v2_104m_cls	per_subclass	L6 IT Car3
H21.33.011	0	0.1743254955020221	gf_v2_104m_cls	per_subclass	L6 IT Car3
H21.33.012	1	0.7385151817544051	gf_v2_104m_cls	per_subclass	L6 IT Car3
H21.33.013	1	0.9232115323671035	gf_v2_104m_cls	per_subclass	L6 IT Car3
H21.33.014	1	0.7048668373588313	gf_v2_104m_cls	per_subclass	L6 IT Car3
H21.33.015	0	0.38449282817920144	gf_v2_104m_cls	per_subclass	L6 IT Car3
H21.33.016	0	0.6020679688747281	gf_v2_104m_cls	per_subclass	L6 IT Car3
H21.33.017	1	0.6911454875861966	gf_v2_104m_cls	per_subclass	L6 IT Car3
H21.33.018	0	0.815201988160289	gf_v2_104m_cls	per_subclass	L6 IT Car3
H21.33.019	0	0.8338951011590549	gf_v2_104m_cls	per_subclass	L6 IT Car3
H21.33.021	1	0.48714278592738375	gf_v2_104m_cls	per_subclass	L6 IT Car3
H21.33.022	1	0.7814176678741507	gf_v2_104m_cls	per_subclass	L6 IT Car3
H21.33.023	0	0.4953162369638379	gf_v2_104m_cls	per_subclass	L6 IT Car3
H21.33.025	1	0.7737461903174084	gf_v2_104m_cls	per_subclass	L6 IT Car3
H21.33.026	1	0.6185294644333215	gf_v2_104m_cls	per_subclass	L6 IT Car3
H21.33.027	1	0.6012796373081044	gf_v2_104m_cls	per_subclass	L6 IT Car3
H21.33.028	0	0.6230601693500583	gf_v2_104m_cls	per_subclass	L6 IT Car3
H21.33.029	1	0.7917878541389325	gf_v2_104m_cls	per_subclass	L6 IT Car3
H21.33.030	1	0.6504779930356575	gf_v2_104m_cls	per_subclass	L6 IT Car3
H21.33.031	1	0.835928849916366	gf_v2_104m_cls	per_subclass	L6 IT Car3
H21.33.032	0	0.7066298881559223	gf_v2_104m_cls	per_subclass	L6 IT Car3
H21.33.033	1	0.8732370737928854	gf_v2_104m_cls	per_subclass	L6 IT Car3
H21.33.034	1	0.9459778483909673	gf_v2_104m_cls	per_subclass	L6 IT Car3
H21.33.035	1	0.8959319260576762	gf_v2_104m_cls	per_subclass	L6 IT Car3
H21.33.036	1	0.7648741452812908	gf_v2_104m_cls	per_subclass	L6 IT Car3
H21.33.037	0	0.647228806249023	gf_v2_104m_cls	per_subclass	L6 IT Car3
H21.33.038	0	0.7489547540336196	gf_v2_104m_cls	per_subclass	L6 IT Car3
H21.33.039	1	0.9138533979206465	gf_v2_104m_cls	per_subclass	L6 IT Car3
H21.33.040	1	0.8820022381159875	gf_v2_104m_cls	per_subclass	L6 IT Car3
H21.33.041	0	0.7564042583339996	gf_v2_104m_cls	per_subclass	L6 IT Car3
H21.33.042	1	0.8018266613644807	gf_v2_104m_cls	per_subclass	L6 IT Car3
H21.33.043	0	0.8903846877620303	gf_v2_104m_cls	per_subclass	L6 IT Car3
H21.33.044	1	0.9435099995473987	gf_v2_104m_cls	per_subclass	L6 IT Car3
H21.33.045	1	0.948392889160058	gf_v2_104m_cls	per_subclass	L6 IT Car3
H21.33.046	1	0.9252304861188243	gf_v2_104m_cls	per_subclass	L6 IT Car3
H21.33.047	1	0.8067888813370349	gf_v2_104m_cls	per_subclass	L6 IT Car3
H19.33.004	0	0.9140390372602137	gf_v2_104m_cls	per_subclass	L6b
H20.33.001	0	0.6084595000637083	gf_v2_104m_cls	per_subclass	L6b
H20.33.002	0	0.9132097316471585	gf_v2_104m_cls	per_subclass	L6b
H20.33.004	1	0.8862025636397035	gf_v2_104m_cls	per_subclass	L6b
H20.33.005	1	0.6745156785084461	gf_v2_104m_cls	per_subclass	L6b
H20.33.008	1	0.8297910208164814	gf_v2_104m_cls	per_subclass	L6b
H20.33.011	1	0.6701675865685004	gf_v2_104m_cls	per_subclass	L6b
H20.33.012	0	0.6920422158789099	gf_v2_104m_cls	per_subclass	L6b
H20.33.013	1	0.57239593573066	gf_v2_104m_cls	per_subclass	L6b
H20.33.014	1	0.522369926713233	gf_v2_104m_cls	per_subclass	L6b
H20.33.015	1	0.8609959948034973	gf_v2_104m_cls	per_subclass	L6b
H20.33.016	1	0.2332881518679307	gf_v2_104m_cls	per_subclass	L6b
H20.33.017	1	0.9105870362220024	gf_v2_104m_cls	per_subclass	L6b
H20.33.018	1	0.8713799116172595	gf_v2_104m_cls	per_subclass	L6b
H20.33.019	1	0.6949325288457067	gf_v2_104m_cls	per_subclass	L6b
H20.33.020	1	0.9390454908816537	gf_v2_104m_cls	per_subclass	L6b
H20.33.024	1	0.7588256660653089	gf_v2_104m_cls	per_subclass	L6b
H20.33.025	1	0.7415591187455245	gf_v2_104m_cls	per_subclass	L6b
H20.33.026	1	0.7817368394009441	gf_v2_104m_cls	per_subclass	L6b
H20.33.027	1	0.8300135997714191	gf_v2_104m_cls	per_subclass	L6b
H20.33.028	1	0.9383461051669071	gf_v2_104m_cls	per_subclass	L6b
H20.33.029	1	0.4658832511352	gf_v2_104m_cls	per_subclass	L6b
H20.33.030	1	0.8926224380949268	gf_v2_104m_cls	per_subclass	L6b
H20.33.031	1	0.7785250992995796	gf_v2_104m_cls	per_subclass	L6b
H20.33.032	1	0.689830985966662	gf_v2_104m_cls	per_subclass	L6b
H20.33.033	1	0.8999659938319405	gf_v2_104m_cls	per_subclass	L6b
H20.33.034	1	0.9376671801377793	gf_v2_104m_cls	per_subclass	L6b
H20.33.035	0	0.630919172516916	gf_v2_104m_cls	per_subclass	L6b
H20.33.036	1	0.9619311922253401	gf_v2_104m_cls	per_subclass	L6b
H20.33.037	1	0.9291934426052405	gf_v2_104m_cls	per_subclass	L6b
H20.33.039	1	0.6239886505594197	gf_v2_104m_cls	per_subclass	L6b
H20.33.040	1	0.5655545533244553	gf_v2_104m_cls	per_subclass	L6b
H20.33.041	1	0.565796947066748	gf_v2_104m_cls	per_subclass	L6b
H20.33.043	1	0.2468310012870815	gf_v2_104m_cls	per_subclass	L6b
H20.33.044	0	0.482387774176568	gf_v2_104m_cls	per_subclass	L6b
H20.33.045	1	0.9861014855331348	gf_v2_104m_cls	per_subclass	L6b
H20.33.046	1	0.9755337951208732	gf_v2_104m_cls	per_subclass	L6b
H21.33.001	0	0.9634643765318591	gf_v2_104m_cls	per_subclass	L6b
H21.33.002	1	0.7415797849157617	gf_v2_104m_cls	per_subclass	L6b
H21.33.003	0	0.8089348633335243	gf_v2_104m_cls	per_subclass	L6b
H21.33.004	0	0.3487546352172636	gf_v2_104m_cls	per_subclass	L6b
H21.33.005	1	0.9347646039644497	gf_v2_104m_cls	per_subclass	L6b
H21.33.006	1	0.4964655367119072	gf_v2_104m_cls	per_subclass	L6b
H21.33.007	1	0.8345973126874476	gf_v2_104m_cls	per_subclass	L6b
H21.33.008	1	0.9792832066162568	gf_v2_104m_cls	per_subclass	L6b
H21.33.009	1	0.9649444224398801	gf_v2_104m_cls	per_subclass	L6b
H21.33.010	1	0.7689920032399796	gf_v2_104m_cls	per_subclass	L6b
H21.33.011	0	0.17169467919219297	gf_v2_104m_cls	per_subclass	L6b
H21.33.012	1	0.8655184634749606	gf_v2_104m_cls	per_subclass	L6b
H21.33.013	1	0.8748804650864003	gf_v2_104m_cls	per_subclass	L6b
H21.33.014	1	0.8541798643468258	gf_v2_104m_cls	per_subclass	L6b
H21.33.015	0	0.4581886201645017	gf_v2_104m_cls	per_subclass	L6b
H21.33.016	0	0.47250454652313423	gf_v2_104m_cls	per_subclass	L6b
H21.33.017	1	0.36442715596990394	gf_v2_104m_cls	per_subclass	L6b
H21.33.018	0	0.9089316434559148	gf_v2_104m_cls	per_subclass	L6b
H21.33.019	0	0.5929953597586881	gf_v2_104m_cls	per_subclass	L6b
H21.33.021	1	0.8941327408228241	gf_v2_104m_cls	per_subclass	L6b
H21.33.022	1	0.8030576459526104	gf_v2_104m_cls	per_subclass	L6b
H21.33.023	0	0.6330703107334348	gf_v2_104m_cls	per_subclass	L6b
H21.33.025	1	0.6797374345762591	gf_v2_104m_cls	per_subclass	L6b
H21.33.026	1	0.9315688909969569	gf_v2_104m_cls	per_subclass	L6b
H21.33.027	1	0.7250079490634733	gf_v2_104m_cls	per_subclass	L6b
H21.33.028	0	0.7141085029339695	gf_v2_104m_cls	per_subclass	L6b
H21.33.029	1	0.47503336692923587	gf_v2_104m_cls	per_subclass	L6b
H21.33.030	1	0.6744458527336789	gf_v2_104m_cls	per_subclass	L6b
H21.33.031	1	0.8623937018161316	gf_v2_104m_cls	per_subclass	L6b
H21.33.032	0	0.47664578310427197	gf_v2_104m_cls	per_subclass	L6b
H21.33.033	1	0.9560320125491855	gf_v2_104m_cls	per_subclass	L6b
H21.33.034	1	0.937693151376833	gf_v2_104m_cls	per_subclass	L6b
H21.33.035	1	0.7851485280614392	gf_v2_104m_cls	per_subclass	L6b
H21.33.036	1	0.8213705157686606	gf_v2_104m_cls	per_subclass	L6b
H21.33.037	0	0.4034347514654134	gf_v2_104m_cls	per_subclass	L6b
H21.33.038	0	0.8477693345069783	gf_v2_104m_cls	per_subclass	L6b
H21.33.039	1	0.8416679679252116	gf_v2_104m_cls	per_subclass	L6b
H21.33.040	1	0.9501565954521671	gf_v2_104m_cls	per_subclass	L6b
H21.33.041	0	0.7579983079001762	gf_v2_104m_cls	per_subclass	L6b
H21.33.042	1	0.8223457949869774	gf_v2_104m_cls	per_subclass	L6b
H21.33.043	0	0.9625548235504684	gf_v2_104m_cls	per_subclass	L6b
H21.33.044	1	0.9686659793461011	gf_v2_104m_cls	per_subclass	L6b
H21.33.045	1	0.9824437982234084	gf_v2_104m_cls	per_subclass	L6b
H21.33.046	1	0.9471177914663063	gf_v2_104m_cls	per_subclass	L6b
H21.33.047	1	0.8134478786320081	gf_v2_104m_cls	per_subclass	L6b
H19.33.004	0	0.9559676117783968	gf_v2_104m_cls	per_subclass	Lamp5
H20.33.001	0	0.861345683935807	gf_v2_104m_cls	per_subclass	Lamp5
H20.33.002	0	0.8933962964496451	gf_v2_104m_cls	per_subclass	Lamp5
H20.33.004	1	0.884750431271527	gf_v2_104m_cls	per_subclass	Lamp5
H20.33.005	1	0.6452833767207873	gf_v2_104m_cls	per_subclass	Lamp5
H20.33.008	1	0.8137844644036543	gf_v2_104m_cls	per_subclass	Lamp5
H20.33.011	1	0.2299900853310088	gf_v2_104m_cls	per_subclass	Lamp5
H20.33.012	0	0.573850365728519	gf_v2_104m_cls	per_subclass	Lamp5
H20.33.013	1	0.6066145125609725	gf_v2_104m_cls	per_subclass	Lamp5
H20.33.014	1	0.6259091936457933	gf_v2_104m_cls	per_subclass	Lamp5
H20.33.015	1	0.8366905450768914	gf_v2_104m_cls	per_subclass	Lamp5
H20.33.016	1	0.8807871721423783	gf_v2_104m_cls	per_subclass	Lamp5
H20.33.017	1	0.8723350511463168	gf_v2_104m_cls	per_subclass	Lamp5
H20.33.018	1	0.923020401812314	gf_v2_104m_cls	per_subclass	Lamp5
H20.33.019	1	0.8940068967521537	gf_v2_104m_cls	per_subclass	Lamp5
H20.33.020	1	0.6710495608468934	gf_v2_104m_cls	per_subclass	Lamp5
H20.33.024	1	0.3508422668773408	gf_v2_104m_cls	per_subclass	Lamp5
H20.33.025	1	0.5824548539482926	gf_v2_104m_cls	per_subclass	Lamp5
H20.33.026	1	0.21358842640131043	gf_v2_104m_cls	per_subclass	Lamp5
H20.33.027	1	0.8198758612477445	gf_v2_104m_cls	per_subclass	Lamp5
H20.33.028	1	0.8502448202313696	gf_v2_104m_cls	per_subclass	Lamp5
H20.33.029	1	0.7640406223263739	gf_v2_104m_cls	per_subclass	Lamp5
H20.33.030	1	0.8462551588332833	gf_v2_104m_cls	per_subclass	Lamp5
H20.33.031	1	0.7827869819747599	gf_v2_104m_cls	per_subclass	Lamp5
H20.33.032	1	0.7018859155093385	gf_v2_104m_cls	per_subclass	Lamp5
H20.33.033	1	0.9592389316403512	gf_v2_104m_cls	per_subclass	Lamp5
H20.33.034	1	0.7853487400959297	gf_v2_104m_cls	per_subclass	Lamp5
H20.33.035	0	0.7602648182839358	gf_v2_104m_cls	per_subclass	Lamp5
H20.33.036	1	0.9590244579287559	gf_v2_104m_cls	per_subclass	Lamp5
H20.33.037	1	0.9866738928893273	gf_v2_104m_cls	per_subclass	Lamp5
H20.33.038	1	0.9141262261692346	gf_v2_104m_cls	per_subclass	Lamp5
H20.33.039	1	0.2276959748501398	gf_v2_104m_cls	per_subclass	Lamp5
H20.33.040	1	0.8775336855056455	gf_v2_104m_cls	per_subclass	Lamp5
H20.33.041	1	0.9603238418101668	gf_v2_104m_cls	per_subclass	Lamp5
H20.33.043	1	0.4167015711242594	gf_v2_104m_cls	per_subclass	Lamp5
H20.33.044	0	0.5104027562812989	gf_v2_104m_cls	per_subclass	Lamp5
H20.33.045	1	0.9877711986612381	gf_v2_104m_cls	per_subclass	Lamp5
H20.33.046	1	0.954693907994803	gf_v2_104m_cls	per_subclass	Lamp5
H21.33.001	0	0.25073031530523776	gf_v2_104m_cls	per_subclass	Lamp5
H21.33.002	1	0.6525728809764184	gf_v2_104m_cls	per_subclass	Lamp5
H21.33.003	0	0.7052875340974362	gf_v2_104m_cls	per_subclass	Lamp5
H21.33.004	0	0.554905010996954	gf_v2_104m_cls	per_subclass	Lamp5
H21.33.005	1	0.8430739158950604	gf_v2_104m_cls	per_subclass	Lamp5
H21.33.006	1	0.7609381014852892	gf_v2_104m_cls	per_subclass	Lamp5
H21.33.007	1	0.5602374020013751	gf_v2_104m_cls	per_subclass	Lamp5
H21.33.008	1	0.391094544001595	gf_v2_104m_cls	per_subclass	Lamp5
H21.33.009	1	0.9866657107617147	gf_v2_104m_cls	per_subclass	Lamp5
H21.33.010	1	0.8691235993058083	gf_v2_104m_cls	per_subclass	Lamp5
H21.33.011	0	0.23861357890806484	gf_v2_104m_cls	per_subclass	Lamp5
H21.33.012	1	0.7896302699716699	gf_v2_104m_cls	per_subclass	Lamp5
H21.33.013	1	0.9641640176362287	gf_v2_104m_cls	per_subclass	Lamp5
H21.33.014	1	0.7375821493964374	gf_v2_104m_cls	per_subclass	Lamp5
H21.33.015	0	0.4089807921998913	gf_v2_104m_cls	per_subclass	Lamp5
H21.33.016	0	0.7760026417594759	gf_v2_104m_cls	per_subclass	Lamp5
H21.33.017	1	0.7567340434423213	gf_v2_104m_cls	per_subclass	Lamp5
H21.33.018	0	0.43742204320863254	gf_v2_104m_cls	per_subclass	Lamp5
H21.33.019	0	0.5140086061454364	gf_v2_104m_cls	per_subclass	Lamp5
H21.33.021	1	0.5719262228201387	gf_v2_104m_cls	per_subclass	Lamp5
H21.33.022	1	0.7870574052054314	gf_v2_104m_cls	per_subclass	Lamp5
H21.33.023	0	0.6903177470095742	gf_v2_104m_cls	per_subclass	Lamp5
H21.33.025	1	0.844541637259271	gf_v2_104m_cls	per_subclass	Lamp5
H21.33.026	1	0.918029071825573	gf_v2_104m_cls	per_subclass	Lamp5
H21.33.027	1	0.6544045652141887	gf_v2_104m_cls	per_subclass	Lamp5
H21.33.028	0	0.932853044934151	gf_v2_104m_cls	per_subclass	Lamp5
H21.33.029	1	0.9202815660271293	gf_v2_104m_cls	per_subclass	Lamp5
H21.33.030	1	0.8378805847130082	gf_v2_104m_cls	per_subclass	Lamp5
H21.33.031	1	0.8721159127453886	gf_v2_104m_cls	per_subclass	Lamp5
H21.33.032	0	0.2614788606372418	gf_v2_104m_cls	per_subclass	Lamp5
H21.33.033	1	0.9618022616107341	gf_v2_104m_cls	per_subclass	Lamp5
H21.33.034	1	0.989994787485794	gf_v2_104m_cls	per_subclass	Lamp5
H21.33.035	1	0.8695322546473789	gf_v2_104m_cls	per_subclass	Lamp5
H21.33.036	1	0.8616304810826676	gf_v2_104m_cls	per_subclass	Lamp5
H21.33.037	0	0.6486767547963707	gf_v2_104m_cls	per_subclass	Lamp5
H21.33.038	0	0.8160707119317212	gf_v2_104m_cls	per_subclass	Lamp5
H21.33.039	1	0.9232481713423134	gf_v2_104m_cls	per_subclass	Lamp5
H21.33.040	1	0.9608819796602802	gf_v2_104m_cls	per_subclass	Lamp5
H21.33.041	0	0.6751222515006201	gf_v2_104m_cls	per_subclass	Lamp5
H21.33.042	1	0.8285716315949332	gf_v2_104m_cls	per_subclass	Lamp5
H21.33.043	0	0.8999231393688557	gf_v2_104m_cls	per_subclass	Lamp5
H21.33.044	1	0.9374397148269397	gf_v2_104m_cls	per_subclass	Lamp5
H21.33.045	1	0.9470827948121153	gf_v2_104m_cls	per_subclass	Lamp5
H21.33.046	1	0.9401058326182176	gf_v2_104m_cls	per_subclass	Lamp5
H21.33.047	1	0.3198781641635738	gf_v2_104m_cls	per_subclass	Lamp5
H19.33.004	0	0.9466076401874736	gf_v2_104m_cls	per_subclass	Lamp5 Lhx6
H20.33.001	0	0.869014515945074	gf_v2_104m_cls	per_subclass	Lamp5 Lhx6
H20.33.002	0	0.8478046008652875	gf_v2_104m_cls	per_subclass	Lamp5 Lhx6
H20.33.004	1	0.8645045885068013	gf_v2_104m_cls	per_subclass	Lamp5 Lhx6
H20.33.005	1	0.7801444742948385	gf_v2_104m_cls	per_subclass	Lamp5 Lhx6
H20.33.008	1	0.880121824994877	gf_v2_104m_cls	per_subclass	Lamp5 Lhx6
H20.33.011	1	0.6173786166225994	gf_v2_104m_cls	per_subclass	Lamp5 Lhx6
H20.33.012	0	0.7171992718552986	gf_v2_104m_cls	per_subclass	Lamp5 Lhx6
H20.33.013	1	0.6368927645325597	gf_v2_104m_cls	per_subclass	Lamp5 Lhx6
H20.33.014	1	0.6352928704929216	gf_v2_104m_cls	per_subclass	Lamp5 Lhx6
H20.33.015	1	0.9386083260065256	gf_v2_104m_cls	per_subclass	Lamp5 Lhx6
H20.33.016	1	0.8401643055289503	gf_v2_104m_cls	per_subclass	Lamp5 Lhx6
H20.33.017	1	0.8673064813265704	gf_v2_104m_cls	per_subclass	Lamp5 Lhx6
H20.33.018	1	0.7569562353222585	gf_v2_104m_cls	per_subclass	Lamp5 Lhx6
H20.33.019	1	0.954692597206235	gf_v2_104m_cls	per_subclass	Lamp5 Lhx6
H20.33.020	1	0.869164179550735	gf_v2_104m_cls	per_subclass	Lamp5 Lhx6
H20.33.024	1	0.609335319997473	gf_v2_104m_cls	per_subclass	Lamp5 Lhx6
H20.33.025	1	0.6839432605841289	gf_v2_104m_cls	per_subclass	Lamp5 Lhx6
H20.33.026	1	0.5958681329407706	gf_v2_104m_cls	per_subclass	Lamp5 Lhx6
H20.33.027	1	0.8463223072500174	gf_v2_104m_cls	per_subclass	Lamp5 Lhx6
H20.33.028	1	0.7440013590621561	gf_v2_104m_cls	per_subclass	Lamp5 Lhx6
H20.33.029	1	0.33664555550556613	gf_v2_104m_cls	per_subclass	Lamp5 Lhx6
H20.33.030	1	0.9319272646448334	gf_v2_104m_cls	per_subclass	Lamp5 Lhx6
H20.33.031	1	0.5052054090927954	gf_v2_104m_cls	per_subclass	Lamp5 Lhx6
H20.33.032	1	0.5414599724809925	gf_v2_104m_cls	per_subclass	Lamp5 Lhx6
H20.33.033	1	0.9713584810929332	gf_v2_104m_cls	per_subclass	Lamp5 Lhx6
H20.33.034	1	0.8695827265407393	gf_v2_104m_cls	per_subclass	Lamp5 Lhx6
H20.33.035	0	0.2896782642177519	gf_v2_104m_cls	per_subclass	Lamp5 Lhx6
H20.33.036	1	0.8613387250297888	gf_v2_104m_cls	per_subclass	Lamp5 Lhx6
H20.33.037	1	0.8764622364365204	gf_v2_104m_cls	per_subclass	Lamp5 Lhx6
H20.33.039	1	0.6153130470379482	gf_v2_104m_cls	per_subclass	Lamp5 Lhx6
H20.33.040	1	0.6816058828439677	gf_v2_104m_cls	per_subclass	Lamp5 Lhx6
H20.33.041	1	0.791520317501586	gf_v2_104m_cls	per_subclass	Lamp5 Lhx6
H20.33.043	1	0.7043059923980082	gf_v2_104m_cls	per_subclass	Lamp5 Lhx6
H20.33.044	0	0.32353257485482445	gf_v2_104m_cls	per_subclass	Lamp5 Lhx6
H20.33.045	1	0.9650654469966268	gf_v2_104m_cls	per_subclass	Lamp5 Lhx6
H20.33.046	1	0.8933881574386259	gf_v2_104m_cls	per_subclass	Lamp5 Lhx6
H21.33.001	0	0.6300574948380276	gf_v2_104m_cls	per_subclass	Lamp5 Lhx6
H21.33.002	1	0.6012485862219932	gf_v2_104m_cls	per_subclass	Lamp5 Lhx6
H21.33.003	0	0.798996829366102	gf_v2_104m_cls	per_subclass	Lamp5 Lhx6
H21.33.004	0	0.486101049182341	gf_v2_104m_cls	per_subclass	Lamp5 Lhx6
H21.33.005	1	0.9472145725864094	gf_v2_104m_cls	per_subclass	Lamp5 Lhx6
H21.33.006	1	0.7651050550642398	gf_v2_104m_cls	per_subclass	Lamp5 Lhx6
H21.33.007	1	0.7041207088067962	gf_v2_104m_cls	per_subclass	Lamp5 Lhx6
H21.33.008	1	0.8535083567784053	gf_v2_104m_cls	per_subclass	Lamp5 Lhx6
H21.33.009	1	0.9763619458533693	gf_v2_104m_cls	per_subclass	Lamp5 Lhx6
H21.33.010	1	0.8738165017237133	gf_v2_104m_cls	per_subclass	Lamp5 Lhx6
H21.33.011	0	0.4563814349329148	gf_v2_104m_cls	per_subclass	Lamp5 Lhx6
H21.33.012	1	0.7654694604795685	gf_v2_104m_cls	per_subclass	Lamp5 Lhx6
H21.33.013	1	0.9223648546567524	gf_v2_104m_cls	per_subclass	Lamp5 Lhx6
H21.33.014	1	0.8867129334383375	gf_v2_104m_cls	per_subclass	Lamp5 Lhx6
H21.33.015	0	0.626315294911062	gf_v2_104m_cls	per_subclass	Lamp5 Lhx6
H21.33.016	0	0.7277421381257578	gf_v2_104m_cls	per_subclass	Lamp5 Lhx6
H21.33.017	1	0.6501801662507013	gf_v2_104m_cls	per_subclass	Lamp5 Lhx6
H21.33.018	0	0.7433152880915138	gf_v2_104m_cls	per_subclass	Lamp5 Lhx6
H21.33.019	0	0.35651115625444474	gf_v2_104m_cls	per_subclass	Lamp5 Lhx6
H21.33.021	1	0.4467159248299305	gf_v2_104m_cls	per_subclass	Lamp5 Lhx6
H21.33.022	1	0.8620044655214965	gf_v2_104m_cls	per_subclass	Lamp5 Lhx6
H21.33.023	0	0.7230429153892896	gf_v2_104m_cls	per_subclass	Lamp5 Lhx6
H21.33.025	1	0.7777979176078642	gf_v2_104m_cls	per_subclass	Lamp5 Lhx6
H21.33.026	1	0.8453281731538873	gf_v2_104m_cls	per_subclass	Lamp5 Lhx6
H21.33.027	1	0.41339335660436943	gf_v2_104m_cls	per_subclass	Lamp5 Lhx6
H21.33.028	0	0.8709612012828629	gf_v2_104m_cls	per_subclass	Lamp5 Lhx6
H21.33.029	1	0.6652971769918983	gf_v2_104m_cls	per_subclass	Lamp5 Lhx6
H21.33.030	1	0.7936810956332648	gf_v2_104m_cls	per_subclass	Lamp5 Lhx6
H21.33.031	1	0.8944907944664203	gf_v2_104m_cls	per_subclass	Lamp5 Lhx6
H21.33.032	0	0.6730772103191389	gf_v2_104m_cls	per_subclass	Lamp5 Lhx6
H21.33.033	1	0.9353950923247357	gf_v2_104m_cls	per_subclass	Lamp5 Lhx6
H21.33.034	1	0.894587430337993	gf_v2_104m_cls	per_subclass	Lamp5 Lhx6
H21.33.035	1	0.7846602239233962	gf_v2_104m_cls	per_subclass	Lamp5 Lhx6
H21.33.036	1	0.6873711219632431	gf_v2_104m_cls	per_subclass	Lamp5 Lhx6
H21.33.037	0	0.6682746955665326	gf_v2_104m_cls	per_subclass	Lamp5 Lhx6
H21.33.038	0	0.9167771201970314	gf_v2_104m_cls	per_subclass	Lamp5 Lhx6
H21.33.039	1	0.8851628999448978	gf_v2_104m_cls	per_subclass	Lamp5 Lhx6
H21.33.040	1	0.9018819619625791	gf_v2_104m_cls	per_subclass	Lamp5 Lhx6
H21.33.041	0	0.6426026542384263	gf_v2_104m_cls	per_subclass	Lamp5 Lhx6
H21.33.042	1	0.8303296276050895	gf_v2_104m_cls	per_subclass	Lamp5 Lhx6
H21.33.043	0	0.9371913879767961	gf_v2_104m_cls	per_subclass	Lamp5 Lhx6
H21.33.044	1	0.9605826577550125	gf_v2_104m_cls	per_subclass	Lamp5 Lhx6
H21.33.045	1	0.9616182567852402	gf_v2_104m_cls	per_subclass	Lamp5 Lhx6
H21.33.046	1	0.869886877395	gf_v2_104m_cls	per_subclass	Lamp5 Lhx6
H21.33.047	1	0.5392183902603802	gf_v2_104m_cls	per_subclass	Lamp5 Lhx6
H19.33.004	0	0.9485351716668953	gf_v2_104m_cls	per_subclass	OPC
H20.33.001	0	0.44758372550217995	gf_v2_104m_cls	per_subclass	OPC
H20.33.002	0	0.9165479252638213	gf_v2_104m_cls	per_subclass	OPC
H20.33.004	1	0.6746647895629364	gf_v2_104m_cls	per_subclass	OPC
H20.33.005	1	0.7199491163666518	gf_v2_104m_cls	per_subclass	OPC
H20.33.008	1	0.8732490368854305	gf_v2_104m_cls	per_subclass	OPC
H20.33.011	1	0.6440407171918284	gf_v2_104m_cls	per_subclass	OPC
H20.33.012	0	0.7122037442545723	gf_v2_104m_cls	per_subclass	OPC
H20.33.013	1	0.8634291358161233	gf_v2_104m_cls	per_subclass	OPC
H20.33.014	1	0.8463461698968858	gf_v2_104m_cls	per_subclass	OPC
H20.33.015	1	0.8746057007005815	gf_v2_104m_cls	per_subclass	OPC
H20.33.016	1	0.831934552265863	gf_v2_104m_cls	per_subclass	OPC
H20.33.017	1	0.8569595331428976	gf_v2_104m_cls	per_subclass	OPC
H20.33.018	1	0.9245654700006263	gf_v2_104m_cls	per_subclass	OPC
H20.33.019	1	0.8234024364436939	gf_v2_104m_cls	per_subclass	OPC
H20.33.020	1	0.7586949772723885	gf_v2_104m_cls	per_subclass	OPC
H20.33.024	1	0.1567323664729571	gf_v2_104m_cls	per_subclass	OPC
H20.33.025	1	0.5925192699329249	gf_v2_104m_cls	per_subclass	OPC
H20.33.026	1	0.5511785356552918	gf_v2_104m_cls	per_subclass	OPC
H20.33.027	1	0.9710735946316614	gf_v2_104m_cls	per_subclass	OPC
H20.33.028	1	0.8721862315108524	gf_v2_104m_cls	per_subclass	OPC
H20.33.029	1	0.6976300465331985	gf_v2_104m_cls	per_subclass	OPC
H20.33.030	1	0.7868029578301042	gf_v2_104m_cls	per_subclass	OPC
H20.33.031	1	0.5927738998269518	gf_v2_104m_cls	per_subclass	OPC
H20.33.032	1	0.5491750410426711	gf_v2_104m_cls	per_subclass	OPC
H20.33.033	1	0.9514273502141604	gf_v2_104m_cls	per_subclass	OPC
H20.33.034	1	0.9670188182885247	gf_v2_104m_cls	per_subclass	OPC
H20.33.035	0	0.7603784859728387	gf_v2_104m_cls	per_subclass	OPC
H20.33.036	1	0.9379053930845662	gf_v2_104m_cls	per_subclass	OPC
H20.33.037	1	0.9908263308708305	gf_v2_104m_cls	per_subclass	OPC
H20.33.038	1	0.6652265961251331	gf_v2_104m_cls	per_subclass	OPC
H20.33.039	1	0.6880353368989598	gf_v2_104m_cls	per_subclass	OPC
H20.33.040	1	0.7191299221281552	gf_v2_104m_cls	per_subclass	OPC
H20.33.041	1	0.9658785384047184	gf_v2_104m_cls	per_subclass	OPC
H20.33.043	1	0.5718750252311067	gf_v2_104m_cls	per_subclass	OPC
H20.33.044	0	0.5426479887473235	gf_v2_104m_cls	per_subclass	OPC
H20.33.045	1	0.9812665095545686	gf_v2_104m_cls	per_subclass	OPC
H20.33.046	1	0.7307957093664311	gf_v2_104m_cls	per_subclass	OPC
H21.33.001	0	0.8101592398536234	gf_v2_104m_cls	per_subclass	OPC
H21.33.002	1	0.8586192988834274	gf_v2_104m_cls	per_subclass	OPC
H21.33.003	0	0.870986527129069	gf_v2_104m_cls	per_subclass	OPC
H21.33.004	0	0.42311700611879016	gf_v2_104m_cls	per_subclass	OPC
H21.33.005	1	0.9037486335999251	gf_v2_104m_cls	per_subclass	OPC
H21.33.006	1	0.5528242800126607	gf_v2_104m_cls	per_subclass	OPC
H21.33.007	1	0.9320928924378759	gf_v2_104m_cls	per_subclass	OPC
H21.33.008	1	0.8071429513868178	gf_v2_104m_cls	per_subclass	OPC
H21.33.009	1	0.9254410685324089	gf_v2_104m_cls	per_subclass	OPC
H21.33.010	1	0.7136238134267813	gf_v2_104m_cls	per_subclass	OPC
H21.33.011	0	0.17240733298351935	gf_v2_104m_cls	per_subclass	OPC
H21.33.012	1	0.6215598187432908	gf_v2_104m_cls	per_subclass	OPC
H21.33.013	1	0.9081238887729493	gf_v2_104m_cls	per_subclass	OPC
H21.33.014	1	0.6845763775276705	gf_v2_104m_cls	per_subclass	OPC
H21.33.015	0	0.47445647108684286	gf_v2_104m_cls	per_subclass	OPC
H21.33.016	0	0.33083504312013523	gf_v2_104m_cls	per_subclass	OPC
H21.33.017	1	0.8853771414284942	gf_v2_104m_cls	per_subclass	OPC
H21.33.018	0	0.941360685511957	gf_v2_104m_cls	per_subclass	OPC
H21.33.019	0	0.6078951540999598	gf_v2_104m_cls	per_subclass	OPC
H21.33.020	1	0.9701269570196647	gf_v2_104m_cls	per_subclass	OPC
H21.33.021	1	0.7731057465783986	gf_v2_104m_cls	per_subclass	OPC
H21.33.022	1	0.7394849290344245	gf_v2_104m_cls	per_subclass	OPC
H21.33.023	0	0.7413004380015653	gf_v2_104m_cls	per_subclass	OPC
H21.33.025	1	0.9393532031932109	gf_v2_104m_cls	per_subclass	OPC
H21.33.026	1	0.7118713036055806	gf_v2_104m_cls	per_subclass	OPC
H21.33.027	1	0.7988899566398716	gf_v2_104m_cls	per_subclass	OPC
H21.33.028	0	0.5523640547360565	gf_v2_104m_cls	per_subclass	OPC
H21.33.029	1	0.8343797671122498	gf_v2_104m_cls	per_subclass	OPC
H21.33.030	1	0.868884673125437	gf_v2_104m_cls	per_subclass	OPC
H21.33.031	1	0.8131596016114896	gf_v2_104m_cls	per_subclass	OPC
H21.33.032	0	0.7368887254803628	gf_v2_104m_cls	per_subclass	OPC
H21.33.033	1	0.7637311089883463	gf_v2_104m_cls	per_subclass	OPC
H21.33.034	1	0.9859959933625964	gf_v2_104m_cls	per_subclass	OPC
H21.33.035	1	0.956080181297378	gf_v2_104m_cls	per_subclass	OPC
H21.33.036	1	0.24581768286018257	gf_v2_104m_cls	per_subclass	OPC
H21.33.037	0	0.7875606482174874	gf_v2_104m_cls	per_subclass	OPC
H21.33.038	0	0.8429821290607402	gf_v2_104m_cls	per_subclass	OPC
H21.33.039	1	0.9434627561940955	gf_v2_104m_cls	per_subclass	OPC
H21.33.040	1	0.9382579961882304	gf_v2_104m_cls	per_subclass	OPC
H21.33.041	0	0.5577643561614423	gf_v2_104m_cls	per_subclass	OPC
H21.33.042	1	0.37523087813286465	gf_v2_104m_cls	per_subclass	OPC
H21.33.043	0	0.8548203917383507	gf_v2_104m_cls	per_subclass	OPC
H21.33.044	1	0.8797529413891212	gf_v2_104m_cls	per_subclass	OPC
H21.33.045	1	0.9780169165870027	gf_v2_104m_cls	per_subclass	OPC
H21.33.046	1	0.8534350221781812	gf_v2_104m_cls	per_subclass	OPC
H21.33.047	1	0.6735516810204109	gf_v2_104m_cls	per_subclass	OPC
H19.33.004	0	0.9274943926278103	gf_v2_104m_cls	per_subclass	Oligodendrocyte
H20.33.001	0	0.5400449321995323	gf_v2_104m_cls	per_subclass	Oligodendrocyte
H20.33.002	0	0.8156708220618454	gf_v2_104m_cls	per_subclass	Oligodendrocyte
H20.33.004	1	0.5319279451147464	gf_v2_104m_cls	per_subclass	Oligodendrocyte
H20.33.005	1	0.8536072317364491	gf_v2_104m_cls	per_subclass	Oligodendrocyte
H20.33.008	1	0.6230127474700432	gf_v2_104m_cls	per_subclass	Oligodendrocyte
H20.33.011	1	0.8002150898109324	gf_v2_104m_cls	per_subclass	Oligodendrocyte
H20.33.012	0	0.8408618792429781	gf_v2_104m_cls	per_subclass	Oligodendrocyte
H20.33.013	1	0.7190966118436792	gf_v2_104m_cls	per_subclass	Oligodendrocyte
H20.33.014	1	0.7854103645352943	gf_v2_104m_cls	per_subclass	Oligodendrocyte
H20.33.015	1	0.8389014327691431	gf_v2_104m_cls	per_subclass	Oligodendrocyte
H20.33.016	1	0.6455616666419213	gf_v2_104m_cls	per_subclass	Oligodendrocyte
H20.33.017	1	0.7817906677468758	gf_v2_104m_cls	per_subclass	Oligodendrocyte
H20.33.018	1	0.9738320299518357	gf_v2_104m_cls	per_subclass	Oligodendrocyte
H20.33.019	1	0.7724723035288543	gf_v2_104m_cls	per_subclass	Oligodendrocyte
H20.33.020	1	0.92061889809594	gf_v2_104m_cls	per_subclass	Oligodendrocyte
H20.33.024	1	0.22978384532535379	gf_v2_104m_cls	per_subclass	Oligodendrocyte
H20.33.025	1	0.40023815754875997	gf_v2_104m_cls	per_subclass	Oligodendrocyte
H20.33.026	1	0.8127715994775055	gf_v2_104m_cls	per_subclass	Oligodendrocyte
H20.33.027	1	0.9187415948071367	gf_v2_104m_cls	per_subclass	Oligodendrocyte
H20.33.028	1	0.9145371952312846	gf_v2_104m_cls	per_subclass	Oligodendrocyte
H20.33.029	1	0.7580578111766351	gf_v2_104m_cls	per_subclass	Oligodendrocyte
H20.33.030	1	0.6756252344538148	gf_v2_104m_cls	per_subclass	Oligodendrocyte
H20.33.031	1	0.4035187556923372	gf_v2_104m_cls	per_subclass	Oligodendrocyte
H20.33.032	1	0.7168351223277831	gf_v2_104m_cls	per_subclass	Oligodendrocyte
H20.33.033	1	0.8844104190385653	gf_v2_104m_cls	per_subclass	Oligodendrocyte
H20.33.034	1	0.8716720918549367	gf_v2_104m_cls	per_subclass	Oligodendrocyte
H20.33.035	0	0.2332588482433393	gf_v2_104m_cls	per_subclass	Oligodendrocyte
H20.33.036	1	0.9407008332282529	gf_v2_104m_cls	per_subclass	Oligodendrocyte
H20.33.037	1	0.9921723843727432	gf_v2_104m_cls	per_subclass	Oligodendrocyte
H20.33.038	1	0.7162349732948796	gf_v2_104m_cls	per_subclass	Oligodendrocyte
H20.33.039	1	0.7809504305032733	gf_v2_104m_cls	per_subclass	Oligodendrocyte
H20.33.040	1	0.9507229598974007	gf_v2_104m_cls	per_subclass	Oligodendrocyte
H20.33.041	1	0.9387509833378154	gf_v2_104m_cls	per_subclass	Oligodendrocyte
H20.33.043	1	0.48110063446486295	gf_v2_104m_cls	per_subclass	Oligodendrocyte
H20.33.044	0	0.7659061058631378	gf_v2_104m_cls	per_subclass	Oligodendrocyte
H20.33.045	1	0.9854021617797162	gf_v2_104m_cls	per_subclass	Oligodendrocyte
H20.33.046	1	0.8663963461314689	gf_v2_104m_cls	per_subclass	Oligodendrocyte
H21.33.001	0	0.9634728099468193	gf_v2_104m_cls	per_subclass	Oligodendrocyte
H21.33.002	1	0.9061693367295577	gf_v2_104m_cls	per_subclass	Oligodendrocyte
H21.33.003	0	0.7190548438651578	gf_v2_104m_cls	per_subclass	Oligodendrocyte
H21.33.004	0	0.18354941957855836	gf_v2_104m_cls	per_subclass	Oligodendrocyte
H21.33.005	1	0.7620857048679581	gf_v2_104m_cls	per_subclass	Oligodendrocyte
H21.33.006	1	0.9144535907823588	gf_v2_104m_cls	per_subclass	Oligodendrocyte
H21.33.007	1	0.979298223160107	gf_v2_104m_cls	per_subclass	Oligodendrocyte
H21.33.008	1	0.85500752029906	gf_v2_104m_cls	per_subclass	Oligodendrocyte
H21.33.009	1	0.983516600536935	gf_v2_104m_cls	per_subclass	Oligodendrocyte
H21.33.010	1	0.7046509175433229	gf_v2_104m_cls	per_subclass	Oligodendrocyte
H21.33.011	0	0.22708385681638746	gf_v2_104m_cls	per_subclass	Oligodendrocyte
H21.33.012	1	0.7435395957438821	gf_v2_104m_cls	per_subclass	Oligodendrocyte
H21.33.013	1	0.9462990038143866	gf_v2_104m_cls	per_subclass	Oligodendrocyte
H21.33.014	1	0.8615461528081321	gf_v2_104m_cls	per_subclass	Oligodendrocyte
H21.33.015	0	0.4434427885131044	gf_v2_104m_cls	per_subclass	Oligodendrocyte
H21.33.016	0	0.5150638672619473	gf_v2_104m_cls	per_subclass	Oligodendrocyte
H21.33.017	1	0.8278051410377589	gf_v2_104m_cls	per_subclass	Oligodendrocyte
H21.33.018	0	0.7396485121609351	gf_v2_104m_cls	per_subclass	Oligodendrocyte
H21.33.019	0	0.7634059065567292	gf_v2_104m_cls	per_subclass	Oligodendrocyte
H21.33.020	1	0.9703004205900371	gf_v2_104m_cls	per_subclass	Oligodendrocyte
H21.33.021	1	0.8223674547486597	gf_v2_104m_cls	per_subclass	Oligodendrocyte
H21.33.022	1	0.6166138115122832	gf_v2_104m_cls	per_subclass	Oligodendrocyte
H21.33.023	0	0.5418667440196074	gf_v2_104m_cls	per_subclass	Oligodendrocyte
H21.33.025	1	0.8836053419049492	gf_v2_104m_cls	per_subclass	Oligodendrocyte
H21.33.026	1	0.3065586979884585	gf_v2_104m_cls	per_subclass	Oligodendrocyte
H21.33.027	1	0.5591768466120828	gf_v2_104m_cls	per_subclass	Oligodendrocyte
H21.33.028	0	0.7920932275413091	gf_v2_104m_cls	per_subclass	Oligodendrocyte
H21.33.029	1	0.829565776699041	gf_v2_104m_cls	per_subclass	Oligodendrocyte
H21.33.030	1	0.7325909781395673	gf_v2_104m_cls	per_subclass	Oligodendrocyte
H21.33.031	1	0.8582220636533304	gf_v2_104m_cls	per_subclass	Oligodendrocyte
H21.33.032	0	0.47417181788651613	gf_v2_104m_cls	per_subclass	Oligodendrocyte
H21.33.033	1	0.8726389234665654	gf_v2_104m_cls	per_subclass	Oligodendrocyte
H21.33.034	1	0.9920652113680892	gf_v2_104m_cls	per_subclass	Oligodendrocyte
H21.33.035	1	0.9301084242918229	gf_v2_104m_cls	per_subclass	Oligodendrocyte
H21.33.036	1	0.2127579928136804	gf_v2_104m_cls	per_subclass	Oligodendrocyte
H21.33.037	0	0.829944517437557	gf_v2_104m_cls	per_subclass	Oligodendrocyte
H21.33.038	0	0.6871963183042519	gf_v2_104m_cls	per_subclass	Oligodendrocyte
H21.33.039	1	0.8183950563451697	gf_v2_104m_cls	per_subclass	Oligodendrocyte
H21.33.040	1	0.5062114632766113	gf_v2_104m_cls	per_subclass	Oligodendrocyte
H21.33.041	0	0.6918188708410715	gf_v2_104m_cls	per_subclass	Oligodendrocyte
H21.33.042	1	0.6488071564612403	gf_v2_104m_cls	per_subclass	Oligodendrocyte
H21.33.043	0	0.8117008368906404	gf_v2_104m_cls	per_subclass	Oligodendrocyte
H21.33.044	1	0.9329731188293733	gf_v2_104m_cls	per_subclass	Oligodendrocyte
H21.33.045	1	0.9816764429719538	gf_v2_104m_cls	per_subclass	Oligodendrocyte
H21.33.046	1	0.9541512256239162	gf_v2_104m_cls	per_subclass	Oligodendrocyte
H21.33.047	1	0.8558866219601056	gf_v2_104m_cls	per_subclass	Oligodendrocyte
H19.33.004	0	0.7011403375967304	gf_v2_104m_cls	per_subclass	Pax6
H20.33.001	0	0.7650558423335803	gf_v2_104m_cls	per_subclass	Pax6
H20.33.002	0	0.711910310902254	gf_v2_104m_cls	per_subclass	Pax6
H20.33.004	1	0.9135416693476419	gf_v2_104m_cls	per_subclass	Pax6
H20.33.005	1	0.8520501455409313	gf_v2_104m_cls	per_subclass	Pax6
H20.33.008	1	0.9173271059920424	gf_v2_104m_cls	per_subclass	Pax6
H20.33.011	1	0.44523401096746573	gf_v2_104m_cls	per_subclass	Pax6
H20.33.012	0	0.6741249924899998	gf_v2_104m_cls	per_subclass	Pax6
H20.33.013	1	0.6180903434640211	gf_v2_104m_cls	per_subclass	Pax6
H20.33.014	1	0.3655258052138158	gf_v2_104m_cls	per_subclass	Pax6
H20.33.015	1	0.8011303304838577	gf_v2_104m_cls	per_subclass	Pax6
H20.33.016	1	0.7624125601146474	gf_v2_104m_cls	per_subclass	Pax6
H20.33.017	1	0.9228953186541249	gf_v2_104m_cls	per_subclass	Pax6
H20.33.018	1	0.8809031895867996	gf_v2_104m_cls	per_subclass	Pax6
H20.33.019	1	0.8247979699472522	gf_v2_104m_cls	per_subclass	Pax6
H20.33.020	1	0.9003241237808897	gf_v2_104m_cls	per_subclass	Pax6
H20.33.024	1	0.09425840355195389	gf_v2_104m_cls	per_subclass	Pax6
H20.33.025	1	0.8584241134626325	gf_v2_104m_cls	per_subclass	Pax6
H20.33.026	1	0.7706384145829773	gf_v2_104m_cls	per_subclass	Pax6
H20.33.027	1	0.8543706641200979	gf_v2_104m_cls	per_subclass	Pax6
H20.33.028	1	0.9868254545410853	gf_v2_104m_cls	per_subclass	Pax6
H20.33.029	1	0.530658621586485	gf_v2_104m_cls	per_subclass	Pax6
H20.33.030	1	0.9006252299011726	gf_v2_104m_cls	per_subclass	Pax6
H20.33.031	1	0.6243155812897135	gf_v2_104m_cls	per_subclass	Pax6
H20.33.032	1	0.798198234948875	gf_v2_104m_cls	per_subclass	Pax6
H20.33.033	1	0.9605450211560271	gf_v2_104m_cls	per_subclass	Pax6
H20.33.034	1	0.6266868710510576	gf_v2_104m_cls	per_subclass	Pax6
H20.33.035	0	0.39742118283639044	gf_v2_104m_cls	per_subclass	Pax6
H20.33.036	1	0.9083628198759752	gf_v2_104m_cls	per_subclass	Pax6
H20.33.037	1	0.9786079261588873	gf_v2_104m_cls	per_subclass	Pax6
H20.33.039	1	0.6887196893259713	gf_v2_104m_cls	per_subclass	Pax6
H20.33.040	1	0.7861259545861365	gf_v2_104m_cls	per_subclass	Pax6
H20.33.041	1	0.6559562129470585	gf_v2_104m_cls	per_subclass	Pax6
H20.33.043	1	0.5364593612547945	gf_v2_104m_cls	per_subclass	Pax6
H20.33.044	0	0.7340536211924349	gf_v2_104m_cls	per_subclass	Pax6
H20.33.045	1	0.883797796559229	gf_v2_104m_cls	per_subclass	Pax6
H20.33.046	1	0.9110885569810838	gf_v2_104m_cls	per_subclass	Pax6
H21.33.001	0	0.3839855037693236	gf_v2_104m_cls	per_subclass	Pax6
H21.33.002	1	0.549638688579334	gf_v2_104m_cls	per_subclass	Pax6
H21.33.003	0	0.7578660629893909	gf_v2_104m_cls	per_subclass	Pax6
H21.33.004	0	0.3070107375539604	gf_v2_104m_cls	per_subclass	Pax6
H21.33.005	1	0.8585399557331612	gf_v2_104m_cls	per_subclass	Pax6
H21.33.006	1	0.7309941979477514	gf_v2_104m_cls	per_subclass	Pax6
H21.33.007	1	0.7010939547025226	gf_v2_104m_cls	per_subclass	Pax6
H21.33.008	1	0.6993737494911231	gf_v2_104m_cls	per_subclass	Pax6
H21.33.009	1	0.9821372969341278	gf_v2_104m_cls	per_subclass	Pax6
H21.33.010	1	0.8403637590442571	gf_v2_104m_cls	per_subclass	Pax6
H21.33.011	0	0.11358561345389022	gf_v2_104m_cls	per_subclass	Pax6
H21.33.012	1	0.9138114978715347	gf_v2_104m_cls	per_subclass	Pax6
H21.33.013	1	0.962496126831048	gf_v2_104m_cls	per_subclass	Pax6
H21.33.014	1	0.7431131109758734	gf_v2_104m_cls	per_subclass	Pax6
H21.33.015	0	0.2419204951816587	gf_v2_104m_cls	per_subclass	Pax6
H21.33.016	0	0.47071144935380776	gf_v2_104m_cls	per_subclass	Pax6
H21.33.017	1	0.6498897565078325	gf_v2_104m_cls	per_subclass	Pax6
H21.33.018	0	0.8028323409644033	gf_v2_104m_cls	per_subclass	Pax6
H21.33.019	0	0.7135927110507294	gf_v2_104m_cls	per_subclass	Pax6
H21.33.021	1	0.7010146424472558	gf_v2_104m_cls	per_subclass	Pax6
H21.33.022	1	0.7037915717258624	gf_v2_104m_cls	per_subclass	Pax6
H21.33.023	0	0.5775252489711831	gf_v2_104m_cls	per_subclass	Pax6
H21.33.025	1	0.8151296399443074	gf_v2_104m_cls	per_subclass	Pax6
H21.33.026	1	0.8783629114862203	gf_v2_104m_cls	per_subclass	Pax6
H21.33.027	1	0.5950839031095357	gf_v2_104m_cls	per_subclass	Pax6
H21.33.028	0	0.9363600922138181	gf_v2_104m_cls	per_subclass	Pax6
H21.33.029	1	0.8769177208393903	gf_v2_104m_cls	per_subclass	Pax6
H21.33.030	1	0.5543306534691625	gf_v2_104m_cls	per_subclass	Pax6
H21.33.031	1	0.7355027936108641	gf_v2_104m_cls	per_subclass	Pax6
H21.33.032	0	0.27945354936850164	gf_v2_104m_cls	per_subclass	Pax6
H21.33.033	1	0.9944445685131484	gf_v2_104m_cls	per_subclass	Pax6
H21.33.034	1	0.7907502980034439	gf_v2_104m_cls	per_subclass	Pax6
H21.33.035	1	0.9328509542471327	gf_v2_104m_cls	per_subclass	Pax6
H21.33.036	1	0.8780172513829445	gf_v2_104m_cls	per_subclass	Pax6
H21.33.037	0	0.5252395220591435	gf_v2_104m_cls	per_subclass	Pax6
H21.33.038	0	0.8813202558736588	gf_v2_104m_cls	per_subclass	Pax6
H21.33.039	1	0.9748551415946596	gf_v2_104m_cls	per_subclass	Pax6
H21.33.040	1	0.9399836100528038	gf_v2_104m_cls	per_subclass	Pax6
H21.33.041	0	0.9403248095419714	gf_v2_104m_cls	per_subclass	Pax6
H21.33.042	1	0.8946025519570096	gf_v2_104m_cls	per_subclass	Pax6
H21.33.043	0	0.946630563185456	gf_v2_104m_cls	per_subclass	Pax6
H21.33.044	1	0.9902128570114451	gf_v2_104m_cls	per_subclass	Pax6
H21.33.045	1	0.9539829462699749	gf_v2_104m_cls	per_subclass	Pax6
H21.33.046	1	0.8913473665151999	gf_v2_104m_cls	per_subclass	Pax6
H21.33.047	1	0.8748517752101164	gf_v2_104m_cls	per_subclass	Pax6
H19.33.004	0	0.9425592319658854	gf_v2_104m_cls	per_subclass	Pvalb
H20.33.001	0	0.4868590723224438	gf_v2_104m_cls	per_subclass	Pvalb
H20.33.002	0	0.8301285356340804	gf_v2_104m_cls	per_subclass	Pvalb
H20.33.004	1	0.7405084928261598	gf_v2_104m_cls	per_subclass	Pvalb
H20.33.005	1	0.9061309970976235	gf_v2_104m_cls	per_subclass	Pvalb
H20.33.008	1	0.47413362345717464	gf_v2_104m_cls	per_subclass	Pvalb
H20.33.011	1	0.5307792782617741	gf_v2_104m_cls	per_subclass	Pvalb
H20.33.012	0	0.6886178164407685	gf_v2_104m_cls	per_subclass	Pvalb
H20.33.013	1	0.6832330393718644	gf_v2_104m_cls	per_subclass	Pvalb
H20.33.014	1	0.4476971006195212	gf_v2_104m_cls	per_subclass	Pvalb
H20.33.015	1	0.9434699929566749	gf_v2_104m_cls	per_subclass	Pvalb
H20.33.016	1	0.8223514127003313	gf_v2_104m_cls	per_subclass	Pvalb
H20.33.017	1	0.763315137951165	gf_v2_104m_cls	per_subclass	Pvalb
H20.33.018	1	0.70842632228017	gf_v2_104m_cls	per_subclass	Pvalb
H20.33.019	1	0.9591514705661407	gf_v2_104m_cls	per_subclass	Pvalb
H20.33.020	1	0.9427221070614291	gf_v2_104m_cls	per_subclass	Pvalb
H20.33.024	1	0.7509095478300336	gf_v2_104m_cls	per_subclass	Pvalb
H20.33.025	1	0.2775532593827547	gf_v2_104m_cls	per_subclass	Pvalb
H20.33.026	1	0.5254050804819755	gf_v2_104m_cls	per_subclass	Pvalb
H20.33.027	1	0.9463774679621364	gf_v2_104m_cls	per_subclass	Pvalb
H20.33.028	1	0.9537129639823952	gf_v2_104m_cls	per_subclass	Pvalb
H20.33.029	1	0.373318622324316	gf_v2_104m_cls	per_subclass	Pvalb
H20.33.030	1	0.7289828769503155	gf_v2_104m_cls	per_subclass	Pvalb
H20.33.031	1	0.49427448568222826	gf_v2_104m_cls	per_subclass	Pvalb
H20.33.032	1	0.42618189453968114	gf_v2_104m_cls	per_subclass	Pvalb
H20.33.033	1	0.9950796544625167	gf_v2_104m_cls	per_subclass	Pvalb
H20.33.034	1	0.8636110622737437	gf_v2_104m_cls	per_subclass	Pvalb
H20.33.035	0	0.7997787790980858	gf_v2_104m_cls	per_subclass	Pvalb
H20.33.036	1	0.7404435788624614	gf_v2_104m_cls	per_subclass	Pvalb
H20.33.037	1	0.9786165033218118	gf_v2_104m_cls	per_subclass	Pvalb
H20.33.038	1	0.9249400468178874	gf_v2_104m_cls	per_subclass	Pvalb
H20.33.039	1	0.7080206425505606	gf_v2_104m_cls	per_subclass	Pvalb
H20.33.040	1	0.6003550301666697	gf_v2_104m_cls	per_subclass	Pvalb
H20.33.041	1	0.578306218975529	gf_v2_104m_cls	per_subclass	Pvalb
H20.33.043	1	0.39872545113247976	gf_v2_104m_cls	per_subclass	Pvalb
H20.33.044	0	0.774253763796307	gf_v2_104m_cls	per_subclass	Pvalb
H20.33.045	1	0.9848400548147108	gf_v2_104m_cls	per_subclass	Pvalb
H20.33.046	1	0.8618146145215497	gf_v2_104m_cls	per_subclass	Pvalb
H21.33.001	0	0.817144609197008	gf_v2_104m_cls	per_subclass	Pvalb
H21.33.002	1	0.37613670933697263	gf_v2_104m_cls	per_subclass	Pvalb
H21.33.003	0	0.820708222479982	gf_v2_104m_cls	per_subclass	Pvalb
H21.33.004	0	0.7508974512378901	gf_v2_104m_cls	per_subclass	Pvalb
H21.33.005	1	0.8964973840670648	gf_v2_104m_cls	per_subclass	Pvalb
H21.33.006	1	0.6168038021414236	gf_v2_104m_cls	per_subclass	Pvalb
H21.33.007	1	0.7994022419461818	gf_v2_104m_cls	per_subclass	Pvalb
H21.33.008	1	0.8262750115769821	gf_v2_104m_cls	per_subclass	Pvalb
H21.33.009	1	0.9710966980941315	gf_v2_104m_cls	per_subclass	Pvalb
H21.33.010	1	0.7289967167012185	gf_v2_104m_cls	per_subclass	Pvalb
H21.33.011	0	0.266963827979769	gf_v2_104m_cls	per_subclass	Pvalb
H21.33.012	1	0.8482030787372302	gf_v2_104m_cls	per_subclass	Pvalb
H21.33.013	1	0.9509453983978166	gf_v2_104m_cls	per_subclass	Pvalb
H21.33.014	1	0.8691311408339211	gf_v2_104m_cls	per_subclass	Pvalb
H21.33.015	0	0.692385218075352	gf_v2_104m_cls	per_subclass	Pvalb
H21.33.016	0	0.7993162564496777	gf_v2_104m_cls	per_subclass	Pvalb
H21.33.017	1	0.8380483509903793	gf_v2_104m_cls	per_subclass	Pvalb
H21.33.018	0	0.6935097222524	gf_v2_104m_cls	per_subclass	Pvalb
H21.33.019	0	0.5772749700405714	gf_v2_104m_cls	per_subclass	Pvalb
H21.33.021	1	0.5593801582996751	gf_v2_104m_cls	per_subclass	Pvalb
H21.33.022	1	0.848707648786901	gf_v2_104m_cls	per_subclass	Pvalb
H21.33.023	0	0.6895090026611662	gf_v2_104m_cls	per_subclass	Pvalb
H21.33.025	1	0.8824905371195065	gf_v2_104m_cls	per_subclass	Pvalb
H21.33.026	1	0.8892997152651227	gf_v2_104m_cls	per_subclass	Pvalb
H21.33.027	1	0.5068832284362232	gf_v2_104m_cls	per_subclass	Pvalb
H21.33.028	0	0.7754892011453272	gf_v2_104m_cls	per_subclass	Pvalb
H21.33.029	1	0.9093533739327982	gf_v2_104m_cls	per_subclass	Pvalb
H21.33.030	1	0.7977585474706717	gf_v2_104m_cls	per_subclass	Pvalb
H21.33.031	1	0.8705736799750955	gf_v2_104m_cls	per_subclass	Pvalb
H21.33.032	0	0.44931824860249403	gf_v2_104m_cls	per_subclass	Pvalb
H21.33.033	1	0.9838936746682627	gf_v2_104m_cls	per_subclass	Pvalb
H21.33.034	1	0.9938769171431799	gf_v2_104m_cls	per_subclass	Pvalb
H21.33.035	1	0.8834685535421419	gf_v2_104m_cls	per_subclass	Pvalb
H21.33.036	1	0.678624541991581	gf_v2_104m_cls	per_subclass	Pvalb
H21.33.037	0	0.5003315602166812	gf_v2_104m_cls	per_subclass	Pvalb
H21.33.038	0	0.7665105867072113	gf_v2_104m_cls	per_subclass	Pvalb
H21.33.039	1	0.9446374493537132	gf_v2_104m_cls	per_subclass	Pvalb
H21.33.040	1	0.8496475657604444	gf_v2_104m_cls	per_subclass	Pvalb
H21.33.041	0	0.5596463997454988	gf_v2_104m_cls	per_subclass	Pvalb
H21.33.042	1	0.8898511387500039	gf_v2_104m_cls	per_subclass	Pvalb
H21.33.043	0	0.8602731642511501	gf_v2_104m_cls	per_subclass	Pvalb
H21.33.044	1	0.9944517701676052	gf_v2_104m_cls	per_subclass	Pvalb
H21.33.045	1	0.9855859277272965	gf_v2_104m_cls	per_subclass	Pvalb
H21.33.046	1	0.783741577865001	gf_v2_104m_cls	per_subclass	Pvalb
H21.33.047	1	0.694279861693665	gf_v2_104m_cls	per_subclass	Pvalb
H19.33.004	0	0.965726177097995	gf_v2_104m_cls	per_subclass	Sncg
H20.33.001	0	0.6647635290945408	gf_v2_104m_cls	per_subclass	Sncg
H20.33.002	0	0.7219807595545331	gf_v2_104m_cls	per_subclass	Sncg
H20.33.004	1	0.6344046285180512	gf_v2_104m_cls	per_subclass	Sncg
H20.33.005	1	0.8634368078044867	gf_v2_104m_cls	per_subclass	Sncg
H20.33.008	1	0.5898401140228822	gf_v2_104m_cls	per_subclass	Sncg
H20.33.011	1	0.5386010639245279	gf_v2_104m_cls	per_subclass	Sncg
H20.33.012	0	0.6546895165174369	gf_v2_104m_cls	per_subclass	Sncg
H20.33.013	1	0.5205255504501668	gf_v2_104m_cls	per_subclass	Sncg
H20.33.014	1	0.5955361192692477	gf_v2_104m_cls	per_subclass	Sncg
H20.33.015	1	0.8076833777138603	gf_v2_104m_cls	per_subclass	Sncg
H20.33.016	1	0.7378443990161091	gf_v2_104m_cls	per_subclass	Sncg
H20.33.017	1	0.8455057051240825	gf_v2_104m_cls	per_subclass	Sncg
H20.33.018	1	0.6243359216487759	gf_v2_104m_cls	per_subclass	Sncg
H20.33.019	1	0.5378794408591074	gf_v2_104m_cls	per_subclass	Sncg
H20.33.020	1	0.9339530845827332	gf_v2_104m_cls	per_subclass	Sncg
H20.33.024	1	0.5253023451199954	gf_v2_104m_cls	per_subclass	Sncg
H20.33.025	1	0.77029787279812	gf_v2_104m_cls	per_subclass	Sncg
H20.33.026	1	0.8169109708551681	gf_v2_104m_cls	per_subclass	Sncg
H20.33.027	1	0.8592784269231359	gf_v2_104m_cls	per_subclass	Sncg
H20.33.028	1	0.9681173638065893	gf_v2_104m_cls	per_subclass	Sncg
H20.33.029	1	0.8669823603147717	gf_v2_104m_cls	per_subclass	Sncg
H20.33.030	1	0.8711408849633886	gf_v2_104m_cls	per_subclass	Sncg
H20.33.031	1	0.7805778978795921	gf_v2_104m_cls	per_subclass	Sncg
H20.33.032	1	0.5137179619536527	gf_v2_104m_cls	per_subclass	Sncg
H20.33.033	1	0.9641575353265199	gf_v2_104m_cls	per_subclass	Sncg
H20.33.034	1	0.7624781633745015	gf_v2_104m_cls	per_subclass	Sncg
H20.33.035	0	0.6587597882321077	gf_v2_104m_cls	per_subclass	Sncg
H20.33.036	1	0.920390414467741	gf_v2_104m_cls	per_subclass	Sncg
H20.33.037	1	0.9581737135208638	gf_v2_104m_cls	per_subclass	Sncg
H20.33.038	1	0.958437439871896	gf_v2_104m_cls	per_subclass	Sncg
H20.33.039	1	0.426207766702874	gf_v2_104m_cls	per_subclass	Sncg
H20.33.040	1	0.5097232864428927	gf_v2_104m_cls	per_subclass	Sncg
H20.33.041	1	0.8899721088240785	gf_v2_104m_cls	per_subclass	Sncg
H20.33.043	1	0.3804650153980139	gf_v2_104m_cls	per_subclass	Sncg
H20.33.044	0	0.5081487514702083	gf_v2_104m_cls	per_subclass	Sncg
H20.33.045	1	0.9843962238019458	gf_v2_104m_cls	per_subclass	Sncg
H20.33.046	1	0.9714367497341735	gf_v2_104m_cls	per_subclass	Sncg
H21.33.001	0	0.7650849362159622	gf_v2_104m_cls	per_subclass	Sncg
H21.33.002	1	0.7348488100269823	gf_v2_104m_cls	per_subclass	Sncg
H21.33.003	0	0.7775613372337664	gf_v2_104m_cls	per_subclass	Sncg
H21.33.004	0	0.6329822847111873	gf_v2_104m_cls	per_subclass	Sncg
H21.33.005	1	0.9053528963355291	gf_v2_104m_cls	per_subclass	Sncg
H21.33.006	1	0.7178302494084564	gf_v2_104m_cls	per_subclass	Sncg
H21.33.007	1	0.5557981037185443	gf_v2_104m_cls	per_subclass	Sncg
H21.33.008	1	0.2820154874651206	gf_v2_104m_cls	per_subclass	Sncg
H21.33.009	1	0.9447659605075396	gf_v2_104m_cls	per_subclass	Sncg
H21.33.010	1	0.9207343527884355	gf_v2_104m_cls	per_subclass	Sncg
H21.33.011	0	0.38940387833510093	gf_v2_104m_cls	per_subclass	Sncg
H21.33.012	1	0.6785608692346837	gf_v2_104m_cls	per_subclass	Sncg
H21.33.013	1	0.9042931592609401	gf_v2_104m_cls	per_subclass	Sncg
H21.33.014	1	0.6566776093339087	gf_v2_104m_cls	per_subclass	Sncg
H21.33.015	0	0.2768808616856317	gf_v2_104m_cls	per_subclass	Sncg
H21.33.016	0	0.9000534558782866	gf_v2_104m_cls	per_subclass	Sncg
H21.33.017	1	0.783304415220124	gf_v2_104m_cls	per_subclass	Sncg
H21.33.018	0	0.6414731728688101	gf_v2_104m_cls	per_subclass	Sncg
H21.33.019	0	0.45636322789436906	gf_v2_104m_cls	per_subclass	Sncg
H21.33.021	1	0.642775510679394	gf_v2_104m_cls	per_subclass	Sncg
H21.33.022	1	0.8499566512632762	gf_v2_104m_cls	per_subclass	Sncg
H21.33.023	0	0.4222476474294782	gf_v2_104m_cls	per_subclass	Sncg
H21.33.025	1	0.9336521772445652	gf_v2_104m_cls	per_subclass	Sncg
H21.33.026	1	0.749598469230288	gf_v2_104m_cls	per_subclass	Sncg
H21.33.027	1	0.5691918997510119	gf_v2_104m_cls	per_subclass	Sncg
H21.33.028	0	0.8558495392818564	gf_v2_104m_cls	per_subclass	Sncg
H21.33.029	1	0.7421814424019791	gf_v2_104m_cls	per_subclass	Sncg
H21.33.030	1	0.8199264828663171	gf_v2_104m_cls	per_subclass	Sncg
H21.33.031	1	0.5398461459337636	gf_v2_104m_cls	per_subclass	Sncg
H21.33.032	0	0.7610614839670007	gf_v2_104m_cls	per_subclass	Sncg
H21.33.033	1	0.9847245166787898	gf_v2_104m_cls	per_subclass	Sncg
H21.33.034	1	0.9968307653285114	gf_v2_104m_cls	per_subclass	Sncg
H21.33.035	1	0.7312708766390491	gf_v2_104m_cls	per_subclass	Sncg
H21.33.036	1	0.5121216211731368	gf_v2_104m_cls	per_subclass	Sncg
H21.33.037	0	0.9092617261973135	gf_v2_104m_cls	per_subclass	Sncg
H21.33.038	0	0.7290234783647952	gf_v2_104m_cls	per_subclass	Sncg
H21.33.039	1	0.9334082010879323	gf_v2_104m_cls	per_subclass	Sncg
H21.33.040	1	0.9224756860486533	gf_v2_104m_cls	per_subclass	Sncg
H21.33.041	0	0.8827295757597973	gf_v2_104m_cls	per_subclass	Sncg
H21.33.042	1	0.8880956895688644	gf_v2_104m_cls	per_subclass	Sncg
H21.33.043	0	0.8914329852801075	gf_v2_104m_cls	per_subclass	Sncg
H21.33.044	1	0.9059174846581917	gf_v2_104m_cls	per_subclass	Sncg
H21.33.045	1	0.9889168191100441	gf_v2_104m_cls	per_subclass	Sncg
H21.33.046	1	0.9679842476607311	gf_v2_104m_cls	per_subclass	Sncg
H21.33.047	1	0.621711414977028	gf_v2_104m_cls	per_subclass	Sncg
H19.33.004	0	0.9329038763153067	gf_v2_104m_cls	per_subclass	Sst
H20.33.001	0	0.6799383265119548	gf_v2_104m_cls	per_subclass	Sst
H20.33.002	0	0.09599681437627072	gf_v2_104m_cls	per_subclass	Sst
H20.33.004	1	0.9708458468384746	gf_v2_104m_cls	per_subclass	Sst
H20.33.005	1	0.8520161368726512	gf_v2_104m_cls	per_subclass	Sst
H20.33.008	1	0.818820386506698	gf_v2_104m_cls	per_subclass	Sst
H20.33.011	1	0.2879768492292813	gf_v2_104m_cls	per_subclass	Sst
H20.33.012	0	0.8086430545660658	gf_v2_104m_cls	per_subclass	Sst
H20.33.013	1	0.4659686269833457	gf_v2_104m_cls	per_subclass	Sst
H20.33.014	1	0.8677030424232924	gf_v2_104m_cls	per_subclass	Sst
H20.33.015	1	0.7144247683983806	gf_v2_104m_cls	per_subclass	Sst
H20.33.016	1	0.7538185789512303	gf_v2_104m_cls	per_subclass	Sst
H20.33.017	1	0.9830297554632021	gf_v2_104m_cls	per_subclass	Sst
H20.33.018	1	0.9304594323260389	gf_v2_104m_cls	per_subclass	Sst
H20.33.019	1	0.8975968227063109	gf_v2_104m_cls	per_subclass	Sst
H20.33.020	1	0.88455805984312	gf_v2_104m_cls	per_subclass	Sst
H20.33.024	1	0.9027834765286331	gf_v2_104m_cls	per_subclass	Sst
H20.33.025	1	0.701194572358407	gf_v2_104m_cls	per_subclass	Sst
H20.33.026	1	0.7298514871929542	gf_v2_104m_cls	per_subclass	Sst
H20.33.027	1	0.919323031100362	gf_v2_104m_cls	per_subclass	Sst
H20.33.028	1	0.8866522041769889	gf_v2_104m_cls	per_subclass	Sst
H20.33.029	1	0.5177558623209751	gf_v2_104m_cls	per_subclass	Sst
H20.33.030	1	0.8880283518956762	gf_v2_104m_cls	per_subclass	Sst
H20.33.031	1	0.5884173494168611	gf_v2_104m_cls	per_subclass	Sst
H20.33.032	1	0.854340689626607	gf_v2_104m_cls	per_subclass	Sst
H20.33.033	1	0.9943269834178802	gf_v2_104m_cls	per_subclass	Sst
H20.33.034	1	0.9429134436600988	gf_v2_104m_cls	per_subclass	Sst
H20.33.035	0	0.22202176367335472	gf_v2_104m_cls	per_subclass	Sst
H20.33.036	1	0.8917555954839453	gf_v2_104m_cls	per_subclass	Sst
H20.33.037	1	0.9399763712431574	gf_v2_104m_cls	per_subclass	Sst
H20.33.038	1	0.9654177608290017	gf_v2_104m_cls	per_subclass	Sst
H20.33.039	1	0.954926352913364	gf_v2_104m_cls	per_subclass	Sst
H20.33.040	1	0.7304699121093969	gf_v2_104m_cls	per_subclass	Sst
H20.33.041	1	0.9656346471827725	gf_v2_104m_cls	per_subclass	Sst
H20.33.043	1	0.563351694827847	gf_v2_104m_cls	per_subclass	Sst
H20.33.044	0	0.509585447663391	gf_v2_104m_cls	per_subclass	Sst
H20.33.045	1	0.9188742471714951	gf_v2_104m_cls	per_subclass	Sst
H20.33.046	1	0.9783023709574106	gf_v2_104m_cls	per_subclass	Sst
H21.33.001	0	0.969779796287893	gf_v2_104m_cls	per_subclass	Sst
H21.33.002	1	0.33352708016803867	gf_v2_104m_cls	per_subclass	Sst
H21.33.003	0	0.8699293137860217	gf_v2_104m_cls	per_subclass	Sst
H21.33.004	0	0.5243464278510654	gf_v2_104m_cls	per_subclass	Sst
H21.33.005	1	0.7827101152211198	gf_v2_104m_cls	per_subclass	Sst
H21.33.006	1	0.5565652830468932	gf_v2_104m_cls	per_subclass	Sst
H21.33.007	1	0.9165026858127477	gf_v2_104m_cls	per_subclass	Sst
H21.33.008	1	0.9607524126959055	gf_v2_104m_cls	per_subclass	Sst
H21.33.009	1	0.9554295002574129	gf_v2_104m_cls	per_subclass	Sst
H21.33.010	1	0.8236692043197806	gf_v2_104m_cls	per_subclass	Sst
H21.33.011	0	0.42926457965317777	gf_v2_104m_cls	per_subclass	Sst
H21.33.012	1	0.957833055768695	gf_v2_104m_cls	per_subclass	Sst
H21.33.013	1	0.9719747587970377	gf_v2_104m_cls	per_subclass	Sst
H21.33.014	1	0.7580333844689388	gf_v2_104m_cls	per_subclass	Sst
H21.33.015	0	0.3242177358040125	gf_v2_104m_cls	per_subclass	Sst
H21.33.016	0	0.9636043379243636	gf_v2_104m_cls	per_subclass	Sst
H21.33.017	1	0.30662068528226394	gf_v2_104m_cls	per_subclass	Sst
H21.33.018	0	0.7670314230525904	gf_v2_104m_cls	per_subclass	Sst
H21.33.019	0	0.6055704540608146	gf_v2_104m_cls	per_subclass	Sst
H21.33.021	1	0.877937142363184	gf_v2_104m_cls	per_subclass	Sst
H21.33.022	1	0.8624947465644761	gf_v2_104m_cls	per_subclass	Sst
H21.33.023	0	0.4822061229397425	gf_v2_104m_cls	per_subclass	Sst
H21.33.025	1	0.9174161939630734	gf_v2_104m_cls	per_subclass	Sst
H21.33.026	1	0.8253116756188715	gf_v2_104m_cls	per_subclass	Sst
H21.33.027	1	0.17631881990513232	gf_v2_104m_cls	per_subclass	Sst
H21.33.028	0	0.6248969693876013	gf_v2_104m_cls	per_subclass	Sst
H21.33.029	1	0.9291565520845634	gf_v2_104m_cls	per_subclass	Sst
H21.33.030	1	0.8103272699996941	gf_v2_104m_cls	per_subclass	Sst
H21.33.031	1	0.6086502216259223	gf_v2_104m_cls	per_subclass	Sst
H21.33.032	0	0.4689698999677045	gf_v2_104m_cls	per_subclass	Sst
H21.33.033	1	0.9758114528375437	gf_v2_104m_cls	per_subclass	Sst
H21.33.034	1	0.9575189137648223	gf_v2_104m_cls	per_subclass	Sst
H21.33.035	1	0.9677590309989433	gf_v2_104m_cls	per_subclass	Sst
H21.33.036	1	0.8461982019768837	gf_v2_104m_cls	per_subclass	Sst
H21.33.037	0	0.11651132732034342	gf_v2_104m_cls	per_subclass	Sst
H21.33.038	0	0.915744529043884	gf_v2_104m_cls	per_subclass	Sst
H21.33.039	1	0.9156561970592432	gf_v2_104m_cls	per_subclass	Sst
H21.33.040	1	0.9527705676582305	gf_v2_104m_cls	per_subclass	Sst
H21.33.041	0	0.8552730515601106	gf_v2_104m_cls	per_subclass	Sst
H21.33.042	1	0.9457642441601936	gf_v2_104m_cls	per_subclass	Sst
H21.33.043	0	0.7283714768630407	gf_v2_104m_cls	per_subclass	Sst
H21.33.044	1	0.9375023862779128	gf_v2_104m_cls	per_subclass	Sst
H21.33.045	1	0.9762653379095063	gf_v2_104m_cls	per_subclass	Sst
H21.33.046	1	0.394655971131291	gf_v2_104m_cls	per_subclass	Sst
H21.33.047	1	0.6061564170517684	gf_v2_104m_cls	per_subclass	Sst
H19.33.004	0	0.8412089638146446	gf_v2_104m_cls	per_subclass	Sst Chodl
H20.33.001	0	0.7984323489311007	gf_v2_104m_cls	per_subclass	Sst Chodl
H20.33.002	0	0.3141791091271625	gf_v2_104m_cls	per_subclass	Sst Chodl
H20.33.004	1	0.9372488747075709	gf_v2_104m_cls	per_subclass	Sst Chodl
H20.33.005	1	0.9806420528711849	gf_v2_104m_cls	per_subclass	Sst Chodl
H20.33.008	1	0.906370827757755	gf_v2_104m_cls	per_subclass	Sst Chodl
H20.33.011	1	0.32587584193036895	gf_v2_104m_cls	per_subclass	Sst Chodl
H20.33.013	1	0.326346514115857	gf_v2_104m_cls	per_subclass	Sst Chodl
H20.33.014	1	0.6308099174230927	gf_v2_104m_cls	per_subclass	Sst Chodl
H20.33.015	1	0.7108556770350061	gf_v2_104m_cls	per_subclass	Sst Chodl
H20.33.016	1	0.7846562044561434	gf_v2_104m_cls	per_subclass	Sst Chodl
H20.33.017	1	0.9082476395622802	gf_v2_104m_cls	per_subclass	Sst Chodl
H20.33.018	1	0.8665133010551568	gf_v2_104m_cls	per_subclass	Sst Chodl
H20.33.019	1	0.696226202177217	gf_v2_104m_cls	per_subclass	Sst Chodl
H20.33.020	1	0.6375709019546653	gf_v2_104m_cls	per_subclass	Sst Chodl
H20.33.024	1	0.8951727115756485	gf_v2_104m_cls	per_subclass	Sst Chodl
H20.33.025	1	0.8201224205270703	gf_v2_104m_cls	per_subclass	Sst Chodl
H20.33.026	1	0.8978067461620167	gf_v2_104m_cls	per_subclass	Sst Chodl
H20.33.027	1	0.8820288906259244	gf_v2_104m_cls	per_subclass	Sst Chodl
H20.33.029	1	0.3936078307941035	gf_v2_104m_cls	per_subclass	Sst Chodl
H20.33.030	1	0.9320213433364815	gf_v2_104m_cls	per_subclass	Sst Chodl
H20.33.031	1	0.8487975174854787	gf_v2_104m_cls	per_subclass	Sst Chodl
H20.33.032	1	0.8429786743117532	gf_v2_104m_cls	per_subclass	Sst Chodl
H20.33.034	1	0.7968038893709878	gf_v2_104m_cls	per_subclass	Sst Chodl
H20.33.035	0	0.3199541253083383	gf_v2_104m_cls	per_subclass	Sst Chodl
H20.33.039	1	0.8589784397791164	gf_v2_104m_cls	per_subclass	Sst Chodl
H20.33.040	1	0.5300280901358797	gf_v2_104m_cls	per_subclass	Sst Chodl
H20.33.041	1	0.8079387519377523	gf_v2_104m_cls	per_subclass	Sst Chodl
H20.33.043	1	0.8628221373633449	gf_v2_104m_cls	per_subclass	Sst Chodl
H20.33.044	0	0.5396691760225961	gf_v2_104m_cls	per_subclass	Sst Chodl
H21.33.001	0	0.5282154206053203	gf_v2_104m_cls	per_subclass	Sst Chodl
H21.33.002	1	0.7994115865467086	gf_v2_104m_cls	per_subclass	Sst Chodl
H21.33.003	0	0.405468031444297	gf_v2_104m_cls	per_subclass	Sst Chodl
H21.33.004	0	0.592997643016763	gf_v2_104m_cls	per_subclass	Sst Chodl
H21.33.006	1	0.5183729821675905	gf_v2_104m_cls	per_subclass	Sst Chodl
H21.33.007	1	0.8562040811714622	gf_v2_104m_cls	per_subclass	Sst Chodl
H21.33.008	1	0.9925172747495056	gf_v2_104m_cls	per_subclass	Sst Chodl
H21.33.010	1	0.9369430115987866	gf_v2_104m_cls	per_subclass	Sst Chodl
H21.33.011	0	0.18472350768945658	gf_v2_104m_cls	per_subclass	Sst Chodl
H21.33.012	1	0.48400275534924636	gf_v2_104m_cls	per_subclass	Sst Chodl
H21.33.013	1	0.9566057726160482	gf_v2_104m_cls	per_subclass	Sst Chodl
H21.33.014	1	0.50699800282036	gf_v2_104m_cls	per_subclass	Sst Chodl
H21.33.015	0	0.6272868720944756	gf_v2_104m_cls	per_subclass	Sst Chodl
H21.33.016	0	0.720427012198898	gf_v2_104m_cls	per_subclass	Sst Chodl
H21.33.018	0	0.9767229019993167	gf_v2_104m_cls	per_subclass	Sst Chodl
H21.33.019	0	0.6919998796450446	gf_v2_104m_cls	per_subclass	Sst Chodl
H21.33.021	1	0.9234256612559582	gf_v2_104m_cls	per_subclass	Sst Chodl
H21.33.022	1	0.854776604378318	gf_v2_104m_cls	per_subclass	Sst Chodl
H21.33.023	0	0.7657925922810529	gf_v2_104m_cls	per_subclass	Sst Chodl
H21.33.025	1	0.906782958802208	gf_v2_104m_cls	per_subclass	Sst Chodl
H21.33.026	1	0.09713057168806391	gf_v2_104m_cls	per_subclass	Sst Chodl
H21.33.027	1	0.39159271291413594	gf_v2_104m_cls	per_subclass	Sst Chodl
H21.33.028	0	0.4497886053582404	gf_v2_104m_cls	per_subclass	Sst Chodl
H21.33.030	1	0.7114671266898471	gf_v2_104m_cls	per_subclass	Sst Chodl
H21.33.031	1	0.8410574046118476	gf_v2_104m_cls	per_subclass	Sst Chodl
H21.33.032	0	0.5890674338163139	gf_v2_104m_cls	per_subclass	Sst Chodl
H21.33.035	1	0.7662510228557595	gf_v2_104m_cls	per_subclass	Sst Chodl
H21.33.040	1	0.8171856736487841	gf_v2_104m_cls	per_subclass	Sst Chodl
H21.33.041	0	0.8252878855773325	gf_v2_104m_cls	per_subclass	Sst Chodl
H21.33.042	1	0.7622131380530184	gf_v2_104m_cls	per_subclass	Sst Chodl
H21.33.043	0	0.819627769518086	gf_v2_104m_cls	per_subclass	Sst Chodl
H21.33.047	1	0.5572594651069733	gf_v2_104m_cls	per_subclass	Sst Chodl
H19.33.004	0	0.9315493500687028	gf_v2_104m_cls	per_subclass	VLMC & Perivascular
H20.33.001	0	0.6355788041542205	gf_v2_104m_cls	per_subclass	VLMC & Perivascular
H20.33.002	0	0.786240271931464	gf_v2_104m_cls	per_subclass	VLMC & Perivascular
H20.33.004	1	0.8420146875096478	gf_v2_104m_cls	per_subclass	VLMC & Perivascular
H20.33.005	1	0.602979122009462	gf_v2_104m_cls	per_subclass	VLMC & Perivascular
H20.33.008	1	0.8900699200332228	gf_v2_104m_cls	per_subclass	VLMC & Perivascular
H20.33.011	1	0.5870354971323246	gf_v2_104m_cls	per_subclass	VLMC & Perivascular
H20.33.012	0	0.8355460379988655	gf_v2_104m_cls	per_subclass	VLMC & Perivascular
H20.33.013	1	0.4071065212608397	gf_v2_104m_cls	per_subclass	VLMC & Perivascular
H20.33.014	1	0.7616201986148564	gf_v2_104m_cls	per_subclass	VLMC & Perivascular
H20.33.015	1	0.7023260158535207	gf_v2_104m_cls	per_subclass	VLMC & Perivascular
H20.33.016	1	0.826425738174116	gf_v2_104m_cls	per_subclass	VLMC & Perivascular
H20.33.017	1	0.9218963078445295	gf_v2_104m_cls	per_subclass	VLMC & Perivascular
H20.33.018	1	0.9485331460855656	gf_v2_104m_cls	per_subclass	VLMC & Perivascular
H20.33.019	1	0.7676667761592607	gf_v2_104m_cls	per_subclass	VLMC & Perivascular
H20.33.020	1	0.9238460508259909	gf_v2_104m_cls	per_subclass	VLMC & Perivascular
H20.33.024	1	0.10879260813022082	gf_v2_104m_cls	per_subclass	VLMC & Perivascular
H20.33.025	1	0.46885735085040886	gf_v2_104m_cls	per_subclass	VLMC & Perivascular
H20.33.026	1	0.9509794544767042	gf_v2_104m_cls	per_subclass	VLMC & Perivascular
H20.33.027	1	0.8884431344870668	gf_v2_104m_cls	per_subclass	VLMC & Perivascular
H20.33.028	1	0.8195558906321738	gf_v2_104m_cls	per_subclass	VLMC & Perivascular
H20.33.029	1	0.8780656657450285	gf_v2_104m_cls	per_subclass	VLMC & Perivascular
H20.33.030	1	0.8997782282183728	gf_v2_104m_cls	per_subclass	VLMC & Perivascular
H20.33.031	1	0.6850765741453059	gf_v2_104m_cls	per_subclass	VLMC & Perivascular
H20.33.032	1	0.7202130257915611	gf_v2_104m_cls	per_subclass	VLMC & Perivascular
H20.33.033	1	0.7729605853008424	gf_v2_104m_cls	per_subclass	VLMC & Perivascular
H20.33.034	1	0.879206521210602	gf_v2_104m_cls	per_subclass	VLMC & Perivascular
H20.33.035	0	0.16779551423998182	gf_v2_104m_cls	per_subclass	VLMC & Perivascular
H20.33.036	1	0.9816117797715093	gf_v2_104m_cls	per_subclass	VLMC & Perivascular
H20.33.037	1	0.9943601799199155	gf_v2_104m_cls	per_subclass	VLMC & Perivascular
H20.33.038	1	0.9345473717681196	gf_v2_104m_cls	per_subclass	VLMC & Perivascular
H20.33.039	1	0.8614526931981225	gf_v2_104m_cls	per_subclass	VLMC & Perivascular
H20.33.040	1	0.9454739002854359	gf_v2_104m_cls	per_subclass	VLMC & Perivascular
H20.33.041	1	0.8880824285540975	gf_v2_104m_cls	per_subclass	VLMC & Perivascular
H20.33.043	1	0.24188603627669028	gf_v2_104m_cls	per_subclass	VLMC & Perivascular
H20.33.044	0	0.8267324345905506	gf_v2_104m_cls	per_subclass	VLMC & Perivascular
H20.33.045	1	0.9824856081631719	gf_v2_104m_cls	per_subclass	VLMC & Perivascular
H20.33.046	1	0.9256720225322368	gf_v2_104m_cls	per_subclass	VLMC & Perivascular
H21.33.001	0	0.694195495868339	gf_v2_104m_cls	per_subclass	VLMC & Perivascular
H21.33.002	1	0.8875200766483144	gf_v2_104m_cls	per_subclass	VLMC & Perivascular
H21.33.003	0	0.703528200548017	gf_v2_104m_cls	per_subclass	VLMC & Perivascular
H21.33.004	0	0.4481032798578612	gf_v2_104m_cls	per_subclass	VLMC & Perivascular
H21.33.005	1	0.9113486341650733	gf_v2_104m_cls	per_subclass	VLMC & Perivascular
H21.33.006	1	0.5698677522579465	gf_v2_104m_cls	per_subclass	VLMC & Perivascular
H21.33.007	1	0.9054261864600601	gf_v2_104m_cls	per_subclass	VLMC & Perivascular
H21.33.008	1	0.9545553884744002	gf_v2_104m_cls	per_subclass	VLMC & Perivascular
H21.33.009	1	0.7577637680116521	gf_v2_104m_cls	per_subclass	VLMC & Perivascular
H21.33.010	1	0.7462745887367122	gf_v2_104m_cls	per_subclass	VLMC & Perivascular
H21.33.011	0	0.4024369770291341	gf_v2_104m_cls	per_subclass	VLMC & Perivascular
H21.33.012	1	0.9676814633946019	gf_v2_104m_cls	per_subclass	VLMC & Perivascular
H21.33.013	1	0.71499176763225	gf_v2_104m_cls	per_subclass	VLMC & Perivascular
H21.33.014	1	0.12892260109321638	gf_v2_104m_cls	per_subclass	VLMC & Perivascular
H21.33.015	0	0.7158310439360981	gf_v2_104m_cls	per_subclass	VLMC & Perivascular
H21.33.016	0	0.15210404303917777	gf_v2_104m_cls	per_subclass	VLMC & Perivascular
H21.33.017	1	0.4874767305857134	gf_v2_104m_cls	per_subclass	VLMC & Perivascular
H21.33.018	0	0.8816524087477416	gf_v2_104m_cls	per_subclass	VLMC & Perivascular
H21.33.019	0	0.6571998504341691	gf_v2_104m_cls	per_subclass	VLMC & Perivascular
H21.33.020	1	0.9423115041351668	gf_v2_104m_cls	per_subclass	VLMC & Perivascular
H21.33.021	1	0.8265982575307371	gf_v2_104m_cls	per_subclass	VLMC & Perivascular
H21.33.022	1	0.6713742610329991	gf_v2_104m_cls	per_subclass	VLMC & Perivascular
H21.33.023	0	0.5841863528266302	gf_v2_104m_cls	per_subclass	VLMC & Perivascular
H21.33.025	1	0.7857631300907912	gf_v2_104m_cls	per_subclass	VLMC & Perivascular
H21.33.026	1	0.6282770820167514	gf_v2_104m_cls	per_subclass	VLMC & Perivascular
H21.33.027	1	0.8318343746847109	gf_v2_104m_cls	per_subclass	VLMC & Perivascular
H21.33.028	0	0.8838664552024351	gf_v2_104m_cls	per_subclass	VLMC & Perivascular
H21.33.029	1	0.984039833135151	gf_v2_104m_cls	per_subclass	VLMC & Perivascular
H21.33.030	1	0.8980480654192394	gf_v2_104m_cls	per_subclass	VLMC & Perivascular
H21.33.031	1	0.8266525944926899	gf_v2_104m_cls	per_subclass	VLMC & Perivascular
H21.33.032	0	0.43353555591489973	gf_v2_104m_cls	per_subclass	VLMC & Perivascular
H21.33.033	1	0.975545261282674	gf_v2_104m_cls	per_subclass	VLMC & Perivascular
H21.33.034	1	0.9085978210652229	gf_v2_104m_cls	per_subclass	VLMC & Perivascular
H21.33.035	1	0.8640216489212502	gf_v2_104m_cls	per_subclass	VLMC & Perivascular
H21.33.036	1	0.21013547499141788	gf_v2_104m_cls	per_subclass	VLMC & Perivascular
H21.33.037	0	0.8758712780309057	gf_v2_104m_cls	per_subclass	VLMC & Perivascular
H21.33.038	0	0.7976125540195389	gf_v2_104m_cls	per_subclass	VLMC & Perivascular
H21.33.039	1	0.8959046166231703	gf_v2_104m_cls	per_subclass	VLMC & Perivascular
H21.33.040	1	0.7646745352417732	gf_v2_104m_cls	per_subclass	VLMC & Perivascular
H21.33.041	0	0.6851090695319952	gf_v2_104m_cls	per_subclass	VLMC & Perivascular
H21.33.042	1	0.7843569257813447	gf_v2_104m_cls	per_subclass	VLMC & Perivascular
H21.33.043	0	0.7015280456459335	gf_v2_104m_cls	per_subclass	VLMC & Perivascular
H21.33.044	1	0.6240563975377904	gf_v2_104m_cls	per_subclass	VLMC & Perivascular
H21.33.045	1	0.9856206949670774	gf_v2_104m_cls	per_subclass	VLMC & Perivascular
H21.33.046	1	0.9051925929884093	gf_v2_104m_cls	per_subclass	VLMC & Perivascular
H21.33.047	1	0.9313576911211264	gf_v2_104m_cls	per_subclass	VLMC & Perivascular
H19.33.004	0	0.9783564329854079	gf_v2_104m_cls	per_subclass	Vip
H20.33.001	0	0.7559143951321566	gf_v2_104m_cls	per_subclass	Vip
H20.33.002	0	0.6856920982958092	gf_v2_104m_cls	per_subclass	Vip
H20.33.004	1	0.6709232498118756	gf_v2_104m_cls	per_subclass	Vip
H20.33.005	1	0.9069778911176571	gf_v2_104m_cls	per_subclass	Vip
H20.33.008	1	0.7625455034703176	gf_v2_104m_cls	per_subclass	Vip
H20.33.011	1	0.4034968249261525	gf_v2_104m_cls	per_subclass	Vip
H20.33.012	0	0.8853580487022217	gf_v2_104m_cls	per_subclass	Vip
H20.33.013	1	0.47353288276882494	gf_v2_104m_cls	per_subclass	Vip
H20.33.014	1	0.7538183715431865	gf_v2_104m_cls	per_subclass	Vip
H20.33.015	1	0.9056651244738946	gf_v2_104m_cls	per_subclass	Vip
H20.33.016	1	0.724833206345224	gf_v2_104m_cls	per_subclass	Vip
H20.33.017	1	0.7952684379156267	gf_v2_104m_cls	per_subclass	Vip
H20.33.018	1	0.751083032983532	gf_v2_104m_cls	per_subclass	Vip
H20.33.019	1	0.8848447056985641	gf_v2_104m_cls	per_subclass	Vip
H20.33.020	1	0.8972264082604173	gf_v2_104m_cls	per_subclass	Vip
H20.33.024	1	0.6200258305341974	gf_v2_104m_cls	per_subclass	Vip
H20.33.025	1	0.5504044781520894	gf_v2_104m_cls	per_subclass	Vip
H20.33.026	1	0.49355828529565676	gf_v2_104m_cls	per_subclass	Vip
H20.33.027	1	0.9457580387472418	gf_v2_104m_cls	per_subclass	Vip
H20.33.028	1	0.9447042197186123	gf_v2_104m_cls	per_subclass	Vip
H20.33.029	1	0.7632291284737636	gf_v2_104m_cls	per_subclass	Vip
H20.33.030	1	0.6081145282463108	gf_v2_104m_cls	per_subclass	Vip
H20.33.031	1	0.40899978029405143	gf_v2_104m_cls	per_subclass	Vip
H20.33.032	1	0.39568476057041363	gf_v2_104m_cls	per_subclass	Vip
H20.33.033	1	0.9581923599621174	gf_v2_104m_cls	per_subclass	Vip
H20.33.034	1	0.7937043240660622	gf_v2_104m_cls	per_subclass	Vip
H20.33.035	0	0.782626824271893	gf_v2_104m_cls	per_subclass	Vip
H20.33.036	1	0.8205940333271993	gf_v2_104m_cls	per_subclass	Vip
H20.33.037	1	0.8618642998181132	gf_v2_104m_cls	per_subclass	Vip
H20.33.038	1	0.9321429421409027	gf_v2_104m_cls	per_subclass	Vip
H20.33.039	1	0.6758130865940817	gf_v2_104m_cls	per_subclass	Vip
H20.33.040	1	0.8222019934889977	gf_v2_104m_cls	per_subclass	Vip
H20.33.041	1	0.7324714334018527	gf_v2_104m_cls	per_subclass	Vip
H20.33.043	1	0.6119102239058979	gf_v2_104m_cls	per_subclass	Vip
H20.33.044	0	0.48608625681416784	gf_v2_104m_cls	per_subclass	Vip
H20.33.045	1	0.9478620291361741	gf_v2_104m_cls	per_subclass	Vip
H20.33.046	1	0.8571022770713469	gf_v2_104m_cls	per_subclass	Vip
H21.33.001	0	0.6023956751210219	gf_v2_104m_cls	per_subclass	Vip
H21.33.002	1	0.45663095695340317	gf_v2_104m_cls	per_subclass	Vip
H21.33.003	0	0.7406239005355724	gf_v2_104m_cls	per_subclass	Vip
H21.33.004	0	0.6615232583199835	gf_v2_104m_cls	per_subclass	Vip
H21.33.005	1	0.8955641078304183	gf_v2_104m_cls	per_subclass	Vip
H21.33.006	1	0.7384161408273158	gf_v2_104m_cls	per_subclass	Vip
H21.33.007	1	0.3104903670236513	gf_v2_104m_cls	per_subclass	Vip
H21.33.008	1	0.8302655884774938	gf_v2_104m_cls	per_subclass	Vip
H21.33.009	1	0.9613286963610508	gf_v2_104m_cls	per_subclass	Vip
H21.33.010	1	0.8648579733743199	gf_v2_104m_cls	per_subclass	Vip
H21.33.011	0	0.5483917852343482	gf_v2_104m_cls	per_subclass	Vip
H21.33.012	1	0.7499984259915433	gf_v2_104m_cls	per_subclass	Vip
H21.33.013	1	0.952732369274582	gf_v2_104m_cls	per_subclass	Vip
H21.33.014	1	0.9252238573868728	gf_v2_104m_cls	per_subclass	Vip
H21.33.015	0	0.7139930680062139	gf_v2_104m_cls	per_subclass	Vip
H21.33.016	0	0.7932519400940977	gf_v2_104m_cls	per_subclass	Vip
H21.33.017	1	0.703925258274509	gf_v2_104m_cls	per_subclass	Vip
H21.33.018	0	0.77626422657335	gf_v2_104m_cls	per_subclass	Vip
H21.33.019	0	0.7824987943236943	gf_v2_104m_cls	per_subclass	Vip
H21.33.020	1	0.9902197211551869	gf_v2_104m_cls	per_subclass	Vip
H21.33.021	1	0.4971948240050456	gf_v2_104m_cls	per_subclass	Vip
H21.33.022	1	0.8115629605566067	gf_v2_104m_cls	per_subclass	Vip
H21.33.023	0	0.5691314683008675	gf_v2_104m_cls	per_subclass	Vip
H21.33.025	1	0.9084751237086477	gf_v2_104m_cls	per_subclass	Vip
H21.33.026	1	0.794655646225791	gf_v2_104m_cls	per_subclass	Vip
H21.33.027	1	0.7774469935322839	gf_v2_104m_cls	per_subclass	Vip
H21.33.028	0	0.8833058492125987	gf_v2_104m_cls	per_subclass	Vip
H21.33.029	1	0.804470961253083	gf_v2_104m_cls	per_subclass	Vip
H21.33.030	1	0.3110663371378527	gf_v2_104m_cls	per_subclass	Vip
H21.33.031	1	0.9530771328512238	gf_v2_104m_cls	per_subclass	Vip
H21.33.032	0	0.659820882762362	gf_v2_104m_cls	per_subclass	Vip
H21.33.033	1	0.926471885697865	gf_v2_104m_cls	per_subclass	Vip
H21.33.034	1	0.963162319656294	gf_v2_104m_cls	per_subclass	Vip
H21.33.035	1	0.8959345369302636	gf_v2_104m_cls	per_subclass	Vip
H21.33.036	1	0.6190521818429272	gf_v2_104m_cls	per_subclass	Vip
H21.33.037	0	0.6145234022226312	gf_v2_104m_cls	per_subclass	Vip
H21.33.038	0	0.8756165446790881	gf_v2_104m_cls	per_subclass	Vip
H21.33.039	1	0.9255003359216442	gf_v2_104m_cls	per_subclass	Vip
H21.33.040	1	0.9333974426518156	gf_v2_104m_cls	per_subclass	Vip
H21.33.041	0	0.6296905044685465	gf_v2_104m_cls	per_subclass	Vip
H21.33.042	1	0.877268496104166	gf_v2_104m_cls	per_subclass	Vip
H21.33.043	0	0.9121041501379048	gf_v2_104m_cls	per_subclass	Vip
H21.33.044	1	0.9322241016001598	gf_v2_104m_cls	per_subclass	Vip
H21.33.045	1	0.9168326457639552	gf_v2_104m_cls	per_subclass	Vip
H21.33.046	1	0.9362816185895836	gf_v2_104m_cls	per_subclass	Vip
H21.33.047	1	0.42867950950361705	gf_v2_104m_cls	per_subclass	Vip
H19.33.004	0	0.9507567962100613	gf_v2_104m_cls	combined	9 subclasses
H20.33.001	0	0.5458248965311571	gf_v2_104m_cls	combined	9 subclasses
H20.33.002	0	0.8829947727711753	gf_v2_104m_cls	combined	9 subclasses
H20.33.004	1	0.7577996334347562	gf_v2_104m_cls	combined	9 subclasses
H20.33.005	1	0.7225302033564184	gf_v2_104m_cls	combined	9 subclasses
H20.33.008	1	0.974291469297491	gf_v2_104m_cls	combined	9 subclasses
H20.33.011	1	0.4244418285256823	gf_v2_104m_cls	combined	9 subclasses
H20.33.012	0	0.728946906101509	gf_v2_104m_cls	combined	9 subclasses
H20.33.013	1	0.6106326724280475	gf_v2_104m_cls	combined	9 subclasses
H20.33.014	1	0.9092985558384756	gf_v2_104m_cls	combined	9 subclasses
H20.33.015	1	0.8351914423652496	gf_v2_104m_cls	combined	9 subclasses
H20.33.016	1	0.8784064895763486	gf_v2_104m_cls	combined	9 subclasses
H20.33.017	1	0.9101615974293281	gf_v2_104m_cls	combined	9 subclasses
H20.33.018	1	0.9524118836305628	gf_v2_104m_cls	combined	9 subclasses
H20.33.019	1	0.9615318794448283	gf_v2_104m_cls	combined	9 subclasses
H20.33.020	1	0.9498455470821259	gf_v2_104m_cls	combined	9 subclasses
H20.33.024	1	0.41930569639015475	gf_v2_104m_cls	combined	9 subclasses
H20.33.025	1	0.5367686310252834	gf_v2_104m_cls	combined	9 subclasses
H20.33.026	1	0.7582242284835695	gf_v2_104m_cls	combined	9 subclasses
H20.33.027	1	0.9941209671085416	gf_v2_104m_cls	combined	9 subclasses
H20.33.028	1	0.9636959084670549	gf_v2_104m_cls	combined	9 subclasses
H20.33.029	1	0.8216059974536206	gf_v2_104m_cls	combined	9 subclasses
H20.33.030	1	0.8266486572838765	gf_v2_104m_cls	combined	9 subclasses
H20.33.031	1	0.3800489724256721	gf_v2_104m_cls	combined	9 subclasses
H20.33.032	1	0.5361533274836965	gf_v2_104m_cls	combined	9 subclasses
H20.33.033	1	0.7765537140099052	gf_v2_104m_cls	combined	9 subclasses
H20.33.034	1	0.9478857453124692	gf_v2_104m_cls	combined	9 subclasses
H20.33.035	0	0.46689184915824844	gf_v2_104m_cls	combined	9 subclasses
H20.33.036	1	0.9765886315223946	gf_v2_104m_cls	combined	9 subclasses
H20.33.037	1	0.988393252980314	gf_v2_104m_cls	combined	9 subclasses
H20.33.038	1	0.9687814587885434	gf_v2_104m_cls	combined	9 subclasses
H20.33.039	1	0.6606645743029126	gf_v2_104m_cls	combined	9 subclasses
H20.33.040	1	0.9351361535486553	gf_v2_104m_cls	combined	9 subclasses
H20.33.041	1	0.7638442057601944	gf_v2_104m_cls	combined	9 subclasses
H20.33.043	1	0.4066740356107049	gf_v2_104m_cls	combined	9 subclasses
H20.33.044	0	0.6275516858144936	gf_v2_104m_cls	combined	9 subclasses
H20.33.045	1	0.9971851921831707	gf_v2_104m_cls	combined	9 subclasses
H20.33.046	1	0.8998474472426151	gf_v2_104m_cls	combined	9 subclasses
H21.33.001	0	0.8399043296406166	gf_v2_104m_cls	combined	9 subclasses
H21.33.002	1	0.8684846417754863	gf_v2_104m_cls	combined	9 subclasses
H21.33.003	0	0.7060093976466311	gf_v2_104m_cls	combined	9 subclasses
H21.33.004	0	0.3109154080394347	gf_v2_104m_cls	combined	9 subclasses
H21.33.005	1	0.8551493329032857	gf_v2_104m_cls	combined	9 subclasses
H21.33.006	1	0.7454129651914607	gf_v2_104m_cls	combined	9 subclasses
H21.33.007	1	0.8405469956701047	gf_v2_104m_cls	combined	9 subclasses
H21.33.008	1	0.9609155733940037	gf_v2_104m_cls	combined	9 subclasses
H21.33.009	1	0.978324041065304	gf_v2_104m_cls	combined	9 subclasses
H21.33.010	1	0.7864794349987325	gf_v2_104m_cls	combined	9 subclasses
H21.33.011	0	0.11268153743140512	gf_v2_104m_cls	combined	9 subclasses
H21.33.012	1	0.857996841360402	gf_v2_104m_cls	combined	9 subclasses
H21.33.013	1	0.9761150009146216	gf_v2_104m_cls	combined	9 subclasses
H21.33.014	1	0.9078816853171112	gf_v2_104m_cls	combined	9 subclasses
H21.33.015	0	0.7001310151754107	gf_v2_104m_cls	combined	9 subclasses
H21.33.016	0	0.4917475108566127	gf_v2_104m_cls	combined	9 subclasses
H21.33.017	1	0.8554031582347079	gf_v2_104m_cls	combined	9 subclasses
H21.33.018	0	0.7551314358455894	gf_v2_104m_cls	combined	9 subclasses
H21.33.019	0	0.6460430469729357	gf_v2_104m_cls	combined	9 subclasses
H21.33.020	1	0.9578155461127679	gf_v2_104m_cls	combined	9 subclasses
H21.33.021	1	0.8947558826008526	gf_v2_104m_cls	combined	9 subclasses
H21.33.022	1	0.604280641729543	gf_v2_104m_cls	combined	9 subclasses
H21.33.023	0	0.5197362661852017	gf_v2_104m_cls	combined	9 subclasses
H21.33.025	1	0.7278865745891898	gf_v2_104m_cls	combined	9 subclasses
H21.33.026	1	0.6250020724649029	gf_v2_104m_cls	combined	9 subclasses
H21.33.027	1	0.7404962191704679	gf_v2_104m_cls	combined	9 subclasses
H21.33.028	0	0.6038309976206291	gf_v2_104m_cls	combined	9 subclasses
H21.33.029	1	0.9255294647351061	gf_v2_104m_cls	combined	9 subclasses
H21.33.030	1	0.9136295321458107	gf_v2_104m_cls	combined	9 subclasses
H21.33.031	1	0.9500175650466016	gf_v2_104m_cls	combined	9 subclasses
H21.33.032	0	0.462646070934296	gf_v2_104m_cls	combined	9 subclasses
H21.33.033	1	0.9861520979411738	gf_v2_104m_cls	combined	9 subclasses
H21.33.034	1	0.9800122127189959	gf_v2_104m_cls	combined	9 subclasses
H21.33.035	1	0.956727611810044	gf_v2_104m_cls	combined	9 subclasses
H21.33.036	1	0.3109310983564081	gf_v2_104m_cls	combined	9 subclasses
H21.33.037	0	0.707745776890919	gf_v2_104m_cls	combined	9 subclasses
H21.33.038	0	0.9343049454814569	gf_v2_104m_cls	combined	9 subclasses
H21.33.039	1	0.8440007216013685	gf_v2_104m_cls	combined	9 subclasses
H21.33.040	1	0.835284240809551	gf_v2_104m_cls	combined	9 subclasses
H21.33.041	0	0.6969074884261901	gf_v2_104m_cls	combined	9 subclasses
H21.33.042	1	0.4122811811055033	gf_v2_104m_cls	combined	9 subclasses
H21.33.043	0	0.9027322098510817	gf_v2_104m_cls	combined	9 subclasses
H21.33.044	1	0.8276852247846902	gf_v2_104m_cls	combined	9 subclasses
H21.33.045	1	0.9964506579513813	gf_v2_104m_cls	combined	9 subclasses
H21.33.046	1	0.9593537457326621	gf_v2_104m_cls	combined	9 subclasses
H21.33.047	1	0.8780363852460887	gf_v2_104m_cls	combined	9 subclasses
H19.33.004	0	0.944804914783367	gf_v2_104m_cls	combined+cov	9 subclasses
H20.33.001	0	0.5547253137962237	gf_v2_104m_cls	combined+cov	9 subclasses
H20.33.002	0	0.8861310419466302	gf_v2_104m_cls	combined+cov	9 subclasses
H20.33.004	1	0.8031188845063548	gf_v2_104m_cls	combined+cov	9 subclasses
H20.33.005	1	0.6948293824725781	gf_v2_104m_cls	combined+cov	9 subclasses
H20.33.008	1	0.9872841429255483	gf_v2_104m_cls	combined+cov	9 subclasses
H20.33.011	1	0.5440277114188296	gf_v2_104m_cls	combined+cov	9 subclasses
H20.33.012	0	0.7167742513852813	gf_v2_104m_cls	combined+cov	9 subclasses
H20.33.013	1	0.6174537854392727	gf_v2_104m_cls	combined+cov	9 subclasses
H20.33.014	1	0.8731276051802205	gf_v2_104m_cls	combined+cov	9 subclasses
H20.33.015	1	0.7663414031104681	gf_v2_104m_cls	combined+cov	9 subclasses
H20.33.016	1	0.8692012251881074	gf_v2_104m_cls	combined+cov	9 subclasses
H20.33.017	1	0.9023056417468271	gf_v2_104m_cls	combined+cov	9 subclasses
H20.33.018	1	0.9691906990219099	gf_v2_104m_cls	combined+cov	9 subclasses
H20.33.019	1	0.9729798828140177	gf_v2_104m_cls	combined+cov	9 subclasses
H20.33.020	1	0.9830821542495276	gf_v2_104m_cls	combined+cov	9 subclasses
H20.33.024	1	0.41264781457076294	gf_v2_104m_cls	combined+cov	9 subclasses
H20.33.025	1	0.5638520316410931	gf_v2_104m_cls	combined+cov	9 subclasses
H20.33.026	1	0.8605617337148057	gf_v2_104m_cls	combined+cov	9 subclasses
H20.33.027	1	0.9915508207706123	gf_v2_104m_cls	combined+cov	9 subclasses
H20.33.028	1	0.9588658097528983	gf_v2_104m_cls	combined+cov	9 subclasses
H20.33.029	1	0.7890195261296402	gf_v2_104m_cls	combined+cov	9 subclasses
H20.33.030	1	0.8605164240176318	gf_v2_104m_cls	combined+cov	9 subclasses
H20.33.031	1	0.2986245357401112	gf_v2_104m_cls	combined+cov	9 subclasses
H20.33.032	1	0.5029297855353533	gf_v2_104m_cls	combined+cov	9 subclasses
H20.33.033	1	0.7374719209692093	gf_v2_104m_cls	combined+cov	9 subclasses
H20.33.034	1	0.9238042757758897	gf_v2_104m_cls	combined+cov	9 subclasses
H20.33.035	0	0.5131017245883875	gf_v2_104m_cls	combined+cov	9 subclasses
H20.33.036	1	0.9707299244206394	gf_v2_104m_cls	combined+cov	9 subclasses
H20.33.037	1	0.9817857034429165	gf_v2_104m_cls	combined+cov	9 subclasses
H20.33.038	1	0.9722615052253332	gf_v2_104m_cls	combined+cov	9 subclasses
H20.33.039	1	0.5572225398779634	gf_v2_104m_cls	combined+cov	9 subclasses
H20.33.040	1	0.9176394010982483	gf_v2_104m_cls	combined+cov	9 subclasses
H20.33.041	1	0.7236298937337111	gf_v2_104m_cls	combined+cov	9 subclasses
H20.33.043	1	0.6282865178525378	gf_v2_104m_cls	combined+cov	9 subclasses
H20.33.044	0	0.6346392205905954	gf_v2_104m_cls	combined+cov	9 subclasses
H20.33.045	1	0.9988083409376444	gf_v2_104m_cls	combined+cov	9 subclasses
H20.33.046	1	0.8732865698954013	gf_v2_104m_cls	combined+cov	9 subclasses
H21.33.001	0	0.7955638036549874	gf_v2_104m_cls	combined+cov	9 subclasses
H21.33.002	1	0.8967833891944782	gf_v2_104m_cls	combined+cov	9 subclasses
H21.33.003	0	0.6133763389155603	gf_v2_104m_cls	combined+cov	9 subclasses
H21.33.004	0	0.3005411044069411	gf_v2_104m_cls	combined+cov	9 subclasses
H21.33.005	1	0.8192924469606171	gf_v2_104m_cls	combined+cov	9 subclasses
H21.33.006	1	0.7712173802963095	gf_v2_104m_cls	combined+cov	9 subclasses
H21.33.007	1	0.7862440822675256	gf_v2_104m_cls	combined+cov	9 subclasses
H21.33.008	1	0.9539082668965883	gf_v2_104m_cls	combined+cov	9 subclasses
H21.33.009	1	0.9904313829525959	gf_v2_104m_cls	combined+cov	9 subclasses
H21.33.010	1	0.7288545241136231	gf_v2_104m_cls	combined+cov	9 subclasses
H21.33.011	0	0.10363694218693828	gf_v2_104m_cls	combined+cov	9 subclasses
H21.33.012	1	0.8906111546851287	gf_v2_104m_cls	combined+cov	9 subclasses
H21.33.013	1	0.9865292834082899	gf_v2_104m_cls	combined+cov	9 subclasses
H21.33.014	1	0.8791708256669833	gf_v2_104m_cls	combined+cov	9 subclasses
H21.33.015	0	0.6559749563113003	gf_v2_104m_cls	combined+cov	9 subclasses
H21.33.016	0	0.44332431097339065	gf_v2_104m_cls	combined+cov	9 subclasses
H21.33.017	1	0.8687511920805615	gf_v2_104m_cls	combined+cov	9 subclasses
H21.33.018	0	0.710395434765356	gf_v2_104m_cls	combined+cov	9 subclasses
H21.33.019	0	0.6340343567844646	gf_v2_104m_cls	combined+cov	9 subclasses
H21.33.020	1	0.9460001980134546	gf_v2_104m_cls	combined+cov	9 subclasses
H21.33.021	1	0.8896318555507816	gf_v2_104m_cls	combined+cov	9 subclasses
H21.33.022	1	0.5735877899539739	gf_v2_104m_cls	combined+cov	9 subclasses
H21.33.023	0	0.5191592410168122	gf_v2_104m_cls	combined+cov	9 subclasses
H21.33.025	1	0.6865882762999996	gf_v2_104m_cls	combined+cov	9 subclasses
H21.33.026	1	0.7445676379343108	gf_v2_104m_cls	combined+cov	9 subclasses
H21.33.027	1	0.8270104083433873	gf_v2_104m_cls	combined+cov	9 subclasses
H21.33.028	0	0.5706261223941069	gf_v2_104m_cls	combined+cov	9 subclasses
H21.33.029	1	0.9434231894189902	gf_v2_104m_cls	combined+cov	9 subclasses
H21.33.030	1	0.9410513355559864	gf_v2_104m_cls	combined+cov	9 subclasses
H21.33.031	1	0.9587665555190915	gf_v2_104m_cls	combined+cov	9 subclasses
H21.33.032	0	0.4686619148994132	gf_v2_104m_cls	combined+cov	9 subclasses
H21.33.033	1	0.9894868855744576	gf_v2_104m_cls	combined+cov	9 subclasses
H21.33.034	1	0.9864304226883535	gf_v2_104m_cls	combined+cov	9 subclasses
H21.33.035	1	0.953220086293751	gf_v2_104m_cls	combined+cov	9 subclasses
H21.33.036	1	0.2569375561346292	gf_v2_104m_cls	combined+cov	9 subclasses
H21.33.037	0	0.6778819209997062	gf_v2_104m_cls	combined+cov	9 subclasses
H21.33.038	0	0.91160970165474	gf_v2_104m_cls	combined+cov	9 subclasses
H21.33.039	1	0.8361012654787748	gf_v2_104m_cls	combined+cov	9 subclasses
H21.33.040	1	0.9068822212501789	gf_v2_104m_cls	combined+cov	9 subclasses
H21.33.041	0	0.6616188108910838	gf_v2_104m_cls	combined+cov	9 subclasses
H21.33.042	1	0.6367467899198604	gf_v2_104m_cls	combined+cov	9 subclasses
H21.33.043	0	0.8924804019773809	gf_v2_104m_cls	combined+cov	9 subclasses
H21.33.044	1	0.8345469411341334	gf_v2_104m_cls	combined+cov	9 subclasses
H21.33.045	1	0.9971939529456314	gf_v2_104m_cls	combined+cov	9 subclasses
H21.33.046	1	0.9507263066265379	gf_v2_104m_cls	combined+cov	9 subclasses
H21.33.047	1	0.8601389201152653	gf_v2_104m_cls	combined+cov	9 subclasses
H19.33.004	0	0.9871985147842564	gf_v2_104m_cls_pca50	per_subclass	Astrocyte
H20.33.001	0	0.7684184985884073	gf_v2_104m_cls_pca50	per_subclass	Astrocyte
H20.33.002	0	0.7838117202161501	gf_v2_104m_cls_pca50	per_subclass	Astrocyte
H20.33.004	1	0.8146324795621698	gf_v2_104m_cls_pca50	per_subclass	Astrocyte
H20.33.005	1	0.7209996742088473	gf_v2_104m_cls_pca50	per_subclass	Astrocyte
H20.33.008	1	0.8996734958278669	gf_v2_104m_cls_pca50	per_subclass	Astrocyte
H20.33.011	1	0.5336456439343878	gf_v2_104m_cls_pca50	per_subclass	Astrocyte
H20.33.012	0	0.8017699435233379	gf_v2_104m_cls_pca50	per_subclass	Astrocyte
H20.33.013	1	0.7779328943699838	gf_v2_104m_cls_pca50	per_subclass	Astrocyte
H20.33.014	1	0.8217724493951721	gf_v2_104m_cls_pca50	per_subclass	Astrocyte
H20.33.015	1	0.9380169639695813	gf_v2_104m_cls_pca50	per_subclass	Astrocyte
H20.33.016	1	0.7839986827568552	gf_v2_104m_cls_pca50	per_subclass	Astrocyte
H20.33.017	1	0.8547268362250616	gf_v2_104m_cls_pca50	per_subclass	Astrocyte
H20.33.018	1	0.944683952992125	gf_v2_104m_cls_pca50	per_subclass	Astrocyte
H20.33.019	1	0.8651683841418158	gf_v2_104m_cls_pca50	per_subclass	Astrocyte
H20.33.020	1	0.9084752313299722	gf_v2_104m_cls_pca50	per_subclass	Astrocyte
H20.33.024	1	0.35343342166422287	gf_v2_104m_cls_pca50	per_subclass	Astrocyte
H20.33.025	1	0.6815293471789078	gf_v2_104m_cls_pca50	per_subclass	Astrocyte
H20.33.026	1	0.5707159322312878	gf_v2_104m_cls_pca50	per_subclass	Astrocyte
H20.33.027	1	0.9244665878212868	gf_v2_104m_cls_pca50	per_subclass	Astrocyte
H20.33.028	1	0.9325888539012587	gf_v2_104m_cls_pca50	per_subclass	Astrocyte
H20.33.029	1	0.5046956701002534	gf_v2_104m_cls_pca50	per_subclass	Astrocyte
H20.33.030	1	0.6992018778062082	gf_v2_104m_cls_pca50	per_subclass	Astrocyte
H20.33.031	1	0.4945570260081834	gf_v2_104m_cls_pca50	per_subclass	Astrocyte
H20.33.032	1	0.26709746890825536	gf_v2_104m_cls_pca50	per_subclass	Astrocyte
H20.33.033	1	0.969577171602128	gf_v2_104m_cls_pca50	per_subclass	Astrocyte
H20.33.034	1	0.8237956499411526	gf_v2_104m_cls_pca50	per_subclass	Astrocyte
H20.33.035	0	0.5549784878672559	gf_v2_104m_cls_pca50	per_subclass	Astrocyte
H20.33.036	1	0.9022878103578389	gf_v2_104m_cls_pca50	per_subclass	Astrocyte
H20.33.037	1	0.8942004449826048	gf_v2_104m_cls_pca50	per_subclass	Astrocyte
H20.33.038	1	0.8990092103656655	gf_v2_104m_cls_pca50	per_subclass	Astrocyte
H20.33.039	1	0.7012640430277226	gf_v2_104m_cls_pca50	per_subclass	Astrocyte
H20.33.040	1	0.6845512354378563	gf_v2_104m_cls_pca50	per_subclass	Astrocyte
H20.33.041	1	0.5281301230318715	gf_v2_104m_cls_pca50	per_subclass	Astrocyte
H20.33.043	1	0.7288472500992158	gf_v2_104m_cls_pca50	per_subclass	Astrocyte
H20.33.044	0	0.7530414333207427	gf_v2_104m_cls_pca50	per_subclass	Astrocyte
H20.33.045	1	0.917015169271442	gf_v2_104m_cls_pca50	per_subclass	Astrocyte
H20.33.046	1	0.879296438297969	gf_v2_104m_cls_pca50	per_subclass	Astrocyte
H21.33.001	0	0.9873465071109078	gf_v2_104m_cls_pca50	per_subclass	Astrocyte
H21.33.002	1	0.8256121429482022	gf_v2_104m_cls_pca50	per_subclass	Astrocyte
H21.33.003	0	0.9084697764188185	gf_v2_104m_cls_pca50	per_subclass	Astrocyte
H21.33.004	0	0.5633836266818648	gf_v2_104m_cls_pca50	per_subclass	Astrocyte
H21.33.005	1	0.7536292936719307	gf_v2_104m_cls_pca50	per_subclass	Astrocyte
H21.33.006	1	0.8602557400016941	gf_v2_104m_cls_pca50	per_subclass	Astrocyte
H21.33.007	1	0.8245025254332153	gf_v2_104m_cls_pca50	per_subclass	Astrocyte
H21.33.008	1	0.5338665809378667	gf_v2_104m_cls_pca50	per_subclass	Astrocyte
H21.33.009	1	0.8901427640367144	gf_v2_104m_cls_pca50	per_subclass	Astrocyte
H21.33.010	1	0.5728352587069275	gf_v2_104m_cls_pca50	per_subclass	Astrocyte
H21.33.011	0	0.5989277955977244	gf_v2_104m_cls_pca50	per_subclass	Astrocyte
H21.33.012	1	0.6130716551932488	gf_v2_104m_cls_pca50	per_subclass	Astrocyte
H21.33.013	1	0.8999381912658313	gf_v2_104m_cls_pca50	per_subclass	Astrocyte
H21.33.014	1	0.8924101513216589	gf_v2_104m_cls_pca50	per_subclass	Astrocyte
H21.33.015	0	0.7101502011624399	gf_v2_104m_cls_pca50	per_subclass	Astrocyte
H21.33.016	0	0.7440231875165491	gf_v2_104m_cls_pca50	per_subclass	Astrocyte
H21.33.017	1	0.6057388936247133	gf_v2_104m_cls_pca50	per_subclass	Astrocyte
H21.33.018	0	0.7481460816819994	gf_v2_104m_cls_pca50	per_subclass	Astrocyte
H21.33.019	0	0.9192902099133695	gf_v2_104m_cls_pca50	per_subclass	Astrocyte
H21.33.020	1	0.9809535912500273	gf_v2_104m_cls_pca50	per_subclass	Astrocyte
H21.33.021	1	0.707328635315528	gf_v2_104m_cls_pca50	per_subclass	Astrocyte
H21.33.022	1	0.8868488149842308	gf_v2_104m_cls_pca50	per_subclass	Astrocyte
H21.33.023	0	0.6000968425450255	gf_v2_104m_cls_pca50	per_subclass	Astrocyte
H21.33.025	1	0.5245446157051126	gf_v2_104m_cls_pca50	per_subclass	Astrocyte
H21.33.026	1	0.6066191813638505	gf_v2_104m_cls_pca50	per_subclass	Astrocyte
H21.33.027	1	0.4609796016384788	gf_v2_104m_cls_pca50	per_subclass	Astrocyte
H21.33.028	0	0.8057019959075209	gf_v2_104m_cls_pca50	per_subclass	Astrocyte
H21.33.029	1	0.7544899960100008	gf_v2_104m_cls_pca50	per_subclass	Astrocyte
H21.33.030	1	0.7821243533791931	gf_v2_104m_cls_pca50	per_subclass	Astrocyte
H21.33.031	1	0.6085228094673574	gf_v2_104m_cls_pca50	per_subclass	Astrocyte
H21.33.032	0	0.7369381700894658	gf_v2_104m_cls_pca50	per_subclass	Astrocyte
H21.33.033	1	0.6831084436576862	gf_v2_104m_cls_pca50	per_subclass	Astrocyte
H21.33.034	1	0.9578674919009019	gf_v2_104m_cls_pca50	per_subclass	Astrocyte
H21.33.035	1	0.8263030163969866	gf_v2_104m_cls_pca50	per_subclass	Astrocyte
H21.33.036	1	0.46898058942161613	gf_v2_104m_cls_pca50	per_subclass	Astrocyte
H21.33.037	0	0.3949659956441315	gf_v2_104m_cls_pca50	per_subclass	Astrocyte
H21.33.038	0	0.6337668219429272	gf_v2_104m_cls_pca50	per_subclass	Astrocyte
H21.33.039	1	0.8581465877934171	gf_v2_104m_cls_pca50	per_subclass	Astrocyte
H21.33.040	1	0.9432965283157764	gf_v2_104m_cls_pca50	per_subclass	Astrocyte
H21.33.041	0	0.809173958703249	gf_v2_104m_cls_pca50	per_subclass	Astrocyte
H21.33.042	1	0.5793578655482495	gf_v2_104m_cls_pca50	per_subclass	Astrocyte
H21.33.043	0	0.8162692277235607	gf_v2_104m_cls_pca50	per_subclass	Astrocyte
H21.33.044	1	0.8731384729803224	gf_v2_104m_cls_pca50	per_subclass	Astrocyte
H21.33.045	1	0.9029612286043381	gf_v2_104m_cls_pca50	per_subclass	Astrocyte
H21.33.046	1	0.7042316502539891	gf_v2_104m_cls_pca50	per_subclass	Astrocyte
H21.33.047	1	0.43443720865109225	gf_v2_104m_cls_pca50	per_subclass	Astrocyte
H19.33.004	0	0.9346442550209686	gf_v2_104m_cls_pca50	per_subclass	Chandelier
H20.33.001	0	0.7947687488263516	gf_v2_104m_cls_pca50	per_subclass	Chandelier
H20.33.002	0	0.6374558377000679	gf_v2_104m_cls_pca50	per_subclass	Chandelier
H20.33.004	1	0.41651211036254165	gf_v2_104m_cls_pca50	per_subclass	Chandelier
H20.33.005	1	0.9203427254326888	gf_v2_104m_cls_pca50	per_subclass	Chandelier
H20.33.008	1	0.7130662051172543	gf_v2_104m_cls_pca50	per_subclass	Chandelier
H20.33.011	1	0.5382456323600635	gf_v2_104m_cls_pca50	per_subclass	Chandelier
H20.33.012	0	0.6403492624972864	gf_v2_104m_cls_pca50	per_subclass	Chandelier
H20.33.013	1	0.5775015220596151	gf_v2_104m_cls_pca50	per_subclass	Chandelier
H20.33.014	1	0.5105231464893075	gf_v2_104m_cls_pca50	per_subclass	Chandelier
H20.33.015	1	0.9129152613332874	gf_v2_104m_cls_pca50	per_subclass	Chandelier
H20.33.016	1	0.7431663838154894	gf_v2_104m_cls_pca50	per_subclass	Chandelier
H20.33.017	1	0.8411857818456723	gf_v2_104m_cls_pca50	per_subclass	Chandelier
H20.33.018	1	0.8855369499098866	gf_v2_104m_cls_pca50	per_subclass	Chandelier
H20.33.019	1	0.8067259616971538	gf_v2_104m_cls_pca50	per_subclass	Chandelier
H20.33.020	1	0.888199009537282	gf_v2_104m_cls_pca50	per_subclass	Chandelier
H20.33.024	1	0.40468844832592615	gf_v2_104m_cls_pca50	per_subclass	Chandelier
H20.33.025	1	0.4345134463592423	gf_v2_104m_cls_pca50	per_subclass	Chandelier
H20.33.026	1	0.591062954472147	gf_v2_104m_cls_pca50	per_subclass	Chandelier
H20.33.027	1	0.8101294599021465	gf_v2_104m_cls_pca50	per_subclass	Chandelier
H20.33.028	1	0.8090505722977607	gf_v2_104m_cls_pca50	per_subclass	Chandelier
H20.33.029	1	0.6846014801138541	gf_v2_104m_cls_pca50	per_subclass	Chandelier
H20.33.030	1	0.8666434747095859	gf_v2_104m_cls_pca50	per_subclass	Chandelier
H20.33.031	1	0.7519343976710534	gf_v2_104m_cls_pca50	per_subclass	Chandelier
H20.33.032	1	0.6698239436122536	gf_v2_104m_cls_pca50	per_subclass	Chandelier
H20.33.033	1	0.8809692596809182	gf_v2_104m_cls_pca50	per_subclass	Chandelier
H20.33.034	1	0.7667206427818475	gf_v2_104m_cls_pca50	per_subclass	Chandelier
H20.33.035	0	0.8592388206554047	gf_v2_104m_cls_pca50	per_subclass	Chandelier
H20.33.036	1	0.9148603098339197	gf_v2_104m_cls_pca50	per_subclass	Chandelier
H20.33.037	1	0.8731316882475426	gf_v2_104m_cls_pca50	per_subclass	Chandelier
H20.33.039	1	0.15648844422119942	gf_v2_104m_cls_pca50	per_subclass	Chandelier
H20.33.040	1	0.7137901857893747	gf_v2_104m_cls_pca50	per_subclass	Chandelier
H20.33.041	1	0.7590382959411823	gf_v2_104m_cls_pca50	per_subclass	Chandelier
H20.33.043	1	0.5259043943445615	gf_v2_104m_cls_pca50	per_subclass	Chandelier
H20.33.044	0	0.7187741610371103	gf_v2_104m_cls_pca50	per_subclass	Chandelier
H20.33.045	1	0.9862894213883949	gf_v2_104m_cls_pca50	per_subclass	Chandelier
H20.33.046	1	0.9688422825772905	gf_v2_104m_cls_pca50	per_subclass	Chandelier
H21.33.001	0	0.7102328138711327	gf_v2_104m_cls_pca50	per_subclass	Chandelier
H21.33.002	1	0.6835867676040781	gf_v2_104m_cls_pca50	per_subclass	Chandelier
H21.33.003	0	0.8497700042906455	gf_v2_104m_cls_pca50	per_subclass	Chandelier
H21.33.004	0	0.7094564378728674	gf_v2_104m_cls_pca50	per_subclass	Chandelier
H21.33.005	1	0.8851349719455657	gf_v2_104m_cls_pca50	per_subclass	Chandelier
H21.33.006	1	0.7028265207883806	gf_v2_104m_cls_pca50	per_subclass	Chandelier
H21.33.007	1	0.5924342459643319	gf_v2_104m_cls_pca50	per_subclass	Chandelier
H21.33.008	1	0.8541546521734672	gf_v2_104m_cls_pca50	per_subclass	Chandelier
H21.33.009	1	0.9899152002852742	gf_v2_104m_cls_pca50	per_subclass	Chandelier
H21.33.010	1	0.8970675531391293	gf_v2_104m_cls_pca50	per_subclass	Chandelier
H21.33.011	0	0.44426590943157535	gf_v2_104m_cls_pca50	per_subclass	Chandelier
H21.33.012	1	0.6389922883213744	gf_v2_104m_cls_pca50	per_subclass	Chandelier
H21.33.013	1	0.9653379202946681	gf_v2_104m_cls_pca50	per_subclass	Chandelier
H21.33.014	1	0.7537668435047871	gf_v2_104m_cls_pca50	per_subclass	Chandelier
H21.33.015	0	0.7380038596492946	gf_v2_104m_cls_pca50	per_subclass	Chandelier
H21.33.016	0	0.6927557772145791	gf_v2_104m_cls_pca50	per_subclass	Chandelier
H21.33.017	1	0.6196028990049548	gf_v2_104m_cls_pca50	per_subclass	Chandelier
H21.33.018	0	0.695376310297009	gf_v2_104m_cls_pca50	per_subclass	Chandelier
H21.33.019	0	0.5336017707309981	gf_v2_104m_cls_pca50	per_subclass	Chandelier
H21.33.021	1	0.8534854639563945	gf_v2_104m_cls_pca50	per_subclass	Chandelier
H21.33.022	1	0.8424384417293911	gf_v2_104m_cls_pca50	per_subclass	Chandelier
H21.33.023	0	0.7032737067485945	gf_v2_104m_cls_pca50	per_subclass	Chandelier
H21.33.025	1	0.944120569750136	gf_v2_104m_cls_pca50	per_subclass	Chandelier
H21.33.026	1	0.9180459259186904	gf_v2_104m_cls_pca50	per_subclass	Chandelier
H21.33.027	1	0.5835345852691972	gf_v2_104m_cls_pca50	per_subclass	Chandelier
H21.33.028	0	0.7869544854312281	gf_v2_104m_cls_pca50	per_subclass	Chandelier
H21.33.029	1	0.8046001417490306	gf_v2_104m_cls_pca50	per_subclass	Chandelier
H21.33.030	1	0.5445348002232833	gf_v2_104m_cls_pca50	per_subclass	Chandelier
H21.33.031	1	0.8527883321386056	gf_v2_104m_cls_pca50	per_subclass	Chandelier
H21.33.032	0	0.6299158540271964	gf_v2_104m_cls_pca50	per_subclass	Chandelier
H21.33.033	1	0.9363271482733213	gf_v2_104m_cls_pca50	per_subclass	Chandelier
H21.33.035	1	0.8607936562872773	gf_v2_104m_cls_pca50	per_subclass	Chandelier
H21.33.036	1	0.7018089875338076	gf_v2_104m_cls_pca50	per_subclass	Chandelier
H21.33.037	0	0.708746520763013	gf_v2_104m_cls_pca50	per_subclass	Chandelier
H21.33.038	0	0.8507628989131713	gf_v2_104m_cls_pca50	per_subclass	Chandelier
H21.33.039	1	0.9096537585427598	gf_v2_104m_cls_pca50	per_subclass	Chandelier
H21.33.040	1	0.8423930324933094	gf_v2_104m_cls_pca50	per_subclass	Chandelier
H21.33.041	0	0.7697721375452037	gf_v2_104m_cls_pca50	per_subclass	Chandelier
H21.33.042	1	0.87026128393542	gf_v2_104m_cls_pca50	per_subclass	Chandelier
H21.33.043	0	0.8506095261404548	gf_v2_104m_cls_pca50	per_subclass	Chandelier
H21.33.044	1	0.8906097468891264	gf_v2_104m_cls_pca50	per_subclass	Chandelier
H21.33.045	1	0.9922016480380702	gf_v2_104m_cls_pca50	per_subclass	Chandelier
H21.33.046	1	0.9061778318359991	gf_v2_104m_cls_pca50	per_subclass	Chandelier
H21.33.047	1	0.37933983900064816	gf_v2_104m_cls_pca50	per_subclass	Chandelier
H19.33.004	0	0.8679141333724246	gf_v2_104m_cls_pca50	per_subclass	Endothelial
H20.33.001	0	0.7675718527743614	gf_v2_104m_cls_pca50	per_subclass	Endothelial
H20.33.002	0	0.9184040940034436	gf_v2_104m_cls_pca50	per_subclass	Endothelial
H20.33.004	1	0.5781279321074344	gf_v2_104m_cls_pca50	per_subclass	Endothelial
H20.33.005	1	0.7349806064067371	gf_v2_104m_cls_pca50	per_subclass	Endothelial
H20.33.008	1	0.4144571581945039	gf_v2_104m_cls_pca50	per_subclass	Endothelial
H20.33.011	1	0.6711072525276292	gf_v2_104m_cls_pca50	per_subclass	Endothelial
H20.33.012	0	0.8630389920128587	gf_v2_104m_cls_pca50	per_subclass	Endothelial
H20.33.013	1	0.7794662678832542	gf_v2_104m_cls_pca50	per_subclass	Endothelial
H20.33.014	1	0.7646137675403342	gf_v2_104m_cls_pca50	per_subclass	Endothelial
H20.33.015	1	0.8637385185359225	gf_v2_104m_cls_pca50	per_subclass	Endothelial
H20.33.016	1	0.8240738727098851	gf_v2_104m_cls_pca50	per_subclass	Endothelial
H20.33.017	1	0.8598804907954939	gf_v2_104m_cls_pca50	per_subclass	Endothelial
H20.33.018	1	0.9004252103595487	gf_v2_104m_cls_pca50	per_subclass	Endothelial
H20.33.019	1	0.6902393355166246	gf_v2_104m_cls_pca50	per_subclass	Endothelial
H20.33.020	1	0.8915284079364498	gf_v2_104m_cls_pca50	per_subclass	Endothelial
H20.33.025	1	0.5997776906472498	gf_v2_104m_cls_pca50	per_subclass	Endothelial
H20.33.027	1	0.895806835816004	gf_v2_104m_cls_pca50	per_subclass	Endothelial
H20.33.028	1	0.9716193974102566	gf_v2_104m_cls_pca50	per_subclass	Endothelial
H20.33.030	1	0.7085120943581679	gf_v2_104m_cls_pca50	per_subclass	Endothelial
H20.33.032	1	0.32787114402654904	gf_v2_104m_cls_pca50	per_subclass	Endothelial
H20.33.033	1	0.975224616496529	gf_v2_104m_cls_pca50	per_subclass	Endothelial
H20.33.034	1	0.831317317085705	gf_v2_104m_cls_pca50	per_subclass	Endothelial
H20.33.035	0	0.41662195331183743	gf_v2_104m_cls_pca50	per_subclass	Endothelial
H20.33.036	1	0.9644625427514961	gf_v2_104m_cls_pca50	per_subclass	Endothelial
H20.33.037	1	0.9846634372367598	gf_v2_104m_cls_pca50	per_subclass	Endothelial
H20.33.038	1	0.9087367161604949	gf_v2_104m_cls_pca50	per_subclass	Endothelial
H20.33.039	1	0.4696110930336016	gf_v2_104m_cls_pca50	per_subclass	Endothelial
H20.33.040	1	0.5177145493730801	gf_v2_104m_cls_pca50	per_subclass	Endothelial
H20.33.041	1	0.7408830877679498	gf_v2_104m_cls_pca50	per_subclass	Endothelial
H20.33.043	1	0.6370042539905695	gf_v2_104m_cls_pca50	per_subclass	Endothelial
H20.33.044	0	0.6468599811578098	gf_v2_104m_cls_pca50	per_subclass	Endothelial
H20.33.045	1	0.9504461956721265	gf_v2_104m_cls_pca50	per_subclass	Endothelial
H20.33.046	1	0.9012741112475341	gf_v2_104m_cls_pca50	per_subclass	Endothelial
H21.33.001	0	0.7079399376907658	gf_v2_104m_cls_pca50	per_subclass	Endothelial
H21.33.002	1	0.7898473935742578	gf_v2_104m_cls_pca50	per_subclass	Endothelial
H21.33.003	0	0.8530611775832326	gf_v2_104m_cls_pca50	per_subclass	Endothelial
H21.33.004	0	0.6160117460309346	gf_v2_104m_cls_pca50	per_subclass	Endothelial
H21.33.005	1	0.8310900681402085	gf_v2_104m_cls_pca50	per_subclass	Endothelial
H21.33.007	1	0.8765492461609607	gf_v2_104m_cls_pca50	per_subclass	Endothelial
H21.33.009	1	0.274436847935852	gf_v2_104m_cls_pca50	per_subclass	Endothelial
H21.33.010	1	0.7617734809971697	gf_v2_104m_cls_pca50	per_subclass	Endothelial
H21.33.011	0	0.5116355679290454	gf_v2_104m_cls_pca50	per_subclass	Endothelial
H21.33.012	1	0.6687846303227638	gf_v2_104m_cls_pca50	per_subclass	Endothelial
H21.33.013	1	0.822131333352905	gf_v2_104m_cls_pca50	per_subclass	Endothelial
H21.33.015	0	0.6086032918501064	gf_v2_104m_cls_pca50	per_subclass	Endothelial
H21.33.017	1	0.40256407988738563	gf_v2_104m_cls_pca50	per_subclass	Endothelial
H21.33.018	0	0.8917113029449885	gf_v2_104m_cls_pca50	per_subclass	Endothelial
H21.33.019	0	0.7507786696617934	gf_v2_104m_cls_pca50	per_subclass	Endothelial
H21.33.020	1	0.9886651889338663	gf_v2_104m_cls_pca50	per_subclass	Endothelial
H21.33.021	1	0.6459217369811697	gf_v2_104m_cls_pca50	per_subclass	Endothelial
H21.33.022	1	0.8227243270161999	gf_v2_104m_cls_pca50	per_subclass	Endothelial
H21.33.023	0	0.753757535068791	gf_v2_104m_cls_pca50	per_subclass	Endothelial
H21.33.025	1	0.8342418420914204	gf_v2_104m_cls_pca50	per_subclass	Endothelial
H21.33.026	1	0.6687325895113899	gf_v2_104m_cls_pca50	per_subclass	Endothelial
H21.33.027	1	0.40912098144807774	gf_v2_104m_cls_pca50	per_subclass	Endothelial
H21.33.028	0	0.5613700080272818	gf_v2_104m_cls_pca50	per_subclass	Endothelial
H21.33.029	1	0.52979780068592	gf_v2_104m_cls_pca50	per_subclass	Endothelial
H21.33.030	1	0.6946327593190096	gf_v2_104m_cls_pca50	per_subclass	Endothelial
H21.33.031	1	0.3761545570034496	gf_v2_104m_cls_pca50	per_subclass	Endothelial
H21.33.032	0	0.4172321811827035	gf_v2_104m_cls_pca50	per_subclass	Endothelial
H21.33.033	1	0.9085211502671718	gf_v2_104m_cls_pca50	per_subclass	Endothelial
H21.33.034	1	0.982627989220268	gf_v2_104m_cls_pca50	per_subclass	Endothelial
H21.33.035	1	0.7962075497429553	gf_v2_104m_cls_pca50	per_subclass	Endothelial
H21.33.037	0	0.5242444859720232	gf_v2_104m_cls_pca50	per_subclass	Endothelial
H21.33.038	0	0.8187053621258972	gf_v2_104m_cls_pca50	per_subclass	Endothelial
H21.33.040	1	0.7316741065894906	gf_v2_104m_cls_pca50	per_subclass	Endothelial
H21.33.041	0	0.2974971439214562	gf_v2_104m_cls_pca50	per_subclass	Endothelial
H21.33.043	0	0.8193220384557538	gf_v2_104m_cls_pca50	per_subclass	Endothelial
H21.33.044	1	0.8206225876650622	gf_v2_104m_cls_pca50	per_subclass	Endothelial
H21.33.045	1	0.9424744243520777	gf_v2_104m_cls_pca50	per_subclass	Endothelial
H21.33.046	1	0.5655293869462346	gf_v2_104m_cls_pca50	per_subclass	Endothelial
H21.33.047	1	0.7057247333075896	gf_v2_104m_cls_pca50	per_subclass	Endothelial
H19.33.004	0	0.80796342651886	gf_v2_104m_cls_pca50	per_subclass	Immune
H20.33.001	0	0.44835394784554106	gf_v2_104m_cls_pca50	per_subclass	Immune
H20.33.002	0	0.583537446629719	gf_v2_104m_cls_pca50	per_subclass	Immune
H20.33.004	1	0.9701604414525807	gf_v2_104m_cls_pca50	per_subclass	Immune
H20.33.005	1	0.9203940984897259	gf_v2_104m_cls_pca50	per_subclass	Immune
H20.33.008	1	0.7529844016027718	gf_v2_104m_cls_pca50	per_subclass	Immune
H20.33.011	1	0.714409210917838	gf_v2_104m_cls_pca50	per_subclass	Immune
H20.33.012	0	0.8618580035987531	gf_v2_104m_cls_pca50	per_subclass	Immune
H20.33.013	1	0.6460708068149312	gf_v2_104m_cls_pca50	per_subclass	Immune
H20.33.014	1	0.5823718313150155	gf_v2_104m_cls_pca50	per_subclass	Immune
H20.33.015	1	0.8432484545601746	gf_v2_104m_cls_pca50	per_subclass	Immune
H20.33.016	1	0.8060157262663179	gf_v2_104m_cls_pca50	per_subclass	Immune
H20.33.017	1	0.7672115338546097	gf_v2_104m_cls_pca50	per_subclass	Immune
H20.33.018	1	0.9552221908737408	gf_v2_104m_cls_pca50	per_subclass	Immune
H20.33.019	1	0.8210009721570579	gf_v2_104m_cls_pca50	per_subclass	Immune
H20.33.020	1	0.9397384630789134	gf_v2_104m_cls_pca50	per_subclass	Immune
H20.33.024	1	0.10258897657203218	gf_v2_104m_cls_pca50	per_subclass	Immune
H20.33.025	1	0.47550499439731686	gf_v2_104m_cls_pca50	per_subclass	Immune
H20.33.026	1	0.8438086100101975	gf_v2_104m_cls_pca50	per_subclass	Immune
H20.33.027	1	0.9892716714377435	gf_v2_104m_cls_pca50	per_subclass	Immune
H20.33.028	1	0.991943359640546	gf_v2_104m_cls_pca50	per_subclass	Immune
H20.33.029	1	0.6877857837014119	gf_v2_104m_cls_pca50	per_subclass	Immune
H20.33.030	1	0.8828952708620379	gf_v2_104m_cls_pca50	per_subclass	Immune
H20.33.031	1	0.5655805640554311	gf_v2_104m_cls_pca50	per_subclass	Immune
H20.33.032	1	0.6201652266841986	gf_v2_104m_cls_pca50	per_subclass	Immune
H20.33.033	1	0.6037838738027075	gf_v2_104m_cls_pca50	per_subclass	Immune
H20.33.034	1	0.9622415695500262	gf_v2_104m_cls_pca50	per_subclass	Immune
H20.33.035	0	0.5267892682719456	gf_v2_104m_cls_pca50	per_subclass	Immune
H20.33.036	1	0.974502105361234	gf_v2_104m_cls_pca50	per_subclass	Immune
H20.33.037	1	0.9938340559135147	gf_v2_104m_cls_pca50	per_subclass	Immune
H20.33.038	1	0.9950170382463257	gf_v2_104m_cls_pca50	per_subclass	Immune
H20.33.039	1	0.7336439197074935	gf_v2_104m_cls_pca50	per_subclass	Immune
H20.33.040	1	0.9669560278412629	gf_v2_104m_cls_pca50	per_subclass	Immune
H20.33.041	1	0.7375440269080303	gf_v2_104m_cls_pca50	per_subclass	Immune
H20.33.043	1	0.30990104208571323	gf_v2_104m_cls_pca50	per_subclass	Immune
H20.33.044	0	0.5024354993694639	gf_v2_104m_cls_pca50	per_subclass	Immune
H20.33.045	1	0.9971988009387802	gf_v2_104m_cls_pca50	per_subclass	Immune
H20.33.046	1	0.9500697583324484	gf_v2_104m_cls_pca50	per_subclass	Immune
H21.33.001	0	0.785577389369662	gf_v2_104m_cls_pca50	per_subclass	Immune
H21.33.002	1	0.7301619990014767	gf_v2_104m_cls_pca50	per_subclass	Immune
H21.33.003	0	0.4691444558625781	gf_v2_104m_cls_pca50	per_subclass	Immune
H21.33.004	0	0.2274229370326441	gf_v2_104m_cls_pca50	per_subclass	Immune
H21.33.005	1	0.6935694299937166	gf_v2_104m_cls_pca50	per_subclass	Immune
H21.33.006	1	0.6325523720504399	gf_v2_104m_cls_pca50	per_subclass	Immune
H21.33.007	1	0.8785629087428862	gf_v2_104m_cls_pca50	per_subclass	Immune
H21.33.008	1	0.7669822989183004	gf_v2_104m_cls_pca50	per_subclass	Immune
H21.33.009	1	0.8714784639236448	gf_v2_104m_cls_pca50	per_subclass	Immune
H21.33.010	1	0.7155632460008133	gf_v2_104m_cls_pca50	per_subclass	Immune
H21.33.011	0	0.2679880489066321	gf_v2_104m_cls_pca50	per_subclass	Immune
H21.33.012	1	0.66543399260552	gf_v2_104m_cls_pca50	per_subclass	Immune
H21.33.013	1	0.8796212180585312	gf_v2_104m_cls_pca50	per_subclass	Immune
H21.33.014	1	0.9005481205574112	gf_v2_104m_cls_pca50	per_subclass	Immune
H21.33.015	0	0.6907673948070965	gf_v2_104m_cls_pca50	per_subclass	Immune
H21.33.016	0	0.17834989023534722	gf_v2_104m_cls_pca50	per_subclass	Immune
H21.33.017	1	0.9557609771874981	gf_v2_104m_cls_pca50	per_subclass	Immune
H21.33.018	0	0.8227192467652749	gf_v2_104m_cls_pca50	per_subclass	Immune
H21.33.019	0	0.551564857734405	gf_v2_104m_cls_pca50	per_subclass	Immune
H21.33.020	1	0.9857958400165858	gf_v2_104m_cls_pca50	per_subclass	Immune
H21.33.021	1	0.828137286780553	gf_v2_104m_cls_pca50	per_subclass	Immune
H21.33.022	1	0.5585930772672538	gf_v2_104m_cls_pca50	per_subclass	Immune
H21.33.023	0	0.9144914419080068	gf_v2_104m_cls_pca50	per_subclass	Immune
H21.33.025	1	0.6689074685723234	gf_v2_104m_cls_pca50	per_subclass	Immune
H21.33.026	1	0.734012398750212	gf_v2_104m_cls_pca50	per_subclass	Immune
H21.33.027	1	0.5482061845439893	gf_v2_104m_cls_pca50	per_subclass	Immune
H21.33.028	0	0.9189195813766649	gf_v2_104m_cls_pca50	per_subclass	Immune
H21.33.029	1	0.9018101903089104	gf_v2_104m_cls_pca50	per_subclass	Immune
H21.33.030	1	0.944695415010527	gf_v2_104m_cls_pca50	per_subclass	Immune
H21.33.031	1	0.8947530904674943	gf_v2_104m_cls_pca50	per_subclass	Immune
H21.33.032	0	0.8783714961269238	gf_v2_104m_cls_pca50	per_subclass	Immune
H21.33.033	1	0.9823006158305759	gf_v2_104m_cls_pca50	per_subclass	Immune
H21.33.034	1	0.9687371026713689	gf_v2_104m_cls_pca50	per_subclass	Immune
H21.33.035	1	0.9614267718646234	gf_v2_104m_cls_pca50	per_subclass	Immune
H21.33.036	1	0.5404444673347116	gf_v2_104m_cls_pca50	per_subclass	Immune
H21.33.037	0	0.7247244413698241	gf_v2_104m_cls_pca50	per_subclass	Immune
H21.33.038	0	0.9276398286294517	gf_v2_104m_cls_pca50	per_subclass	Immune
H21.33.039	1	0.8956292758043549	gf_v2_104m_cls_pca50	per_subclass	Immune
H21.33.040	1	0.9122480553113533	gf_v2_104m_cls_pca50	per_subclass	Immune
H21.33.041	0	0.5884248859196382	gf_v2_104m_cls_pca50	per_subclass	Immune
H21.33.042	1	0.06606129800958457	gf_v2_104m_cls_pca50	per_subclass	Immune
H21.33.043	0	0.4887003748805988	gf_v2_104m_cls_pca50	per_subclass	Immune
H21.33.044	1	0.9075991364789125	gf_v2_104m_cls_pca50	per_subclass	Immune
H21.33.045	1	0.9884959081501472	gf_v2_104m_cls_pca50	per_subclass	Immune
H21.33.046	1	0.9219188189763863	gf_v2_104m_cls_pca50	per_subclass	Immune
H21.33.047	1	0.8386243751682741	gf_v2_104m_cls_pca50	per_subclass	Immune
H19.33.004	0	0.9609762537104387	gf_v2_104m_cls_pca50	per_subclass	L2/3 IT
H20.33.001	0	0.5770189974950587	gf_v2_104m_cls_pca50	per_subclass	L2/3 IT
H20.33.002	0	0.895122450292235	gf_v2_104m_cls_pca50	per_subclass	L2/3 IT
H20.33.004	1	0.7607934697667336	gf_v2_104m_cls_pca50	per_subclass	L2/3 IT
H20.33.005	1	0.7111831110682305	gf_v2_104m_cls_pca50	per_subclass	L2/3 IT
H20.33.008	1	0.9714099053368652	gf_v2_104m_cls_pca50	per_subclass	L2/3 IT
H20.33.011	1	0.13527207699532298	gf_v2_104m_cls_pca50	per_subclass	L2/3 IT
H20.33.012	0	0.4528350125724727	gf_v2_104m_cls_pca50	per_subclass	L2/3 IT
H20.33.013	1	0.7455189532237612	gf_v2_104m_cls_pca50	per_subclass	L2/3 IT
H20.33.014	1	0.8678963769800754	gf_v2_104m_cls_pca50	per_subclass	L2/3 IT
H20.33.015	1	0.5982241733234266	gf_v2_104m_cls_pca50	per_subclass	L2/3 IT
H20.33.016	1	0.9650689493000619	gf_v2_104m_cls_pca50	per_subclass	L2/3 IT
H20.33.017	1	0.9047397669397743	gf_v2_104m_cls_pca50	per_subclass	L2/3 IT
H20.33.018	1	0.8168507682016637	gf_v2_104m_cls_pca50	per_subclass	L2/3 IT
H20.33.019	1	0.9492229811424917	gf_v2_104m_cls_pca50	per_subclass	L2/3 IT
H20.33.020	1	0.9698613041818753	gf_v2_104m_cls_pca50	per_subclass	L2/3 IT
H20.33.024	1	0.6428992291287781	gf_v2_104m_cls_pca50	per_subclass	L2/3 IT
H20.33.025	1	0.5588082758072934	gf_v2_104m_cls_pca50	per_subclass	L2/3 IT
H20.33.026	1	0.710964515418317	gf_v2_104m_cls_pca50	per_subclass	L2/3 IT
H20.33.027	1	0.9470584657625783	gf_v2_104m_cls_pca50	per_subclass	L2/3 IT
H20.33.028	1	0.9201121547841467	gf_v2_104m_cls_pca50	per_subclass	L2/3 IT
H20.33.029	1	0.6254261213599316	gf_v2_104m_cls_pca50	per_subclass	L2/3 IT
H20.33.030	1	0.7262518204017195	gf_v2_104m_cls_pca50	per_subclass	L2/3 IT
H20.33.031	1	0.5533955376165358	gf_v2_104m_cls_pca50	per_subclass	L2/3 IT
H20.33.032	1	0.47471039538712817	gf_v2_104m_cls_pca50	per_subclass	L2/3 IT
H20.33.033	1	0.9742991356819367	gf_v2_104m_cls_pca50	per_subclass	L2/3 IT
H20.33.034	1	0.8559219836342227	gf_v2_104m_cls_pca50	per_subclass	L2/3 IT
H20.33.035	0	0.7747807070993391	gf_v2_104m_cls_pca50	per_subclass	L2/3 IT
H20.33.036	1	0.9841813121848197	gf_v2_104m_cls_pca50	per_subclass	L2/3 IT
H20.33.037	1	0.9848348422249915	gf_v2_104m_cls_pca50	per_subclass	L2/3 IT
H20.33.038	1	0.9876119455919875	gf_v2_104m_cls_pca50	per_subclass	L2/3 IT
H20.33.039	1	0.2898716680290875	gf_v2_104m_cls_pca50	per_subclass	L2/3 IT
H20.33.040	1	0.795626466897055	gf_v2_104m_cls_pca50	per_subclass	L2/3 IT
H20.33.041	1	0.6583935765927889	gf_v2_104m_cls_pca50	per_subclass	L2/3 IT
H20.33.043	1	0.577973629287014	gf_v2_104m_cls_pca50	per_subclass	L2/3 IT
H20.33.044	0	0.5168934909557571	gf_v2_104m_cls_pca50	per_subclass	L2/3 IT
H20.33.045	1	0.9955903357804712	gf_v2_104m_cls_pca50	per_subclass	L2/3 IT
H20.33.046	1	0.9680696295951453	gf_v2_104m_cls_pca50	per_subclass	L2/3 IT
H21.33.001	0	0.4000161622423007	gf_v2_104m_cls_pca50	per_subclass	L2/3 IT
H21.33.002	1	0.8253953770527959	gf_v2_104m_cls_pca50	per_subclass	L2/3 IT
H21.33.003	0	0.9104376864909325	gf_v2_104m_cls_pca50	per_subclass	L2/3 IT
H21.33.004	0	0.29783493288152474	gf_v2_104m_cls_pca50	per_subclass	L2/3 IT
H21.33.005	1	0.9515943883893853	gf_v2_104m_cls_pca50	per_subclass	L2/3 IT
H21.33.006	1	0.32727071874155333	gf_v2_104m_cls_pca50	per_subclass	L2/3 IT
H21.33.007	1	0.6121148372167765	gf_v2_104m_cls_pca50	per_subclass	L2/3 IT
H21.33.008	1	0.9599805967696673	gf_v2_104m_cls_pca50	per_subclass	L2/3 IT
H21.33.009	1	0.9918646226629353	gf_v2_104m_cls_pca50	per_subclass	L2/3 IT
H21.33.010	1	0.9096369820769203	gf_v2_104m_cls_pca50	per_subclass	L2/3 IT
H21.33.011	0	0.23997725699707786	gf_v2_104m_cls_pca50	per_subclass	L2/3 IT
H21.33.012	1	0.7590930405537039	gf_v2_104m_cls_pca50	per_subclass	L2/3 IT
H21.33.013	1	0.9909086883943192	gf_v2_104m_cls_pca50	per_subclass	L2/3 IT
H21.33.014	1	0.6421516373371512	gf_v2_104m_cls_pca50	per_subclass	L2/3 IT
H21.33.015	0	0.6050030003355201	gf_v2_104m_cls_pca50	per_subclass	L2/3 IT
H21.33.016	0	0.7332672563963968	gf_v2_104m_cls_pca50	per_subclass	L2/3 IT
H21.33.017	1	0.8155447280460724	gf_v2_104m_cls_pca50	per_subclass	L2/3 IT
H21.33.018	0	0.5373399386690187	gf_v2_104m_cls_pca50	per_subclass	L2/3 IT
H21.33.019	0	0.37289423258913235	gf_v2_104m_cls_pca50	per_subclass	L2/3 IT
H21.33.020	1	0.9837686182670022	gf_v2_104m_cls_pca50	per_subclass	L2/3 IT
H21.33.021	1	0.9483899629543208	gf_v2_104m_cls_pca50	per_subclass	L2/3 IT
H21.33.022	1	0.9187082321797005	gf_v2_104m_cls_pca50	per_subclass	L2/3 IT
H21.33.023	0	0.5156948321339907	gf_v2_104m_cls_pca50	per_subclass	L2/3 IT
H21.33.025	1	0.7499077853261553	gf_v2_104m_cls_pca50	per_subclass	L2/3 IT
H21.33.026	1	0.9266237365114846	gf_v2_104m_cls_pca50	per_subclass	L2/3 IT
H21.33.027	1	0.528680655279594	gf_v2_104m_cls_pca50	per_subclass	L2/3 IT
H21.33.028	0	0.20967802408161376	gf_v2_104m_cls_pca50	per_subclass	L2/3 IT
H21.33.029	1	0.8220922082429457	gf_v2_104m_cls_pca50	per_subclass	L2/3 IT
H21.33.030	1	0.7692013174898833	gf_v2_104m_cls_pca50	per_subclass	L2/3 IT
H21.33.031	1	0.8219769379903641	gf_v2_104m_cls_pca50	per_subclass	L2/3 IT
H21.33.032	0	0.381976118154302	gf_v2_104m_cls_pca50	per_subclass	L2/3 IT
H21.33.033	1	0.9657319349373168	gf_v2_104m_cls_pca50	per_subclass	L2/3 IT
H21.33.034	1	0.9908491225457068	gf_v2_104m_cls_pca50	per_subclass	L2/3 IT
H21.33.035	1	0.8117492938966648	gf_v2_104m_cls_pca50	per_subclass	L2/3 IT
H21.33.036	1	0.6616660109610482	gf_v2_104m_cls_pca50	per_subclass	L2/3 IT
H21.33.037	0	0.6587091013960362	gf_v2_104m_cls_pca50	per_subclass	L2/3 IT
H21.33.038	0	0.8459494956081632	gf_v2_104m_cls_pca50	per_subclass	L2/3 IT
H21.33.039	1	0.9562213902999777	gf_v2_104m_cls_pca50	per_subclass	L2/3 IT
H21.33.040	1	0.7258502797702419	gf_v2_104m_cls_pca50	per_subclass	L2/3 IT
H21.33.041	0	0.8328792006035414	gf_v2_104m_cls_pca50	per_subclass	L2/3 IT
H21.33.042	1	0.7434307910021457	gf_v2_104m_cls_pca50	per_subclass	L2/3 IT
H21.33.043	0	0.9349786268984793	gf_v2_104m_cls_pca50	per_subclass	L2/3 IT
H21.33.044	1	0.9662431785958567	gf_v2_104m_cls_pca50	per_subclass	L2/3 IT
H21.33.045	1	0.9948690956859283	gf_v2_104m_cls_pca50	per_subclass	L2/3 IT
H21.33.046	1	0.8632179250533815	gf_v2_104m_cls_pca50	per_subclass	L2/3 IT
H21.33.047	1	0.7960534359420889	gf_v2_104m_cls_pca50	per_subclass	L2/3 IT
H19.33.004	0	0.9470862421197909	gf_v2_104m_cls_pca50	per_subclass	L4 IT
H20.33.001	0	0.5629361191227079	gf_v2_104m_cls_pca50	per_subclass	L4 IT
H20.33.002	0	0.841672187561791	gf_v2_104m_cls_pca50	per_subclass	L4 IT
H20.33.004	1	0.8421293105510598	gf_v2_104m_cls_pca50	per_subclass	L4 IT
H20.33.005	1	0.59401463691886	gf_v2_104m_cls_pca50	per_subclass	L4 IT
H20.33.008	1	0.9595105191899643	gf_v2_104m_cls_pca50	per_subclass	L4 IT
H20.33.011	1	0.7195034281886695	gf_v2_104m_cls_pca50	per_subclass	L4 IT
H20.33.012	0	0.8454230714879862	gf_v2_104m_cls_pca50	per_subclass	L4 IT
H20.33.013	1	0.6716584983037344	gf_v2_104m_cls_pca50	per_subclass	L4 IT
H20.33.014	1	0.3367066655258231	gf_v2_104m_cls_pca50	per_subclass	L4 IT
H20.33.015	1	0.7595965704128853	gf_v2_104m_cls_pca50	per_subclass	L4 IT
H20.33.016	1	0.9270596745079889	gf_v2_104m_cls_pca50	per_subclass	L4 IT
H20.33.017	1	0.9471037191609195	gf_v2_104m_cls_pca50	per_subclass	L4 IT
H20.33.018	1	0.7943894752422809	gf_v2_104m_cls_pca50	per_subclass	L4 IT
H20.33.019	1	0.9545301354629185	gf_v2_104m_cls_pca50	per_subclass	L4 IT
H20.33.020	1	0.9402086160819317	gf_v2_104m_cls_pca50	per_subclass	L4 IT
H20.33.024	1	0.962017675438538	gf_v2_104m_cls_pca50	per_subclass	L4 IT
H20.33.025	1	0.9265660316401793	gf_v2_104m_cls_pca50	per_subclass	L4 IT
H20.33.026	1	0.6587935040796109	gf_v2_104m_cls_pca50	per_subclass	L4 IT
H20.33.027	1	0.9916606641864757	gf_v2_104m_cls_pca50	per_subclass	L4 IT
H20.33.028	1	0.9484306821362102	gf_v2_104m_cls_pca50	per_subclass	L4 IT
H20.33.029	1	0.5960587984447044	gf_v2_104m_cls_pca50	per_subclass	L4 IT
H20.33.030	1	0.8193938367232265	gf_v2_104m_cls_pca50	per_subclass	L4 IT
H20.33.031	1	0.3021878166743577	gf_v2_104m_cls_pca50	per_subclass	L4 IT
H20.33.032	1	0.6675031905902843	gf_v2_104m_cls_pca50	per_subclass	L4 IT
H20.33.033	1	0.9621368448668793	gf_v2_104m_cls_pca50	per_subclass	L4 IT
H20.33.034	1	0.8868048719874428	gf_v2_104m_cls_pca50	per_subclass	L4 IT
H20.33.035	0	0.48741496574844606	gf_v2_104m_cls_pca50	per_subclass	L4 IT
H20.33.036	1	0.9912569845417337	gf_v2_104m_cls_pca50	per_subclass	L4 IT
H20.33.037	1	0.9854427177659069	gf_v2_104m_cls_pca50	per_subclass	L4 IT
H20.33.038	1	0.9453741517188063	gf_v2_104m_cls_pca50	per_subclass	L4 IT
H20.33.039	1	0.5564252108574725	gf_v2_104m_cls_pca50	per_subclass	L4 IT
H20.33.040	1	0.7520523468584484	gf_v2_104m_cls_pca50	per_subclass	L4 IT
H20.33.041	1	0.632105094866498	gf_v2_104m_cls_pca50	per_subclass	L4 IT
H20.33.043	1	0.7166084241669372	gf_v2_104m_cls_pca50	per_subclass	L4 IT
H20.33.044	0	0.7939846965690389	gf_v2_104m_cls_pca50	per_subclass	L4 IT
H20.33.045	1	0.9983076879518148	gf_v2_104m_cls_pca50	per_subclass	L4 IT
H20.33.046	1	0.977953239492912	gf_v2_104m_cls_pca50	per_subclass	L4 IT
H21.33.001	0	0.7436350878681368	gf_v2_104m_cls_pca50	per_subclass	L4 IT
H21.33.002	1	0.7964552932494203	gf_v2_104m_cls_pca50	per_subclass	L4 IT
H21.33.003	0	0.5068558338251465	gf_v2_104m_cls_pca50	per_subclass	L4 IT
H21.33.004	0	0.4589299746179509	gf_v2_104m_cls_pca50	per_subclass	L4 IT
H21.33.005	1	0.9160107154483021	gf_v2_104m_cls_pca50	per_subclass	L4 IT
H21.33.006	1	0.5341750527927397	gf_v2_104m_cls_pca50	per_subclass	L4 IT
H21.33.007	1	0.6292195953072452	gf_v2_104m_cls_pca50	per_subclass	L4 IT
H21.33.008	1	0.9638717563894019	gf_v2_104m_cls_pca50	per_subclass	L4 IT
H21.33.009	1	0.9952763544088714	gf_v2_104m_cls_pca50	per_subclass	L4 IT
H21.33.010	1	0.9524804195282265	gf_v2_104m_cls_pca50	per_subclass	L4 IT
H21.33.011	0	0.09385635501373055	gf_v2_104m_cls_pca50	per_subclass	L4 IT
H21.33.012	1	0.5406481136949066	gf_v2_104m_cls_pca50	per_subclass	L4 IT
H21.33.013	1	0.9837317814645076	gf_v2_104m_cls_pca50	per_subclass	L4 IT
H21.33.014	1	0.9709349513000737	gf_v2_104m_cls_pca50	per_subclass	L4 IT
H21.33.015	0	0.6356457248972026	gf_v2_104m_cls_pca50	per_subclass	L4 IT
H21.33.016	0	0.6170059415977548	gf_v2_104m_cls_pca50	per_subclass	L4 IT
H21.33.017	1	0.7172286536797954	gf_v2_104m_cls_pca50	per_subclass	L4 IT
H21.33.018	0	0.660097841163462	gf_v2_104m_cls_pca50	per_subclass	L4 IT
H21.33.019	0	0.5386134745493283	gf_v2_104m_cls_pca50	per_subclass	L4 IT
H21.33.020	1	0.9365388738982056	gf_v2_104m_cls_pca50	per_subclass	L4 IT
H21.33.021	1	0.9059157814765009	gf_v2_104m_cls_pca50	per_subclass	L4 IT
H21.33.022	1	0.6363524955560746	gf_v2_104m_cls_pca50	per_subclass	L4 IT
H21.33.023	0	0.09223365685989285	gf_v2_104m_cls_pca50	per_subclass	L4 IT
H21.33.025	1	0.5565469402493574	gf_v2_104m_cls_pca50	per_subclass	L4 IT
H21.33.026	1	0.6035804519475171	gf_v2_104m_cls_pca50	per_subclass	L4 IT
H21.33.027	1	0.2535895885840701	gf_v2_104m_cls_pca50	per_subclass	L4 IT
H21.33.028	0	0.8737171766088361	gf_v2_104m_cls_pca50	per_subclass	L4 IT
H21.33.029	1	0.803515408394728	gf_v2_104m_cls_pca50	per_subclass	L4 IT
H21.33.030	1	0.9061064125429349	gf_v2_104m_cls_pca50	per_subclass	L4 IT
H21.33.031	1	0.8716666812706176	gf_v2_104m_cls_pca50	per_subclass	L4 IT
H21.33.032	0	0.35833955411338125	gf_v2_104m_cls_pca50	per_subclass	L4 IT
H21.33.033	1	0.9568003829642484	gf_v2_104m_cls_pca50	per_subclass	L4 IT
H21.33.034	1	0.969930343879329	gf_v2_104m_cls_pca50	per_subclass	L4 IT
H21.33.035	1	0.6937478019845301	gf_v2_104m_cls_pca50	per_subclass	L4 IT
H21.33.036	1	0.7107946725212917	gf_v2_104m_cls_pca50	per_subclass	L4 IT
H21.33.037	0	0.6956625187972454	gf_v2_104m_cls_pca50	per_subclass	L4 IT
H21.33.038	0	0.8187465833150729	gf_v2_104m_cls_pca50	per_subclass	L4 IT
H21.33.039	1	0.9091744463310836	gf_v2_104m_cls_pca50	per_subclass	L4 IT
H21.33.040	1	0.926160466019757	gf_v2_104m_cls_pca50	per_subclass	L4 IT
H21.33.041	0	0.601607685627633	gf_v2_104m_cls_pca50	per_subclass	L4 IT
H21.33.042	1	0.5289393376491246	gf_v2_104m_cls_pca50	per_subclass	L4 IT
H21.33.043	0	0.904858508118686	gf_v2_104m_cls_pca50	per_subclass	L4 IT
H21.33.044	1	0.875219029411497	gf_v2_104m_cls_pca50	per_subclass	L4 IT
H21.33.045	1	0.998144957189151	gf_v2_104m_cls_pca50	per_subclass	L4 IT
H21.33.046	1	0.9023037999428997	gf_v2_104m_cls_pca50	per_subclass	L4 IT
H21.33.047	1	0.9051623805035929	gf_v2_104m_cls_pca50	per_subclass	L4 IT
H19.33.004	0	0.8085720652494015	gf_v2_104m_cls_pca50	per_subclass	L5 ET
H20.33.001	0	0.32840512716571435	gf_v2_104m_cls_pca50	per_subclass	L5 ET
H20.33.002	0	0.6064893300382261	gf_v2_104m_cls_pca50	per_subclass	L5 ET
H20.33.004	1	0.8150587314746163	gf_v2_104m_cls_pca50	per_subclass	L5 ET
H20.33.005	1	0.7025215248028225	gf_v2_104m_cls_pca50	per_subclass	L5 ET
H20.33.008	1	0.9867786513271881	gf_v2_104m_cls_pca50	per_subclass	L5 ET
H20.33.011	1	0.5929162571206137	gf_v2_104m_cls_pca50	per_subclass	L5 ET
H20.33.012	0	0.5397107394150544	gf_v2_104m_cls_pca50	per_subclass	L5 ET
H20.33.013	1	0.22089480908817238	gf_v2_104m_cls_pca50	per_subclass	L5 ET
H20.33.014	1	0.8505559255437671	gf_v2_104m_cls_pca50	per_subclass	L5 ET
H20.33.015	1	0.9255578412074235	gf_v2_104m_cls_pca50	per_subclass	L5 ET
H20.33.016	1	0.32954394909367307	gf_v2_104m_cls_pca50	per_subclass	L5 ET
H20.33.017	1	0.957895400339018	gf_v2_104m_cls_pca50	per_subclass	L5 ET
H20.33.018	1	0.956319973504109	gf_v2_104m_cls_pca50	per_subclass	L5 ET
H20.33.019	1	0.7145435452731264	gf_v2_104m_cls_pca50	per_subclass	L5 ET
H20.33.020	1	0.89536948984675	gf_v2_104m_cls_pca50	per_subclass	L5 ET
H20.33.024	1	0.9242592072639072	gf_v2_104m_cls_pca50	per_subclass	L5 ET
H20.33.025	1	0.9581049616500351	gf_v2_104m_cls_pca50	per_subclass	L5 ET
H20.33.026	1	0.7634611308469722	gf_v2_104m_cls_pca50	per_subclass	L5 ET
H20.33.027	1	0.9910677465108153	gf_v2_104m_cls_pca50	per_subclass	L5 ET
H20.33.028	1	0.9989946887528947	gf_v2_104m_cls_pca50	per_subclass	L5 ET
H20.33.029	1	0.45862048582125564	gf_v2_104m_cls_pca50	per_subclass	L5 ET
H20.33.030	1	0.9015670744166803	gf_v2_104m_cls_pca50	per_subclass	L5 ET
H20.33.031	1	0.8117501415498787	gf_v2_104m_cls_pca50	per_subclass	L5 ET
H20.33.032	1	0.8861644336687705	gf_v2_104m_cls_pca50	per_subclass	L5 ET
H20.33.034	1	0.8300122609638615	gf_v2_104m_cls_pca50	per_subclass	L5 ET
H20.33.035	0	0.5132762857656739	gf_v2_104m_cls_pca50	per_subclass	L5 ET
H20.33.039	1	0.45442366961907715	gf_v2_104m_cls_pca50	per_subclass	L5 ET
H20.33.040	1	0.5248115151375787	gf_v2_104m_cls_pca50	per_subclass	L5 ET
H20.33.041	1	0.9119015006422652	gf_v2_104m_cls_pca50	per_subclass	L5 ET
H20.33.043	1	0.46716507780313143	gf_v2_104m_cls_pca50	per_subclass	L5 ET
H20.33.044	0	0.5785845106433583	gf_v2_104m_cls_pca50	per_subclass	L5 ET
H20.33.046	1	0.9758511730939151	gf_v2_104m_cls_pca50	per_subclass	L5 ET
H21.33.001	0	0.9626407826312884	gf_v2_104m_cls_pca50	per_subclass	L5 ET
H21.33.002	1	0.7672296349912017	gf_v2_104m_cls_pca50	per_subclass	L5 ET
H21.33.003	0	0.540650248607965	gf_v2_104m_cls_pca50	per_subclass	L5 ET
H21.33.004	0	0.31302766708114255	gf_v2_104m_cls_pca50	per_subclass	L5 ET
H21.33.005	1	0.9152714294111854	gf_v2_104m_cls_pca50	per_subclass	L5 ET
H21.33.006	1	0.6876856086328106	gf_v2_104m_cls_pca50	per_subclass	L5 ET
H21.33.007	1	0.9207760644238933	gf_v2_104m_cls_pca50	per_subclass	L5 ET
H21.33.010	1	0.9757644198883579	gf_v2_104m_cls_pca50	per_subclass	L5 ET
H21.33.011	0	0.213664195323436	gf_v2_104m_cls_pca50	per_subclass	L5 ET
H21.33.012	1	0.8789089196909702	gf_v2_104m_cls_pca50	per_subclass	L5 ET
H21.33.013	1	0.9612651697311069	gf_v2_104m_cls_pca50	per_subclass	L5 ET
H21.33.014	1	0.9163831733049645	gf_v2_104m_cls_pca50	per_subclass	L5 ET
H21.33.015	0	0.37721615921783935	gf_v2_104m_cls_pca50	per_subclass	L5 ET
H21.33.016	0	0.036254410473283705	gf_v2_104m_cls_pca50	per_subclass	L5 ET
H21.33.017	1	0.9492139093106597	gf_v2_104m_cls_pca50	per_subclass	L5 ET
H21.33.018	0	0.9196003750508014	gf_v2_104m_cls_pca50	per_subclass	L5 ET
H21.33.019	0	0.25314085443268436	gf_v2_104m_cls_pca50	per_subclass	L5 ET
H21.33.022	1	0.7724711816018424	gf_v2_104m_cls_pca50	per_subclass	L5 ET
H21.33.023	0	0.7081235408231611	gf_v2_104m_cls_pca50	per_subclass	L5 ET
H21.33.025	1	0.7773417394072041	gf_v2_104m_cls_pca50	per_subclass	L5 ET
H21.33.027	1	0.23217882158225733	gf_v2_104m_cls_pca50	per_subclass	L5 ET
H21.33.028	0	0.35443606606823935	gf_v2_104m_cls_pca50	per_subclass	L5 ET
H21.33.029	1	0.7041084774164503	gf_v2_104m_cls_pca50	per_subclass	L5 ET
H21.33.030	1	0.8419589886331644	gf_v2_104m_cls_pca50	per_subclass	L5 ET
H21.33.031	1	0.9610162750568959	gf_v2_104m_cls_pca50	per_subclass	L5 ET
H21.33.032	0	0.3782590002800334	gf_v2_104m_cls_pca50	per_subclass	L5 ET
H21.33.033	1	0.992364621083075	gf_v2_104m_cls_pca50	per_subclass	L5 ET
H21.33.035	1	0.8028951852017947	gf_v2_104m_cls_pca50	per_subclass	L5 ET
H21.33.036	1	0.7657241943562625	gf_v2_104m_cls_pca50	per_subclass	L5 ET
H21.33.038	0	0.7431882378474465	gf_v2_104m_cls_pca50	per_subclass	L5 ET
H21.33.039	1	0.9887467955468153	gf_v2_104m_cls_pca50	per_subclass	L5 ET
H21.33.040	1	0.850570061721242	gf_v2_104m_cls_pca50	per_subclass	L5 ET
H21.33.041	0	0.8833372514039602	gf_v2_104m_cls_pca50	per_subclass	L5 ET
H21.33.042	1	0.19414001776241221	gf_v2_104m_cls_pca50	per_subclass	L5 ET
H21.33.043	0	0.9266260457608843	gf_v2_104m_cls_pca50	per_subclass	L5 ET
H21.33.044	1	0.9993204374219425	gf_v2_104m_cls_pca50	per_subclass	L5 ET
H21.33.046	1	0.9971482153075341	gf_v2_104m_cls_pca50	per_subclass	L5 ET
H19.33.004	0	0.9439147680525	gf_v2_104m_cls_pca50	per_subclass	L5 IT
H20.33.001	0	0.7386561659359192	gf_v2_104m_cls_pca50	per_subclass	L5 IT
H20.33.002	0	0.9429647407237477	gf_v2_104m_cls_pca50	per_subclass	L5 IT
H20.33.004	1	0.7245156064549405	gf_v2_104m_cls_pca50	per_subclass	L5 IT
H20.33.005	1	0.7225891046471714	gf_v2_104m_cls_pca50	per_subclass	L5 IT
H20.33.008	1	0.9590691987272839	gf_v2_104m_cls_pca50	per_subclass	L5 IT
H20.33.011	1	0.6331416099660947	gf_v2_104m_cls_pca50	per_subclass	L5 IT
H20.33.012	0	0.6115497423880795	gf_v2_104m_cls_pca50	per_subclass	L5 IT
H20.33.013	1	0.5278183993892854	gf_v2_104m_cls_pca50	per_subclass	L5 IT
H20.33.014	1	0.5851943803625183	gf_v2_104m_cls_pca50	per_subclass	L5 IT
H20.33.015	1	0.6999861567225321	gf_v2_104m_cls_pca50	per_subclass	L5 IT
H20.33.016	1	0.6908462468260043	gf_v2_104m_cls_pca50	per_subclass	L5 IT
H20.33.017	1	0.87183876589547	gf_v2_104m_cls_pca50	per_subclass	L5 IT
H20.33.018	1	0.9157274962973746	gf_v2_104m_cls_pca50	per_subclass	L5 IT
H20.33.019	1	0.835744105010002	gf_v2_104m_cls_pca50	per_subclass	L5 IT
H20.33.020	1	0.9581273739531163	gf_v2_104m_cls_pca50	per_subclass	L5 IT
H20.33.024	1	0.7131775213199001	gf_v2_104m_cls_pca50	per_subclass	L5 IT
H20.33.025	1	0.6991256118117642	gf_v2_104m_cls_pca50	per_subclass	L5 IT
H20.33.026	1	0.8287212248711473	gf_v2_104m_cls_pca50	per_subclass	L5 IT
H20.33.027	1	0.9757238334105164	gf_v2_104m_cls_pca50	per_subclass	L5 IT
H20.33.028	1	0.9367031422397206	gf_v2_104m_cls_pca50	per_subclass	L5 IT
H20.33.029	1	0.8330396491470241	gf_v2_104m_cls_pca50	per_subclass	L5 IT
H20.33.030	1	0.8364186199647332	gf_v2_104m_cls_pca50	per_subclass	L5 IT
H20.33.031	1	0.5866978619433715	gf_v2_104m_cls_pca50	per_subclass	L5 IT
H20.33.032	1	0.7166052407234011	gf_v2_104m_cls_pca50	per_subclass	L5 IT
H20.33.033	1	0.8706247428237119	gf_v2_104m_cls_pca50	per_subclass	L5 IT
H20.33.034	1	0.7130370397563155	gf_v2_104m_cls_pca50	per_subclass	L5 IT
H20.33.035	0	0.7216154943517112	gf_v2_104m_cls_pca50	per_subclass	L5 IT
H20.33.036	1	0.9798883786936834	gf_v2_104m_cls_pca50	per_subclass	L5 IT
H20.33.037	1	0.9731829173937546	gf_v2_104m_cls_pca50	per_subclass	L5 IT
H20.33.038	1	0.9545632894269191	gf_v2_104m_cls_pca50	per_subclass	L5 IT
H20.33.039	1	0.27275056514498996	gf_v2_104m_cls_pca50	per_subclass	L5 IT
H20.33.040	1	0.4211951258568224	gf_v2_104m_cls_pca50	per_subclass	L5 IT
H20.33.041	1	0.4226868504035819	gf_v2_104m_cls_pca50	per_subclass	L5 IT
H20.33.043	1	0.2493274225440044	gf_v2_104m_cls_pca50	per_subclass	L5 IT
H20.33.044	0	0.42176830285604544	gf_v2_104m_cls_pca50	per_subclass	L5 IT
H20.33.045	1	0.98445283962846	gf_v2_104m_cls_pca50	per_subclass	L5 IT
H20.33.046	1	0.9075976734889091	gf_v2_104m_cls_pca50	per_subclass	L5 IT
H21.33.001	0	0.9114582732843534	gf_v2_104m_cls_pca50	per_subclass	L5 IT
H21.33.002	1	0.9424493660343876	gf_v2_104m_cls_pca50	per_subclass	L5 IT
H21.33.003	0	0.9552209163671801	gf_v2_104m_cls_pca50	per_subclass	L5 IT
H21.33.004	0	0.3125307369949929	gf_v2_104m_cls_pca50	per_subclass	L5 IT
H21.33.005	1	0.8524814626690059	gf_v2_104m_cls_pca50	per_subclass	L5 IT
H21.33.006	1	0.6684316224371966	gf_v2_104m_cls_pca50	per_subclass	L5 IT
H21.33.007	1	0.5881834659364334	gf_v2_104m_cls_pca50	per_subclass	L5 IT
H21.33.008	1	0.9714985661865285	gf_v2_104m_cls_pca50	per_subclass	L5 IT
H21.33.009	1	0.9723307533588249	gf_v2_104m_cls_pca50	per_subclass	L5 IT
H21.33.010	1	0.8945258487032731	gf_v2_104m_cls_pca50	per_subclass	L5 IT
H21.33.011	0	0.1388656269429666	gf_v2_104m_cls_pca50	per_subclass	L5 IT
H21.33.012	1	0.7627065769427795	gf_v2_104m_cls_pca50	per_subclass	L5 IT
H21.33.013	1	0.9302239601276152	gf_v2_104m_cls_pca50	per_subclass	L5 IT
H21.33.014	1	0.8672524535565277	gf_v2_104m_cls_pca50	per_subclass	L5 IT
H21.33.015	0	0.6055818328321567	gf_v2_104m_cls_pca50	per_subclass	L5 IT
H21.33.016	0	0.5015083000398338	gf_v2_104m_cls_pca50	per_subclass	L5 IT
H21.33.017	1	0.801094290009645	gf_v2_104m_cls_pca50	per_subclass	L5 IT
H21.33.018	0	0.5765587961751828	gf_v2_104m_cls_pca50	per_subclass	L5 IT
H21.33.019	0	0.8587829059028026	gf_v2_104m_cls_pca50	per_subclass	L5 IT
H21.33.020	1	0.670835480178369	gf_v2_104m_cls_pca50	per_subclass	L5 IT
H21.33.021	1	0.9237335705513132	gf_v2_104m_cls_pca50	per_subclass	L5 IT
H21.33.022	1	0.7121289100697297	gf_v2_104m_cls_pca50	per_subclass	L5 IT
H21.33.023	0	0.5589823528617953	gf_v2_104m_cls_pca50	per_subclass	L5 IT
H21.33.025	1	0.7005387871583547	gf_v2_104m_cls_pca50	per_subclass	L5 IT
H21.33.026	1	0.8564910608536985	gf_v2_104m_cls_pca50	per_subclass	L5 IT
H21.33.027	1	0.7132152021119689	gf_v2_104m_cls_pca50	per_subclass	L5 IT
H21.33.028	0	0.6271352004718783	gf_v2_104m_cls_pca50	per_subclass	L5 IT
H21.33.029	1	0.5420294513781175	gf_v2_104m_cls_pca50	per_subclass	L5 IT
H21.33.030	1	0.7636471102366376	gf_v2_104m_cls_pca50	per_subclass	L5 IT
H21.33.031	1	0.8896180128420452	gf_v2_104m_cls_pca50	per_subclass	L5 IT
H21.33.032	0	0.5581061120212668	gf_v2_104m_cls_pca50	per_subclass	L5 IT
H21.33.033	1	0.9813176023754739	gf_v2_104m_cls_pca50	per_subclass	L5 IT
H21.33.034	1	0.9292328973188108	gf_v2_104m_cls_pca50	per_subclass	L5 IT
H21.33.035	1	0.9081307447661364	gf_v2_104m_cls_pca50	per_subclass	L5 IT
H21.33.036	1	0.7159055356619706	gf_v2_104m_cls_pca50	per_subclass	L5 IT
H21.33.037	0	0.5524103732050294	gf_v2_104m_cls_pca50	per_subclass	L5 IT
H21.33.038	0	0.891169854758553	gf_v2_104m_cls_pca50	per_subclass	L5 IT
H21.33.039	1	0.902589988510228	gf_v2_104m_cls_pca50	per_subclass	L5 IT
H21.33.040	1	0.9294713701054101	gf_v2_104m_cls_pca50	per_subclass	L5 IT
H21.33.041	0	0.5237551658152614	gf_v2_104m_cls_pca50	per_subclass	L5 IT
H21.33.042	1	0.5011469376695702	gf_v2_104m_cls_pca50	per_subclass	L5 IT
H21.33.043	0	0.9660451853328087	gf_v2_104m_cls_pca50	per_subclass	L5 IT
H21.33.044	1	0.8789514110483184	gf_v2_104m_cls_pca50	per_subclass	L5 IT
H21.33.045	1	0.9817604081084037	gf_v2_104m_cls_pca50	per_subclass	L5 IT
H21.33.046	1	0.9001358107798365	gf_v2_104m_cls_pca50	per_subclass	L5 IT
H21.33.047	1	0.8754017639516156	gf_v2_104m_cls_pca50	per_subclass	L5 IT
H19.33.004	0	0.8845519492594965	gf_v2_104m_cls_pca50	per_subclass	L5/6 NP
H20.33.001	0	0.8629390913401623	gf_v2_104m_cls_pca50	per_subclass	L5/6 NP
H20.33.002	0	0.9349184112507147	gf_v2_104m_cls_pca50	per_subclass	L5/6 NP
H20.33.004	1	0.9876478725827477	gf_v2_104m_cls_pca50	per_subclass	L5/6 NP
H20.33.005	1	0.7544037445161946	gf_v2_104m_cls_pca50	per_subclass	L5/6 NP
H20.33.008	1	0.9933566711128853	gf_v2_104m_cls_pca50	per_subclass	L5/6 NP
H20.33.011	1	0.31151944748395005	gf_v2_104m_cls_pca50	per_subclass	L5/6 NP
H20.33.012	0	0.6345232436551265	gf_v2_104m_cls_pca50	per_subclass	L5/6 NP
H20.33.013	1	0.8405850453641946	gf_v2_104m_cls_pca50	per_subclass	L5/6 NP
H20.33.014	1	0.8433938286090601	gf_v2_104m_cls_pca50	per_subclass	L5/6 NP
H20.33.015	1	0.9597312760663487	gf_v2_104m_cls_pca50	per_subclass	L5/6 NP
H20.33.016	1	0.9251161911713244	gf_v2_104m_cls_pca50	per_subclass	L5/6 NP
H20.33.017	1	0.9503700868312844	gf_v2_104m_cls_pca50	per_subclass	L5/6 NP
H20.33.018	1	0.9526387281214721	gf_v2_104m_cls_pca50	per_subclass	L5/6 NP
H20.33.019	1	0.8432407654384155	gf_v2_104m_cls_pca50	per_subclass	L5/6 NP
H20.33.020	1	0.9613192008888696	gf_v2_104m_cls_pca50	per_subclass	L5/6 NP
H20.33.024	1	0.9054402706443515	gf_v2_104m_cls_pca50	per_subclass	L5/6 NP
H20.33.025	1	0.7302340240267493	gf_v2_104m_cls_pca50	per_subclass	L5/6 NP
H20.33.026	1	0.7716215596454301	gf_v2_104m_cls_pca50	per_subclass	L5/6 NP
H20.33.027	1	0.9932235208594049	gf_v2_104m_cls_pca50	per_subclass	L5/6 NP
H20.33.028	1	0.7848598678362336	gf_v2_104m_cls_pca50	per_subclass	L5/6 NP
H20.33.029	1	0.4196556441832648	gf_v2_104m_cls_pca50	per_subclass	L5/6 NP
H20.33.030	1	0.929543925827266	gf_v2_104m_cls_pca50	per_subclass	L5/6 NP
H20.33.031	1	0.5034446485917736	gf_v2_104m_cls_pca50	per_subclass	L5/6 NP
H20.33.032	1	0.2437264108866275	gf_v2_104m_cls_pca50	per_subclass	L5/6 NP
H20.33.033	1	0.7857244011182295	gf_v2_104m_cls_pca50	per_subclass	L5/6 NP
H20.33.034	1	0.8690533716728002	gf_v2_104m_cls_pca50	per_subclass	L5/6 NP
H20.33.035	0	0.20207117967834448	gf_v2_104m_cls_pca50	per_subclass	L5/6 NP
H20.33.036	1	0.9706895950672847	gf_v2_104m_cls_pca50	per_subclass	L5/6 NP
H20.33.037	1	0.9801811990845593	gf_v2_104m_cls_pca50	per_subclass	L5/6 NP
H20.33.039	1	0.33808811006928685	gf_v2_104m_cls_pca50	per_subclass	L5/6 NP
H20.33.040	1	0.6951645102045567	gf_v2_104m_cls_pca50	per_subclass	L5/6 NP
H20.33.041	1	0.8568946609251725	gf_v2_104m_cls_pca50	per_subclass	L5/6 NP
H20.33.043	1	0.7497167134721228	gf_v2_104m_cls_pca50	per_subclass	L5/6 NP
H20.33.044	0	0.9563911075145798	gf_v2_104m_cls_pca50	per_subclass	L5/6 NP
H20.33.045	1	0.9893211239218266	gf_v2_104m_cls_pca50	per_subclass	L5/6 NP
H20.33.046	1	0.9447967216984047	gf_v2_104m_cls_pca50	per_subclass	L5/6 NP
H21.33.001	0	0.9050952037135449	gf_v2_104m_cls_pca50	per_subclass	L5/6 NP
H21.33.002	1	0.9750584021928537	gf_v2_104m_cls_pca50	per_subclass	L5/6 NP
H21.33.003	0	0.36070636073609663	gf_v2_104m_cls_pca50	per_subclass	L5/6 NP
H21.33.004	0	0.21440175538949102	gf_v2_104m_cls_pca50	per_subclass	L5/6 NP
H21.33.005	1	0.7675776803057595	gf_v2_104m_cls_pca50	per_subclass	L5/6 NP
H21.33.006	1	0.802841261008662	gf_v2_104m_cls_pca50	per_subclass	L5/6 NP
H21.33.007	1	0.8425950981680008	gf_v2_104m_cls_pca50	per_subclass	L5/6 NP
H21.33.008	1	0.9702952235747583	gf_v2_104m_cls_pca50	per_subclass	L5/6 NP
H21.33.009	1	0.9760933841800445	gf_v2_104m_cls_pca50	per_subclass	L5/6 NP
H21.33.010	1	0.8981910887862691	gf_v2_104m_cls_pca50	per_subclass	L5/6 NP
H21.33.011	0	0.14335744002070522	gf_v2_104m_cls_pca50	per_subclass	L5/6 NP
H21.33.012	1	0.8399237592410221	gf_v2_104m_cls_pca50	per_subclass	L5/6 NP
H21.33.013	1	0.9650342657944305	gf_v2_104m_cls_pca50	per_subclass	L5/6 NP
H21.33.014	1	0.8366998342125654	gf_v2_104m_cls_pca50	per_subclass	L5/6 NP
H21.33.015	0	0.6441340082599607	gf_v2_104m_cls_pca50	per_subclass	L5/6 NP
H21.33.016	0	0.5572815941396321	gf_v2_104m_cls_pca50	per_subclass	L5/6 NP
H21.33.017	1	0.6375608295201687	gf_v2_104m_cls_pca50	per_subclass	L5/6 NP
H21.33.018	0	0.6426364963258857	gf_v2_104m_cls_pca50	per_subclass	L5/6 NP
H21.33.019	0	0.408830130099841	gf_v2_104m_cls_pca50	per_subclass	L5/6 NP
H21.33.021	1	0.9301317125584582	gf_v2_104m_cls_pca50	per_subclass	L5/6 NP
H21.33.022	1	0.9186145362242671	gf_v2_104m_cls_pca50	per_subclass	L5/6 NP
H21.33.023	0	0.6483143874141526	gf_v2_104m_cls_pca50	per_subclass	L5/6 NP
H21.33.025	1	0.6401777355172156	gf_v2_104m_cls_pca50	per_subclass	L5/6 NP
H21.33.026	1	0.7483725245767385	gf_v2_104m_cls_pca50	per_subclass	L5/6 NP
H21.33.027	1	0.658429423924583	gf_v2_104m_cls_pca50	per_subclass	L5/6 NP
H21.33.028	0	0.7937982563286912	gf_v2_104m_cls_pca50	per_subclass	L5/6 NP
H21.33.029	1	0.9197343931123212	gf_v2_104m_cls_pca50	per_subclass	L5/6 NP
H21.33.030	1	0.7384122867781421	gf_v2_104m_cls_pca50	per_subclass	L5/6 NP
H21.33.031	1	0.791337239123095	gf_v2_104m_cls_pca50	per_subclass	L5/6 NP
H21.33.032	0	0.2922501938250027	gf_v2_104m_cls_pca50	per_subclass	L5/6 NP
H21.33.033	1	0.9792458261789634	gf_v2_104m_cls_pca50	per_subclass	L5/6 NP
H21.33.034	1	0.9553689829788976	gf_v2_104m_cls_pca50	per_subclass	L5/6 NP
H21.33.035	1	0.807014033273456	gf_v2_104m_cls_pca50	per_subclass	L5/6 NP
H21.33.036	1	0.8665923419689776	gf_v2_104m_cls_pca50	per_subclass	L5/6 NP
H21.33.037	0	0.13917189250701292	gf_v2_104m_cls_pca50	per_subclass	L5/6 NP
H21.33.038	0	0.8331131085909076	gf_v2_104m_cls_pca50	per_subclass	L5/6 NP
H21.33.039	1	0.886308421357843	gf_v2_104m_cls_pca50	per_subclass	L5/6 NP
H21.33.040	1	0.7146974679360237	gf_v2_104m_cls_pca50	per_subclass	L5/6 NP
H21.33.041	0	0.5836729470304451	gf_v2_104m_cls_pca50	per_subclass	L5/6 NP
H21.33.042	1	0.6657684263782027	gf_v2_104m_cls_pca50	per_subclass	L5/6 NP
H21.33.043	0	0.9418655412883543	gf_v2_104m_cls_pca50	per_subclass	L5/6 NP
H21.33.044	1	0.9466048791962882	gf_v2_104m_cls_pca50	per_subclass	L5/6 NP
H21.33.045	1	0.9840962610887892	gf_v2_104m_cls_pca50	per_subclass	L5/6 NP
H21.33.046	1	0.8381587443739414	gf_v2_104m_cls_pca50	per_subclass	L5/6 NP
H21.33.047	1	0.4201895854660315	gf_v2_104m_cls_pca50	per_subclass	L5/6 NP
H19.33.004	0	0.9839397067329274	gf_v2_104m_cls_pca50	per_subclass	L6 CT
H20.33.001	0	0.7542136804966985	gf_v2_104m_cls_pca50	per_subclass	L6 CT
H20.33.002	0	0.8944743918037599	gf_v2_104m_cls_pca50	per_subclass	L6 CT
H20.33.004	1	0.7921415890195004	gf_v2_104m_cls_pca50	per_subclass	L6 CT
H20.33.005	1	0.6973080505209853	gf_v2_104m_cls_pca50	per_subclass	L6 CT
H20.33.008	1	0.8515371541148298	gf_v2_104m_cls_pca50	per_subclass	L6 CT
H20.33.011	1	0.34633451441976265	gf_v2_104m_cls_pca50	per_subclass	L6 CT
H20.33.012	0	0.5200876927612725	gf_v2_104m_cls_pca50	per_subclass	L6 CT
H20.33.013	1	0.703944761986364	gf_v2_104m_cls_pca50	per_subclass	L6 CT
H20.33.014	1	0.5423797344334399	gf_v2_104m_cls_pca50	per_subclass	L6 CT
H20.33.015	1	0.9629837956394068	gf_v2_104m_cls_pca50	per_subclass	L6 CT
H20.33.016	1	0.4782185126095831	gf_v2_104m_cls_pca50	per_subclass	L6 CT
H20.33.017	1	0.8683288136176189	gf_v2_104m_cls_pca50	per_subclass	L6 CT
H20.33.018	1	0.9620006954777386	gf_v2_104m_cls_pca50	per_subclass	L6 CT
H20.33.019	1	0.6326687062690672	gf_v2_104m_cls_pca50	per_subclass	L6 CT
H20.33.020	1	0.8831900777334638	gf_v2_104m_cls_pca50	per_subclass	L6 CT
H20.33.024	1	0.7176658506433771	gf_v2_104m_cls_pca50	per_subclass	L6 CT
H20.33.025	1	0.6215250179591345	gf_v2_104m_cls_pca50	per_subclass	L6 CT
H20.33.026	1	0.9117200684769505	gf_v2_104m_cls_pca50	per_subclass	L6 CT
H20.33.027	1	0.8356612961586561	gf_v2_104m_cls_pca50	per_subclass	L6 CT
H20.33.028	1	0.9693638196793959	gf_v2_104m_cls_pca50	per_subclass	L6 CT
H20.33.029	1	0.5160799381297047	gf_v2_104m_cls_pca50	per_subclass	L6 CT
H20.33.030	1	0.7927409273783703	gf_v2_104m_cls_pca50	per_subclass	L6 CT
H20.33.031	1	0.43797773168188564	gf_v2_104m_cls_pca50	per_subclass	L6 CT
H20.33.032	1	0.6198550911222256	gf_v2_104m_cls_pca50	per_subclass	L6 CT
H20.33.033	1	0.9057090425974008	gf_v2_104m_cls_pca50	per_subclass	L6 CT
H20.33.034	1	0.8036258993105498	gf_v2_104m_cls_pca50	per_subclass	L6 CT
H20.33.035	0	0.8188549908304861	gf_v2_104m_cls_pca50	per_subclass	L6 CT
H20.33.036	1	0.9606759082540044	gf_v2_104m_cls_pca50	per_subclass	L6 CT
H20.33.037	1	0.9727840452932355	gf_v2_104m_cls_pca50	per_subclass	L6 CT
H20.33.039	1	0.44397145362299106	gf_v2_104m_cls_pca50	per_subclass	L6 CT
H20.33.040	1	0.7267987272435841	gf_v2_104m_cls_pca50	per_subclass	L6 CT
H20.33.041	1	0.6711184475021039	gf_v2_104m_cls_pca50	per_subclass	L6 CT
H20.33.043	1	0.48132161535969376	gf_v2_104m_cls_pca50	per_subclass	L6 CT
H20.33.044	0	0.49180747939507785	gf_v2_104m_cls_pca50	per_subclass	L6 CT
H20.33.045	1	0.9800591059367794	gf_v2_104m_cls_pca50	per_subclass	L6 CT
H20.33.046	1	0.9006151915665678	gf_v2_104m_cls_pca50	per_subclass	L6 CT
H21.33.001	0	0.9974441869974411	gf_v2_104m_cls_pca50	per_subclass	L6 CT
H21.33.002	1	0.8459154441013602	gf_v2_104m_cls_pca50	per_subclass	L6 CT
H21.33.003	0	0.7099418633733564	gf_v2_104m_cls_pca50	per_subclass	L6 CT
H21.33.004	0	0.42632622016337895	gf_v2_104m_cls_pca50	per_subclass	L6 CT
H21.33.005	1	0.7933543797280905	gf_v2_104m_cls_pca50	per_subclass	L6 CT
H21.33.006	1	0.45824167399645105	gf_v2_104m_cls_pca50	per_subclass	L6 CT
H21.33.007	1	0.8858105124933602	gf_v2_104m_cls_pca50	per_subclass	L6 CT
H21.33.008	1	0.9628992135931167	gf_v2_104m_cls_pca50	per_subclass	L6 CT
H21.33.009	1	0.9864094394654594	gf_v2_104m_cls_pca50	per_subclass	L6 CT
H21.33.010	1	0.9319802406381396	gf_v2_104m_cls_pca50	per_subclass	L6 CT
H21.33.011	0	0.3887120326790981	gf_v2_104m_cls_pca50	per_subclass	L6 CT
H21.33.012	1	0.7529199044234112	gf_v2_104m_cls_pca50	per_subclass	L6 CT
H21.33.013	1	0.9513741570195526	gf_v2_104m_cls_pca50	per_subclass	L6 CT
H21.33.014	1	0.9424852989716419	gf_v2_104m_cls_pca50	per_subclass	L6 CT
H21.33.015	0	0.527675687819452	gf_v2_104m_cls_pca50	per_subclass	L6 CT
H21.33.016	0	0.6864816931841687	gf_v2_104m_cls_pca50	per_subclass	L6 CT
H21.33.017	1	0.42228323470361123	gf_v2_104m_cls_pca50	per_subclass	L6 CT
H21.33.018	0	0.7980370533289477	gf_v2_104m_cls_pca50	per_subclass	L6 CT
H21.33.019	0	0.6884024524567873	gf_v2_104m_cls_pca50	per_subclass	L6 CT
H21.33.021	1	0.8425174981685144	gf_v2_104m_cls_pca50	per_subclass	L6 CT
H21.33.022	1	0.7747057745132819	gf_v2_104m_cls_pca50	per_subclass	L6 CT
H21.33.023	0	0.5970327714439364	gf_v2_104m_cls_pca50	per_subclass	L6 CT
H21.33.025	1	0.11362430320691157	gf_v2_104m_cls_pca50	per_subclass	L6 CT
H21.33.026	1	0.8539566474329314	gf_v2_104m_cls_pca50	per_subclass	L6 CT
H21.33.027	1	0.6966057127613182	gf_v2_104m_cls_pca50	per_subclass	L6 CT
H21.33.028	0	0.7421733023868757	gf_v2_104m_cls_pca50	per_subclass	L6 CT
H21.33.029	1	0.8251976241252656	gf_v2_104m_cls_pca50	per_subclass	L6 CT
H21.33.030	1	0.8159663852222596	gf_v2_104m_cls_pca50	per_subclass	L6 CT
H21.33.031	1	0.7292032899073349	gf_v2_104m_cls_pca50	per_subclass	L6 CT
H21.33.032	0	0.42138662985150327	gf_v2_104m_cls_pca50	per_subclass	L6 CT
H21.33.033	1	0.7378062378669974	gf_v2_104m_cls_pca50	per_subclass	L6 CT
H21.33.035	1	0.8371227340616662	gf_v2_104m_cls_pca50	per_subclass	L6 CT
H21.33.036	1	0.7367354555176094	gf_v2_104m_cls_pca50	per_subclass	L6 CT
H21.33.037	0	0.5864425790526017	gf_v2_104m_cls_pca50	per_subclass	L6 CT
H21.33.038	0	0.7600806500651037	gf_v2_104m_cls_pca50	per_subclass	L6 CT
H21.33.039	1	0.9353026090715746	gf_v2_104m_cls_pca50	per_subclass	L6 CT
H21.33.040	1	0.847148977134772	gf_v2_104m_cls_pca50	per_subclass	L6 CT
H21.33.041	0	0.755259571175746	gf_v2_104m_cls_pca50	per_subclass	L6 CT
H21.33.042	1	0.8291669235159297	gf_v2_104m_cls_pca50	per_subclass	L6 CT
H21.33.043	0	0.8441163397976503	gf_v2_104m_cls_pca50	per_subclass	L6 CT
H21.33.044	1	0.931726472833257	gf_v2_104m_cls_pca50	per_subclass	L6 CT
H21.33.045	1	0.9871884409440055	gf_v2_104m_cls_pca50	per_subclass	L6 CT
H21.33.046	1	0.8614024947786245	gf_v2_104m_cls_pca50	per_subclass	L6 CT
H21.33.047	1	0.6484247015200337	gf_v2_104m_cls_pca50	per_subclass	L6 CT
H19.33.004	0	0.9067275992101684	gf_v2_104m_cls_pca50	per_subclass	L6 IT
H20.33.001	0	0.5082065652028132	gf_v2_104m_cls_pca50	per_subclass	L6 IT
H20.33.002	0	0.8184143554640751	gf_v2_104m_cls_pca50	per_subclass	L6 IT
H20.33.004	1	0.8877279526297095	gf_v2_104m_cls_pca50	per_subclass	L6 IT
H20.33.005	1	0.8113472054299576	gf_v2_104m_cls_pca50	per_subclass	L6 IT
H20.33.008	1	0.8407905432215859	gf_v2_104m_cls_pca50	per_subclass	L6 IT
H20.33.011	1	0.39976975520916586	gf_v2_104m_cls_pca50	per_subclass	L6 IT
H20.33.012	0	0.7699977739672095	gf_v2_104m_cls_pca50	per_subclass	L6 IT
H20.33.013	1	0.5342112827654513	gf_v2_104m_cls_pca50	per_subclass	L6 IT
H20.33.014	1	0.6657178754049058	gf_v2_104m_cls_pca50	per_subclass	L6 IT
H20.33.015	1	0.9585725367154578	gf_v2_104m_cls_pca50	per_subclass	L6 IT
H20.33.016	1	0.6544253380708014	gf_v2_104m_cls_pca50	per_subclass	L6 IT
H20.33.017	1	0.8996466711110166	gf_v2_104m_cls_pca50	per_subclass	L6 IT
H20.33.018	1	0.9708657116481874	gf_v2_104m_cls_pca50	per_subclass	L6 IT
H20.33.019	1	0.8528585566585145	gf_v2_104m_cls_pca50	per_subclass	L6 IT
H20.33.020	1	0.9321734029310023	gf_v2_104m_cls_pca50	per_subclass	L6 IT
H20.33.024	1	0.699857764760578	gf_v2_104m_cls_pca50	per_subclass	L6 IT
H20.33.025	1	0.5181255437804728	gf_v2_104m_cls_pca50	per_subclass	L6 IT
H20.33.026	1	0.8453648646099758	gf_v2_104m_cls_pca50	per_subclass	L6 IT
H20.33.027	1	0.6327723413165368	gf_v2_104m_cls_pca50	per_subclass	L6 IT
H20.33.028	1	0.9911783589271635	gf_v2_104m_cls_pca50	per_subclass	L6 IT
H20.33.029	1	0.4470929069444283	gf_v2_104m_cls_pca50	per_subclass	L6 IT
H20.33.030	1	0.8761411954900874	gf_v2_104m_cls_pca50	per_subclass	L6 IT
H20.33.031	1	0.46997935603442575	gf_v2_104m_cls_pca50	per_subclass	L6 IT
H20.33.032	1	0.721908021077449	gf_v2_104m_cls_pca50	per_subclass	L6 IT
H20.33.033	1	0.9719801059667084	gf_v2_104m_cls_pca50	per_subclass	L6 IT
H20.33.034	1	0.7906156931526711	gf_v2_104m_cls_pca50	per_subclass	L6 IT
H20.33.035	0	0.7597230833390987	gf_v2_104m_cls_pca50	per_subclass	L6 IT
H20.33.036	1	0.9613942349946981	gf_v2_104m_cls_pca50	per_subclass	L6 IT
H20.33.037	1	0.983314948538926	gf_v2_104m_cls_pca50	per_subclass	L6 IT
H20.33.039	1	0.519521038076924	gf_v2_104m_cls_pca50	per_subclass	L6 IT
H20.33.040	1	0.6430986155897079	gf_v2_104m_cls_pca50	per_subclass	L6 IT
H20.33.041	1	0.5816429431117168	gf_v2_104m_cls_pca50	per_subclass	L6 IT
H20.33.043	1	0.47279626459932905	gf_v2_104m_cls_pca50	per_subclass	L6 IT
H20.33.044	0	0.6716655221946285	gf_v2_104m_cls_pca50	per_subclass	L6 IT
H20.33.045	1	0.9777087481488588	gf_v2_104m_cls_pca50	per_subclass	L6 IT
H20.33.046	1	0.9652499091208393	gf_v2_104m_cls_pca50	per_subclass	L6 IT
H21.33.001	0	0.991008080655203	gf_v2_104m_cls_pca50	per_subclass	L6 IT
H21.33.002	1	0.7736517082380678	gf_v2_104m_cls_pca50	per_subclass	L6 IT
H21.33.003	0	0.6230136569462642	gf_v2_104m_cls_pca50	per_subclass	L6 IT
H21.33.004	0	0.26602032789566016	gf_v2_104m_cls_pca50	per_subclass	L6 IT
H21.33.005	1	0.9113377548030094	gf_v2_104m_cls_pca50	per_subclass	L6 IT
H21.33.006	1	0.3696076545787331	gf_v2_104m_cls_pca50	per_subclass	L6 IT
H21.33.007	1	0.7866992437616119	gf_v2_104m_cls_pca50	per_subclass	L6 IT
H21.33.008	1	0.9882629264062404	gf_v2_104m_cls_pca50	per_subclass	L6 IT
H21.33.009	1	0.9542183053841958	gf_v2_104m_cls_pca50	per_subclass	L6 IT
H21.33.010	1	0.9055675183673964	gf_v2_104m_cls_pca50	per_subclass	L6 IT
H21.33.011	0	0.2725930511337081	gf_v2_104m_cls_pca50	per_subclass	L6 IT
H21.33.012	1	0.6921888970517107	gf_v2_104m_cls_pca50	per_subclass	L6 IT
H21.33.013	1	0.9152659222786859	gf_v2_104m_cls_pca50	per_subclass	L6 IT
H21.33.014	1	0.7240995812947736	gf_v2_104m_cls_pca50	per_subclass	L6 IT
H21.33.015	0	0.35382071534508464	gf_v2_104m_cls_pca50	per_subclass	L6 IT
H21.33.016	0	0.5523766481380079	gf_v2_104m_cls_pca50	per_subclass	L6 IT
H21.33.017	1	0.7604026798321845	gf_v2_104m_cls_pca50	per_subclass	L6 IT
H21.33.018	0	0.7438358857406988	gf_v2_104m_cls_pca50	per_subclass	L6 IT
H21.33.019	0	0.8697939619419796	gf_v2_104m_cls_pca50	per_subclass	L6 IT
H21.33.021	1	0.9722680846711542	gf_v2_104m_cls_pca50	per_subclass	L6 IT
H21.33.022	1	0.8699710784775743	gf_v2_104m_cls_pca50	per_subclass	L6 IT
H21.33.023	0	0.8743176091790638	gf_v2_104m_cls_pca50	per_subclass	L6 IT
H21.33.025	1	0.40593650856028585	gf_v2_104m_cls_pca50	per_subclass	L6 IT
H21.33.026	1	0.7892006593888214	gf_v2_104m_cls_pca50	per_subclass	L6 IT
H21.33.027	1	0.6188916709762767	gf_v2_104m_cls_pca50	per_subclass	L6 IT
H21.33.028	0	0.6790942088167288	gf_v2_104m_cls_pca50	per_subclass	L6 IT
H21.33.029	1	0.8651673996142817	gf_v2_104m_cls_pca50	per_subclass	L6 IT
H21.33.030	1	0.6039106919577737	gf_v2_104m_cls_pca50	per_subclass	L6 IT
H21.33.031	1	0.8033680906865867	gf_v2_104m_cls_pca50	per_subclass	L6 IT
H21.33.032	0	0.5891606303254059	gf_v2_104m_cls_pca50	per_subclass	L6 IT
H21.33.033	1	0.9597113501320725	gf_v2_104m_cls_pca50	per_subclass	L6 IT
H21.33.034	1	0.9779523025161222	gf_v2_104m_cls_pca50	per_subclass	L6 IT
H21.33.035	1	0.7496253074772008	gf_v2_104m_cls_pca50	per_subclass	L6 IT
H21.33.036	1	0.6886159448592839	gf_v2_104m_cls_pca50	per_subclass	L6 IT
H21.33.037	0	0.4243755014663776	gf_v2_104m_cls_pca50	per_subclass	L6 IT
H21.33.038	0	0.8962369369879912	gf_v2_104m_cls_pca50	per_subclass	L6 IT
H21.33.039	1	0.8811836595201296	gf_v2_104m_cls_pca50	per_subclass	L6 IT
H21.33.040	1	0.8166244264805446	gf_v2_104m_cls_pca50	per_subclass	L6 IT
H21.33.041	0	0.6383107424534848	gf_v2_104m_cls_pca50	per_subclass	L6 IT
H21.33.042	1	0.7534034733052632	gf_v2_104m_cls_pca50	per_subclass	L6 IT
H21.33.043	0	0.8661095961238778	gf_v2_104m_cls_pca50	per_subclass	L6 IT
H21.33.044	1	0.976565431826258	gf_v2_104m_cls_pca50	per_subclass	L6 IT
H21.33.045	1	0.9715855620943465	gf_v2_104m_cls_pca50	per_subclass	L6 IT
H21.33.046	1	0.8686700241717666	gf_v2_104m_cls_pca50	per_subclass	L6 IT
H21.33.047	1	0.6575967304188529	gf_v2_104m_cls_pca50	per_subclass	L6 IT
H19.33.004	0	0.9930179815345002	gf_v2_104m_cls_pca50	per_subclass	L6 IT Car3
H20.33.001	0	0.7469327090319151	gf_v2_104m_cls_pca50	per_subclass	L6 IT Car3
H20.33.002	0	0.8039153953522249	gf_v2_104m_cls_pca50	per_subclass	L6 IT Car3
H20.33.004	1	0.8496510312572518	gf_v2_104m_cls_pca50	per_subclass	L6 IT Car3
H20.33.005	1	0.5881522313766913	gf_v2_104m_cls_pca50	per_subclass	L6 IT Car3
H20.33.008	1	0.5992405709665263	gf_v2_104m_cls_pca50	per_subclass	L6 IT Car3
H20.33.011	1	0.6157548473287854	gf_v2_104m_cls_pca50	per_subclass	L6 IT Car3
H20.33.012	0	0.7737033246281696	gf_v2_104m_cls_pca50	per_subclass	L6 IT Car3
H20.33.013	1	0.6698348616927068	gf_v2_104m_cls_pca50	per_subclass	L6 IT Car3
H20.33.014	1	0.6300064665027951	gf_v2_104m_cls_pca50	per_subclass	L6 IT Car3
H20.33.015	1	0.7760477740503712	gf_v2_104m_cls_pca50	per_subclass	L6 IT Car3
H20.33.016	1	0.38425967232734853	gf_v2_104m_cls_pca50	per_subclass	L6 IT Car3
H20.33.017	1	0.9164498867311688	gf_v2_104m_cls_pca50	per_subclass	L6 IT Car3
H20.33.018	1	0.9226985674398535	gf_v2_104m_cls_pca50	per_subclass	L6 IT Car3
H20.33.019	1	0.8431171402577501	gf_v2_104m_cls_pca50	per_subclass	L6 IT Car3
H20.33.020	1	0.7151892205158363	gf_v2_104m_cls_pca50	per_subclass	L6 IT Car3
H20.33.024	1	0.6445979797836631	gf_v2_104m_cls_pca50	per_subclass	L6 IT Car3
H20.33.025	1	0.6503146726075314	gf_v2_104m_cls_pca50	per_subclass	L6 IT Car3
H20.33.026	1	0.8256508945394687	gf_v2_104m_cls_pca50	per_subclass	L6 IT Car3
H20.33.027	1	0.7586321034407686	gf_v2_104m_cls_pca50	per_subclass	L6 IT Car3
H20.33.028	1	0.967507713654925	gf_v2_104m_cls_pca50	per_subclass	L6 IT Car3
H20.33.029	1	0.694333314977573	gf_v2_104m_cls_pca50	per_subclass	L6 IT Car3
H20.33.030	1	0.8321773668645103	gf_v2_104m_cls_pca50	per_subclass	L6 IT Car3
H20.33.031	1	0.5868163830432963	gf_v2_104m_cls_pca50	per_subclass	L6 IT Car3
H20.33.032	1	0.8602693141352994	gf_v2_104m_cls_pca50	per_subclass	L6 IT Car3
H20.33.033	1	0.9482075189779664	gf_v2_104m_cls_pca50	per_subclass	L6 IT Car3
H20.33.034	1	0.6309190779260603	gf_v2_104m_cls_pca50	per_subclass	L6 IT Car3
H20.33.035	0	0.8090585243536351	gf_v2_104m_cls_pca50	per_subclass	L6 IT Car3
H20.33.036	1	0.8539213121202609	gf_v2_104m_cls_pca50	per_subclass	L6 IT Car3
H20.33.037	1	0.9496765338939703	gf_v2_104m_cls_pca50	per_subclass	L6 IT Car3
H20.33.038	1	0.9695725151272775	gf_v2_104m_cls_pca50	per_subclass	L6 IT Car3
H20.33.039	1	0.44210542775139156	gf_v2_104m_cls_pca50	per_subclass	L6 IT Car3
H20.33.040	1	0.7550265853475155	gf_v2_104m_cls_pca50	per_subclass	L6 IT Car3
H20.33.041	1	0.5443482746557382	gf_v2_104m_cls_pca50	per_subclass	L6 IT Car3
H20.33.043	1	0.6458606717769925	gf_v2_104m_cls_pca50	per_subclass	L6 IT Car3
H20.33.044	0	0.5505545502637379	gf_v2_104m_cls_pca50	per_subclass	L6 IT Car3
H20.33.045	1	0.9637157813276616	gf_v2_104m_cls_pca50	per_subclass	L6 IT Car3
H20.33.046	1	0.8419597789665444	gf_v2_104m_cls_pca50	per_subclass	L6 IT Car3
H21.33.001	0	0.999274278848894	gf_v2_104m_cls_pca50	per_subclass	L6 IT Car3
H21.33.002	1	0.6931527987214667	gf_v2_104m_cls_pca50	per_subclass	L6 IT Car3
H21.33.003	0	0.8244018453370245	gf_v2_104m_cls_pca50	per_subclass	L6 IT Car3
H21.33.004	0	0.4823423143149963	gf_v2_104m_cls_pca50	per_subclass	L6 IT Car3
H21.33.005	1	0.683491386121349	gf_v2_104m_cls_pca50	per_subclass	L6 IT Car3
H21.33.006	1	0.4499132536662761	gf_v2_104m_cls_pca50	per_subclass	L6 IT Car3
H21.33.007	1	0.8456144349313621	gf_v2_104m_cls_pca50	per_subclass	L6 IT Car3
H21.33.008	1	0.8006463035977924	gf_v2_104m_cls_pca50	per_subclass	L6 IT Car3
H21.33.009	1	0.9745049145882302	gf_v2_104m_cls_pca50	per_subclass	L6 IT Car3
H21.33.010	1	0.933000586006157	gf_v2_104m_cls_pca50	per_subclass	L6 IT Car3
H21.33.011	0	0.16304304212980608	gf_v2_104m_cls_pca50	per_subclass	L6 IT Car3
H21.33.012	1	0.8199159833465179	gf_v2_104m_cls_pca50	per_subclass	L6 IT Car3
H21.33.013	1	0.9414754239141854	gf_v2_104m_cls_pca50	per_subclass	L6 IT Car3
H21.33.014	1	0.7304235544901038	gf_v2_104m_cls_pca50	per_subclass	L6 IT Car3
H21.33.015	0	0.3355467345506881	gf_v2_104m_cls_pca50	per_subclass	L6 IT Car3
H21.33.016	0	0.6067452937010718	gf_v2_104m_cls_pca50	per_subclass	L6 IT Car3
H21.33.017	1	0.770428771366651	gf_v2_104m_cls_pca50	per_subclass	L6 IT Car3
H21.33.018	0	0.8344220365001924	gf_v2_104m_cls_pca50	per_subclass	L6 IT Car3
H21.33.019	0	0.8490993831150657	gf_v2_104m_cls_pca50	per_subclass	L6 IT Car3
H21.33.021	1	0.5709248445231517	gf_v2_104m_cls_pca50	per_subclass	L6 IT Car3
H21.33.022	1	0.7626788876512147	gf_v2_104m_cls_pca50	per_subclass	L6 IT Car3
H21.33.023	0	0.47297585178718987	gf_v2_104m_cls_pca50	per_subclass	L6 IT Car3
H21.33.025	1	0.6258327949775985	gf_v2_104m_cls_pca50	per_subclass	L6 IT Car3
H21.33.026	1	0.5239509964272633	gf_v2_104m_cls_pca50	per_subclass	L6 IT Car3
H21.33.027	1	0.653583646862997	gf_v2_104m_cls_pca50	per_subclass	L6 IT Car3
H21.33.028	0	0.6131039361606743	gf_v2_104m_cls_pca50	per_subclass	L6 IT Car3
H21.33.029	1	0.8132616993767762	gf_v2_104m_cls_pca50	per_subclass	L6 IT Car3
H21.33.030	1	0.6219558598059487	gf_v2_104m_cls_pca50	per_subclass	L6 IT Car3
H21.33.031	1	0.8959839506051959	gf_v2_104m_cls_pca50	per_subclass	L6 IT Car3
H21.33.032	0	0.7118285840825207	gf_v2_104m_cls_pca50	per_subclass	L6 IT Car3
H21.33.033	1	0.815577620437652	gf_v2_104m_cls_pca50	per_subclass	L6 IT Car3
H21.33.034	1	0.9748737275635199	gf_v2_104m_cls_pca50	per_subclass	L6 IT Car3
H21.33.035	1	0.8181405500758503	gf_v2_104m_cls_pca50	per_subclass	L6 IT Car3
H21.33.036	1	0.7715780497141016	gf_v2_104m_cls_pca50	per_subclass	L6 IT Car3
H21.33.037	0	0.581375935797258	gf_v2_104m_cls_pca50	per_subclass	L6 IT Car3
H21.33.038	0	0.8101552691078666	gf_v2_104m_cls_pca50	per_subclass	L6 IT Car3
H21.33.039	1	0.9112151087864039	gf_v2_104m_cls_pca50	per_subclass	L6 IT Car3
H21.33.040	1	0.8530944415072014	gf_v2_104m_cls_pca50	per_subclass	L6 IT Car3
H21.33.041	0	0.7254826572543072	gf_v2_104m_cls_pca50	per_subclass	L6 IT Car3
H21.33.042	1	0.7781193827151525	gf_v2_104m_cls_pca50	per_subclass	L6 IT Car3
H21.33.043	0	0.8332945833118558	gf_v2_104m_cls_pca50	per_subclass	L6 IT Car3
H21.33.044	1	0.9128039875054478	gf_v2_104m_cls_pca50	per_subclass	L6 IT Car3
H21.33.045	1	0.9844299643502807	gf_v2_104m_cls_pca50	per_subclass	L6 IT Car3
H21.33.046	1	0.9020926838483874	gf_v2_104m_cls_pca50	per_subclass	L6 IT Car3
H21.33.047	1	0.9452310285598801	gf_v2_104m_cls_pca50	per_subclass	L6 IT Car3
H19.33.004	0	0.9514356459860279	gf_v2_104m_cls_pca50	per_subclass	L6b
H20.33.001	0	0.5586418022465557	gf_v2_104m_cls_pca50	per_subclass	L6b
H20.33.002	0	0.9087679806534282	gf_v2_104m_cls_pca50	per_subclass	L6b
H20.33.004	1	0.8473527068293274	gf_v2_104m_cls_pca50	per_subclass	L6b
H20.33.005	1	0.5343357781987781	gf_v2_104m_cls_pca50	per_subclass	L6b
H20.33.008	1	0.7103765697863862	gf_v2_104m_cls_pca50	per_subclass	L6b
H20.33.011	1	0.6771379418062171	gf_v2_104m_cls_pca50	per_subclass	L6b
H20.33.012	0	0.6763536209506695	gf_v2_104m_cls_pca50	per_subclass	L6b
H20.33.013	1	0.6586726291933125	gf_v2_104m_cls_pca50	per_subclass	L6b
H20.33.014	1	0.5243377741240984	gf_v2_104m_cls_pca50	per_subclass	L6b
H20.33.015	1	0.8721237608978225	gf_v2_104m_cls_pca50	per_subclass	L6b
H20.33.016	1	0.2709073298243719	gf_v2_104m_cls_pca50	per_subclass	L6b
H20.33.017	1	0.9256389569052874	gf_v2_104m_cls_pca50	per_subclass	L6b
H20.33.018	1	0.8942775500923821	gf_v2_104m_cls_pca50	per_subclass	L6b
H20.33.019	1	0.6023129910580739	gf_v2_104m_cls_pca50	per_subclass	L6b
H20.33.020	1	0.9227292288078125	gf_v2_104m_cls_pca50	per_subclass	L6b
H20.33.024	1	0.7010988302817137	gf_v2_104m_cls_pca50	per_subclass	L6b
H20.33.025	1	0.6404975648824431	gf_v2_104m_cls_pca50	per_subclass	L6b
H20.33.026	1	0.7340082720993336	gf_v2_104m_cls_pca50	per_subclass	L6b
H20.33.027	1	0.8360473702615238	gf_v2_104m_cls_pca50	per_subclass	L6b
H20.33.028	1	0.9763784569160853	gf_v2_104m_cls_pca50	per_subclass	L6b
H20.33.029	1	0.45005296988373367	gf_v2_104m_cls_pca50	per_subclass	L6b
H20.33.030	1	0.8765662549363151	gf_v2_104m_cls_pca50	per_subclass	L6b
H20.33.031	1	0.7998710884468789	gf_v2_104m_cls_pca50	per_subclass	L6b
H20.33.032	1	0.7291644229129368	gf_v2_104m_cls_pca50	per_subclass	L6b
H20.33.033	1	0.9241079311164059	gf_v2_104m_cls_pca50	per_subclass	L6b
H20.33.034	1	0.9121695241298031	gf_v2_104m_cls_pca50	per_subclass	L6b
H20.33.035	0	0.5523396834436156	gf_v2_104m_cls_pca50	per_subclass	L6b
H20.33.036	1	0.9502448472185014	gf_v2_104m_cls_pca50	per_subclass	L6b
H20.33.037	1	0.9524962489106278	gf_v2_104m_cls_pca50	per_subclass	L6b
H20.33.039	1	0.6087751408134057	gf_v2_104m_cls_pca50	per_subclass	L6b
H20.33.040	1	0.6341759405725222	gf_v2_104m_cls_pca50	per_subclass	L6b
H20.33.041	1	0.5788446432037846	gf_v2_104m_cls_pca50	per_subclass	L6b
H20.33.043	1	0.21141100659932088	gf_v2_104m_cls_pca50	per_subclass	L6b
H20.33.044	0	0.5368063599426619	gf_v2_104m_cls_pca50	per_subclass	L6b
H20.33.045	1	0.989240811969659	gf_v2_104m_cls_pca50	per_subclass	L6b
H20.33.046	1	0.9727813053008891	gf_v2_104m_cls_pca50	per_subclass	L6b
H21.33.001	0	0.9806278329657039	gf_v2_104m_cls_pca50	per_subclass	L6b
H21.33.002	1	0.7743316044619846	gf_v2_104m_cls_pca50	per_subclass	L6b
H21.33.003	0	0.8377657293019702	gf_v2_104m_cls_pca50	per_subclass	L6b
H21.33.004	0	0.3639633853714325	gf_v2_104m_cls_pca50	per_subclass	L6b
H21.33.005	1	0.941215652527517	gf_v2_104m_cls_pca50	per_subclass	L6b
H21.33.006	1	0.49977482310600224	gf_v2_104m_cls_pca50	per_subclass	L6b
H21.33.007	1	0.8181095426514178	gf_v2_104m_cls_pca50	per_subclass	L6b
H21.33.008	1	0.9781641937166492	gf_v2_104m_cls_pca50	per_subclass	L6b
H21.33.009	1	0.9544240340598245	gf_v2_104m_cls_pca50	per_subclass	L6b
H21.33.010	1	0.8225121599840943	gf_v2_104m_cls_pca50	per_subclass	L6b
H21.33.011	0	0.17438859786736546	gf_v2_104m_cls_pca50	per_subclass	L6b
H21.33.012	1	0.8989775342750288	gf_v2_104m_cls_pca50	per_subclass	L6b
H21.33.013	1	0.8721998511429273	gf_v2_104m_cls_pca50	per_subclass	L6b
H21.33.014	1	0.8501649994483806	gf_v2_104m_cls_pca50	per_subclass	L6b
H21.33.015	0	0.5327399510804973	gf_v2_104m_cls_pca50	per_subclass	L6b
H21.33.016	0	0.5042236007590294	gf_v2_104m_cls_pca50	per_subclass	L6b
H21.33.017	1	0.48263337204790363	gf_v2_104m_cls_pca50	per_subclass	L6b
H21.33.018	0	0.9226056465779735	gf_v2_104m_cls_pca50	per_subclass	L6b
H21.33.019	0	0.6394156074179151	gf_v2_104m_cls_pca50	per_subclass	L6b
H21.33.021	1	0.9073814122176209	gf_v2_104m_cls_pca50	per_subclass	L6b
H21.33.022	1	0.8320865982468894	gf_v2_104m_cls_pca50	per_subclass	L6b
H21.33.023	0	0.6213814494345687	gf_v2_104m_cls_pca50	per_subclass	L6b
H21.33.025	1	0.5457429544581883	gf_v2_104m_cls_pca50	per_subclass	L6b
H21.33.026	1	0.9291744564333644	gf_v2_104m_cls_pca50	per_subclass	L6b
H21.33.027	1	0.6223700983947266	gf_v2_104m_cls_pca50	per_subclass	L6b
H21.33.028	0	0.7125846756882647	gf_v2_104m_cls_pca50	per_subclass	L6b
H21.33.029	1	0.46061818633592144	gf_v2_104m_cls_pca50	per_subclass	L6b
H21.33.030	1	0.7053145185075298	gf_v2_104m_cls_pca50	per_subclass	L6b
H21.33.031	1	0.9077573803270145	gf_v2_104m_cls_pca50	per_subclass	L6b
H21.33.032	0	0.4838517747405254	gf_v2_104m_cls_pca50	per_subclass	L6b
H21.33.033	1	0.9400730942271227	gf_v2_104m_cls_pca50	per_subclass	L6b
H21.33.034	1	0.9773659261659287	gf_v2_104m_cls_pca50	per_subclass	L6b
H21.33.035	1	0.729020175304177	gf_v2_104m_cls_pca50	per_subclass	L6b
H21.33.036	1	0.8678434183432298	gf_v2_104m_cls_pca50	per_subclass	L6b
H21.33.037	0	0.2903954347146405	gf_v2_104m_cls_pca50	per_subclass	L6b
H21.33.038	0	0.8345834020779954	gf_v2_104m_cls_pca50	per_subclass	L6b
H21.33.039	1	0.8521325729850828	gf_v2_104m_cls_pca50	per_subclass	L6b
H21.33.040	1	0.9277044826275251	gf_v2_104m_cls_pca50	per_subclass	L6b
H21.33.041	0	0.7376539725609081	gf_v2_104m_cls_pca50	per_subclass	L6b
H21.33.042	1	0.8213051611016337	gf_v2_104m_cls_pca50	per_subclass	L6b
H21.33.043	0	0.9469508984056538	gf_v2_104m_cls_pca50	per_subclass	L6b
H21.33.044	1	0.8979448227521185	gf_v2_104m_cls_pca50	per_subclass	L6b
H21.33.045	1	0.9917068986200366	gf_v2_104m_cls_pca50	per_subclass	L6b
H21.33.046	1	0.9297435031960519	gf_v2_104m_cls_pca50	per_subclass	L6b
H21.33.047	1	0.8654589390833621	gf_v2_104m_cls_pca50	per_subclass	L6b
H19.33.004	0	0.9408487970771393	gf_v2_104m_cls_pca50	per_subclass	Lamp5
H20.33.001	0	0.8412806484732267	gf_v2_104m_cls_pca50	per_subclass	Lamp5
H20.33.002	0	0.9226299583124922	gf_v2_104m_cls_pca50	per_subclass	Lamp5
H20.33.004	1	0.8873454188962768	gf_v2_104m_cls_pca50	per_subclass	Lamp5
H20.33.005	1	0.5909307761391771	gf_v2_104m_cls_pca50	per_subclass	Lamp5
H20.33.008	1	0.8439594125101724	gf_v2_104m_cls_pca50	per_subclass	Lamp5
H20.33.011	1	0.3499814778930368	gf_v2_104m_cls_pca50	per_subclass	Lamp5
H20.33.012	0	0.6397430989375087	gf_v2_104m_cls_pca50	per_subclass	Lamp5
H20.33.013	1	0.6638878647510827	gf_v2_104m_cls_pca50	per_subclass	Lamp5
H20.33.014	1	0.5948562060983069	gf_v2_104m_cls_pca50	per_subclass	Lamp5
H20.33.015	1	0.87664461044486	gf_v2_104m_cls_pca50	per_subclass	Lamp5
H20.33.016	1	0.8987821316683725	gf_v2_104m_cls_pca50	per_subclass	Lamp5
H20.33.017	1	0.8536422364628444	gf_v2_104m_cls_pca50	per_subclass	Lamp5
H20.33.018	1	0.9280961694014813	gf_v2_104m_cls_pca50	per_subclass	Lamp5
H20.33.019	1	0.9061909870707622	gf_v2_104m_cls_pca50	per_subclass	Lamp5
H20.33.020	1	0.704731347518124	gf_v2_104m_cls_pca50	per_subclass	Lamp5
H20.33.024	1	0.4310826789114303	gf_v2_104m_cls_pca50	per_subclass	Lamp5
H20.33.025	1	0.4883055606818463	gf_v2_104m_cls_pca50	per_subclass	Lamp5
H20.33.026	1	0.4121166992301489	gf_v2_104m_cls_pca50	per_subclass	Lamp5
H20.33.027	1	0.8839557622292361	gf_v2_104m_cls_pca50	per_subclass	Lamp5
H20.33.028	1	0.8361766347381148	gf_v2_104m_cls_pca50	per_subclass	Lamp5
H20.33.029	1	0.7604010856584985	gf_v2_104m_cls_pca50	per_subclass	Lamp5
H20.33.030	1	0.8837131841209894	gf_v2_104m_cls_pca50	per_subclass	Lamp5
H20.33.031	1	0.7518487535291605	gf_v2_104m_cls_pca50	per_subclass	Lamp5
H20.33.032	1	0.5691536029101134	gf_v2_104m_cls_pca50	per_subclass	Lamp5
H20.33.033	1	0.9521907827291685	gf_v2_104m_cls_pca50	per_subclass	Lamp5
H20.33.034	1	0.8318131908755518	gf_v2_104m_cls_pca50	per_subclass	Lamp5
H20.33.035	0	0.8083498295519966	gf_v2_104m_cls_pca50	per_subclass	Lamp5
H20.33.036	1	0.96722896536443	gf_v2_104m_cls_pca50	per_subclass	Lamp5
H20.33.037	1	0.9651170649050549	gf_v2_104m_cls_pca50	per_subclass	Lamp5
H20.33.038	1	0.916838133488595	gf_v2_104m_cls_pca50	per_subclass	Lamp5
H20.33.039	1	0.2649724086511268	gf_v2_104m_cls_pca50	per_subclass	Lamp5
H20.33.040	1	0.8704772491807186	gf_v2_104m_cls_pca50	per_subclass	Lamp5
H20.33.041	1	0.911618109324053	gf_v2_104m_cls_pca50	per_subclass	Lamp5
H20.33.043	1	0.437602719101681	gf_v2_104m_cls_pca50	per_subclass	Lamp5
H20.33.044	0	0.5988103949943832	gf_v2_104m_cls_pca50	per_subclass	Lamp5
H20.33.045	1	0.9502862330448918	gf_v2_104m_cls_pca50	per_subclass	Lamp5
H20.33.046	1	0.9454542912763231	gf_v2_104m_cls_pca50	per_subclass	Lamp5
H21.33.001	0	0.23322861306978332	gf_v2_104m_cls_pca50	per_subclass	Lamp5
H21.33.002	1	0.5394764376236744	gf_v2_104m_cls_pca50	per_subclass	Lamp5
H21.33.003	0	0.8691301748177519	gf_v2_104m_cls_pca50	per_subclass	Lamp5
H21.33.004	0	0.5656415684215534	gf_v2_104m_cls_pca50	per_subclass	Lamp5
H21.33.005	1	0.8474151286944336	gf_v2_104m_cls_pca50	per_subclass	Lamp5
H21.33.006	1	0.7592058767693022	gf_v2_104m_cls_pca50	per_subclass	Lamp5
H21.33.007	1	0.42965877905074246	gf_v2_104m_cls_pca50	per_subclass	Lamp5
H21.33.008	1	0.4297922027871886	gf_v2_104m_cls_pca50	per_subclass	Lamp5
H21.33.009	1	0.9832387299250044	gf_v2_104m_cls_pca50	per_subclass	Lamp5
H21.33.010	1	0.859405912218884	gf_v2_104m_cls_pca50	per_subclass	Lamp5
H21.33.011	0	0.1987865646621853	gf_v2_104m_cls_pca50	per_subclass	Lamp5
H21.33.012	1	0.7616456704667331	gf_v2_104m_cls_pca50	per_subclass	Lamp5
H21.33.013	1	0.9690829068274359	gf_v2_104m_cls_pca50	per_subclass	Lamp5
H21.33.014	1	0.8434931630929515	gf_v2_104m_cls_pca50	per_subclass	Lamp5
H21.33.015	0	0.4919349421472884	gf_v2_104m_cls_pca50	per_subclass	Lamp5
H21.33.016	0	0.6611012078948895	gf_v2_104m_cls_pca50	per_subclass	Lamp5
H21.33.017	1	0.7851298813329729	gf_v2_104m_cls_pca50	per_subclass	Lamp5
H21.33.018	0	0.4509017966050005	gf_v2_104m_cls_pca50	per_subclass	Lamp5
H21.33.019	0	0.4942462417868265	gf_v2_104m_cls_pca50	per_subclass	Lamp5
H21.33.021	1	0.5215305741148807	gf_v2_104m_cls_pca50	per_subclass	Lamp5
H21.33.022	1	0.7657072291565716	gf_v2_104m_cls_pca50	per_subclass	Lamp5
H21.33.023	0	0.6665182849573871	gf_v2_104m_cls_pca50	per_subclass	Lamp5
H21.33.025	1	0.84659623702735	gf_v2_104m_cls_pca50	per_subclass	Lamp5
H21.33.026	1	0.8748238533490256	gf_v2_104m_cls_pca50	per_subclass	Lamp5
H21.33.027	1	0.6056934444325687	gf_v2_104m_cls_pca50	per_subclass	Lamp5
H21.33.028	0	0.9398316188628669	gf_v2_104m_cls_pca50	per_subclass	Lamp5
H21.33.029	1	0.8833657791875005	gf_v2_104m_cls_pca50	per_subclass	Lamp5
H21.33.030	1	0.8383367880997202	gf_v2_104m_cls_pca50	per_subclass	Lamp5
H21.33.031	1	0.7747930806165979	gf_v2_104m_cls_pca50	per_subclass	Lamp5
H21.33.032	0	0.4134360366293862	gf_v2_104m_cls_pca50	per_subclass	Lamp5
H21.33.033	1	0.9615124062009223	gf_v2_104m_cls_pca50	per_subclass	Lamp5
H21.33.034	1	0.9873164696563397	gf_v2_104m_cls_pca50	per_subclass	Lamp5
H21.33.035	1	0.8606846648414516	gf_v2_104m_cls_pca50	per_subclass	Lamp5
H21.33.036	1	0.8720458926998566	gf_v2_104m_cls_pca50	per_subclass	Lamp5
H21.33.037	0	0.6263927582120891	gf_v2_104m_cls_pca50	per_subclass	Lamp5
H21.33.038	0	0.851413185477246	gf_v2_104m_cls_pca50	per_subclass	Lamp5
H21.33.039	1	0.9088383599545828	gf_v2_104m_cls_pca50	per_subclass	Lamp5
H21.33.040	1	0.9428293358031361	gf_v2_104m_cls_pca50	per_subclass	Lamp5
H21.33.041	0	0.663460417335262	gf_v2_104m_cls_pca50	per_subclass	Lamp5
H21.33.042	1	0.8754025768365388	gf_v2_104m_cls_pca50	per_subclass	Lamp5
H21.33.043	0	0.8941233278891385	gf_v2_104m_cls_pca50	per_subclass	Lamp5
H21.33.044	1	0.9437792096501034	gf_v2_104m_cls_pca50	per_subclass	Lamp5
H21.33.045	1	0.948469502336579	gf_v2_104m_cls_pca50	per_subclass	Lamp5
H21.33.046	1	0.9285782799617686	gf_v2_104m_cls_pca50	per_subclass	Lamp5
H21.33.047	1	0.3214293415507513	gf_v2_104m_cls_pca50	per_subclass	Lamp5
H19.33.004	0	0.9346401530225636	gf_v2_104m_cls_pca50	per_subclass	Lamp5 Lhx6
H20.33.001	0	0.8482723398554445	gf_v2_104m_cls_pca50	per_subclass	Lamp5 Lhx6
H20.33.002	0	0.837503239461378	gf_v2_104m_cls_pca50	per_subclass	Lamp5 Lhx6
H20.33.004	1	0.8711649179602725	gf_v2_104m_cls_pca50	per_subclass	Lamp5 Lhx6
H20.33.005	1	0.7339314935119464	gf_v2_104m_cls_pca50	per_subclass	Lamp5 Lhx6
H20.33.008	1	0.903845377175152	gf_v2_104m_cls_pca50	per_subclass	Lamp5 Lhx6
H20.33.011	1	0.6331644393202472	gf_v2_104m_cls_pca50	per_subclass	Lamp5 Lhx6
H20.33.012	0	0.6392830156130702	gf_v2_104m_cls_pca50	per_subclass	Lamp5 Lhx6
H20.33.013	1	0.7059113761000815	gf_v2_104m_cls_pca50	per_subclass	Lamp5 Lhx6
H20.33.014	1	0.6313716128040177	gf_v2_104m_cls_pca50	per_subclass	Lamp5 Lhx6
H20.33.015	1	0.9568943886501924	gf_v2_104m_cls_pca50	per_subclass	Lamp5 Lhx6
H20.33.016	1	0.8506125214660016	gf_v2_104m_cls_pca50	per_subclass	Lamp5 Lhx6
H20.33.017	1	0.8999703415145606	gf_v2_104m_cls_pca50	per_subclass	Lamp5 Lhx6
H20.33.018	1	0.669324752154977	gf_v2_104m_cls_pca50	per_subclass	Lamp5 Lhx6
H20.33.019	1	0.9591081823621603	gf_v2_104m_cls_pca50	per_subclass	Lamp5 Lhx6
H20.33.020	1	0.8877143707412465	gf_v2_104m_cls_pca50	per_subclass	Lamp5 Lhx6
H20.33.024	1	0.32167054059641664	gf_v2_104m_cls_pca50	per_subclass	Lamp5 Lhx6
H20.33.025	1	0.49157840333649166	gf_v2_104m_cls_pca50	per_subclass	Lamp5 Lhx6
H20.33.026	1	0.7374744636615456	gf_v2_104m_cls_pca50	per_subclass	Lamp5 Lhx6
H20.33.027	1	0.8678556554227441	gf_v2_104m_cls_pca50	per_subclass	Lamp5 Lhx6
H20.33.028	1	0.7305319429721763	gf_v2_104m_cls_pca50	per_subclass	Lamp5 Lhx6
H20.33.029	1	0.4327533344097837	gf_v2_104m_cls_pca50	per_subclass	Lamp5 Lhx6
H20.33.030	1	0.9411873403260275	gf_v2_104m_cls_pca50	per_subclass	Lamp5 Lhx6
H20.33.031	1	0.5950286373761519	gf_v2_104m_cls_pca50	per_subclass	Lamp5 Lhx6
H20.33.032	1	0.5814302821483512	gf_v2_104m_cls_pca50	per_subclass	Lamp5 Lhx6
H20.33.033	1	0.9760188460898629	gf_v2_104m_cls_pca50	per_subclass	Lamp5 Lhx6
H20.33.034	1	0.8571538916565811	gf_v2_104m_cls_pca50	per_subclass	Lamp5 Lhx6
H20.33.035	0	0.2525290680845755	gf_v2_104m_cls_pca50	per_subclass	Lamp5 Lhx6
H20.33.036	1	0.8378874455845347	gf_v2_104m_cls_pca50	per_subclass	Lamp5 Lhx6
H20.33.037	1	0.8928063557871766	gf_v2_104m_cls_pca50	per_subclass	Lamp5 Lhx6
H20.33.039	1	0.47414944156532357	gf_v2_104m_cls_pca50	per_subclass	Lamp5 Lhx6
H20.33.040	1	0.5707434695204772	gf_v2_104m_cls_pca50	per_subclass	Lamp5 Lhx6
H20.33.041	1	0.7476109324320616	gf_v2_104m_cls_pca50	per_subclass	Lamp5 Lhx6
H20.33.043	1	0.6132267991949278	gf_v2_104m_cls_pca50	per_subclass	Lamp5 Lhx6
H20.33.044	0	0.3320390760072405	gf_v2_104m_cls_pca50	per_subclass	Lamp5 Lhx6
H20.33.045	1	0.9765378156082918	gf_v2_104m_cls_pca50	per_subclass	Lamp5 Lhx6
H20.33.046	1	0.8913720159113258	gf_v2_104m_cls_pca50	per_subclass	Lamp5 Lhx6
H21.33.001	0	0.3628778384480048	gf_v2_104m_cls_pca50	per_subclass	Lamp5 Lhx6
H21.33.002	1	0.2937027379781232	gf_v2_104m_cls_pca50	per_subclass	Lamp5 Lhx6
H21.33.003	0	0.7891204738722211	gf_v2_104m_cls_pca50	per_subclass	Lamp5 Lhx6
H21.33.004	0	0.535542500546759	gf_v2_104m_cls_pca50	per_subclass	Lamp5 Lhx6
H21.33.005	1	0.951476982247342	gf_v2_104m_cls_pca50	per_subclass	Lamp5 Lhx6
H21.33.006	1	0.7967527129713969	gf_v2_104m_cls_pca50	per_subclass	Lamp5 Lhx6
H21.33.007	1	0.678866712568633	gf_v2_104m_cls_pca50	per_subclass	Lamp5 Lhx6
H21.33.008	1	0.9336621245676102	gf_v2_104m_cls_pca50	per_subclass	Lamp5 Lhx6
H21.33.009	1	0.9730871544060256	gf_v2_104m_cls_pca50	per_subclass	Lamp5 Lhx6
H21.33.010	1	0.9161916383422974	gf_v2_104m_cls_pca50	per_subclass	Lamp5 Lhx6
H21.33.011	0	0.38136829425186447	gf_v2_104m_cls_pca50	per_subclass	Lamp5 Lhx6
H21.33.012	1	0.8279847979334569	gf_v2_104m_cls_pca50	per_subclass	Lamp5 Lhx6
H21.33.013	1	0.9472572076357739	gf_v2_104m_cls_pca50	per_subclass	Lamp5 Lhx6
H21.33.014	1	0.8333558228698378	gf_v2_104m_cls_pca50	per_subclass	Lamp5 Lhx6
H21.33.015	0	0.78722009045624	gf_v2_104m_cls_pca50	per_subclass	Lamp5 Lhx6
H21.33.016	0	0.5618901013318515	gf_v2_104m_cls_pca50	per_subclass	Lamp5 Lhx6
H21.33.017	1	0.7273882473632691	gf_v2_104m_cls_pca50	per_subclass	Lamp5 Lhx6
H21.33.018	0	0.6917731574167372	gf_v2_104m_cls_pca50	per_subclass	Lamp5 Lhx6
H21.33.019	0	0.4145235625202857	gf_v2_104m_cls_pca50	per_subclass	Lamp5 Lhx6
H21.33.021	1	0.48797012249345234	gf_v2_104m_cls_pca50	per_subclass	Lamp5 Lhx6
H21.33.022	1	0.8716690725273095	gf_v2_104m_cls_pca50	per_subclass	Lamp5 Lhx6
H21.33.023	0	0.6638497174980214	gf_v2_104m_cls_pca50	per_subclass	Lamp5 Lhx6
H21.33.025	1	0.6229419259461082	gf_v2_104m_cls_pca50	per_subclass	Lamp5 Lhx6
H21.33.026	1	0.8911960714555114	gf_v2_104m_cls_pca50	per_subclass	Lamp5 Lhx6
H21.33.027	1	0.32255499289643	gf_v2_104m_cls_pca50	per_subclass	Lamp5 Lhx6
H21.33.028	0	0.8626914707874704	gf_v2_104m_cls_pca50	per_subclass	Lamp5 Lhx6
H21.33.029	1	0.55303850074512	gf_v2_104m_cls_pca50	per_subclass	Lamp5 Lhx6
H21.33.030	1	0.8196574069191529	gf_v2_104m_cls_pca50	per_subclass	Lamp5 Lhx6
H21.33.031	1	0.9374875008191514	gf_v2_104m_cls_pca50	per_subclass	Lamp5 Lhx6
H21.33.032	0	0.5991311746538692	gf_v2_104m_cls_pca50	per_subclass	Lamp5 Lhx6
H21.33.033	1	0.9437909906763554	gf_v2_104m_cls_pca50	per_subclass	Lamp5 Lhx6
H21.33.034	1	0.9029946557798573	gf_v2_104m_cls_pca50	per_subclass	Lamp5 Lhx6
H21.33.035	1	0.7252527342773057	gf_v2_104m_cls_pca50	per_subclass	Lamp5 Lhx6
H21.33.036	1	0.7688591152919502	gf_v2_104m_cls_pca50	per_subclass	Lamp5 Lhx6
H21.33.037	0	0.6380566387702519	gf_v2_104m_cls_pca50	per_subclass	Lamp5 Lhx6
H21.33.038	0	0.9079779714583113	gf_v2_104m_cls_pca50	per_subclass	Lamp5 Lhx6
H21.33.039	1	0.8943007533013294	gf_v2_104m_cls_pca50	per_subclass	Lamp5 Lhx6
H21.33.040	1	0.9165922191124597	gf_v2_104m_cls_pca50	per_subclass	Lamp5 Lhx6
H21.33.041	0	0.7112073935243194	gf_v2_104m_cls_pca50	per_subclass	Lamp5 Lhx6
H21.33.042	1	0.829676621893495	gf_v2_104m_cls_pca50	per_subclass	Lamp5 Lhx6
H21.33.043	0	0.9423455918531994	gf_v2_104m_cls_pca50	per_subclass	Lamp5 Lhx6
H21.33.044	1	0.9574366941857007	gf_v2_104m_cls_pca50	per_subclass	Lamp5 Lhx6
H21.33.045	1	0.9833966825253061	gf_v2_104m_cls_pca50	per_subclass	Lamp5 Lhx6
H21.33.046	1	0.8876543375497367	gf_v2_104m_cls_pca50	per_subclass	Lamp5 Lhx6
H21.33.047	1	0.5745881466287363	gf_v2_104m_cls_pca50	per_subclass	Lamp5 Lhx6
H19.33.004	0	0.9773884404282696	gf_v2_104m_cls_pca50	per_subclass	OPC
H20.33.001	0	0.5279084198284079	gf_v2_104m_cls_pca50	per_subclass	OPC
H20.33.002	0	0.670099495465611	gf_v2_104m_cls_pca50	per_subclass	OPC
H20.33.004	1	0.6501385058351458	gf_v2_104m_cls_pca50	per_subclass	OPC
H20.33.005	1	0.673657355562756	gf_v2_104m_cls_pca50	per_subclass	OPC
H20.33.008	1	0.8418938984120089	gf_v2_104m_cls_pca50	per_subclass	OPC
H20.33.011	1	0.6649144078749597	gf_v2_104m_cls_pca50	per_subclass	OPC
H20.33.012	0	0.6658136424529645	gf_v2_104m_cls_pca50	per_subclass	OPC
H20.33.013	1	0.7902548532216045	gf_v2_104m_cls_pca50	per_subclass	OPC
H20.33.014	1	0.9317242665252314	gf_v2_104m_cls_pca50	per_subclass	OPC
H20.33.015	1	0.7903669956124475	gf_v2_104m_cls_pca50	per_subclass	OPC
H20.33.016	1	0.67536833951597	gf_v2_104m_cls_pca50	per_subclass	OPC
H20.33.017	1	0.8746142090291492	gf_v2_104m_cls_pca50	per_subclass	OPC
H20.33.018	1	0.9414361980014156	gf_v2_104m_cls_pca50	per_subclass	OPC
H20.33.019	1	0.7967827354532238	gf_v2_104m_cls_pca50	per_subclass	OPC
H20.33.020	1	0.8916507937960738	gf_v2_104m_cls_pca50	per_subclass	OPC
H20.33.024	1	0.045437711192786896	gf_v2_104m_cls_pca50	per_subclass	OPC
H20.33.025	1	0.688742932715031	gf_v2_104m_cls_pca50	per_subclass	OPC
H20.33.026	1	0.6405709382693149	gf_v2_104m_cls_pca50	per_subclass	OPC
H20.33.027	1	0.9205033431177005	gf_v2_104m_cls_pca50	per_subclass	OPC
H20.33.028	1	0.9369477648591407	gf_v2_104m_cls_pca50	per_subclass	OPC
H20.33.029	1	0.6372582216303126	gf_v2_104m_cls_pca50	per_subclass	OPC
H20.33.030	1	0.878934012014532	gf_v2_104m_cls_pca50	per_subclass	OPC
H20.33.031	1	0.7417781665410657	gf_v2_104m_cls_pca50	per_subclass	OPC
H20.33.032	1	0.5076603339875486	gf_v2_104m_cls_pca50	per_subclass	OPC
H20.33.033	1	0.9773471294244974	gf_v2_104m_cls_pca50	per_subclass	OPC
H20.33.034	1	0.9690110113828172	gf_v2_104m_cls_pca50	per_subclass	OPC
H20.33.035	0	0.9229758163677161	gf_v2_104m_cls_pca50	per_subclass	OPC
H20.33.036	1	0.9221242094715867	gf_v2_104m_cls_pca50	per_subclass	OPC
H20.33.037	1	0.9958623109588588	gf_v2_104m_cls_pca50	per_subclass	OPC
H20.33.038	1	0.5758369544799579	gf_v2_104m_cls_pca50	per_subclass	OPC
H20.33.039	1	0.5431988005705006	gf_v2_104m_cls_pca50	per_subclass	OPC
H20.33.040	1	0.612843907387824	gf_v2_104m_cls_pca50	per_subclass	OPC
H20.33.041	1	0.8449426079425356	gf_v2_104m_cls_pca50	per_subclass	OPC
H20.33.043	1	0.5364631358176322	gf_v2_104m_cls_pca50	per_subclass	OPC
H20.33.044	0	0.9137677633878065	gf_v2_104m_cls_pca50	per_subclass	OPC
H20.33.045	1	0.9943489362359154	gf_v2_104m_cls_pca50	per_subclass	OPC
H20.33.046	1	0.7737492498472395	gf_v2_104m_cls_pca50	per_subclass	OPC
H21.33.001	0	0.8145037175403644	gf_v2_104m_cls_pca50	per_subclass	OPC
H21.33.002	1	0.8419956245795882	gf_v2_104m_cls_pca50	per_subclass	OPC
H21.33.003	0	0.6569210449862597	gf_v2_104m_cls_pca50	per_subclass	OPC
H21.33.004	0	0.5279452026144653	gf_v2_104m_cls_pca50	per_subclass	OPC
H21.33.005	1	0.880672520969062	gf_v2_104m_cls_pca50	per_subclass	OPC
H21.33.006	1	0.5587365753975796	gf_v2_104m_cls_pca50	per_subclass	OPC
H21.33.007	1	0.9536303038501245	gf_v2_104m_cls_pca50	per_subclass	OPC
H21.33.008	1	0.9336354563312241	gf_v2_104m_cls_pca50	per_subclass	OPC
H21.33.009	1	0.8097357771589226	gf_v2_104m_cls_pca50	per_subclass	OPC
H21.33.010	1	0.9160886052443941	gf_v2_104m_cls_pca50	per_subclass	OPC
H21.33.011	0	0.31925992899131683	gf_v2_104m_cls_pca50	per_subclass	OPC
H21.33.012	1	0.7469875081423251	gf_v2_104m_cls_pca50	per_subclass	OPC
H21.33.013	1	0.8757557473960272	gf_v2_104m_cls_pca50	per_subclass	OPC
H21.33.014	1	0.7302940219079774	gf_v2_104m_cls_pca50	per_subclass	OPC
H21.33.015	0	0.6878235628018964	gf_v2_104m_cls_pca50	per_subclass	OPC
H21.33.016	0	0.3360937397437743	gf_v2_104m_cls_pca50	per_subclass	OPC
H21.33.017	1	0.8482367313028266	gf_v2_104m_cls_pca50	per_subclass	OPC
H21.33.018	0	0.9083736959295352	gf_v2_104m_cls_pca50	per_subclass	OPC
H21.33.019	0	0.612910798639746	gf_v2_104m_cls_pca50	per_subclass	OPC
H21.33.020	1	0.9664507304075449	gf_v2_104m_cls_pca50	per_subclass	OPC
H21.33.021	1	0.7038043209465732	gf_v2_104m_cls_pca50	per_subclass	OPC
H21.33.022	1	0.7961826042770765	gf_v2_104m_cls_pca50	per_subclass	OPC
H21.33.023	0	0.549268964202857	gf_v2_104m_cls_pca50	per_subclass	OPC
H21.33.025	1	0.9619361004597942	gf_v2_104m_cls_pca50	per_subclass	OPC
H21.33.026	1	0.8075388622163647	gf_v2_104m_cls_pca50	per_subclass	OPC
H21.33.027	1	0.7388559806300681	gf_v2_104m_cls_pca50	per_subclass	OPC
H21.33.028	0	0.5863871925873229	gf_v2_104m_cls_pca50	per_subclass	OPC
H21.33.029	1	0.8706293640309577	gf_v2_104m_cls_pca50	per_subclass	OPC
H21.33.030	1	0.8767765278186598	gf_v2_104m_cls_pca50	per_subclass	OPC
H21.33.031	1	0.8099302710547368	gf_v2_104m_cls_pca50	per_subclass	OPC
H21.33.032	0	0.48163203522865256	gf_v2_104m_cls_pca50	per_subclass	OPC
H21.33.033	1	0.8762012216954982	gf_v2_104m_cls_pca50	per_subclass	OPC
H21.33.034	1	0.9934838675297376	gf_v2_104m_cls_pca50	per_subclass	OPC
H21.33.035	1	0.930371418883649	gf_v2_104m_cls_pca50	per_subclass	OPC
H21.33.036	1	0.20085167876614998	gf_v2_104m_cls_pca50	per_subclass	OPC
H21.33.037	0	0.6393595544369141	gf_v2_104m_cls_pca50	per_subclass	OPC
H21.33.038	0	0.8932318174714544	gf_v2_104m_cls_pca50	per_subclass	OPC
H21.33.039	1	0.9283940915736292	gf_v2_104m_cls_pca50	per_subclass	OPC
H21.33.040	1	0.9689259720920328	gf_v2_104m_cls_pca50	per_subclass	OPC
H21.33.041	0	0.40666146768160594	gf_v2_104m_cls_pca50	per_subclass	OPC
H21.33.042	1	0.17685463628096587	gf_v2_104m_cls_pca50	per_subclass	OPC
H21.33.043	0	0.8103286616669514	gf_v2_104m_cls_pca50	per_subclass	OPC
H21.33.044	1	0.9551191283795862	gf_v2_104m_cls_pca50	per_subclass	OPC
H21.33.045	1	0.9953867616686513	gf_v2_104m_cls_pca50	per_subclass	OPC
H21.33.046	1	0.9124060045142169	gf_v2_104m_cls_pca50	per_subclass	OPC
H21.33.047	1	0.321632659437299	gf_v2_104m_cls_pca50	per_subclass	OPC
H19.33.004	0	0.9374764165930763	gf_v2_104m_cls_pca50	per_subclass	Oligodendrocyte
H20.33.001	0	0.39329244366939764	gf_v2_104m_cls_pca50	per_subclass	Oligodendrocyte
H20.33.002	0	0.7830959571255065	gf_v2_104m_cls_pca50	per_subclass	Oligodendrocyte
H20.33.004	1	0.27145292111120406	gf_v2_104m_cls_pca50	per_subclass	Oligodendrocyte
H20.33.005	1	0.9349074629563134	gf_v2_104m_cls_pca50	per_subclass	Oligodendrocyte
H20.33.008	1	0.6256716498167894	gf_v2_104m_cls_pca50	per_subclass	Oligodendrocyte
H20.33.011	1	0.839002481554	gf_v2_104m_cls_pca50	per_subclass	Oligodendrocyte
H20.33.012	0	0.8241093893405363	gf_v2_104m_cls_pca50	per_subclass	Oligodendrocyte
H20.33.013	1	0.7514313849886343	gf_v2_104m_cls_pca50	per_subclass	Oligodendrocyte
H20.33.014	1	0.8161783036176479	gf_v2_104m_cls_pca50	per_subclass	Oligodendrocyte
H20.33.015	1	0.8576686407551497	gf_v2_104m_cls_pca50	per_subclass	Oligodendrocyte
H20.33.016	1	0.4487740549767132	gf_v2_104m_cls_pca50	per_subclass	Oligodendrocyte
H20.33.017	1	0.8456297277843495	gf_v2_104m_cls_pca50	per_subclass	Oligodendrocyte
H20.33.018	1	0.9748697057163008	gf_v2_104m_cls_pca50	per_subclass	Oligodendrocyte
H20.33.019	1	0.8639375013062672	gf_v2_104m_cls_pca50	per_subclass	Oligodendrocyte
H20.33.020	1	0.9135498734353342	gf_v2_104m_cls_pca50	per_subclass	Oligodendrocyte
H20.33.024	1	0.35837726032553885	gf_v2_104m_cls_pca50	per_subclass	Oligodendrocyte
H20.33.025	1	0.5398619192233692	gf_v2_104m_cls_pca50	per_subclass	Oligodendrocyte
H20.33.026	1	0.8800821757835408	gf_v2_104m_cls_pca50	per_subclass	Oligodendrocyte
H20.33.027	1	0.8768625191145818	gf_v2_104m_cls_pca50	per_subclass	Oligodendrocyte
H20.33.028	1	0.9353207119741633	gf_v2_104m_cls_pca50	per_subclass	Oligodendrocyte
H20.33.029	1	0.8680308482852462	gf_v2_104m_cls_pca50	per_subclass	Oligodendrocyte
H20.33.030	1	0.7260349970584913	gf_v2_104m_cls_pca50	per_subclass	Oligodendrocyte
H20.33.031	1	0.45778195576137737	gf_v2_104m_cls_pca50	per_subclass	Oligodendrocyte
H20.33.032	1	0.6459268176926889	gf_v2_104m_cls_pca50	per_subclass	Oligodendrocyte
H20.33.033	1	0.8260799655414338	gf_v2_104m_cls_pca50	per_subclass	Oligodendrocyte
H20.33.034	1	0.8776589838681227	gf_v2_104m_cls_pca50	per_subclass	Oligodendrocyte
H20.33.035	0	0.5185234198443377	gf_v2_104m_cls_pca50	per_subclass	Oligodendrocyte
H20.33.036	1	0.9600211112741468	gf_v2_104m_cls_pca50	per_subclass	Oligodendrocyte
H20.33.037	1	0.9904345549080691	gf_v2_104m_cls_pca50	per_subclass	Oligodendrocyte
H20.33.038	1	0.8155742759672459	gf_v2_104m_cls_pca50	per_subclass	Oligodendrocyte
H20.33.039	1	0.7699727782487819	gf_v2_104m_cls_pca50	per_subclass	Oligodendrocyte
H20.33.040	1	0.9595155723441735	gf_v2_104m_cls_pca50	per_subclass	Oligodendrocyte
H20.33.041	1	0.8978291772117573	gf_v2_104m_cls_pca50	per_subclass	Oligodendrocyte
H20.33.043	1	0.6972783439610377	gf_v2_104m_cls_pca50	per_subclass	Oligodendrocyte
H20.33.044	0	0.8189021372314487	gf_v2_104m_cls_pca50	per_subclass	Oligodendrocyte
H20.33.045	1	0.9531538315988177	gf_v2_104m_cls_pca50	per_subclass	Oligodendrocyte
H20.33.046	1	0.7282463328097842	gf_v2_104m_cls_pca50	per_subclass	Oligodendrocyte
H21.33.001	0	0.9791292823769447	gf_v2_104m_cls_pca50	per_subclass	Oligodendrocyte
H21.33.002	1	0.8946178287030527	gf_v2_104m_cls_pca50	per_subclass	Oligodendrocyte
H21.33.003	0	0.7139429950298475	gf_v2_104m_cls_pca50	per_subclass	Oligodendrocyte
H21.33.004	0	0.4581045483019805	gf_v2_104m_cls_pca50	per_subclass	Oligodendrocyte
H21.33.005	1	0.6516827777869698	gf_v2_104m_cls_pca50	per_subclass	Oligodendrocyte
H21.33.006	1	0.8629308054845086	gf_v2_104m_cls_pca50	per_subclass	Oligodendrocyte
H21.33.007	1	0.9623573447242384	gf_v2_104m_cls_pca50	per_subclass	Oligodendrocyte
H21.33.008	1	0.8430214352072782	gf_v2_104m_cls_pca50	per_subclass	Oligodendrocyte
H21.33.009	1	0.9942193170455507	gf_v2_104m_cls_pca50	per_subclass	Oligodendrocyte
H21.33.010	1	0.7622971838173979	gf_v2_104m_cls_pca50	per_subclass	Oligodendrocyte
H21.33.011	0	0.09721723606028732	gf_v2_104m_cls_pca50	per_subclass	Oligodendrocyte
H21.33.012	1	0.6987807094999405	gf_v2_104m_cls_pca50	per_subclass	Oligodendrocyte
H21.33.013	1	0.9423661446980651	gf_v2_104m_cls_pca50	per_subclass	Oligodendrocyte
H21.33.014	1	0.736045112701618	gf_v2_104m_cls_pca50	per_subclass	Oligodendrocyte
H21.33.015	0	0.45072317724094424	gf_v2_104m_cls_pca50	per_subclass	Oligodendrocyte
H21.33.016	0	0.23999113576277703	gf_v2_104m_cls_pca50	per_subclass	Oligodendrocyte
H21.33.017	1	0.8781942353758133	gf_v2_104m_cls_pca50	per_subclass	Oligodendrocyte
H21.33.018	0	0.7917984882775291	gf_v2_104m_cls_pca50	per_subclass	Oligodendrocyte
H21.33.019	0	0.6125194197060997	gf_v2_104m_cls_pca50	per_subclass	Oligodendrocyte
H21.33.020	1	0.9452713836280969	gf_v2_104m_cls_pca50	per_subclass	Oligodendrocyte
H21.33.021	1	0.9223146610357158	gf_v2_104m_cls_pca50	per_subclass	Oligodendrocyte
H21.33.022	1	0.4142340571010812	gf_v2_104m_cls_pca50	per_subclass	Oligodendrocyte
H21.33.023	0	0.500240923850639	gf_v2_104m_cls_pca50	per_subclass	Oligodendrocyte
H21.33.025	1	0.9424026977342036	gf_v2_104m_cls_pca50	per_subclass	Oligodendrocyte
H21.33.026	1	0.3296737008250309	gf_v2_104m_cls_pca50	per_subclass	Oligodendrocyte
H21.33.027	1	0.49654256170009214	gf_v2_104m_cls_pca50	per_subclass	Oligodendrocyte
H21.33.028	0	0.6474291706782147	gf_v2_104m_cls_pca50	per_subclass	Oligodendrocyte
H21.33.029	1	0.8113600746123181	gf_v2_104m_cls_pca50	per_subclass	Oligodendrocyte
H21.33.030	1	0.6403447030440697	gf_v2_104m_cls_pca50	per_subclass	Oligodendrocyte
H21.33.031	1	0.9257672899721898	gf_v2_104m_cls_pca50	per_subclass	Oligodendrocyte
H21.33.032	0	0.5958041615627276	gf_v2_104m_cls_pca50	per_subclass	Oligodendrocyte
H21.33.033	1	0.9265544284416064	gf_v2_104m_cls_pca50	per_subclass	Oligodendrocyte
H21.33.034	1	0.9897271295642026	gf_v2_104m_cls_pca50	per_subclass	Oligodendrocyte
H21.33.035	1	0.827980163794661	gf_v2_104m_cls_pca50	per_subclass	Oligodendrocyte
H21.33.036	1	0.24237065297498014	gf_v2_104m_cls_pca50	per_subclass	Oligodendrocyte
H21.33.037	0	0.8342674159680893	gf_v2_104m_cls_pca50	per_subclass	Oligodendrocyte
H21.33.038	0	0.7032710204093309	gf_v2_104m_cls_pca50	per_subclass	Oligodendrocyte
H21.33.039	1	0.8973650180188969	gf_v2_104m_cls_pca50	per_subclass	Oligodendrocyte
H21.33.040	1	0.5760377096593003	gf_v2_104m_cls_pca50	per_subclass	Oligodendrocyte
H21.33.041	0	0.7723380388023511	gf_v2_104m_cls_pca50	per_subclass	Oligodendrocyte
H21.33.042	1	0.705396359062308	gf_v2_104m_cls_pca50	per_subclass	Oligodendrocyte
H21.33.043	0	0.8024608360693634	gf_v2_104m_cls_pca50	per_subclass	Oligodendrocyte
H21.33.044	1	0.9328568028940218	gf_v2_104m_cls_pca50	per_subclass	Oligodendrocyte
H21.33.045	1	0.9807480061952301	gf_v2_104m_cls_pca50	per_subclass	Oligodendrocyte
H21.33.046	1	0.9648619332916095	gf_v2_104m_cls_pca50	per_subclass	Oligodendrocyte
H21.33.047	1	0.9216588580792744	gf_v2_104m_cls_pca50	per_subclass	Oligodendrocyte
H19.33.004	0	0.8276143657329884	gf_v2_104m_cls_pca50	per_subclass	Pax6
H20.33.001	0	0.7896449729959927	gf_v2_104m_cls_pca50	per_subclass	Pax6
H20.33.002	0	0.6257900571141388	gf_v2_104m_cls_pca50	per_subclass	Pax6
H20.33.004	1	0.9127344756913371	gf_v2_104m_cls_pca50	per_subclass	Pax6
H20.33.005	1	0.8511926920761483	gf_v2_104m_cls_pca50	per_subclass	Pax6
H20.33.008	1	0.8388128329299386	gf_v2_104m_cls_pca50	per_subclass	Pax6
H20.33.011	1	0.4913816805276099	gf_v2_104m_cls_pca50	per_subclass	Pax6
H20.33.012	0	0.6450178467827354	gf_v2_104m_cls_pca50	per_subclass	Pax6
H20.33.013	1	0.8061751313291238	gf_v2_104m_cls_pca50	per_subclass	Pax6
H20.33.014	1	0.20684516125353544	gf_v2_104m_cls_pca50	per_subclass	Pax6
H20.33.015	1	0.778355774407548	gf_v2_104m_cls_pca50	per_subclass	Pax6
H20.33.016	1	0.8765146218952994	gf_v2_104m_cls_pca50	per_subclass	Pax6
H20.33.017	1	0.9421208099590453	gf_v2_104m_cls_pca50	per_subclass	Pax6
H20.33.018	1	0.9004410647544752	gf_v2_104m_cls_pca50	per_subclass	Pax6
H20.33.019	1	0.8859264225223512	gf_v2_104m_cls_pca50	per_subclass	Pax6
H20.33.020	1	0.8169099109349043	gf_v2_104m_cls_pca50	per_subclass	Pax6
H20.33.024	1	0.15687262723826387	gf_v2_104m_cls_pca50	per_subclass	Pax6
H20.33.025	1	0.8593545999438824	gf_v2_104m_cls_pca50	per_subclass	Pax6
H20.33.026	1	0.5187567728102851	gf_v2_104m_cls_pca50	per_subclass	Pax6
H20.33.027	1	0.8963705951057992	gf_v2_104m_cls_pca50	per_subclass	Pax6
H20.33.028	1	0.9796043479227923	gf_v2_104m_cls_pca50	per_subclass	Pax6
H20.33.029	1	0.5645540319180309	gf_v2_104m_cls_pca50	per_subclass	Pax6
H20.33.030	1	0.930663071197704	gf_v2_104m_cls_pca50	per_subclass	Pax6
H20.33.031	1	0.6589637301121791	gf_v2_104m_cls_pca50	per_subclass	Pax6
H20.33.032	1	0.7793597141453846	gf_v2_104m_cls_pca50	per_subclass	Pax6
H20.33.033	1	0.9472191545518225	gf_v2_104m_cls_pca50	per_subclass	Pax6
H20.33.034	1	0.6550258971883423	gf_v2_104m_cls_pca50	per_subclass	Pax6
H20.33.035	0	0.5024000284139319	gf_v2_104m_cls_pca50	per_subclass	Pax6
H20.33.036	1	0.8618661659947964	gf_v2_104m_cls_pca50	per_subclass	Pax6
H20.33.037	1	0.9297946842153308	gf_v2_104m_cls_pca50	per_subclass	Pax6
H20.33.039	1	0.42818548353211805	gf_v2_104m_cls_pca50	per_subclass	Pax6
H20.33.040	1	0.8221845760886429	gf_v2_104m_cls_pca50	per_subclass	Pax6
H20.33.041	1	0.6099844351959139	gf_v2_104m_cls_pca50	per_subclass	Pax6
H20.33.043	1	0.5285358202704817	gf_v2_104m_cls_pca50	per_subclass	Pax6
H20.33.044	0	0.5974545042874787	gf_v2_104m_cls_pca50	per_subclass	Pax6
H20.33.045	1	0.8828792364072804	gf_v2_104m_cls_pca50	per_subclass	Pax6
H20.33.046	1	0.9254555477357922	gf_v2_104m_cls_pca50	per_subclass	Pax6
H21.33.001	0	0.4949492902778797	gf_v2_104m_cls_pca50	per_subclass	Pax6
H21.33.002	1	0.6615164110144145	gf_v2_104m_cls_pca50	per_subclass	Pax6
H21.33.003	0	0.7619771648868199	gf_v2_104m_cls_pca50	per_subclass	Pax6
H21.33.004	0	0.4504264473918151	gf_v2_104m_cls_pca50	per_subclass	Pax6
H21.33.005	1	0.7839981213133463	gf_v2_104m_cls_pca50	per_subclass	Pax6
H21.33.006	1	0.775863727234811	gf_v2_104m_cls_pca50	per_subclass	Pax6
H21.33.007	1	0.7393987963228309	gf_v2_104m_cls_pca50	per_subclass	Pax6
H21.33.008	1	0.4018590902118645	gf_v2_104m_cls_pca50	per_subclass	Pax6
H21.33.009	1	0.977442052497955	gf_v2_104m_cls_pca50	per_subclass	Pax6
H21.33.010	1	0.8934479198450997	gf_v2_104m_cls_pca50	per_subclass	Pax6
H21.33.011	0	0.1081188307629171	gf_v2_104m_cls_pca50	per_subclass	Pax6
H21.33.012	1	0.9419001980129826	gf_v2_104m_cls_pca50	per_subclass	Pax6
H21.33.013	1	0.9763437012533579	gf_v2_104m_cls_pca50	per_subclass	Pax6
H21.33.014	1	0.6779578088084812	gf_v2_104m_cls_pca50	per_subclass	Pax6
H21.33.015	0	0.3024588567413487	gf_v2_104m_cls_pca50	per_subclass	Pax6
H21.33.016	0	0.5915850653147174	gf_v2_104m_cls_pca50	per_subclass	Pax6
H21.33.017	1	0.6127482738709992	gf_v2_104m_cls_pca50	per_subclass	Pax6
H21.33.018	0	0.7677144099221522	gf_v2_104m_cls_pca50	per_subclass	Pax6
H21.33.019	0	0.721309129377145	gf_v2_104m_cls_pca50	per_subclass	Pax6
H21.33.021	1	0.5657906404365327	gf_v2_104m_cls_pca50	per_subclass	Pax6
H21.33.022	1	0.7722238952957513	gf_v2_104m_cls_pca50	per_subclass	Pax6
H21.33.023	0	0.5712543519981618	gf_v2_104m_cls_pca50	per_subclass	Pax6
H21.33.025	1	0.7437521960692262	gf_v2_104m_cls_pca50	per_subclass	Pax6
H21.33.026	1	0.8348525674476459	gf_v2_104m_cls_pca50	per_subclass	Pax6
H21.33.027	1	0.6240214071963222	gf_v2_104m_cls_pca50	per_subclass	Pax6
H21.33.028	0	0.9382779228247031	gf_v2_104m_cls_pca50	per_subclass	Pax6
H21.33.029	1	0.8831471294832024	gf_v2_104m_cls_pca50	per_subclass	Pax6
H21.33.030	1	0.5571172985172383	gf_v2_104m_cls_pca50	per_subclass	Pax6
H21.33.031	1	0.6252406843727487	gf_v2_104m_cls_pca50	per_subclass	Pax6
H21.33.032	0	0.1605496159214092	gf_v2_104m_cls_pca50	per_subclass	Pax6
H21.33.033	1	0.9890193121997598	gf_v2_104m_cls_pca50	per_subclass	Pax6
H21.33.034	1	0.9447580142096967	gf_v2_104m_cls_pca50	per_subclass	Pax6
H21.33.035	1	0.8890835243872258	gf_v2_104m_cls_pca50	per_subclass	Pax6
H21.33.036	1	0.9172681625616222	gf_v2_104m_cls_pca50	per_subclass	Pax6
H21.33.037	0	0.7142908705718221	gf_v2_104m_cls_pca50	per_subclass	Pax6
H21.33.038	0	0.8972529099427383	gf_v2_104m_cls_pca50	per_subclass	Pax6
H21.33.039	1	0.9672841285619926	gf_v2_104m_cls_pca50	per_subclass	Pax6
H21.33.040	1	0.9299403505320664	gf_v2_104m_cls_pca50	per_subclass	Pax6
H21.33.041	0	0.8999482123413378	gf_v2_104m_cls_pca50	per_subclass	Pax6
H21.33.042	1	0.9042784267486723	gf_v2_104m_cls_pca50	per_subclass	Pax6
H21.33.043	0	0.8934292762417264	gf_v2_104m_cls_pca50	per_subclass	Pax6
H21.33.044	1	0.9902244301116495	gf_v2_104m_cls_pca50	per_subclass	Pax6
H21.33.045	1	0.9401838978967915	gf_v2_104m_cls_pca50	per_subclass	Pax6
H21.33.046	1	0.870875887046249	gf_v2_104m_cls_pca50	per_subclass	Pax6
H21.33.047	1	0.6913162241594388	gf_v2_104m_cls_pca50	per_subclass	Pax6
H19.33.004	0	0.949069127369804	gf_v2_104m_cls_pca50	per_subclass	Pvalb
H20.33.001	0	0.5278076634296924	gf_v2_104m_cls_pca50	per_subclass	Pvalb
H20.33.002	0	0.7729763599580319	gf_v2_104m_cls_pca50	per_subclass	Pvalb
H20.33.004	1	0.6518868881793696	gf_v2_104m_cls_pca50	per_subclass	Pvalb
H20.33.005	1	0.8883265127036646	gf_v2_104m_cls_pca50	per_subclass	Pvalb
H20.33.008	1	0.39171866511749637	gf_v2_104m_cls_pca50	per_subclass	Pvalb
H20.33.011	1	0.5737881514815294	gf_v2_104m_cls_pca50	per_subclass	Pvalb
H20.33.012	0	0.7916705772624011	gf_v2_104m_cls_pca50	per_subclass	Pvalb
H20.33.013	1	0.5850455438402582	gf_v2_104m_cls_pca50	per_subclass	Pvalb
H20.33.014	1	0.46832066355553115	gf_v2_104m_cls_pca50	per_subclass	Pvalb
H20.33.015	1	0.89566050243033	gf_v2_104m_cls_pca50	per_subclass	Pvalb
H20.33.016	1	0.7060324467316482	gf_v2_104m_cls_pca50	per_subclass	Pvalb
H20.33.017	1	0.6991801222017532	gf_v2_104m_cls_pca50	per_subclass	Pvalb
H20.33.018	1	0.7719017665240516	gf_v2_104m_cls_pca50	per_subclass	Pvalb
H20.33.019	1	0.9556130363850158	gf_v2_104m_cls_pca50	per_subclass	Pvalb
H20.33.020	1	0.8635086838488283	gf_v2_104m_cls_pca50	per_subclass	Pvalb
H20.33.024	1	0.8852702308903453	gf_v2_104m_cls_pca50	per_subclass	Pvalb
H20.33.025	1	0.20974107211418444	gf_v2_104m_cls_pca50	per_subclass	Pvalb
H20.33.026	1	0.7268911875911643	gf_v2_104m_cls_pca50	per_subclass	Pvalb
H20.33.027	1	0.8540575217795057	gf_v2_104m_cls_pca50	per_subclass	Pvalb
H20.33.028	1	0.9544035631037712	gf_v2_104m_cls_pca50	per_subclass	Pvalb
H20.33.029	1	0.5324475853777585	gf_v2_104m_cls_pca50	per_subclass	Pvalb
H20.33.030	1	0.8839485591216911	gf_v2_104m_cls_pca50	per_subclass	Pvalb
H20.33.031	1	0.5589214548652339	gf_v2_104m_cls_pca50	per_subclass	Pvalb
H20.33.032	1	0.3797251597160385	gf_v2_104m_cls_pca50	per_subclass	Pvalb
H20.33.033	1	0.9844147208123367	gf_v2_104m_cls_pca50	per_subclass	Pvalb
H20.33.034	1	0.7459689975537828	gf_v2_104m_cls_pca50	per_subclass	Pvalb
H20.33.035	0	0.802821869582394	gf_v2_104m_cls_pca50	per_subclass	Pvalb
H20.33.036	1	0.8287082065658025	gf_v2_104m_cls_pca50	per_subclass	Pvalb
H20.33.037	1	0.9693270684093843	gf_v2_104m_cls_pca50	per_subclass	Pvalb
H20.33.038	1	0.8505990479966312	gf_v2_104m_cls_pca50	per_subclass	Pvalb
H20.33.039	1	0.4227401970152453	gf_v2_104m_cls_pca50	per_subclass	Pvalb
H20.33.040	1	0.533147328775018	gf_v2_104m_cls_pca50	per_subclass	Pvalb
H20.33.041	1	0.5149066617175823	gf_v2_104m_cls_pca50	per_subclass	Pvalb
H20.33.043	1	0.5219690896865566	gf_v2_104m_cls_pca50	per_subclass	Pvalb
H20.33.044	0	0.8883532522527761	gf_v2_104m_cls_pca50	per_subclass	Pvalb
H20.33.045	1	0.940939110183265	gf_v2_104m_cls_pca50	per_subclass	Pvalb
H20.33.046	1	0.9131385479686118	gf_v2_104m_cls_pca50	per_subclass	Pvalb
H21.33.001	0	0.9467537903243285	gf_v2_104m_cls_pca50	per_subclass	Pvalb
H21.33.002	1	0.5080284416578877	gf_v2_104m_cls_pca50	per_subclass	Pvalb
H21.33.003	0	0.7645656810700535	gf_v2_104m_cls_pca50	per_subclass	Pvalb
H21.33.004	0	0.741378730956055	gf_v2_104m_cls_pca50	per_subclass	Pvalb
H21.33.005	1	0.8861292391053904	gf_v2_104m_cls_pca50	per_subclass	Pvalb
H21.33.006	1	0.7271766883960031	gf_v2_104m_cls_pca50	per_subclass	Pvalb
H21.33.007	1	0.7960189759910972	gf_v2_104m_cls_pca50	per_subclass	Pvalb
H21.33.008	1	0.9064281365931246	gf_v2_104m_cls_pca50	per_subclass	Pvalb
H21.33.009	1	0.9319126052445539	gf_v2_104m_cls_pca50	per_subclass	Pvalb
H21.33.010	1	0.8206705702722135	gf_v2_104m_cls_pca50	per_subclass	Pvalb
H21.33.011	0	0.1116004598282333	gf_v2_104m_cls_pca50	per_subclass	Pvalb
H21.33.012	1	0.6657435031414733	gf_v2_104m_cls_pca50	per_subclass	Pvalb
H21.33.013	1	0.963138500538775	gf_v2_104m_cls_pca50	per_subclass	Pvalb
H21.33.014	1	0.8684070588622763	gf_v2_104m_cls_pca50	per_subclass	Pvalb
H21.33.015	0	0.533174962820722	gf_v2_104m_cls_pca50	per_subclass	Pvalb
H21.33.016	0	0.6622361604907875	gf_v2_104m_cls_pca50	per_subclass	Pvalb
H21.33.017	1	0.8372250346407389	gf_v2_104m_cls_pca50	per_subclass	Pvalb
H21.33.018	0	0.6593617772803672	gf_v2_104m_cls_pca50	per_subclass	Pvalb
H21.33.019	0	0.6533680450048418	gf_v2_104m_cls_pca50	per_subclass	Pvalb
H21.33.021	1	0.6748239596110267	gf_v2_104m_cls_pca50	per_subclass	Pvalb
H21.33.022	1	0.7262028021814257	gf_v2_104m_cls_pca50	per_subclass	Pvalb
H21.33.023	0	0.6551010159344373	gf_v2_104m_cls_pca50	per_subclass	Pvalb
H21.33.025	1	0.8750884689677394	gf_v2_104m_cls_pca50	per_subclass	Pvalb
H21.33.026	1	0.8709520072829873	gf_v2_104m_cls_pca50	per_subclass	Pvalb
H21.33.027	1	0.640142467025281	gf_v2_104m_cls_pca50	per_subclass	Pvalb
H21.33.028	0	0.7738257996043499	gf_v2_104m_cls_pca50	per_subclass	Pvalb
H21.33.029	1	0.8875577733096511	gf_v2_104m_cls_pca50	per_subclass	Pvalb
H21.33.030	1	0.7827905360496035	gf_v2_104m_cls_pca50	per_subclass	Pvalb
H21.33.031	1	0.6661039350164948	gf_v2_104m_cls_pca50	per_subclass	Pvalb
H21.33.032	0	0.5292176177731343	gf_v2_104m_cls_pca50	per_subclass	Pvalb
H21.33.033	1	0.9691249065524168	gf_v2_104m_cls_pca50	per_subclass	Pvalb
H21.33.034	1	0.9903990825224118	gf_v2_104m_cls_pca50	per_subclass	Pvalb
H21.33.035	1	0.8698011438609307	gf_v2_104m_cls_pca50	per_subclass	Pvalb
H21.33.036	1	0.6700483380112414	gf_v2_104m_cls_pca50	per_subclass	Pvalb
H21.33.037	0	0.6434752843151438	gf_v2_104m_cls_pca50	per_subclass	Pvalb
H21.33.038	0	0.7890981445148982	gf_v2_104m_cls_pca50	per_subclass	Pvalb
H21.33.039	1	0.9170875461820591	gf_v2_104m_cls_pca50	per_subclass	Pvalb
H21.33.040	1	0.9202101064863271	gf_v2_104m_cls_pca50	per_subclass	Pvalb
H21.33.041	0	0.7598678657704615	gf_v2_104m_cls_pca50	per_subclass	Pvalb
H21.33.042	1	0.881042693193651	gf_v2_104m_cls_pca50	per_subclass	Pvalb
H21.33.043	0	0.9064281737562576	gf_v2_104m_cls_pca50	per_subclass	Pvalb
H21.33.044	1	0.9495883639379785	gf_v2_104m_cls_pca50	per_subclass	Pvalb
H21.33.045	1	0.9657430829487547	gf_v2_104m_cls_pca50	per_subclass	Pvalb
H21.33.046	1	0.8404114437381004	gf_v2_104m_cls_pca50	per_subclass	Pvalb
H21.33.047	1	0.6045846087884907	gf_v2_104m_cls_pca50	per_subclass	Pvalb
H19.33.004	0	0.9636040809427163	gf_v2_104m_cls_pca50	per_subclass	Sncg
H20.33.001	0	0.7741175740111074	gf_v2_104m_cls_pca50	per_subclass	Sncg
H20.33.002	0	0.7827177301847976	gf_v2_104m_cls_pca50	per_subclass	Sncg
H20.33.004	1	0.6164007342042682	gf_v2_104m_cls_pca50	per_subclass	Sncg
H20.33.005	1	0.8352177216307162	gf_v2_104m_cls_pca50	per_subclass	Sncg
H20.33.008	1	0.5027152369379884	gf_v2_104m_cls_pca50	per_subclass	Sncg
H20.33.011	1	0.7079722882721732	gf_v2_104m_cls_pca50	per_subclass	Sncg
H20.33.012	0	0.5362487592810767	gf_v2_104m_cls_pca50	per_subclass	Sncg
H20.33.013	1	0.6577203469306935	gf_v2_104m_cls_pca50	per_subclass	Sncg
H20.33.014	1	0.5483179062529209	gf_v2_104m_cls_pca50	per_subclass	Sncg
H20.33.015	1	0.7811783899810838	gf_v2_104m_cls_pca50	per_subclass	Sncg
H20.33.016	1	0.7538840533978602	gf_v2_104m_cls_pca50	per_subclass	Sncg
H20.33.017	1	0.8346632491140541	gf_v2_104m_cls_pca50	per_subclass	Sncg
H20.33.018	1	0.564869761681697	gf_v2_104m_cls_pca50	per_subclass	Sncg
H20.33.019	1	0.5467721342824324	gf_v2_104m_cls_pca50	per_subclass	Sncg
H20.33.020	1	0.9440328324737942	gf_v2_104m_cls_pca50	per_subclass	Sncg
H20.33.024	1	0.4892258927013726	gf_v2_104m_cls_pca50	per_subclass	Sncg
H20.33.025	1	0.7304084341556373	gf_v2_104m_cls_pca50	per_subclass	Sncg
H20.33.026	1	0.9459097097677084	gf_v2_104m_cls_pca50	per_subclass	Sncg
H20.33.027	1	0.8272661723594025	gf_v2_104m_cls_pca50	per_subclass	Sncg
H20.33.028	1	0.9592925571448607	gf_v2_104m_cls_pca50	per_subclass	Sncg
H20.33.029	1	0.8802670838793251	gf_v2_104m_cls_pca50	per_subclass	Sncg
H20.33.030	1	0.8432277575335314	gf_v2_104m_cls_pca50	per_subclass	Sncg
H20.33.031	1	0.8300169135164485	gf_v2_104m_cls_pca50	per_subclass	Sncg
H20.33.032	1	0.5529169418150723	gf_v2_104m_cls_pca50	per_subclass	Sncg
H20.33.033	1	0.9671771476376536	gf_v2_104m_cls_pca50	per_subclass	Sncg
H20.33.034	1	0.739750590743961	gf_v2_104m_cls_pca50	per_subclass	Sncg
H20.33.035	0	0.6248671627145036	gf_v2_104m_cls_pca50	per_subclass	Sncg
H20.33.036	1	0.8973641529616911	gf_v2_104m_cls_pca50	per_subclass	Sncg
H20.33.037	1	0.9591290836051591	gf_v2_104m_cls_pca50	per_subclass	Sncg
H20.33.038	1	0.9173115898660198	gf_v2_104m_cls_pca50	per_subclass	Sncg
H20.33.039	1	0.30248038790862697	gf_v2_104m_cls_pca50	per_subclass	Sncg
H20.33.040	1	0.4610550666925516	gf_v2_104m_cls_pca50	per_subclass	Sncg
H20.33.041	1	0.8697975377638822	gf_v2_104m_cls_pca50	per_subclass	Sncg
H20.33.043	1	0.4319643458886813	gf_v2_104m_cls_pca50	per_subclass	Sncg
H20.33.044	0	0.49238348953755884	gf_v2_104m_cls_pca50	per_subclass	Sncg
H20.33.045	1	0.9767251298051086	gf_v2_104m_cls_pca50	per_subclass	Sncg
H20.33.046	1	0.9652417595800854	gf_v2_104m_cls_pca50	per_subclass	Sncg
H21.33.001	0	0.80894406182793	gf_v2_104m_cls_pca50	per_subclass	Sncg
H21.33.002	1	0.8050584725253724	gf_v2_104m_cls_pca50	per_subclass	Sncg
H21.33.003	0	0.8195349551974875	gf_v2_104m_cls_pca50	per_subclass	Sncg
H21.33.004	0	0.6059885146651094	gf_v2_104m_cls_pca50	per_subclass	Sncg
H21.33.005	1	0.8927878308103931	gf_v2_104m_cls_pca50	per_subclass	Sncg
H21.33.006	1	0.744228168161894	gf_v2_104m_cls_pca50	per_subclass	Sncg
H21.33.007	1	0.6979266437514192	gf_v2_104m_cls_pca50	per_subclass	Sncg
H21.33.008	1	0.25641849735676175	gf_v2_104m_cls_pca50	per_subclass	Sncg
H21.33.009	1	0.9200016462474926	gf_v2_104m_cls_pca50	per_subclass	Sncg
H21.33.010	1	0.9294925059986499	gf_v2_104m_cls_pca50	per_subclass	Sncg
H21.33.011	0	0.27981943082932986	gf_v2_104m_cls_pca50	per_subclass	Sncg
H21.33.012	1	0.6744633274146249	gf_v2_104m_cls_pca50	per_subclass	Sncg
H21.33.013	1	0.9088630556304356	gf_v2_104m_cls_pca50	per_subclass	Sncg
H21.33.014	1	0.5297336821238227	gf_v2_104m_cls_pca50	per_subclass	Sncg
H21.33.015	0	0.4326789512763911	gf_v2_104m_cls_pca50	per_subclass	Sncg
H21.33.016	0	0.9043081024411365	gf_v2_104m_cls_pca50	per_subclass	Sncg
H21.33.017	1	0.7840866890451927	gf_v2_104m_cls_pca50	per_subclass	Sncg
H21.33.018	0	0.6683078684399655	gf_v2_104m_cls_pca50	per_subclass	Sncg
H21.33.019	0	0.5025935128351408	gf_v2_104m_cls_pca50	per_subclass	Sncg
H21.33.021	1	0.5519051272083789	gf_v2_104m_cls_pca50	per_subclass	Sncg
H21.33.022	1	0.8252682485751729	gf_v2_104m_cls_pca50	per_subclass	Sncg
H21.33.023	0	0.5049427125437587	gf_v2_104m_cls_pca50	per_subclass	Sncg
H21.33.025	1	0.9101925957565996	gf_v2_104m_cls_pca50	per_subclass	Sncg
H21.33.026	1	0.7308962896806112	gf_v2_104m_cls_pca50	per_subclass	Sncg
H21.33.027	1	0.525089914776876	gf_v2_104m_cls_pca50	per_subclass	Sncg
H21.33.028	0	0.8362804929472161	gf_v2_104m_cls_pca50	per_subclass	Sncg
H21.33.029	1	0.8763586278678831	gf_v2_104m_cls_pca50	per_subclass	Sncg
H21.33.030	1	0.7559447798502006	gf_v2_104m_cls_pca50	per_subclass	Sncg
H21.33.031	1	0.49627940019525435	gf_v2_104m_cls_pca50	per_subclass	Sncg
H21.33.032	0	0.7007890594957019	gf_v2_104m_cls_pca50	per_subclass	Sncg
H21.33.033	1	0.9885266074948544	gf_v2_104m_cls_pca50	per_subclass	Sncg
H21.33.034	1	0.9972121855457449	gf_v2_104m_cls_pca50	per_subclass	Sncg
H21.33.035	1	0.6982409718728719	gf_v2_104m_cls_pca50	per_subclass	Sncg
H21.33.036	1	0.4150451685046253	gf_v2_104m_cls_pca50	per_subclass	Sncg
H21.33.037	0	0.8381846410169305	gf_v2_104m_cls_pca50	per_subclass	Sncg
H21.33.038	0	0.7050246287026827	gf_v2_104m_cls_pca50	per_subclass	Sncg
H21.33.039	1	0.9064305200970253	gf_v2_104m_cls_pca50	per_subclass	Sncg
H21.33.040	1	0.9245091585368816	gf_v2_104m_cls_pca50	per_subclass	Sncg
H21.33.041	0	0.892700270407927	gf_v2_104m_cls_pca50	per_subclass	Sncg
H21.33.042	1	0.875439985465116	gf_v2_104m_cls_pca50	per_subclass	Sncg
H21.33.043	0	0.8979261941678549	gf_v2_104m_cls_pca50	per_subclass	Sncg
H21.33.044	1	0.8790026753103632	gf_v2_104m_cls_pca50	per_subclass	Sncg
H21.33.045	1	0.9834549574927193	gf_v2_104m_cls_pca50	per_subclass	Sncg
H21.33.046	1	0.965882254825958	gf_v2_104m_cls_pca50	per_subclass	Sncg
H21.33.047	1	0.6224727499813234	gf_v2_104m_cls_pca50	per_subclass	Sncg
H19.33.004	0	0.9525990049843337	gf_v2_104m_cls_pca50	per_subclass	Sst
H20.33.001	0	0.6549697578026195	gf_v2_104m_cls_pca50	per_subclass	Sst
H20.33.002	0	0.18426595476459212	gf_v2_104m_cls_pca50	per_subclass	Sst
H20.33.004	1	0.9707861269019006	gf_v2_104m_cls_pca50	per_subclass	Sst
H20.33.005	1	0.7160324086409148	gf_v2_104m_cls_pca50	per_subclass	Sst
H20.33.008	1	0.7054985674092097	gf_v2_104m_cls_pca50	per_subclass	Sst
H20.33.011	1	0.37966608992924467	gf_v2_104m_cls_pca50	per_subclass	Sst
H20.33.012	0	0.8517644985261594	gf_v2_104m_cls_pca50	per_subclass	Sst
H20.33.013	1	0.5258642961246955	gf_v2_104m_cls_pca50	per_subclass	Sst
H20.33.014	1	0.6663053323388073	gf_v2_104m_cls_pca50	per_subclass	Sst
H20.33.015	1	0.8765232436280606	gf_v2_104m_cls_pca50	per_subclass	Sst
H20.33.016	1	0.704135113988818	gf_v2_104m_cls_pca50	per_subclass	Sst
H20.33.017	1	0.9522612309134694	gf_v2_104m_cls_pca50	per_subclass	Sst
H20.33.018	1	0.9541370501660337	gf_v2_104m_cls_pca50	per_subclass	Sst
H20.33.019	1	0.9052569296602382	gf_v2_104m_cls_pca50	per_subclass	Sst
H20.33.020	1	0.8396572568732716	gf_v2_104m_cls_pca50	per_subclass	Sst
H20.33.024	1	0.9273823088684601	gf_v2_104m_cls_pca50	per_subclass	Sst
H20.33.025	1	0.7612654513248878	gf_v2_104m_cls_pca50	per_subclass	Sst
H20.33.026	1	0.7124917236772135	gf_v2_104m_cls_pca50	per_subclass	Sst
H20.33.027	1	0.8541377184636874	gf_v2_104m_cls_pca50	per_subclass	Sst
H20.33.028	1	0.9346221822357791	gf_v2_104m_cls_pca50	per_subclass	Sst
H20.33.029	1	0.37220111063322436	gf_v2_104m_cls_pca50	per_subclass	Sst
H20.33.030	1	0.8877719391930334	gf_v2_104m_cls_pca50	per_subclass	Sst
H20.33.031	1	0.3997464643528533	gf_v2_104m_cls_pca50	per_subclass	Sst
H20.33.032	1	0.8485833283843425	gf_v2_104m_cls_pca50	per_subclass	Sst
H20.33.033	1	0.9691671252794437	gf_v2_104m_cls_pca50	per_subclass	Sst
H20.33.034	1	0.9175994474227769	gf_v2_104m_cls_pca50	per_subclass	Sst
H20.33.035	0	0.5542240075429786	gf_v2_104m_cls_pca50	per_subclass	Sst
H20.33.036	1	0.9379398037042135	gf_v2_104m_cls_pca50	per_subclass	Sst
H20.33.037	1	0.9613107183205566	gf_v2_104m_cls_pca50	per_subclass	Sst
H20.33.038	1	0.9592593983687137	gf_v2_104m_cls_pca50	per_subclass	Sst
H20.33.039	1	0.8589680310481052	gf_v2_104m_cls_pca50	per_subclass	Sst
H20.33.040	1	0.6437911572934286	gf_v2_104m_cls_pca50	per_subclass	Sst
H20.33.041	1	0.986785173839654	gf_v2_104m_cls_pca50	per_subclass	Sst
H20.33.043	1	0.6619470447052443	gf_v2_104m_cls_pca50	per_subclass	Sst
H20.33.044	0	0.5043762301156274	gf_v2_104m_cls_pca50	per_subclass	Sst
H20.33.045	1	0.905311656715153	gf_v2_104m_cls_pca50	per_subclass	Sst
H20.33.046	1	0.951561926876861	gf_v2_104m_cls_pca50	per_subclass	Sst
H21.33.001	0	0.9659978269684549	gf_v2_104m_cls_pca50	per_subclass	Sst
H21.33.002	1	0.22820963486038387	gf_v2_104m_cls_pca50	per_subclass	Sst
H21.33.003	0	0.7940707390376178	gf_v2_104m_cls_pca50	per_subclass	Sst
H21.33.004	0	0.48632753175815785	gf_v2_104m_cls_pca50	per_subclass	Sst
H21.33.005	1	0.8499758399060445	gf_v2_104m_cls_pca50	per_subclass	Sst
H21.33.006	1	0.5363902939925572	gf_v2_104m_cls_pca50	per_subclass	Sst
H21.33.007	1	0.8560360754930576	gf_v2_104m_cls_pca50	per_subclass	Sst
H21.33.008	1	0.9300038170734283	gf_v2_104m_cls_pca50	per_subclass	Sst
H21.33.009	1	0.9818499761191568	gf_v2_104m_cls_pca50	per_subclass	Sst
H21.33.010	1	0.8806830802054094	gf_v2_104m_cls_pca50	per_subclass	Sst
H21.33.011	0	0.26308979919563774	gf_v2_104m_cls_pca50	per_subclass	Sst
H21.33.012	1	0.9499363865349354	gf_v2_104m_cls_pca50	per_subclass	Sst
H21.33.013	1	0.9803447641142069	gf_v2_104m_cls_pca50	per_subclass	Sst
H21.33.014	1	0.8065472864682308	gf_v2_104m_cls_pca50	per_subclass	Sst
H21.33.015	0	0.2771454079160455	gf_v2_104m_cls_pca50	per_subclass	Sst
H21.33.016	0	0.9744446680957081	gf_v2_104m_cls_pca50	per_subclass	Sst
H21.33.017	1	0.4309283082901813	gf_v2_104m_cls_pca50	per_subclass	Sst
H21.33.018	0	0.7395135090585192	gf_v2_104m_cls_pca50	per_subclass	Sst
H21.33.019	0	0.7011175131757224	gf_v2_104m_cls_pca50	per_subclass	Sst
H21.33.021	1	0.9362816628473173	gf_v2_104m_cls_pca50	per_subclass	Sst
H21.33.022	1	0.8728158948033556	gf_v2_104m_cls_pca50	per_subclass	Sst
H21.33.023	0	0.440171407308419	gf_v2_104m_cls_pca50	per_subclass	Sst
H21.33.025	1	0.9060823672625278	gf_v2_104m_cls_pca50	per_subclass	Sst
H21.33.026	1	0.9247977308140376	gf_v2_104m_cls_pca50	per_subclass	Sst
H21.33.027	1	0.27394769904642235	gf_v2_104m_cls_pca50	per_subclass	Sst
H21.33.028	0	0.5605804056162571	gf_v2_104m_cls_pca50	per_subclass	Sst
H21.33.029	1	0.9175726077333195	gf_v2_104m_cls_pca50	per_subclass	Sst
H21.33.030	1	0.7727263751658712	gf_v2_104m_cls_pca50	per_subclass	Sst
H21.33.031	1	0.6924060526498286	gf_v2_104m_cls_pca50	per_subclass	Sst
H21.33.032	0	0.4883140181779681	gf_v2_104m_cls_pca50	per_subclass	Sst
H21.33.033	1	0.930968986949671	gf_v2_104m_cls_pca50	per_subclass	Sst
H21.33.034	1	0.9133333768223316	gf_v2_104m_cls_pca50	per_subclass	Sst
H21.33.035	1	0.9336983706971882	gf_v2_104m_cls_pca50	per_subclass	Sst
H21.33.036	1	0.8156626965427224	gf_v2_104m_cls_pca50	per_subclass	Sst
H21.33.037	0	0.12722062729539368	gf_v2_104m_cls_pca50	per_subclass	Sst
H21.33.038	0	0.8367409886169115	gf_v2_104m_cls_pca50	per_subclass	Sst
H21.33.039	1	0.9107509411547252	gf_v2_104m_cls_pca50	per_subclass	Sst
H21.33.040	1	0.9737451125097888	gf_v2_104m_cls_pca50	per_subclass	Sst
H21.33.041	0	0.9193819283120431	gf_v2_104m_cls_pca50	per_subclass	Sst
H21.33.042	1	0.9540040987743417	gf_v2_104m_cls_pca50	per_subclass	Sst
H21.33.043	0	0.7802286996373051	gf_v2_104m_cls_pca50	per_subclass	Sst
H21.33.044	1	0.9460624244560766	gf_v2_104m_cls_pca50	per_subclass	Sst
H21.33.045	1	0.9887044722884226	gf_v2_104m_cls_pca50	per_subclass	Sst
H21.33.046	1	0.448488055930483	gf_v2_104m_cls_pca50	per_subclass	Sst
H21.33.047	1	0.6714684902336735	gf_v2_104m_cls_pca50	per_subclass	Sst
H19.33.004	0	0.7863988232423547	gf_v2_104m_cls_pca50	per_subclass	Sst Chodl
H20.33.001	0	0.8581847798651641	gf_v2_104m_cls_pca50	per_subclass	Sst Chodl
H20.33.002	0	0.4465647248801726	gf_v2_104m_cls_pca50	per_subclass	Sst Chodl
H20.33.004	1	0.94975223876335	gf_v2_104m_cls_pca50	per_subclass	Sst Chodl
H20.33.005	1	0.9798510965449492	gf_v2_104m_cls_pca50	per_subclass	Sst Chodl
H20.33.008	1	0.8580247686522252	gf_v2_104m_cls_pca50	per_subclass	Sst Chodl
H20.33.011	1	0.4314039797541408	gf_v2_104m_cls_pca50	per_subclass	Sst Chodl
H20.33.013	1	0.4598752968928251	gf_v2_104m_cls_pca50	per_subclass	Sst Chodl
H20.33.014	1	0.43270107114012096	gf_v2_104m_cls_pca50	per_subclass	Sst Chodl
H20.33.015	1	0.6102151820829473	gf_v2_104m_cls_pca50	per_subclass	Sst Chodl
H20.33.016	1	0.748060883870158	gf_v2_104m_cls_pca50	per_subclass	Sst Chodl
H20.33.017	1	0.8807349984342203	gf_v2_104m_cls_pca50	per_subclass	Sst Chodl
H20.33.018	1	0.8620842526083372	gf_v2_104m_cls_pca50	per_subclass	Sst Chodl
H20.33.019	1	0.6467838562643051	gf_v2_104m_cls_pca50	per_subclass	Sst Chodl
H20.33.020	1	0.6921497883869979	gf_v2_104m_cls_pca50	per_subclass	Sst Chodl
H20.33.024	1	0.8925774000050695	gf_v2_104m_cls_pca50	per_subclass	Sst Chodl
H20.33.025	1	0.7781954930442001	gf_v2_104m_cls_pca50	per_subclass	Sst Chodl
H20.33.026	1	0.9009387187706694	gf_v2_104m_cls_pca50	per_subclass	Sst Chodl
H20.33.027	1	0.8782788957176619	gf_v2_104m_cls_pca50	per_subclass	Sst Chodl
H20.33.029	1	0.274927912000835	gf_v2_104m_cls_pca50	per_subclass	Sst Chodl
H20.33.030	1	0.9491357662046337	gf_v2_104m_cls_pca50	per_subclass	Sst Chodl
H20.33.031	1	0.8332114840524643	gf_v2_104m_cls_pca50	per_subclass	Sst Chodl
H20.33.032	1	0.845721850839522	gf_v2_104m_cls_pca50	per_subclass	Sst Chodl
H20.33.034	1	0.8396923494738602	gf_v2_104m_cls_pca50	per_subclass	Sst Chodl
H20.33.035	0	0.44667832378758376	gf_v2_104m_cls_pca50	per_subclass	Sst Chodl
H20.33.039	1	0.7417106535103125	gf_v2_104m_cls_pca50	per_subclass	Sst Chodl
H20.33.040	1	0.6627461643792402	gf_v2_104m_cls_pca50	per_subclass	Sst Chodl
H20.33.041	1	0.8273476825508872	gf_v2_104m_cls_pca50	per_subclass	Sst Chodl
H20.33.043	1	0.8110431632102084	gf_v2_104m_cls_pca50	per_subclass	Sst Chodl
H20.33.044	0	0.5799336801328003	gf_v2_104m_cls_pca50	per_subclass	Sst Chodl
H21.33.001	0	0.4045473556808291	gf_v2_104m_cls_pca50	per_subclass	Sst Chodl
H21.33.002	1	0.7795121875399178	gf_v2_104m_cls_pca50	per_subclass	Sst Chodl
H21.33.003	0	0.3614207030031093	gf_v2_104m_cls_pca50	per_subclass	Sst Chodl
H21.33.004	0	0.46791250348283436	gf_v2_104m_cls_pca50	per_subclass	Sst Chodl
H21.33.006	1	0.5888902937651818	gf_v2_104m_cls_pca50	per_subclass	Sst Chodl
H21.33.007	1	0.8351337381515715	gf_v2_104m_cls_pca50	per_subclass	Sst Chodl
H21.33.008	1	0.9879483797055155	gf_v2_104m_cls_pca50	per_subclass	Sst Chodl
H21.33.010	1	0.9765732065672406	gf_v2_104m_cls_pca50	per_subclass	Sst Chodl
H21.33.011	0	0.10502914040290667	gf_v2_104m_cls_pca50	per_subclass	Sst Chodl
H21.33.012	1	0.5682351675213526	gf_v2_104m_cls_pca50	per_subclass	Sst Chodl
H21.33.013	1	0.9656170924862918	gf_v2_104m_cls_pca50	per_subclass	Sst Chodl
H21.33.014	1	0.4022562127111297	gf_v2_104m_cls_pca50	per_subclass	Sst Chodl
H21.33.015	0	0.5603769642899583	gf_v2_104m_cls_pca50	per_subclass	Sst Chodl
H21.33.016	0	0.7615324166504396	gf_v2_104m_cls_pca50	per_subclass	Sst Chodl
H21.33.018	0	0.9673818901586696	gf_v2_104m_cls_pca50	per_subclass	Sst Chodl
H21.33.019	0	0.792532942835144	gf_v2_104m_cls_pca50	per_subclass	Sst Chodl
H21.33.021	1	0.938393109924202	gf_v2_104m_cls_pca50	per_subclass	Sst Chodl
H21.33.022	1	0.7959569200567808	gf_v2_104m_cls_pca50	per_subclass	Sst Chodl
H21.33.023	0	0.7455678843386454	gf_v2_104m_cls_pca50	per_subclass	Sst Chodl
H21.33.025	1	0.9432750657966261	gf_v2_104m_cls_pca50	per_subclass	Sst Chodl
H21.33.026	1	0.1654651648957343	gf_v2_104m_cls_pca50	per_subclass	Sst Chodl
H21.33.027	1	0.4900060203468408	gf_v2_104m_cls_pca50	per_subclass	Sst Chodl
H21.33.028	0	0.45004269600792524	gf_v2_104m_cls_pca50	per_subclass	Sst Chodl
H21.33.030	1	0.769678249741278	gf_v2_104m_cls_pca50	per_subclass	Sst Chodl
H21.33.031	1	0.8900590641739932	gf_v2_104m_cls_pca50	per_subclass	Sst Chodl
H21.33.032	0	0.6387633518775792	gf_v2_104m_cls_pca50	per_subclass	Sst Chodl
H21.33.035	1	0.7399853171317528	gf_v2_104m_cls_pca50	per_subclass	Sst Chodl
H21.33.040	1	0.7656079234933507	gf_v2_104m_cls_pca50	per_subclass	Sst Chodl
H21.33.041	0	0.8093513057496526	gf_v2_104m_cls_pca50	per_subclass	Sst Chodl
H21.33.042	1	0.7425577353186708	gf_v2_104m_cls_pca50	per_subclass	Sst Chodl
H21.33.043	0	0.8924548100607865	gf_v2_104m_cls_pca50	per_subclass	Sst Chodl
H21.33.047	1	0.3927451031679493	gf_v2_104m_cls_pca50	per_subclass	Sst Chodl
H19.33.004	0	0.9315458603674784	gf_v2_104m_cls_pca50	per_subclass	VLMC & Perivascular
H20.33.001	0	0.6415681671783668	gf_v2_104m_cls_pca50	per_subclass	VLMC & Perivascular
H20.33.002	0	0.7260742177193722	gf_v2_104m_cls_pca50	per_subclass	VLMC & Perivascular
H20.33.004	1	0.8942332870130996	gf_v2_104m_cls_pca50	per_subclass	VLMC & Perivascular
H20.33.005	1	0.47020432463070827	gf_v2_104m_cls_pca50	per_subclass	VLMC & Perivascular
H20.33.008	1	0.8706142064723773	gf_v2_104m_cls_pca50	per_subclass	VLMC & Perivascular
H20.33.011	1	0.5734027967145108	gf_v2_104m_cls_pca50	per_subclass	VLMC & Perivascular
H20.33.012	0	0.8563003247623732	gf_v2_104m_cls_pca50	per_subclass	VLMC & Perivascular
H20.33.013	1	0.2956927379929879	gf_v2_104m_cls_pca50	per_subclass	VLMC & Perivascular
H20.33.014	1	0.8044932116662823	gf_v2_104m_cls_pca50	per_subclass	VLMC & Perivascular
H20.33.015	1	0.6815665816301977	gf_v2_104m_cls_pca50	per_subclass	VLMC & Perivascular
H20.33.016	1	0.8229495821841984	gf_v2_104m_cls_pca50	per_subclass	VLMC & Perivascular
H20.33.017	1	0.935301298214379	gf_v2_104m_cls_pca50	per_subclass	VLMC & Perivascular
H20.33.018	1	0.9543960719737786	gf_v2_104m_cls_pca50	per_subclass	VLMC & Perivascular
H20.33.019	1	0.8175052981983761	gf_v2_104m_cls_pca50	per_subclass	VLMC & Perivascular
H20.33.020	1	0.917921832374341	gf_v2_104m_cls_pca50	per_subclass	VLMC & Perivascular
H20.33.024	1	0.07460701745048406	gf_v2_104m_cls_pca50	per_subclass	VLMC & Perivascular
H20.33.025	1	0.51278208216982	gf_v2_104m_cls_pca50	per_subclass	VLMC & Perivascular
H20.33.026	1	0.9314693312887066	gf_v2_104m_cls_pca50	per_subclass	VLMC & Perivascular
H20.33.027	1	0.9431145718250644	gf_v2_104m_cls_pca50	per_subclass	VLMC & Perivascular
H20.33.028	1	0.8217458996199536	gf_v2_104m_cls_pca50	per_subclass	VLMC & Perivascular
H20.33.029	1	0.8157768678219007	gf_v2_104m_cls_pca50	per_subclass	VLMC & Perivascular
H20.33.030	1	0.9330347876128041	gf_v2_104m_cls_pca50	per_subclass	VLMC & Perivascular
H20.33.031	1	0.7596314679425399	gf_v2_104m_cls_pca50	per_subclass	VLMC & Perivascular
H20.33.032	1	0.6514476645130886	gf_v2_104m_cls_pca50	per_subclass	VLMC & Perivascular
H20.33.033	1	0.7258066917147007	gf_v2_104m_cls_pca50	per_subclass	VLMC & Perivascular
H20.33.034	1	0.8745168891139012	gf_v2_104m_cls_pca50	per_subclass	VLMC & Perivascular
H20.33.035	0	0.10034575675011344	gf_v2_104m_cls_pca50	per_subclass	VLMC & Perivascular
H20.33.036	1	0.984113532571428	gf_v2_104m_cls_pca50	per_subclass	VLMC & Perivascular
H20.33.037	1	0.9851247506385828	gf_v2_104m_cls_pca50	per_subclass	VLMC & Perivascular
H20.33.038	1	0.9027643928924899	gf_v2_104m_cls_pca50	per_subclass	VLMC & Perivascular
H20.33.039	1	0.7919380768378301	gf_v2_104m_cls_pca50	per_subclass	VLMC & Perivascular
H20.33.040	1	0.9460376457920068	gf_v2_104m_cls_pca50	per_subclass	VLMC & Perivascular
H20.33.041	1	0.86897274127749	gf_v2_104m_cls_pca50	per_subclass	VLMC & Perivascular
H20.33.043	1	0.3716637301434711	gf_v2_104m_cls_pca50	per_subclass	VLMC & Perivascular
H20.33.044	0	0.7562665420054376	gf_v2_104m_cls_pca50	per_subclass	VLMC & Perivascular
H20.33.045	1	0.9829176300596426	gf_v2_104m_cls_pca50	per_subclass	VLMC & Perivascular
H20.33.046	1	0.9401847820966429	gf_v2_104m_cls_pca50	per_subclass	VLMC & Perivascular
H21.33.001	0	0.6738411376500671	gf_v2_104m_cls_pca50	per_subclass	VLMC & Perivascular
H21.33.002	1	0.7903506265096396	gf_v2_104m_cls_pca50	per_subclass	VLMC & Perivascular
H21.33.003	0	0.6639773658408563	gf_v2_104m_cls_pca50	per_subclass	VLMC & Perivascular
H21.33.004	0	0.5869722124657761	gf_v2_104m_cls_pca50	per_subclass	VLMC & Perivascular
H21.33.005	1	0.9311709558254131	gf_v2_104m_cls_pca50	per_subclass	VLMC & Perivascular
H21.33.006	1	0.6710703848732009	gf_v2_104m_cls_pca50	per_subclass	VLMC & Perivascular
H21.33.007	1	0.8874889231771086	gf_v2_104m_cls_pca50	per_subclass	VLMC & Perivascular
H21.33.008	1	0.9493018330911275	gf_v2_104m_cls_pca50	per_subclass	VLMC & Perivascular
H21.33.009	1	0.7968672794904796	gf_v2_104m_cls_pca50	per_subclass	VLMC & Perivascular
H21.33.010	1	0.8018182235895119	gf_v2_104m_cls_pca50	per_subclass	VLMC & Perivascular
H21.33.011	0	0.3816440069207262	gf_v2_104m_cls_pca50	per_subclass	VLMC & Perivascular
H21.33.012	1	0.9704491883417663	gf_v2_104m_cls_pca50	per_subclass	VLMC & Perivascular
H21.33.013	1	0.6442002922148865	gf_v2_104m_cls_pca50	per_subclass	VLMC & Perivascular
H21.33.014	1	0.1661739183871942	gf_v2_104m_cls_pca50	per_subclass	VLMC & Perivascular
H21.33.015	0	0.7416804596750375	gf_v2_104m_cls_pca50	per_subclass	VLMC & Perivascular
H21.33.016	0	0.24075218922912497	gf_v2_104m_cls_pca50	per_subclass	VLMC & Perivascular
H21.33.017	1	0.4369712710215546	gf_v2_104m_cls_pca50	per_subclass	VLMC & Perivascular
H21.33.018	0	0.9081728471650765	gf_v2_104m_cls_pca50	per_subclass	VLMC & Perivascular
H21.33.019	0	0.6690248179599126	gf_v2_104m_cls_pca50	per_subclass	VLMC & Perivascular
H21.33.020	1	0.9747031402954626	gf_v2_104m_cls_pca50	per_subclass	VLMC & Perivascular
H21.33.021	1	0.7867028623192693	gf_v2_104m_cls_pca50	per_subclass	VLMC & Perivascular
H21.33.022	1	0.640514317473625	gf_v2_104m_cls_pca50	per_subclass	VLMC & Perivascular
H21.33.023	0	0.49735903884464727	gf_v2_104m_cls_pca50	per_subclass	VLMC & Perivascular
H21.33.025	1	0.7896044643334139	gf_v2_104m_cls_pca50	per_subclass	VLMC & Perivascular
H21.33.026	1	0.6992990282890356	gf_v2_104m_cls_pca50	per_subclass	VLMC & Perivascular
H21.33.027	1	0.8145003399155621	gf_v2_104m_cls_pca50	per_subclass	VLMC & Perivascular
H21.33.028	0	0.9110771912195531	gf_v2_104m_cls_pca50	per_subclass	VLMC & Perivascular
H21.33.029	1	0.9712665044529947	gf_v2_104m_cls_pca50	per_subclass	VLMC & Perivascular
H21.33.030	1	0.8747768561770242	gf_v2_104m_cls_pca50	per_subclass	VLMC & Perivascular
H21.33.031	1	0.7919572249866055	gf_v2_104m_cls_pca50	per_subclass	VLMC & Perivascular
H21.33.032	0	0.29803984327215266	gf_v2_104m_cls_pca50	per_subclass	VLMC & Perivascular
H21.33.033	1	0.9890420053315794	gf_v2_104m_cls_pca50	per_subclass	VLMC & Perivascular
H21.33.034	1	0.9206265458823596	gf_v2_104m_cls_pca50	per_subclass	VLMC & Perivascular
H21.33.035	1	0.8295490742101238	gf_v2_104m_cls_pca50	per_subclass	VLMC & Perivascular
H21.33.036	1	0.28571149177770166	gf_v2_104m_cls_pca50	per_subclass	VLMC & Perivascular
H21.33.037	0	0.8062241893086494	gf_v2_104m_cls_pca50	per_subclass	VLMC & Perivascular
H21.33.038	0	0.8310702857723037	gf_v2_104m_cls_pca50	per_subclass	VLMC & Perivascular
H21.33.039	1	0.8865857491128291	gf_v2_104m_cls_pca50	per_subclass	VLMC & Perivascular
H21.33.040	1	0.751505993234239	gf_v2_104m_cls_pca50	per_subclass	VLMC & Perivascular
H21.33.041	0	0.6429920316589168	gf_v2_104m_cls_pca50	per_subclass	VLMC & Perivascular
H21.33.042	1	0.6216680538027302	gf_v2_104m_cls_pca50	per_subclass	VLMC & Perivascular
H21.33.043	0	0.737782219895787	gf_v2_104m_cls_pca50	per_subclass	VLMC & Perivascular
H21.33.044	1	0.5893789555821105	gf_v2_104m_cls_pca50	per_subclass	VLMC & Perivascular
H21.33.045	1	0.9887300004855228	gf_v2_104m_cls_pca50	per_subclass	VLMC & Perivascular
H21.33.046	1	0.9063833560377678	gf_v2_104m_cls_pca50	per_subclass	VLMC & Perivascular
H21.33.047	1	0.9138275252614495	gf_v2_104m_cls_pca50	per_subclass	VLMC & Perivascular
H19.33.004	0	0.9766110315798413	gf_v2_104m_cls_pca50	per_subclass	Vip
H20.33.001	0	0.7585871181013311	gf_v2_104m_cls_pca50	per_subclass	Vip
H20.33.002	0	0.627140970697277	gf_v2_104m_cls_pca50	per_subclass	Vip
H20.33.004	1	0.7821490836334474	gf_v2_104m_cls_pca50	per_subclass	Vip
H20.33.005	1	0.9408929278291834	gf_v2_104m_cls_pca50	per_subclass	Vip
H20.33.008	1	0.8577386435145742	gf_v2_104m_cls_pca50	per_subclass	Vip
H20.33.011	1	0.5448956985326406	gf_v2_104m_cls_pca50	per_subclass	Vip
H20.33.012	0	0.8575030478330692	gf_v2_104m_cls_pca50	per_subclass	Vip
H20.33.013	1	0.5410040729235024	gf_v2_104m_cls_pca50	per_subclass	Vip
H20.33.014	1	0.5463781776205174	gf_v2_104m_cls_pca50	per_subclass	Vip
H20.33.015	1	0.952251645683245	gf_v2_104m_cls_pca50	per_subclass	Vip
H20.33.016	1	0.8570194341231876	gf_v2_104m_cls_pca50	per_subclass	Vip
H20.33.017	1	0.824739205700548	gf_v2_104m_cls_pca50	per_subclass	Vip
H20.33.018	1	0.7328531017541746	gf_v2_104m_cls_pca50	per_subclass	Vip
H20.33.019	1	0.9624250850496768	gf_v2_104m_cls_pca50	per_subclass	Vip
H20.33.020	1	0.9282014395156551	gf_v2_104m_cls_pca50	per_subclass	Vip
H20.33.024	1	0.7844892911776951	gf_v2_104m_cls_pca50	per_subclass	Vip
H20.33.025	1	0.4247103226327284	gf_v2_104m_cls_pca50	per_subclass	Vip
H20.33.026	1	0.6588439752998209	gf_v2_104m_cls_pca50	per_subclass	Vip
H20.33.027	1	0.9308168149074156	gf_v2_104m_cls_pca50	per_subclass	Vip
H20.33.028	1	0.9299239293898115	gf_v2_104m_cls_pca50	per_subclass	Vip
H20.33.029	1	0.5645400659186195	gf_v2_104m_cls_pca50	per_subclass	Vip
H20.33.030	1	0.7821505192358245	gf_v2_104m_cls_pca50	per_subclass	Vip
H20.33.031	1	0.3449430321490391	gf_v2_104m_cls_pca50	per_subclass	Vip
H20.33.032	1	0.45360139966152263	gf_v2_104m_cls_pca50	per_subclass	Vip
H20.33.033	1	0.8633932209034103	gf_v2_104m_cls_pca50	per_subclass	Vip
H20.33.034	1	0.9003869850584598	gf_v2_104m_cls_pca50	per_subclass	Vip
H20.33.035	0	0.8490949504648659	gf_v2_104m_cls_pca50	per_subclass	Vip
H20.33.036	1	0.8848415471425859	gf_v2_104m_cls_pca50	per_subclass	Vip
H20.33.037	1	0.8513931440501084	gf_v2_104m_cls_pca50	per_subclass	Vip
H20.33.038	1	0.8973726419641986	gf_v2_104m_cls_pca50	per_subclass	Vip
H20.33.039	1	0.5119371611464337	gf_v2_104m_cls_pca50	per_subclass	Vip
H20.33.040	1	0.820555081168159	gf_v2_104m_cls_pca50	per_subclass	Vip
H20.33.041	1	0.7906465147722226	gf_v2_104m_cls_pca50	per_subclass	Vip
H20.33.043	1	0.7386083022471132	gf_v2_104m_cls_pca50	per_subclass	Vip
H20.33.044	0	0.49485206365547496	gf_v2_104m_cls_pca50	per_subclass	Vip
H20.33.045	1	0.9733419596545623	gf_v2_104m_cls_pca50	per_subclass	Vip
H20.33.046	1	0.8875125954015741	gf_v2_104m_cls_pca50	per_subclass	Vip
H21.33.001	0	0.8038576621512016	gf_v2_104m_cls_pca50	per_subclass	Vip
H21.33.002	1	0.29794351146522324	gf_v2_104m_cls_pca50	per_subclass	Vip
H21.33.003	0	0.7770114816494064	gf_v2_104m_cls_pca50	per_subclass	Vip
H21.33.004	0	0.734534619156935	gf_v2_104m_cls_pca50	per_subclass	Vip
H21.33.005	1	0.8937493415249687	gf_v2_104m_cls_pca50	per_subclass	Vip
H21.33.006	1	0.7903389265621995	gf_v2_104m_cls_pca50	per_subclass	Vip
H21.33.007	1	0.33748789333801354	gf_v2_104m_cls_pca50	per_subclass	Vip
H21.33.008	1	0.8474043604853849	gf_v2_104m_cls_pca50	per_subclass	Vip
H21.33.009	1	0.9700079920189246	gf_v2_104m_cls_pca50	per_subclass	Vip
H21.33.010	1	0.9271080376798697	gf_v2_104m_cls_pca50	per_subclass	Vip
H21.33.011	0	0.2968714537018314	gf_v2_104m_cls_pca50	per_subclass	Vip
H21.33.012	1	0.7710814689799145	gf_v2_104m_cls_pca50	per_subclass	Vip
H21.33.013	1	0.9728427537660499	gf_v2_104m_cls_pca50	per_subclass	Vip
H21.33.014	1	0.9013287266573368	gf_v2_104m_cls_pca50	per_subclass	Vip
H21.33.015	0	0.6380175730627888	gf_v2_104m_cls_pca50	per_subclass	Vip
H21.33.016	0	0.7597925886426908	gf_v2_104m_cls_pca50	per_subclass	Vip
H21.33.017	1	0.8736193450121104	gf_v2_104m_cls_pca50	per_subclass	Vip
H21.33.018	0	0.5976624482896693	gf_v2_104m_cls_pca50	per_subclass	Vip
H21.33.019	0	0.7846635449803641	gf_v2_104m_cls_pca50	per_subclass	Vip
H21.33.020	1	0.9899101381422906	gf_v2_104m_cls_pca50	per_subclass	Vip
H21.33.021	1	0.5756114596627859	gf_v2_104m_cls_pca50	per_subclass	Vip
H21.33.022	1	0.8795551547864895	gf_v2_104m_cls_pca50	per_subclass	Vip
H21.33.023	0	0.46881588023642634	gf_v2_104m_cls_pca50	per_subclass	Vip
H21.33.025	1	0.9166452556835223	gf_v2_104m_cls_pca50	per_subclass	Vip
H21.33.026	1	0.7435113918506199	gf_v2_104m_cls_pca50	per_subclass	Vip
H21.33.027	1	0.7359974378277425	gf_v2_104m_cls_pca50	per_subclass	Vip
H21.33.028	0	0.8868356872866764	gf_v2_104m_cls_pca50	per_subclass	Vip
H21.33.029	1	0.9006524457129972	gf_v2_104m_cls_pca50	per_subclass	Vip
H21.33.030	1	0.31803724115748977	gf_v2_104m_cls_pca50	per_subclass	Vip
H21.33.031	1	0.931781958539917	gf_v2_104m_cls_pca50	per_subclass	Vip
H21.33.032	0	0.519046024207123	gf_v2_104m_cls_pca50	per_subclass	Vip
H21.33.033	1	0.9687088641537469	gf_v2_104m_cls_pca50	per_subclass	Vip
H21.33.034	1	0.9279485437265615	gf_v2_104m_cls_pca50	per_subclass	Vip
H21.33.035	1	0.8888067058419062	gf_v2_104m_cls_pca50	per_subclass	Vip
H21.33.036	1	0.684413912620001	gf_v2_104m_cls_pca50	per_subclass	Vip
H21.33.037	0	0.3462684817500158	gf_v2_104m_cls_pca50	per_subclass	Vip
H21.33.038	0	0.8965736853771384	gf_v2_104m_cls_pca50	per_subclass	Vip
H21.33.039	1	0.9371067711809351	gf_v2_104m_cls_pca50	per_subclass	Vip
H21.33.040	1	0.8620377295396491	gf_v2_104m_cls_pca50	per_subclass	Vip
H21.33.041	0	0.7316546969454143	gf_v2_104m_cls_pca50	per_subclass	Vip
H21.33.042	1	0.9330412897464495	gf_v2_104m_cls_pca50	per_subclass	Vip
H21.33.043	0	0.8567966774525118	gf_v2_104m_cls_pca50	per_subclass	Vip
H21.33.044	1	0.9617448487177311	gf_v2_104m_cls_pca50	per_subclass	Vip
H21.33.045	1	0.9502541745149179	gf_v2_104m_cls_pca50	per_subclass	Vip
H21.33.046	1	0.9329030040773031	gf_v2_104m_cls_pca50	per_subclass	Vip
H21.33.047	1	0.17660324035663513	gf_v2_104m_cls_pca50	per_subclass	Vip
H19.33.004	0	0.9659079920292033	gf_v2_104m_cls_pca50	combined	9 subclasses
H20.33.001	0	0.3964002056935097	gf_v2_104m_cls_pca50	combined	9 subclasses
H20.33.002	0	0.8122668821342879	gf_v2_104m_cls_pca50	combined	9 subclasses
H20.33.004	1	0.8173191016290241	gf_v2_104m_cls_pca50	combined	9 subclasses
H20.33.005	1	0.7539442786603159	gf_v2_104m_cls_pca50	combined	9 subclasses
H20.33.008	1	0.9742892413161914	gf_v2_104m_cls_pca50	combined	9 subclasses
H20.33.011	1	0.5440296007734168	gf_v2_104m_cls_pca50	combined	9 subclasses
H20.33.012	0	0.6951986705296676	gf_v2_104m_cls_pca50	combined	9 subclasses
H20.33.013	1	0.6011670232540972	gf_v2_104m_cls_pca50	combined	9 subclasses
H20.33.014	1	0.9050301950222792	gf_v2_104m_cls_pca50	combined	9 subclasses
H20.33.015	1	0.8812157239664049	gf_v2_104m_cls_pca50	combined	9 subclasses
H20.33.016	1	0.8772250749264661	gf_v2_104m_cls_pca50	combined	9 subclasses
H20.33.017	1	0.9145359554235284	gf_v2_104m_cls_pca50	combined	9 subclasses
H20.33.018	1	0.9508146827666921	gf_v2_104m_cls_pca50	combined	9 subclasses
H20.33.019	1	0.977633100082041	gf_v2_104m_cls_pca50	combined	9 subclasses
H20.33.020	1	0.9503426932657908	gf_v2_104m_cls_pca50	combined	9 subclasses
H20.33.024	1	0.30265997020535934	gf_v2_104m_cls_pca50	combined	9 subclasses
H20.33.025	1	0.6333015977920031	gf_v2_104m_cls_pca50	combined	9 subclasses
H20.33.026	1	0.8810944440634529	gf_v2_104m_cls_pca50	combined	9 subclasses
H20.33.027	1	0.9919628322046868	gf_v2_104m_cls_pca50	combined	9 subclasses
H20.33.028	1	0.9632411188295927	gf_v2_104m_cls_pca50	combined	9 subclasses
H20.33.029	1	0.827853508185879	gf_v2_104m_cls_pca50	combined	9 subclasses
H20.33.030	1	0.8898406159753325	gf_v2_104m_cls_pca50	combined	9 subclasses
H20.33.031	1	0.44220727781542235	gf_v2_104m_cls_pca50	combined	9 subclasses
H20.33.032	1	0.6278639718187129	gf_v2_104m_cls_pca50	combined	9 subclasses
H20.33.033	1	0.7022370280866606	gf_v2_104m_cls_pca50	combined	9 subclasses
H20.33.034	1	0.9531727582075323	gf_v2_104m_cls_pca50	combined	9 subclasses
H20.33.035	0	0.5787972077133208	gf_v2_104m_cls_pca50	combined	9 subclasses
H20.33.036	1	0.9865702899442322	gf_v2_104m_cls_pca50	combined	9 subclasses
H20.33.037	1	0.9898585819964802	gf_v2_104m_cls_pca50	combined	9 subclasses
H20.33.038	1	0.9638130526808482	gf_v2_104m_cls_pca50	combined	9 subclasses
H20.33.039	1	0.6207160177874691	gf_v2_104m_cls_pca50	combined	9 subclasses
H20.33.040	1	0.9263157180040167	gf_v2_104m_cls_pca50	combined	9 subclasses
H20.33.041	1	0.7750786071140411	gf_v2_104m_cls_pca50	combined	9 subclasses
H20.33.043	1	0.48141706441527876	gf_v2_104m_cls_pca50	combined	9 subclasses
H20.33.044	0	0.6940636128202488	gf_v2_104m_cls_pca50	combined	9 subclasses
H20.33.045	1	0.9980236690405617	gf_v2_104m_cls_pca50	combined	9 subclasses
H20.33.046	1	0.8671187790551986	gf_v2_104m_cls_pca50	combined	9 subclasses
H21.33.001	0	0.8922142305062677	gf_v2_104m_cls_pca50	combined	9 subclasses
H21.33.002	1	0.8399085204292861	gf_v2_104m_cls_pca50	combined	9 subclasses
H21.33.003	0	0.7575507482368392	gf_v2_104m_cls_pca50	combined	9 subclasses
H21.33.004	0	0.3685488799684352	gf_v2_104m_cls_pca50	combined	9 subclasses
H21.33.005	1	0.7576583913901659	gf_v2_104m_cls_pca50	combined	9 subclasses
H21.33.006	1	0.7072991258465207	gf_v2_104m_cls_pca50	combined	9 subclasses
H21.33.007	1	0.8417197915937311	gf_v2_104m_cls_pca50	combined	9 subclasses
H21.33.008	1	0.9594058807066321	gf_v2_104m_cls_pca50	combined	9 subclasses
H21.33.009	1	0.9808548769263659	gf_v2_104m_cls_pca50	combined	9 subclasses
H21.33.010	1	0.8829141680682389	gf_v2_104m_cls_pca50	combined	9 subclasses
H21.33.011	0	0.05306428713021316	gf_v2_104m_cls_pca50	combined	9 subclasses
H21.33.012	1	0.871149634782254	gf_v2_104m_cls_pca50	combined	9 subclasses
H21.33.013	1	0.9822398220101946	gf_v2_104m_cls_pca50	combined	9 subclasses
H21.33.014	1	0.8777279622035887	gf_v2_104m_cls_pca50	combined	9 subclasses
H21.33.015	0	0.7099256929464991	gf_v2_104m_cls_pca50	combined	9 subclasses
H21.33.016	0	0.39253137393243487	gf_v2_104m_cls_pca50	combined	9 subclasses
H21.33.017	1	0.9084584007255202	gf_v2_104m_cls_pca50	combined	9 subclasses
H21.33.018	0	0.5826738265117336	gf_v2_104m_cls_pca50	combined	9 subclasses
H21.33.019	0	0.654058802255583	gf_v2_104m_cls_pca50	combined	9 subclasses
H21.33.020	1	0.9514987613691561	gf_v2_104m_cls_pca50	combined	9 subclasses
H21.33.021	1	0.9128458817703262	gf_v2_104m_cls_pca50	combined	9 subclasses
H21.33.022	1	0.518937366453469	gf_v2_104m_cls_pca50	combined	9 subclasses
H21.33.023	0	0.4384331943610271	gf_v2_104m_cls_pca50	combined	9 subclasses
H21.33.025	1	0.6857465375635885	gf_v2_104m_cls_pca50	combined	9 subclasses
H21.33.026	1	0.687200383993361	gf_v2_104m_cls_pca50	combined	9 subclasses
H21.33.027	1	0.6248444988506354	gf_v2_104m_cls_pca50	combined	9 subclasses
H21.33.028	0	0.5974113404559549	gf_v2_104m_cls_pca50	combined	9 subclasses
H21.33.029	1	0.9472768739229502	gf_v2_104m_cls_pca50	combined	9 subclasses
H21.33.030	1	0.8896569529166151	gf_v2_104m_cls_pca50	combined	9 subclasses
H21.33.031	1	0.9614731573210215	gf_v2_104m_cls_pca50	combined	9 subclasses
H21.33.032	0	0.3023439016441617	gf_v2_104m_cls_pca50	combined	9 subclasses
H21.33.033	1	0.9933313450050401	gf_v2_104m_cls_pca50	combined	9 subclasses
H21.33.034	1	0.9825472718519792	gf_v2_104m_cls_pca50	combined	9 subclasses
H21.33.035	1	0.9306678940088089	gf_v2_104m_cls_pca50	combined	9 subclasses
H21.33.036	1	0.3208621593418054	gf_v2_104m_cls_pca50	combined	9 subclasses
H21.33.037	0	0.6126225349393412	gf_v2_104m_cls_pca50	combined	9 subclasses
H21.33.038	0	0.9404406469696485	gf_v2_104m_cls_pca50	combined	9 subclasses
H21.33.039	1	0.8643416955401172	gf_v2_104m_cls_pca50	combined	9 subclasses
H21.33.040	1	0.8283629200375616	gf_v2_104m_cls_pca50	combined	9 subclasses
H21.33.041	0	0.6953110928768522	gf_v2_104m_cls_pca50	combined	9 subclasses
H21.33.042	1	0.4181556977607811	gf_v2_104m_cls_pca50	combined	9 subclasses
H21.33.043	0	0.8844049720197396	gf_v2_104m_cls_pca50	combined	9 subclasses
H21.33.044	1	0.8446058623557742	gf_v2_104m_cls_pca50	combined	9 subclasses
H21.33.045	1	0.9980316814135612	gf_v2_104m_cls_pca50	combined	9 subclasses
H21.33.046	1	0.962236918870482	gf_v2_104m_cls_pca50	combined	9 subclasses
H21.33.047	1	0.7282401721783954	gf_v2_104m_cls_pca50	combined	9 subclasses
H19.33.004	0	0.9609024251678168	gf_v2_104m_cls_pca50	combined+cov	9 subclasses
H20.33.001	0	0.4146492506489242	gf_v2_104m_cls_pca50	combined+cov	9 subclasses
H20.33.002	0	0.8272258659422267	gf_v2_104m_cls_pca50	combined+cov	9 subclasses
H20.33.004	1	0.85223361294724	gf_v2_104m_cls_pca50	combined+cov	9 subclasses
H20.33.005	1	0.7350259538562915	gf_v2_104m_cls_pca50	combined+cov	9 subclasses
H20.33.008	1	0.988167983864002	gf_v2_104m_cls_pca50	combined+cov	9 subclasses
H20.33.011	1	0.6547921291293459	gf_v2_104m_cls_pca50	combined+cov	9 subclasses
H20.33.012	0	0.6866391482277037	gf_v2_104m_cls_pca50	combined+cov	9 subclasses
H20.33.013	1	0.6148735199389852	gf_v2_104m_cls_pca50	combined+cov	9 subclasses
H20.33.014	1	0.8720597246521853	gf_v2_104m_cls_pca50	combined+cov	9 subclasses
H20.33.015	1	0.8254363366190152	gf_v2_104m_cls_pca50	combined+cov	9 subclasses
H20.33.016	1	0.8656698209590357	gf_v2_104m_cls_pca50	combined+cov	9 subclasses
H20.33.017	1	0.9039409253161408	gf_v2_104m_cls_pca50	combined+cov	9 subclasses
H20.33.018	1	0.9672272502064503	gf_v2_104m_cls_pca50	combined+cov	9 subclasses
H20.33.019	1	0.9823618978566848	gf_v2_104m_cls_pca50	combined+cov	9 subclasses
H20.33.020	1	0.9810884247776711	gf_v2_104m_cls_pca50	combined+cov	9 subclasses
H20.33.024	1	0.27303069564113897	gf_v2_104m_cls_pca50	combined+cov	9 subclasses
H20.33.025	1	0.6670795168948618	gf_v2_104m_cls_pca50	combined+cov	9 subclasses
H20.33.026	1	0.9289502893764183	gf_v2_104m_cls_pca50	combined+cov	9 subclasses
H20.33.027	1	0.9891670816557199	gf_v2_104m_cls_pca50	combined+cov	9 subclasses
H20.33.028	1	0.9567779692809502	gf_v2_104m_cls_pca50	combined+cov	9 subclasses
H20.33.029	1	0.7952263550075329	gf_v2_104m_cls_pca50	combined+cov	9 subclasses
H20.33.030	1	0.9059330802530958	gf_v2_104m_cls_pca50	combined+cov	9 subclasses
H20.33.031	1	0.37262468543253685	gf_v2_104m_cls_pca50	combined+cov	9 subclasses
H20.33.032	1	0.5910818526678385	gf_v2_104m_cls_pca50	combined+cov	9 subclasses
H20.33.033	1	0.656602493293034	gf_v2_104m_cls_pca50	combined+cov	9 subclasses
H20.33.034	1	0.9293686793561197	gf_v2_104m_cls_pca50	combined+cov	9 subclasses
H20.33.035	0	0.631949100823398	gf_v2_104m_cls_pca50	combined+cov	9 subclasses
H20.33.036	1	0.9834404000349268	gf_v2_104m_cls_pca50	combined+cov	9 subclasses
H20.33.037	1	0.9848052048578291	gf_v2_104m_cls_pca50	combined+cov	9 subclasses
H20.33.038	1	0.9706443337325992	gf_v2_104m_cls_pca50	combined+cov	9 subclasses
H20.33.039	1	0.5186630915143621	gf_v2_104m_cls_pca50	combined+cov	9 subclasses
H20.33.040	1	0.9035456092558718	gf_v2_104m_cls_pca50	combined+cov	9 subclasses
H20.33.041	1	0.700457259017941	gf_v2_104m_cls_pca50	combined+cov	9 subclasses
H20.33.043	1	0.6718938642361542	gf_v2_104m_cls_pca50	combined+cov	9 subclasses
H20.33.044	0	0.7055040323146606	gf_v2_104m_cls_pca50	combined+cov	9 subclasses
H20.33.045	1	0.9991296109231417	gf_v2_104m_cls_pca50	combined+cov	9 subclasses
H20.33.046	1	0.8485475626903594	gf_v2_104m_cls_pca50	combined+cov	9 subclasses
H21.33.001	0	0.8662754131598508	gf_v2_104m_cls_pca50	combined+cov	9 subclasses
H21.33.002	1	0.8672823572163146	gf_v2_104m_cls_pca50	combined+cov	9 subclasses
H21.33.003	0	0.6602747654992112	gf_v2_104m_cls_pca50	combined+cov	9 subclasses
H21.33.004	0	0.3634125916839812	gf_v2_104m_cls_pca50	combined+cov	9 subclasses
H21.33.005	1	0.7255501967416637	gf_v2_104m_cls_pca50	combined+cov	9 subclasses
H21.33.006	1	0.72069605803502	gf_v2_104m_cls_pca50	combined+cov	9 subclasses
H21.33.007	1	0.7873770345039562	gf_v2_104m_cls_pca50	combined+cov	9 subclasses
H21.33.008	1	0.9563999258921818	gf_v2_104m_cls_pca50	combined+cov	9 subclasses
H21.33.009	1	0.9905930422925794	gf_v2_104m_cls_pca50	combined+cov	9 subclasses
H21.33.010	1	0.8456593298766741	gf_v2_104m_cls_pca50	combined+cov	9 subclasses
H21.33.011	0	0.05114458157790793	gf_v2_104m_cls_pca50	combined+cov	9 subclasses
H21.33.012	1	0.898503049610652	gf_v2_104m_cls_pca50	combined+cov	9 subclasses
H21.33.013	1	0.9888517398649433	gf_v2_104m_cls_pca50	combined+cov	9 subclasses
H21.33.014	1	0.8431511673963106	gf_v2_104m_cls_pca50	combined+cov	9 subclasses
H21.33.015	0	0.6815729993274721	gf_v2_104m_cls_pca50	combined+cov	9 subclasses
H21.33.016	0	0.34752336878676326	gf_v2_104m_cls_pca50	combined+cov	9 subclasses
H21.33.017	1	0.9119169559738071	gf_v2_104m_cls_pca50	combined+cov	9 subclasses
H21.33.018	0	0.5281595328559486	gf_v2_104m_cls_pca50	combined+cov	9 subclasses
H21.33.019	0	0.6293001103012289	gf_v2_104m_cls_pca50	combined+cov	9 subclasses
H21.33.020	1	0.9260506833714004	gf_v2_104m_cls_pca50	combined+cov	9 subclasses
H21.33.021	1	0.9109161137142656	gf_v2_104m_cls_pca50	combined+cov	9 subclasses
H21.33.022	1	0.4929887895161479	gf_v2_104m_cls_pca50	combined+cov	9 subclasses
H21.33.023	0	0.4347510507803139	gf_v2_104m_cls_pca50	combined+cov	9 subclasses
H21.33.025	1	0.6461900033648423	gf_v2_104m_cls_pca50	combined+cov	9 subclasses
H21.33.026	1	0.7808094901908188	gf_v2_104m_cls_pca50	combined+cov	9 subclasses
H21.33.027	1	0.7339369523293665	gf_v2_104m_cls_pca50	combined+cov	9 subclasses
H21.33.028	0	0.5497798370470606	gf_v2_104m_cls_pca50	combined+cov	9 subclasses
H21.33.029	1	0.9566985943563268	gf_v2_104m_cls_pca50	combined+cov	9 subclasses
H21.33.030	1	0.9204372807661747	gf_v2_104m_cls_pca50	combined+cov	9 subclasses
H21.33.031	1	0.967750257289065	gf_v2_104m_cls_pca50	combined+cov	9 subclasses
H21.33.032	0	0.3154515305949837	gf_v2_104m_cls_pca50	combined+cov	9 subclasses
H21.33.033	1	0.9949424128714796	gf_v2_104m_cls_pca50	combined+cov	9 subclasses
H21.33.034	1	0.9884416561640773	gf_v2_104m_cls_pca50	combined+cov	9 subclasses
H21.33.035	1	0.9278384964010259	gf_v2_104m_cls_pca50	combined+cov	9 subclasses
H21.33.036	1	0.2713214582134364	gf_v2_104m_cls_pca50	combined+cov	9 subclasses
H21.33.037	0	0.5917696877134359	gf_v2_104m_cls_pca50	combined+cov	9 subclasses
H21.33.038	0	0.9191991275440378	gf_v2_104m_cls_pca50	combined+cov	9 subclasses
H21.33.039	1	0.85872912116571	gf_v2_104m_cls_pca50	combined+cov	9 subclasses
H21.33.040	1	0.9030296355716312	gf_v2_104m_cls_pca50	combined+cov	9 subclasses
H21.33.041	0	0.6629333298594033	gf_v2_104m_cls_pca50	combined+cov	9 subclasses
H21.33.042	1	0.6384346846425785	gf_v2_104m_cls_pca50	combined+cov	9 subclasses
H21.33.043	0	0.8782704660668011	gf_v2_104m_cls_pca50	combined+cov	9 subclasses
H21.33.044	1	0.8525982441070067	gf_v2_104m_cls_pca50	combined+cov	9 subclasses
H21.33.045	1	0.9985202209589688	gf_v2_104m_cls_pca50	combined+cov	9 subclasses
H21.33.046	1	0.9556606782203294	gf_v2_104m_cls_pca50	combined+cov	9 subclasses
H21.33.047	1	0.7039111124095869	gf_v2_104m_cls_pca50	combined+cov	9 subclasses
