covariates	gf_random_v2_104m_cls|combined	gf_random_v2_104m_cls|combined+cov	gf_v2_104m_cls|combined	gf_v2_104m_cls|combined+cov	pca|combined	pca|combined+cov	pca_harmony|combined	pca_harmony|combined+cov	randproj|combined	randproj|combined+cov	ref_scvi|combined	ref_scvi|combined+cov
0.509599395313681	0.528344671201814	0.5449735449735449	0.5068783068783068	0.5239606953892668	0.5761148904006047	0.5830687830687831	0.5900226757369614	0.6042328042328042	0.5111111111111113	0.5365079365079366	0.5392290249433106	0.5570672713529857
0.6334089191232047	0.400604686318972	0.37127739984882846	0.3889644746787604	0.37717309145880573	0.34149659863945575	0.3330309901738473	0.42237339380196526	0.40241874527588817	0.3839758125472411	0.3576719576719577	0.38170823885109606	0.35978835978835977
0.6835222978080121	0.4571428571428572	0.4959939531368103	0.38049886621315193	0.3981859410430839	0.3685563114134543	0.3871504157218443	0.33922902494331064	0.37399848828420257	0.4712018140589569	0.49569160997732425	0.3404383975812547	0.35389266817838244
0.3880574452003024	0.46802721088435373	0.46530612244897956	0.5613000755857899	0.5555555555555556	0.5969765684051398	0.5897203325774754	0.5337868480725623	0.5259259259259259	0.5390778533635677	0.5517762660619804	0.4772486772486773	0.473015873015873
0.5145880574452003	0.327891156462585	0.3129251700680272	0.31851851851851853	0.30854119425548	0.43930461073318217	0.4252456538170824	0.3913832199546486	0.3900226757369614	0.38941798941798944	0.38306878306878306	0.40393046107331826	0.39455782312925164
0.24119425547996975	0.43325774754346186	0.4093726379440665	0.582010582010582	0.5635676492819349	0.545275888133031	0.5200302343159485	0.5516250944822374	0.5301587301587302	0.5478458049886621	0.5183673469387755	0.6350718065003779	0.6232804232804232
0.5362055933484505	0.3791383219954648	0.38125472411186695	0.4665154950869237	0.47528344671201816	0.5102040816326531	0.5336356764928193	0.4222222222222222	0.4326530612244898	0.38835978835978835	0.4066515495086923	0.4677248677248677	0.4758881330309902
0.5445200302343159	0.5795918367346939	0.5848828420256991	0.673318216175359	0.6837490551776267	0.583371126228269	0.600302343159486	0.6228269085411942	0.6276643990929704	0.5310657596371883	0.5365079365079366	0.5029478458049887	0.5171579743008314
0.6387755102040817	0.5788359788359788	0.5963718820861678	0.471655328798186	0.4938775510204082	0.4051398337112622	0.43839758125472417	0.47543461829176115	0.4946334089191232	0.5356009070294785	0.5780801209372639	0.5859410430839003	0.6113378684807257
0.30128495842781555	0.5496598639455782	0.5384731670445957	0.37989417989417984	0.38185941043083904	0.5588813303099017	0.5467876039304611	0.5523809523809524	0.54572940287226	0.3974300831443689	0.4	0.43930461073318217	0.43854875283446704
0.4417233560090702	0.5357520786092215	0.5183673469387756	0.45835222978080126	0.43461829176114886	0.5229024943310657	0.5074829931972789	0.5301587301587302	0.5165532879818594	0.48586545729402875	0.47830687830687835	0.5247165532879818	0.5071806500377929
0.44504913076341646	0.4675736961451246	0.4482237339380196	0.4247921390778534	0.400302343159486	0.4510959939531368	0.43204837490551773	0.382312925170068	0.37218442932728646	0.3671957671957672	0.3528344671201814	0.46984126984126995	0.46061980347694637
0.40740740740740744	0.4728647014361299	0.46878306878306875	0.4560846560846561	0.4483749055177627	0.5247165532879817	0.5201814058956916	0.50854119425548	0.5029478458049886	0.35283446712018146	0.3469387755102041	0.5212396069538927	0.510355253212396
0.44368858654572935	0.6007558578987151	0.5839758125472411	0.6875283446712018	0.6683295540438399	0.6530612244897959	0.6284202569916856	0.728042328042328	0.7030990173847316	0.6476190476190476	0.6264550264550264	0.6119425547996975	0.6004535147392289
0.4021919879062736	0.6837490551776265	0.6716553287981859	0.5954648526077098	0.5868480725623583	0.5865457294028722	0.5934996220710507	0.5543461829176115	0.5546485260770975	0.5132275132275133	0.5100529100529101	0.5992441421012848	0.599848828420257
0.40907029478458046	0.435978835978836	0.4193499622071051	0.4317460317460317	0.4140589569160998	0.5738473167044595	0.5369614512471655	0.527588813303099	0.4972033257747543	0.5176114890400605	0.4973544973544973	0.52562358276644	0.49478458049886626
0.46349206349206346	0.47573696145124716	0.4677248677248677	0.44761904761904764	0.4577475434618291	0.5100529100529101	0.5176114890400605	0.5393801965230537	0.5522297808012093	0.4572940287226001	0.4517006802721088	0.38488284202569917	0.3907785336356765
0.570143613000756	0.5797430083144369	0.5333333333333333	0.46318972033257744	0.43310657596371877	0.43416477702191997	0.4155706727135299	0.36432350718065004	0.34013605442176875	0.5365079365079365	0.5115646258503401	0.4781557067271353	0.456386999244142
0.4758125472411187	0.2713529856386999	0.24444444444444446	0.3874527588813303	0.364928193499622	0.40695389266817844	0.38775510204081637	0.453514739229025	0.4303854875283447	0.30052910052910053	0.28284202569916855	0.3975812547241119	0.37460317460317466
0.4092214663643235	0.40151171579743006	0.4244897959183674	0.39047619047619053	0.39138321995464853	0.4612244897959184	0.4598639455782313	0.42237339380196526	0.42373393801965226	0.4777021919879062	0.47573696145124716	0.37687074829931977	0.3798941798941799
0.4465608465608465	0.5071806500377929	0.602116402116402	0.47452758881330304	0.5773242630385488	0.5868480725623584	0.6061980347694634	0.6058956916099774	0.6246409674981104	0.5584278155706728	0.598941798941799	0.508390022675737	0.5939531368102796
0.3614512471655329	0.46591080876795166	0.4495842781557068	0.4867724867724868	0.4923658352229781	0.4882842025699169	0.49977324263038553	0.47452758881330315	0.47543461829176115	0.4746787603930461	0.49433106575963714	0.51005291005291	0.5195767195767196
0.5162509448223733	0.46409674981103555	0.4483749055177627	0.562962962962963	0.5486016628873772	0.5035525321239607	0.4950869236583523	0.5616024187452758	0.5457294028722599	0.3756613756613757	0.3699168556311413	0.6250944822373394	0.6205593348450492
0.5906273620559335	0.4689342403628117	0.435222978080121	0.5212396069538926	0.4970521541950113	0.4715041572184429	0.44913076341647773	0.44247921390778533	0.41965230536659115	0.5047619047619049	0.48435374149659866	0.39244142101284957	0.36266061980347697
0.5345427059712774	0.39138321995464853	0.42328042328042326	0.5907785336356765	0.5883597883597884	0.5552532123960695	0.5590325018896447	0.543310657596372	0.5541950113378685	0.5424036281179139	0.5526832955404384	0.5547996976568405	0.564777021919879
0.3107331821617536	0.4258503401360544	0.43673469387755104	0.5546485260770975	0.5493575207860921	0.5384731670445956	0.5266817838246409	0.5238095238095238	0.5092970521541951	0.5469387755102041	0.5424036281179138	0.36432350718065	0.37520786092214664
0.4767951625094482	0.3606953892668179	0.3798941798941799	0.3956160241874528	0.39591836734693875	0.46485260770975056	0.4529100529100528	0.4228269085411943	0.41390778533635675	0.47498110355253215	0.48964474678760384	0.4826908541194256	0.5017384731670445
0.3857898715041572	0.24792139077853365	0.24867724867724866	0.4146636432350719	0.4042328042328043	0.43416477702191986	0.43114134542705973	0.42433862433862435	0.41647770219198793	0.49130763416477696	0.48526077097505665	0.5280423280423281	0.5213907785336357
0.4718820861678005	0.4309901738473167	0.45411942554799706	0.43945578231292515	0.4408163265306123	0.4781557067271353	0.4867724867724868	0.47316704459561604	0.48314436885865464	0.4418745275888133	0.46016628873771737	0.45835222978080126	0.46984126984126984
0.4828420256991686	0.45744520030234315	0.45850340136054424	0.45835222978080126	0.46969009826152686	0.3528344671201814	0.363265306122449	0.3342403628117914	0.3419501133786848	0.4114890400604686	0.39894179894179893	0.43628117913832193	0.42766439909297044
0.445880574452003	0.5135298563869993	0.4897959183673469	0.5197278911564626	0.5044595616024188	0.43975812547241117	0.42509448223733937	0.48405139833711264	0.47059712773998486	0.4854119425547997	0.46530612244897956	0.4884353741496598	0.47830687830687835
0.40627362055933486	0.563718820861678	0.5396825396825395	0.4057445200302343	0.3986394557823129	0.5037037037037038	0.4932728647014361	0.4634920634920635	0.4482237339380196	0.39319727891156464	0.3774754346182918	0.4213151927437642	0.40151171579743006
0.499244142101285	0.40650037792894933	0.47271352985638704	0.4459561602418745	0.44852607709750564	0.4937263794406651	0.5195767195767196	0.4828420256991685	0.5204837490551777	0.5860922146636433	0.5981859410430839	0.36160241874527593	0.41375661375661377
0.4760393046107332	0.49145880574452	0.5207860922146637	0.45487528344671196	0.4798185941043084	0.3897203325774754	0.41738473167044604	0.4226757369614512	0.44459561602418746	0.5783824640967499	0.6030234315948603	0.5532879818594104	0.5650793650793652
0.44058956916099773	0.4722600151171579	0.4625850340136054	0.40241874527588806	0.4004535147392291	0.5333333333333334	0.5307634164777022	0.5162509448223733	0.5092970521541951	0.4518518518518519	0.4461073318216175	0.4108843537414966	0.4151171579743008
0.49040060468631896	0.4621315192743764	0.4461073318216175	0.5396825396825398	0.5142857142857143	0.4521541950113378	0.4435374149659864	0.5464852607709751	0.5334845049130763	0.5492063492063493	0.5490551776266062	0.47755102040816333	0.4650037792894935
0.3878306878306878	0.5327286470143614	0.5170068027210883	0.6429327286470143	0.6329554043839758	0.6110355253212397	0.5913832199546485	0.564625850340136	0.546031746031746	0.6507936507936508	0.6353741496598639	0.619349962207105	0.600604686318972
0.3377173091458806	0.4758881330309902	0.45200302343159493	0.45185185185185184	0.43582766439909293	0.4647014361300076	0.4557823129251701	0.4551776266061981	0.4504913076341648	0.4461073318216175	0.42252456538170824	0.4143613000755858	0.3912320483749055
0.2620559334845049	0.5788359788359788	0.5939531368102797	0.5537414965986395	0.582464096749811	0.39743008314436884	0.4261526832955404	0.417989417989418	0.437037037037037	0.4235827664399093	0.4467120181405896	0.5160997732426305	0.5271352985638701
0.49251700680272104	0.4399092970521542	0.436885865457294	0.47482993197278905	0.4823885109599395	0.35903250188964475	0.35600907029478457	0.36583522297808013	0.36311413454270597	0.3652305366591081	0.3678004535147393	0.5127739984882842	0.5092970521541951
0.43091458805744526	0.472260015117158	0.5309145880574452	0.29508692365835226	0.37384731670445953	0.40786092214663644	0.4482237339380196	0.437037037037037	0.4814814814814815	0.34089191232048377	0.4015117157974301	0.22222222222222224	0.273167044595616
0.5351473922902494	0.3868480725623583	0.40740740740740744	0.4672713529856387	0.47377173091458813	0.5077853363567649	0.5215419501133787	0.5186696900982616	0.5244142101284959	0.5711262282690853	0.5706727135298564	0.42328042328042326	0.436432350718065
0.5117157974300831	0.44882842025699166	0.4674225245653817	0.5597883597883598	0.5543461829176115	0.4382464096749811	0.4444444444444445	0.45820105820105816	0.46455026455026455	0.5179138321995465	0.5342403628117914	0.5659863945578231	0.562358276643991
0.3924414210128496	0.5953136810279668	0.582161753590325	0.6775510204081632	0.674225245653817	0.6261526832955405	0.6231292517006803	0.5390778533635677	0.5294028722600151	0.5847316704459562	0.5678004535147392	0.7020408163265305	0.6907029478458049
0.2819349962207105	0.2148148148148148	0.2323507180650038	0.2953892668178383	0.29705215419501135	0.36538170823885113	0.3594860166288738	0.37233560090702944	0.35948601662887375	0.3222978080120937	0.3238095238095238	0.401360544217687	0.38563869992441424
0.5891156462585034	0.6042328042328042	0.5857898715041572	0.637490551776266	0.6219198790627362	0.4964474678760393	0.48858654572940285	0.5783824640967499	0.5794406651549509	0.5780801209372638	0.5738473167044595	0.5990929705215418	0.6048374905517762
0.29244142101284953	0.3557067271352986	0.3300075585789871	0.3617535903250189	0.3499622071050642	0.5224489795918368	0.49433106575963714	0.4560846560846561	0.4331065759637188	0.511262282690854	0.4919123204837491	0.5960695389266818	0.5848828420256992
0.5921390778533635	0.3324263038548753	0.399395313681028	0.4066515495086923	0.4213151927437642	0.41164021164021164	0.4291761148904006	0.46439909297052157	0.48677248677248686	0.36840513983371126	0.40725623582766435	0.3966742252456539	0.40393046107331826
0.5136810279667422	0.4761904761904761	0.45941043083900224	0.45971277399848826	0.45941043083900224	0.5478458049886621	0.5402872260015117	0.5284958427815571	0.5159486016628874	0.4993197278911564	0.4884353741496598	0.4708994708994709	0.4816326530612245
0.4468631897203326	0.5590325018896447	0.5298563869992441	0.545124716553288	0.5310657596371883	0.5581254724111868	0.5434618291761149	0.6139077853363567	0.6089191232048374	0.5676492819349962	0.5513227513227513	0.5389266817838246	0.5431594860166288
0.4875283446712018	0.36296296296296293	0.3770219198790627	0.4612244897959184	0.46712018140589573	0.5248677248677248	0.5209372637944065	0.5442176870748299	0.5319727891156463	0.40136054421768713	0.41330309901738477	0.5070294784580499	0.49690098261526827
0.500604686318972	0.4456538170823885	0.4615268329554044	0.5609977324263038	0.564928193499622	0.46938775510204084	0.473015873015873	0.47619047619047616	0.4885865457294029	0.4464096749811035	0.4630385487528345	0.4937263794406651	0.4981103552532124
0.5328042328042327	0.48616780045351476	0.49659863945578236	0.45321239606953884	0.4515495086923658	0.4447467876039304	0.4308390022675737	0.4751322751322752	0.45336356764928193	0.5324263038548753	0.5049130763416477	0.4405139833711262	0.4205593348450491
0.5576719576719575	0.6223733938019652	0.6467120181405897	0.6492819349962207	0.6636432350718064	0.49992441421012856	0.5021919879062736	0.5244142101284959	0.526832955404384	0.5032501889644747	0.5147392290249433	0.4978080120937264	0.49538926681783824
0.3764928193499622	0.5156462585034014	0.5242630385487528	0.5579743008314437	0.5486016628873771	0.5490551776266062	0.5513227513227513	0.5417989417989417	0.5489040060468632	0.5780801209372638	0.5712773998488284	0.5437641723356009	0.5416477702191987
0.32736205593348455	0.561602418745276	0.5346938775510204	0.4148148148148148	0.4166288737717309	0.44368858654572935	0.42857142857142855	0.4578987150415722	0.44504913076341646	0.42932728647014357	0.4158730158730159	0.4654572940287226	0.44928193499622066
0.4048374905517763	0.528798185941043	0.5117157974300832	0.6442932728647014	0.6213151927437641	0.4813303099017385	0.4699924414210129	0.4713529856386999	0.46802721088435373	0.5711262282690854	0.562962962962963	0.5596371882086169	0.5407407407407409
0.42607709750566897	0.5414965986394558	0.5062736205593348	0.4647014361300076	0.44852607709750564	0.5806500377928949	0.5661375661375662	0.5732426303854876	0.5655328798185941	0.3606953892668178	0.3498110355253212	0.4157218442932729	0.39304610733182166
0.4503401360544218	0.4885865457294029	0.4964474678760393	0.4713529856386999	0.4875283446712018	0.435827664399093	0.45457294028722606	0.3059712773998488	0.33333333333333337	0.41330309901738477	0.4152683295540438	0.5046107331821619	0.5159486016628874
0.6456538170823884	0.5792894935752079	0.562055933484505	0.4781557067271353	0.4569916855631142	0.419047619047619	0.40241874527588817	0.5658352229780801	0.5520786092214663	0.4993197278911564	0.47543461829176115	0.5126228269085411	0.4955404383975813
0.5374905517762661	0.5011337868480725	0.5405895691609978	0.5540438397581255	0.5847316704459562	0.5765684051398338	0.6214663643235071	0.5653817082388513	0.6293272864701436	0.4804232804232805	0.5377173091458806	0.5897203325774755	0.6136054421768706
0.32003023431594857	0.5410430839002268	0.5198790627362057	0.42509448223733937	0.398941798941799	0.4600151171579744	0.437792894935752	0.5222978080120938	0.5012849584278156	0.4305366591080877	0.4061980347694634	0.4238851095993953	0.4087679516250945
0.32501889644746784	0.49916855631141344	0.528798185941043	0.5015873015873016	0.5248677248677248	0.580347694633409	0.5809523809523809	0.5470899470899471	0.5501133786848074	0.43582766439909293	0.4625850340136055	0.4973544973544974	0.4938775510204082
0.3739984882842025	0.43779289493575213	0.3956160241874528	0.5570672713529856	0.5363567649281935	0.5345427059712773	0.5221466364323507	0.47437641723356005	0.4569916855631141	0.5065759637188207	0.4884353741496598	0.5467876039304611	0.5304610733182162
0.44928193499622077	0.48888888888888893	0.508238851095994	0.5322751322751322	0.5248677248677248	0.437339380196523	0.4391534391534392	0.4500377928949357	0.4510959939531368	0.491005291005291	0.509901738473167	0.4872260015117158	0.473318216175359
0.6040816326530613	0.44928193499622077	0.44595616024187457	0.4572940287226001	0.4406651549508693	0.5207860922146637	0.5082388510959939	0.4199546485260771	0.41859410430839006	0.4958427815570673	0.47981859410430844	0.41693121693121693	0.40634920634920635
0.5761148904006047	0.5836734693877551	0.5786848072562358	0.4958427815570673	0.5052154195011338	0.43567649281935	0.4458049886621315	0.40997732426303857	0.42191987906273615	0.48042328042328036	0.5027966742252457	0.4452003023431595	0.45941043083900224
0.47437641723356017	0.49901738473167045	0.491761148904006	0.5425547996976567	0.5307634164777022	0.4612244897959183	0.48420256991685573	0.46575963718820856	0.48526077097505665	0.5241118669690098	0.5486016628873772	0.4306878306878307	0.435978835978836
0.5120181405895692	0.5830687830687831	0.5668934240362812	0.49992441421012845	0.48102796674225246	0.5363567649281935	0.5183673469387755	0.47316704459561604	0.47392290249433106	0.43204837490551784	0.41693121693121704	0.381859410430839	0.37656840513983375
0.32123960695389264	0.6187452758881331	0.6122448979591836	0.5517762660619804	0.5540438397581255	0.5348450491307635	0.5248677248677248	0.5327286470143614	0.5298563869992441	0.4672713529856387	0.46908541194255476	0.52562358276644	0.5159486016628874
0.4310657596371882	0.5771730914588058	0.5774754346182918	0.509145880574452	0.5065759637188209	0.4704459561602419	0.48223733938019653	0.4988662131519274	0.5080876795162508	0.5157974300831444	0.5251700680272109	0.45185185185185184	0.4515495086923658
0.4752078609221466	0.38745275888133024	0.3907785336356765	0.5145880574452003	0.5082388510959939	0.6048374905517762	0.5891156462585034	0.5508692365835224	0.529554043839758	0.4823885109599395	0.46848072562358284	0.5975812547241118	0.5919879062736206
0.6190476190476191	0.48888888888888893	0.5219954648526077	0.5059712773998488	0.5339380196523054	0.4817838246409675	0.4777021919879063	0.5239606953892668	0.5201814058956916	0.4565381708238851	0.45714285714285713	0.48450491307634164	0.49478458049886614
0.38367346938775515	0.39334845049130757	0.4305366591080877	0.3176114890400605	0.3254724111866969	0.2845049130763416	0.30158730158730157	0.37687074829931966	0.3904761904761904	0.31594860166288735	0.32834467120181404	0.50854119425548	0.5256235827664398
0.4832955404383975	0.4253968253968254	0.399848828420257	0.46107331821617537	0.43718820861678004	0.4600151171579744	0.4414210128495843	0.4335600907029479	0.4188964474678761	0.5375661375661375	0.5162509448223733	0.4559334845049131	0.44504913076341657
0.5070294784580499	0.4302343159486017	0.4255479969765684	0.4548752834467121	0.4790627362055934	0.49992441421012856	0.4975056689342404	0.49387755102040815	0.49387755102040815	0.4671201814058956	0.46439909297052157	0.43869992441421013	0.44867724867724873
0.33151927437641726	0.4923658352229781	0.4770975056689343	0.6164777021919878	0.5934996220710506	0.5762660619803477	0.5681027966742251	0.6142101284958427	0.6160241874527588	0.5421012849584278	0.5381708238851096	0.5901738473167045	0.5850340136054422
0.317233560090703	0.5179138321995465	0.48359788359788364	0.4699924414210129	0.4412698412698413	0.41284958427815577	0.38155706727135297	0.4456538170823885	0.4166288737717309	0.42388510959939535	0.4039304610733182	0.48480725623582777	0.46031746031746035
0.38442932728647017	0.6055933484504914	0.6220710506424793	0.561451247165533	0.5579743008314437	0.47800453514739233	0.4749811035525321	0.5726379440665155	0.5771730914588057	0.3925925925925926	0.41118669690098264	0.5197278911564627	0.5165532879818594
0.2882842025699168	0.4517006802721088	0.47452758881330315	0.5037037037037038	0.5029478458049887	0.5588813303099018	0.546485260770975	0.6131519274376418	0.5977324263038548	0.562358276643991	0.5555555555555556	0.5167044595616025	0.5117157974300831
0.48359788359788364	0.48934240362811793	0.4807256235827664	0.5482993197278911	0.5380196523053666	0.68994708994709	0.6811791383219955	0.6137566137566137	0.60151171579743	0.4799697656840515	0.48571428571428565	0.6119425547996976	0.5983371126228268
0.44784580498866217	0.43869992441421013	0.46364323507180655	0.43340891912320484	0.45457294028722595	0.4412698412698413	0.45351473922902497	0.48541194255479975	0.4863189720332577	0.4816326530612245	0.49554043839758116	0.5339380196523054	0.5307634164777022
0.2792894935752078	0.46530612244897956	0.4518518518518519	0.4052910052910053	0.39259259259259255	0.4255479969765684	0.4164777021919878	0.4500377928949358	0.4291761148904006	0.5080876795162509	0.5017384731670447	0.36205593348450493	0.345275888133031
0.2925170068027211	0.4512471655328798	0.436885865457294	0.48843537414965993	0.48299319727891155	0.3705215419501134	0.35510204081632646	0.4297808012093727	0.4151171579743008	0.40196523053665906	0.3936507936507937	0.39954648526077097	0.38382464096749813
0.3655328798185941	0.4093726379440665	0.38231292517006804	0.42373393801965226	0.41768707482993195	0.46832955404383975	0.4672713529856388	0.49040060468631896	0.4826908541194256	0.49992441421012856	0.492214663643235	0.5590325018896448	0.5327286470143614
0.4428571428571429	0.47528344671201805	0.48450491307634175	0.4598639455782313	0.46953892668178376	0.48510959939531373	0.4772486772486773	0.49024943310657604	0.47936507936507944	0.4612244897959183	0.45291005291005293	0.5411942554799698	0.5442176870748299
0.5351473922902494	0.580347694633409	0.6031746031746031	0.5156462585034014	0.5331821617535903	0.42207105064247924	0.4521541950113379	0.39818594104308386	0.4400604686318972	0.5599395313681028	0.5801965230536659	0.5309145880574452	0.5340891912320483
0.42237339380196526	0.5164021164021163	0.5590325018896447	0.5053665910808768	0.5508692365835224	0.6220710506424793	0.6415721844293273	0.6314436885865456	0.6507936507936508	0.6465608465608466	0.6962962962962963	0.6520030234315948	0.673469387755102
0.3183673469387755	0.6016628873771731	0.5916855631141344	0.635525321239607	0.6204081632653061	0.7384731670445955	0.7328798185941042	0.7287981859410431	0.7337868480725624	0.6126984126984126	0.6057445200302343	0.6529100529100529	0.6603174603174604
0.5847316704459562	0.6285714285714284	0.5888133030990174	0.5478458049886623	0.5254724111866969	0.4710506424792139	0.4503401360544218	0.4052910052910052	0.3895691609977325	0.5111111111111111	0.491761148904006	0.546636432350718	0.5257747543461828
0.3690098261526833	0.5123204837490551	0.4978080120937263	0.5467876039304611	0.546334089191232	0.5499622071050643	0.5349962207105066	0.5030990173847317	0.49266817838246413	0.5366591080876796	0.527588813303099	0.710959939531368	0.7006802721088435
0.5133786848072563	0.4699924414210129	0.46575963718820856	0.5322751322751322	0.5232048374905517	0.43189720332577475	0.4258503401360544	0.38926681783824646	0.38427815570672713	0.5732426303854876	0.562358276643991	0.31549508692365835	0.32063492063492066
0.4928193499622071	0.4763416477702192	0.4665154950869237	0.4015117157974301	0.4107331821617536	0.4211640211640212	0.42796674225245657	0.4922146636432351	0.49931972789115653	0.4885865457294029	0.47906273620559336	0.5027966742252457	0.49931972789115653
0.45064247921390777	0.4716553287981859	0.4521541950113379	0.5664399092970521	0.5478458049886621	0.5330309901738474	0.5147392290249433	0.46832955404383975	0.45381708238851104	0.4816326530612245	0.46107331821617537	0.5557067271352986	0.5399848828420257
0.31738473167044595	0.3948601662887377	0.37399848828420257	0.44973544973544977	0.4217687074829932	0.4208616780045351	0.40211640211640215	0.4107331821617536	0.3975812547241119	0.37717309145880573	0.3587301587301587	0.43567649281935	0.4231292517006803
0.54724111866969	0.42373393801965237	0.4107331821617536	0.5349962207105065	0.5226001511715798	0.5294028722600151	0.5309145880574453	0.5204837490551777	0.5295540438397582	0.49463340891912316	0.4976568405139834	0.5613000755857899	0.564474678760393
0.4944822373393801	0.4879818594104308	0.508994708994709	0.39032501889644744	0.43250188964474684	0.5484504913076342	0.563869992441421	0.5309145880574453	0.5386243386243386	0.4773998488284203	0.5061224489795919	0.5157974300831444	0.5109599395313682
0.4226001511715798	0.3127739984882842	0.3235071806500378	0.3436130007558579	0.3535903250188964	0.45336356764928193	0.4651549508692366	0.3221466364323507	0.3402872260015117	0.40287226001511717	0.4057445200302343	0.5135298563869993	0.5068783068783069
0.28609221466364326	0.5502645502645502	0.5319727891156463	0.5549508692365835	0.5569160997732426	0.44807256235827664	0.4465608465608465	0.435827664399093	0.436432350718065	0.3547996976568405	0.3602418745275888	0.5263794406651551	0.5378684807256235
0.2571428571428571	0.4742252456538171	0.45714285714285713	0.4464096749811035	0.4219198790627362	0.435827664399093	0.4104308390022676	0.3247165532879818	0.29523809523809524	0.3963718820861678	0.3736961451247166	0.4586545729402872	0.4231292517006803
0.38193499622071053	0.36674225245653824	0.38382464096749813	0.37611489040060475	0.38427815570672713	0.33121693121693124	0.34512471655328797	0.35328798185941046	0.3578231292517007	0.43204837490551784	0.4199546485260771	0.38004535147392293	0.37399848828420257
0.5208616780045352	0.4231292517006803	0.40907029478458046	0.4458049886621315	0.45411942554799695	0.4773998488284203	0.49433106575963714	0.42252456538170824	0.43189720332577475	0.45835222978080126	0.4609221466364324	0.4468631897203326	0.45230536659108084
0.4082388510959939	0.4503401360544218	0.39516250944822373	0.44504913076341646	0.41632653061224484	0.345275888133031	0.3303099017384732	0.31247165532879817	0.3037037037037037	0.309448223733938	0.29402872260015117	0.40302343159486015	0.36991685563114135
0.41050642479213906	0.5092970521541951	0.5108087679516251	0.43839758125472406	0.4495842781557068	0.4780045351473922	0.47392290249433106	0.4015117157974301	0.401360544217687	0.40211640211640215	0.4048374905517763	0.43325774754346186	0.43507180650037797
0.5262282690854119	0.5809523809523809	0.5609977324263038	0.49145880574452	0.48012093726379435	0.40423280423280417	0.3897203325774754	0.4210128495842781	0.40695389266817833	0.5851851851851851	0.5606953892668178	0.472260015117158	0.4517006802721088
0.35706727135298566	0.3681027966742253	0.3947089947089947	0.4724111866969009	0.47346938775510206	0.32411186696900984	0.3473922902494331	0.362962962962963	0.37021919879062737	0.41421012849584277	0.4439909297052155	0.44338624338624333	0.44338624338624333
0.4559334845049131	0.5410430839002268	0.5739984882842025	0.380952380952381	0.4191987906273621	0.3306122448979592	0.38911564625850337	0.3513227513227513	0.4045351473922903	0.3853363567649282	0.44247921390778533	0.3569160997732427	0.40241874527588817
0.3365079365079365	0.33167044595616024	0.3880574452003024	0.4654572940287226	0.4647014361300076	0.37883597883597886	0.4145124716553288	0.39047619047619053	0.41587301587301584	0.4092214663643235	0.4572940287226001	0.4826908541194255	0.5176114890400604
0.5621315192743764	0.5047619047619047	0.5024943310657596	0.39349962207105066	0.3848828420256992	0.4746787603930461	0.4710506424792139	0.45880574452003026	0.4495842781557067	0.5068783068783069	0.5056689342403629	0.3723356009070295	0.3798941798941799
0.4477702191987906	0.49145880574452006	0.4832955404383975	0.5044595616024188	0.47906273620559336	0.3903250188964475	0.3795918367346939	0.4396069538926682	0.4340136054421769	0.4923658352229781	0.46969009826152686	0.5233560090702948	0.5041572184429327
0.435222978080121	0.6353741496598639	0.6745275888133031	0.5617535903250188	0.579440665154951	0.5619047619047619	0.5996976568405141	0.656689342403628	0.6904006046863189	0.5820105820105821	0.6155706727135298	0.44414210128495846	0.47906273620559336
0.4775510204081632	0.46923658352229786	0.4946334089191232	0.4958427815570673	0.5008314436885866	0.46288737717309153	0.4653061224489797	0.5018896447467875	0.5186696900982615	0.45245653817082393	0.4578987150415722	0.326984126984127	0.33030990173847313
0.35782312925170073	0.3942554799697657	0.39909297052154197	0.4842025699168556	0.4807256235827665	0.418745275888133	0.42252456538170824	0.5097505668934239	0.508238851095994	0.4093726379440665	0.41375661375661377	0.41693121693121693	0.4107331821617536
0.37513227513227515	0.39092970521541953	0.36764928193499624	0.3702191987906273	0.36099773242630384	0.3756613756613757	0.3693121693121693	0.40770975056689346	0.39954648526077097	0.31504157218442935	0.3058201058201058	0.509599395313681	0.5040060468631897
0.5040816326530613	0.6568405139833712	0.6888888888888889	0.7572184429327287	0.7547996976568404	0.5541950113378685	0.5591836734693878	0.6040816326530613	0.6052910052910053	0.6140589569160998	0.6370370370370371	0.5759637188208617	0.5891156462585034
0.6388510959939533	0.6654572940287226	0.6211640211640211	0.54421768707483	0.5173091458805745	0.5021919879062737	0.4761904761904761	0.5151927437641723	0.4911564625850341	0.5594860166288738	0.5319727891156463	0.5018896447467875	0.4811791383219955
0.3828420256991686	0.3563114134542706	0.3528344671201814	0.4721088435374149	0.4702947845804989	0.4814814814814815	0.4604686318972034	0.4126984126984127	0.3927437641723356	0.4235827664399093	0.40226757369614513	0.434920634920635	0.41995464852607717
0.3499622071050642	0.34285714285714286	0.3224489795918367	0.5259259259259259	0.4973544973544973	0.5141345427059713	0.4935752078609221	0.5365079365079366	0.5253212396069539	0.5673469387755101	0.5369614512471655	0.48420256991685573	0.455479969765684
0.4089191232048375	0.25880574452003025	0.23356009070294786	0.3427059712773999	0.3204837490551776	0.4574452003023432	0.4455026455026455	0.45759637188208624	0.44807256235827664	0.39092970521541953	0.36734693877551017	0.47951625094482236	0.4621315192743764
0.33620559334845057	0.4663643235071807	0.44973544973544977	0.4408163265306122	0.4302343159486017	0.4296296296296296	0.43114134542705973	0.42690854119425553	0.42902494331065755	0.399395313681028	0.3975812547241119	0.544822373393802	0.5372637944066516
0.4210128495842781	0.5079365079365079	0.5109599395313681	0.4270597127739985	0.43461829176114886	0.39047619047619053	0.40695389266817833	0.40710506424792137	0.41723356009070295	0.35238095238095235	0.36145124716553284	0.4208616780045352	0.4214663643235072
0.5348450491307635	0.39198790627362057	0.38563869992441424	0.6077097505668935	0.5966742252456538	0.5011337868480725	0.48919123204837495	0.544822373393802	0.5349962207105065	0.6332577475434618	0.6151171579743008	0.6708994708994709	0.6556311413454271
0.5297052154195011	0.5067271352985638	0.5003779289493575	0.3177626606198035	0.3286470143613	0.4184429327286471	0.42161753590325024	0.37142857142857144	0.3845804988662132	0.4503401360544218	0.46485260770975056	0.44323507180650035	0.43794406651549506
0.4603174603174603	0.47966742252456535	0.492063492063492	0.45427059712774	0.4660619803476946	0.545880574452003	0.5563114134542706	0.5746031746031747	0.5749055177626605	0.4770975056689342	0.4940287226001511	0.4210128495842781	0.42705971277399846
0.5386243386243386	0.41375661375661366	0.4015117157974301	0.4347694633408919	0.41315192743764173	0.49342403628117915	0.48495842781557064	0.41738473167044593	0.4166288737717309	0.4444444444444445	0.42766439909297055	0.42675736961451244	0.42297808012093735
0.4456538170823885	0.5962207105064248	0.6117913832199546	0.5207860922146637	0.5300075585789872	0.4869236583522298	0.49826152683295544	0.4712018140589569	0.4870748299319728	0.4982615268329553	0.5053665910808768	0.46500377928949355	0.45925925925925926
0.22358276643990932	0.4326530612244898	0.4143613000755858	0.38563869992441424	0.3721844293272865	0.4096749811035526	0.4063492063492064	0.40861678004535146	0.40196523053665906	0.4305366591080876	0.4155706727135299	0.39410430839002264	0.37399848828420257
0.35865457294028724	0.41466364323507177	0.4713529856387	0.4885865457294029	0.5224489795918367	0.4530612244897959	0.4919123204837491	0.5059712773998488	0.5433106575963719	0.4055933484504914	0.4409674981103552	0.46893424036281184	0.5198790627362057
0.5975056689342403	0.47498110355253215	0.45789871504157215	0.4145124716553289	0.4095238095238095	0.47452758881330315	0.46575963718820856	0.4314436885865457	0.4252456538170824	0.41179138321995473	0.41421012849584277	0.5297052154195011	0.5192743764172335
0.534920634920635	0.5513227513227513	0.5336356764928194	0.6232804232804233	0.6087679516250945	0.5325774754346182	0.5132275132275133	0.4881330309901738	0.4820861678004535	0.44671201814058953	0.43386243386243384	0.6205593348450492	0.6048374905517763
0.42842025699168557	0.5777777777777778	0.5857898715041573	0.6305366591080878	0.6606198034769463	0.6204081632653062	0.6380952380952382	0.6622826908541194	0.6783068783068783	0.5785336356764927	0.5922902494331066	0.6096749811035524	0.6320483749055177
0.4308390022675737	0.5857898715041572	0.581103552532124	0.5041572184429327	0.5195767195767196	0.6098261526832955	0.6328042328042327	0.5026455026455027	0.5259259259259259	0.5551020408163266	0.5608465608465608	0.45941043083900224	0.4724111866969009
0.4751322751322752	0.3747543461829176	0.38563869992441424	0.38080120937263795	0.40226757369614513	0.4140589569160998	0.43189720332577475	0.4846560846560847	0.48994708994708996	0.4253968253968255	0.4302343159486016	0.3475434618291761	0.3479969765684051
0.39470899470899473	0.5747543461829177	0.5730914588057445	0.6385487528344671	0.6458049886621314	0.708843537414966	0.7118669690098262	0.6994708994708995	0.7044595616024187	0.6092214663643235	0.6208616780045352	0.6397581254724112	0.6408163265306122
0.3885109599395314	0.46591080876795166	0.44459561602418746	0.3733938019652305	0.3605442176870749	0.37384731670445953	0.35238095238095235	0.29523809523809524	0.2828420256991685	0.47014361300075586	0.43779289493575213	0.42857142857142855	0.4191987906273621
0.5422524565381709	0.48450491307634164	0.5242630385487528	0.4058956916099773	0.45427059712774	0.4976568405139834	0.5537414965986394	0.4117913832199546	0.4553287981859411	0.436130007558579	0.47981859410430844	0.5213907785336357	0.5569160997732426
0.5247921390778533	0.49523809523809526	0.4932728647014361	0.4426303854875283	0.4577475434618291	0.5201814058956916	0.5159486016628875	0.5271352985638701	0.5274376417233559	0.6030234315948602	0.5951625094482238	0.48858654572940285	0.4863189720332578
0.4354497354497354	0.4660619803476946	0.43567649281935	0.39229024943310653	0.38563869992441424	0.4080120937263795	0.3962207105064248	0.5501133786848073	0.5265306122448978	0.510506424792139	0.49901738473167045	0.5142857142857143	0.4979591836734693
0.6017384731670445	0.6140589569160998	0.672562358276644	0.635827664399093	0.6459561602418745	0.5384731670445956	0.5700680272108842	0.5024943310657596	0.5449735449735449	0.5661375661375663	0.6123960695389268	0.599092970521542	0.62010582010582
0.4296296296296297	0.5401360544217686	0.5253212396069539	0.5446712018140589	0.5286470143613001	0.44807256235827664	0.4258503401360544	0.46712018140589573	0.4459561602418745	0.4929705215419501	0.47362055933484504	0.400453514739229	0.39606953892668184
0.363114134542706	0.46016628873771726	0.4491307634164777	0.436130007558579	0.42796674225245657	0.401058201058201	0.40211640211640215	0.36235827664399095	0.35933484504913077	0.4467120181405896	0.43885109599395317	0.6119425547996976	0.6025699168556311
0.5593348450491307	0.4565381708238851	0.4973544973544973	0.3434618291761149	0.37566137566137564	0.4884353741496598	0.4763416477702192	0.4855631141345427	0.4666666666666667	0.5369614512471655	0.5389266817838246	0.3126228269085412	0.34588057445200304
0.3357520786092215	0.4778533635676493	0.47059712773998486	0.3437641723356009	0.3437641723356009	0.4699924414210129	0.46712018140589573	0.36885865457294026	0.37792894935752075	0.3402872260015117	0.3431594860166289	0.3378684807256236	0.34406651549508693
0.36628873771730913	0.5135298563869993	0.508238851095994	0.5662887377173093	0.563869992441421	0.5179138321995465	0.5236583522297809	0.5216931216931217	0.5307634164777022	0.48057445200302346	0.4808767951625095	0.5374149659863946	0.5346938775510204
0.3384731670445956	0.4040816326530612	0.46016628873771737	0.43794406651549506	0.4628873771730914	0.47286470143613	0.4967498110355253	0.47316704459561604	0.4869236583522298	0.5995464852607709	0.6087679516250946	0.525321239606954	0.5318216175359033
0.4791383219954648	0.46016628873771737	0.4591080876795163	0.43235071806500375	0.4287226001511716	0.5247165532879818	0.5162509448223733	0.6057445200302344	0.5966742252456538	0.4609221466364324	0.46364323507180644	0.545275888133031	0.5404383975812548
0.5326530612244899	0.4663643235071806	0.4510959939531368	0.5309145880574452	0.509599395313681	0.33922902494331064	0.3368102796674225	0.33030990173847313	0.3242630385487529	0.3284958427815571	0.3230536659108088	0.39788359788359784	0.3791383219954649
0.4866213151927437	0.44792139077853366	0.4826908541194256	0.5183673469387755	0.5245653817082389	0.6151171579743008	0.6107331821617535	0.5463340891912319	0.5637188208616781	0.5543461829176115	0.5752078609221467	0.5356009070294785	0.54572940287226
0.4946334089191232	0.5770219198790627	0.5714285714285714	0.5770219198790627	0.562962962962963	0.6433862433862434	0.6367346938775509	0.6666666666666666	0.6604686318972033	0.6166288737717309	0.6043839758125472	0.6040816326530613	0.5919879062736206
0.4557823129251701	0.563416477702192	0.5384731670445956	0.4606198034769463	0.45245653817082393	0.5315192743764172	0.49916855631141355	0.45442176870748296	0.43371126228269086	0.47815570672713525	0.4591080876795163	0.43461829176114886	0.4414210128495843
0.40657596371882077	0.5188208616780046	0.5301587301587302	0.5024943310657596	0.5239606953892667	0.6090702947845805	0.6187452758881331	0.6137566137566137	0.6300831443688586	0.5759637188208616	0.5829176114890402	0.6432350718065004	0.6471655328798185
0.28647014361300077	0.5126228269085412	0.545275888133031	0.4036281179138322	0.43204837490551784	0.42252456538170824	0.42161753590325024	0.4096749811035526	0.40861678004535146	0.4704459561602419	0.4764928193499622	0.35253212396069544	0.3715797430083145
0.33046107331821617	0.4846560846560847	0.4972033257747544	0.5768707482993197	0.5857898715041573	0.5404383975812548	0.5546485260770975	0.49916855631141344	0.509145880574452	0.5321239606953893	0.5402872260015117	0.6130007558578987	0.616628873771731
0.33151927437641726	0.5053665910808768	0.4993197278911564	0.5056689342403629	0.5052154195011338	0.5248677248677249	0.5213907785336357	0.5170068027210885	0.49977324263038553	0.4302343159486016	0.42932728647014357	0.6213151927437641	0.6063492063492064
0.4853363567649282	0.44232804232804235	0.47452758881330315	0.5668934240362813	0.5791383219954648	0.6198034769463341	0.6074074074074074	0.6473167044595616	0.6385487528344671	0.5820105820105821	0.582312925170068	0.6065003779289494	0.6075585789871505
0.3284958427815571	0.4238851095993953	0.4071050642479214	0.308692365835223	0.3032501889644747	0.34406651549508693	0.328042328042328	0.3682539682539682	0.34799697656840517	0.3761148904006047	0.35343915343915344	0.26636432350718064	0.2574452003023432
0.2979591836734694	0.3236583522297808	0.3014361300075586	0.4	0.3780801209372638	0.44323507180650035	0.4198034769463341	0.4340136054421769	0.4107331821617536	0.3836734693877551	0.3487528344671202	0.4981103552532124	0.4684807256235827
0.47687074829931975	0.42373393801965237	0.40559334845049133	0.45336356764928193	0.4524565381708238	0.4946334089191232	0.47543461829176115	0.4807256235827664	0.4578987150415722	0.5304610733182161	0.5073318216175359	0.5525321239606953	0.5324263038548753
0.5427059712773998	0.5100529100529101	0.47014361300075586	0.364021164021164	0.3430083144368859	0.46439909297052157	0.4308390022675737	0.4699924414210129	0.43235071806500375	0.4228269085411943	0.39939531368102793	0.3735449735449735	0.34119425547996973
0.4881330309901738	0.40997732426303857	0.3910808767951625	0.5340891912320483	0.5142857142857143	0.509145880574452	0.4969009826152684	0.510506424792139	0.49493575207860924	0.5160997732426305	0.5041572184429327	0.5557067271352987	0.546636432350718
0.3925170068027211	0.34784580498866213	0.37823129251700677	0.4580498866213151	0.4668178382464097	0.45472411186696904	0.4858654572940287	0.4184429327286471	0.435222978080121	0.3750566893424036	0.40393046107331826	0.5357520786092215	0.565684051398337
0.44837490551776266	0.5003779289493575	0.52713529856387	0.4461073318216175	0.4494331065759637	0.5242630385487528	0.527891156462585	0.4518518518518519	0.46273620559334844	0.5873015873015873	0.6069538926681783	0.39879062736205595	0.39818594104308386
0.6934996220710505	0.4560846560846561	0.44807256235827664	0.4872260015117158	0.4716553287981859	0.3321239606953893	0.3254724111866969	0.32607709750566893	0.3331821617535904	0.44399092970521536	0.44429327286470144	0.39924414210128495	0.38699924414210124
0.5490551776266062	0.48964474678760395	0.473318216175359	0.4096749811035526	0.3865457294028723	0.3467876039304611	0.3369614512471655	0.2855631141345427	0.271806500377929	0.4598639455782313	0.4343159486016629	0.4695389266817839	0.4509448223733938
0.5757369614512472	0.3866969009826152	0.38488284202569917	0.4297808012093727	0.4208616780045351	0.565532879818594	0.5383219954648526	0.437037037037037	0.4163265306122449	0.4305366591080877	0.41209372637944064	0.5538926681783825	0.543461829176115
0.4507180650037793	0.49659863945578236	0.5130763416477702	0.41768707482993206	0.4164777021919878	0.5606953892668177	0.5594860166288738	0.5032501889644747	0.507180650037793	0.5519274376417234	0.5617535903250189	0.4875283446712018	0.4872260015117158
0.2413454270597128	0.3369614512471655	0.38473167044595613	0.2987150415721844	0.32668178382464097	0.36749811035525315	0.40241874527588806	0.4114890400604686	0.44716553287981864	0.42282690854119426	0.4512471655328798	0.3934996220710506	0.400453514739229
0.4925170068027211	0.6057445200302343	0.5727891156462585	0.5817082388510959	0.5665910808767952	0.434920634920635	0.41209372637944064	0.42071050642479213	0.3995464852607709	0.5236583522297807	0.5000755857898713	0.5863945578231292	0.5588813303099018
0.45714285714285713	0.526379440665155	0.5126228269085413	0.581557067271353	0.5780801209372639	0.6491307634164777	0.6317460317460316	0.6565381708238851	0.6337112622826908	0.5588813303099017	0.5348450491307635	0.6096749811035526	0.6163265306122448
0.5009826152683295	0.5928949357520786	0.58291761148904	0.4654572940287226	0.45850340136054424	0.41814058956916095	0.41814058956916095	0.48858654572940285	0.4931216931216931	0.30975056689342406	0.30854119425548	0.33650793650793653	0.33318216175359033
0.27732426303854874	0.46318972033257755	0.48027210884353744	0.5247165532879818	0.5213907785336357	0.5941043083900227	0.5747543461829177	0.5705215419501134	0.5514739229024943	0.49916855631141344	0.48828420256991684	0.40680272108843535	0.42116402116402113
0.44897959183673475	0.39667422524565377	0.40256991685563104	0.43401360544217693	0.44278155706727135	0.4510959939531368	0.44414210128495835	0.46575963718820856	0.45714285714285713	0.5454270597127739	0.5392290249433107	0.3464852607709751	0.34089191232048377
0.535827664399093	0.43673469387755104	0.4396069538926682	0.3897203325774754	0.37142857142857144	0.3475434618291761	0.3650793650793651	0.29478458049886624	0.30642479213907786	0.37702191987906275	0.3753590325018896	0.3307634164777022	0.3340891912320484
0.43930461073318217	0.3230536659108088	0.30884353741496595	0.42932728647014357	0.40211640211640215	0.41950113378684817	0.39138321995464853	0.32698412698412704	0.31413454270597124	0.5002267573696144	0.4811791383219955	0.6256991685563114	0.6019652305366592
0.5406651549508693	0.5395313681027967	0.5254724111866969	0.41118669690098264	0.40770975056689346	0.27210884353741494	0.27014361300075584	0.35676492819349964	0.3525321239606954	0.2622826908541195	0.24716553287981863	0.36281179138321995	0.35449735449735453
0.3468631897203326	0.34557823129251697	0.38019652305366586	0.4666666666666667	0.4834467120181406	0.491912320483749	0.5047619047619047	0.5375661375661376	0.5498110355253213	0.5144368858654573	0.5145880574452003	0.4249433106575964	0.44232804232804235
0.4730914588057445	0.5897203325774754	0.5792894935752079	0.545124716553288	0.5245653817082389	0.41768707482993195	0.4166288737717309	0.4403628117913832	0.4399092970521542	0.472260015117158	0.46984126984126984	0.5154950869236583	0.4937263794406652
0.5325018896447468	0.4710506424792139	0.4565381708238851	0.382010582010582	0.3733938019652305	0.39289493575207857	0.3928949357520786	0.4405139833711262	0.44973544973544977	0.42811791383219955	0.4305366591080877	0.41239606953892666	0.4191987906273621
0.30120937263794406	0.5126228269085412	0.4964474678760394	0.35978835978835977	0.35933484504913077	0.42252456538170824	0.40347694633408915	0.4391534391534392	0.42630385487528344	0.35328798185941046	0.3531368102796675	0.43869992441421013	0.43854875283446715
0.46969009826152686	0.19123204837490554	0.20725623582766445	0.22962962962962968	0.2237339380196523	0.29674981103552533	0.2798185941043084	0.27498110355253214	0.26061980347694635	0.37173091458805746	0.3605442176870749	0.24792139077853365	0.24943310657596376
0.6314436885865458	0.33711262282690857	0.399395313681028	0.3678004535147392	0.4101284958427815	0.3541950113378685	0.38926681783824646	0.3519274376417233	0.3759637188208617	0.437792894935752	0.5011337868480725	0.5526832955404384	0.5656840513983372
0.4557823129251701	0.47830687830687835	0.4885865457294029	0.5165532879818594	0.5136810279667422	0.5853363567649282	0.5836734693877551	0.5685563114134542	0.5665910808767951	0.49417989417989416	0.5177626606198035	0.45291005291005293	0.45880574452003026
0.5160241874527589	0.39848828420257	0.45336356764928193	0.49266817838246413	0.5136810279667423	0.41859410430839006	0.45351473922902497	0.40181405895691613	0.43280423280423286	0.4036281179138322	0.44988662131519286	0.435222978080121	0.4577475434618291
0.41352985638699924	0.5687074829931973	0.5508692365835224	0.546334089191232	0.5257747543461828	0.435827664399093	0.42464096749811037	0.4101284958427815	0.4051398337112623	0.49387755102040815	0.4630385487528345	0.4287226001511716	0.41330309901738477
0.6482993197278912	0.5597883597883598	0.5284958427815571	0.5538926681783825	0.5300075585789872	0.5319727891156463	0.5145880574452003	0.5600907029478458	0.5289493575207861	0.4572940287226001	0.4400604686318972	0.6161753590325019	0.598185941043084
0.36719576719576724	0.43869992441421013	0.4391534391534392	0.3609977324263039	0.34950869236583515	0.4609221466364323	0.45941043083900224	0.42932728647014357	0.437339380196523	0.5516250944822374	0.5486016628873772	0.42207105064247924	0.418291761148904
0.5070294784580499	0.543310657596372	0.5300075585789872	0.5730914588057445	0.5782312925170067	0.6884353741496598	0.6819349962207105	0.5717309145880574	0.5705215419501133	0.5247165532879817	0.5336356764928193	0.7047619047619048	0.7053665910808768
0.3895691609977324	0.6130007558578987	0.6698412698412699	0.6405139833711262	0.67437641723356	0.7173091458805745	0.7365079365079366	0.6642479213907786	0.690702947845805	0.6562358276643991	0.6755857898715042	0.6092214663643235	0.6311413454270598
0.22328042328042325	0.4884353741496598	0.4875283446712018	0.4577475434618291	0.4553287981859411	0.526984126984127	0.5210884353741496	0.5201814058956916	0.5200302343159486	0.619349962207105	0.6031746031746031	0.43250188964474673	0.4210128495842781
0.32222222222222224	0.6510959939531368	0.6442932728647014	0.5613000755857899	0.5402872260015117	0.46757369614512473	0.4521541950113379	0.45018896447467877	0.4314436885865457	0.3047619047619048	0.30158730158730157	0.4148148148148148	0.40226757369614513
0.43310657596371877	0.3983371126228269	0.39833711262282695	0.5381708238851096	0.54724111866969	0.5227513227513227	0.5130763416477702	0.5102040816326531	0.5061224489795919	0.5185185185185186	0.5227513227513227	0.46016628873771737	0.4580498866213151
0.49463340891912316	0.3797430083144369	0.41950113378684806	0.40393046107331826	0.4256991685563114	0.4105820105820106	0.4331065759637188	0.42766439909297055	0.44792139077853366	0.5576719576719577	0.5823129251700679	0.37233560090702944	0.38654572940287224
0.3511715797430083	0.3499622071050642	0.326530612244898	0.5186696900982616	0.5012849584278155	0.4769463340891912	0.472562358276644	0.3835222978080121	0.38639455782312926	0.5417989417989418	0.5352985638699924	0.47437641723356017	0.4624338624338624
0.31436130007558577	0.3513227513227513	0.40166288737717304	0.4269085411942554	0.473318216175359	0.5000755857898715	0.5250188964474679	0.39682539682539686	0.4154195011337869	0.4875283446712018	0.5455782312925169	0.6069538926681785	0.6362811791383219
0.46190476190476193	0.46757369614512473	0.4515495086923658	0.4252456538170824	0.40362811791383224	0.509901738473167	0.5108087679516251	0.5005291005291006	0.49130763416477696	0.4244897959183674	0.4107331821617536	0.4775510204081632	0.4553287981859411
0.4698412698412698	0.2994708994708995	0.3780801209372638	0.3481481481481482	0.39244142101284957	0.42781557067271353	0.45547996976568406	0.4263038548752835	0.45850340136054424	0.43975812547241117	0.4832955404383975	0.42690854119425553	0.4513983371126228
0.41814058956916095	0.3569160997732427	0.4061980347694634	0.4308390022675737	0.44278155706727135	0.6074074074074074	0.6048374905517762	0.5259259259259259	0.5250188964474679	0.6447467876039304	0.6689342403628118	0.6131519274376418	0.6458049886621315
0.5393801965230536	0.6061980347694634	0.6331065759637189	0.5665910808767951	0.5711262282690853	0.5647770219198791	0.5960695389266818	0.6444444444444445	0.6662131519274376	0.527588813303099	0.5773242630385488	0.4846560846560847	0.5111111111111111
0.5464852607709749	0.545427059712774	0.5538926681783825	0.5606953892668178	0.5922902494331066	0.5068783068783069	0.5410430839002268	0.5207860922146637	0.5761148904006047	0.46318972033257744	0.5043083900226757	0.5829176114890402	0.619198790627362
0.42970521541950113	0.5015873015873017	0.4769463340891912	0.6246409674981104	0.6060468631897203	0.4911564625850341	0.47800453514739233	0.5006802721088436	0.4885865457294029	0.4958427815570673	0.4808767951625095	0.5058201058201057	0.4950869236583523
0.5221466364323507	0.5052154195011338	0.471957671957672	0.6299319727891157	0.6087679516250945	0.6143613000755856	0.5922902494331066	0.5522297808012093	0.5352985638699925	0.6139077853363568	0.5894179894179894	0.636281179138322	0.6143613000755858
0.628193499622071	0.39244142101284957	0.36583522297808013	0.455479969765684	0.4465608465608465	0.543613000755858	0.5239606953892668	0.4411186696900982	0.42978080120937256	0.3803476946334089	0.37717309145880573	0.3942554799697656	0.37898715041572184
0.47248677248677245	0.583219954648526	0.6004535147392291	0.5930461073318216	0.6199546485260771	0.5954648526077098	0.6151171579743009	0.6306878306878307	0.6355253212396069	0.5461829176114891	0.5733938019652305	0.545578231292517	0.5658352229780801
0.5636432350718066	0.4793650793650793	0.4742252456538171	0.3709750566893424	0.37384731670445953	0.3522297808012094	0.3554043839758126	0.3631141345427059	0.3682539682539682	0.4473167044595616	0.46334089191232053	0.44308390022675737	0.4235827664399093
0.46719576719576716	0.33106575963718815	0.346485260770975	0.37671957671957673	0.3922902494331066	0.3606953892668178	0.3756613756613757	0.3848828420256992	0.39924414210128495	0.3482993197278912	0.3575207860922146	0.3469387755102041	0.3673469387755102
0.49833711262282687	0.6624338624338625	0.6619803476946333	0.6325018896447467	0.6058956916099774	0.6199546485260771	0.6048374905517763	0.5222978080120937	0.5287981859410431	0.49145880574452006	0.49871504157218444	0.5904761904761904	0.5711262282690854
0.5427815570672714	0.327286470143613	0.31201814058956917	0.42690854119425553	0.4119425547996977	0.46938775510204084	0.4582010582010582	0.49916855631141355	0.4872260015117158	0.564777021919879	0.5455782312925169	0.43839758125472417	0.4244897959183673
0.47717309145880565	0.5479969765684052	0.5631141345427059	0.5789871504157218	0.5906273620559335	0.5845804988662131	0.5969765684051399	0.4832955404383976	0.5046107331821618	0.601662887377173	0.6104308390022676	0.6438397581254724	0.6415721844293274
0.5398337112622827	0.38805744520030233	0.3925925925925926	0.435222978080121	0.42207105064247924	0.41390778533635675	0.4260015117157974	0.42721088435374155	0.436281179138322	0.4213151927437642	0.42736205593348453	0.4359788359788359	0.43159486016628873
0.5315192743764172	0.5874527588813303	0.601209372637944	0.5522297808012093	0.5741496598639456	0.42222222222222217	0.4517006802721088	0.4052910052910053	0.43325774754346186	0.45804988662131524	0.5061224489795919	0.563265306122449	0.5767195767195767
0.34157218442932724	0.5560090702947846	0.5460317460317461	0.45381708238851093	0.45396825396825397	0.42690854119425553	0.4305366591080877	0.4093726379440665	0.40816326530612246	0.24444444444444446	0.25411942554799694	0.3493575207860922	0.3508692365835223
0.36228269085411946	0.4875283446712018	0.4875283446712018	0.4819349962207105	0.48495842781557064	0.5356009070294785	0.5192743764172336	0.5812547241118671	0.5531368102796674	0.37324263038548755	0.37777777777777777	0.5020408163265306	0.48616780045351476
0.6542705971277399	0.45487528344671196	0.4863189720332578	0.4793650793650793	0.5086923658352229	0.5968253968253968	0.6087679516250945	0.5993953136810279	0.6092214663643235	0.5059712773998488	0.5219954648526077	0.46409674981103555	0.4760393046107332
0.6773998488284203	0.5176114890400604	0.5009826152683295	0.5330309901738474	0.5390778533635677	0.5009826152683295	0.4958427815570673	0.42328042328042326	0.41073318216175353	0.4662131519274377	0.4568405139833711	0.4500377928949358	0.4551776266061981
0.5434618291761149	0.3797430083144369	0.40166288737717315	0.41829176114890404	0.40695389266817833	0.5160997732426305	0.5124716553287982	0.5356009070294785	0.5245653817082389	0.5723356009070295	0.5600907029478459	0.5470899470899471	0.543915343915344
0.40876795162509455	0.4061980347694633	0.41209372637944064	0.5170068027210885	0.5218442932728646	0.4114890400604686	0.4122448979591836	0.42721088435374144	0.43371126228269086	0.5588813303099017	0.5702191987906273	0.616477702191988	0.6128495842781556
0.5309901738473167	0.46409674981103544	0.4702947845804989	0.47059712773998486	0.4755857898715042	0.582615268329554	0.5876039304610733	0.5804988662131519	0.5854875283446712	0.5380196523053666	0.5389266817838246	0.4677248677248677	0.48027210884353744
0.6028722600151172	0.5316704459561603	0.6341647770219199	0.619349962207105	0.6702947845804988	0.5476946334089192	0.6142101284958428	0.562207105064248	0.6312925170068028	0.6619803476946334	0.7182161753590324	0.6755857898715042	0.7141345427059713
0.5349962207105065	0.3947089947089947	0.3844293272864701	0.3652305366591081	0.36674225245653813	0.40786092214663644	0.40634920634920635	0.4084656084656085	0.42237339380196526	0.33015873015873015	0.3365079365079365	0.4350718065003779	0.4247921390778534
0.4624338624338623	0.42826908541194253	0.4270597127739985	0.4786092214663643	0.46953892668178376	0.45880574452003026	0.44504913076341646	0.45744520030234315	0.4465608465608466	0.583371126228269	0.5581254724111867	0.5150415721844294	0.5059712773998488
0.4615268329554044	0.5563114134542706	0.5569160997732426	0.4512471655328798	0.45396825396825397	0.39395313681027966	0.3895691609977324	0.4217687074829932	0.42721088435374155	0.5182161753590325	0.510506424792139	0.5951625094482237	0.5859410430839002
0.29992441421012855	0.5307634164777022	0.5239606953892668	0.527588813303099	0.5006802721088436	0.3655328798185941	0.3688586545729403	0.4204081632653061	0.417989417989418	0.5298563869992442	0.5277399848828421	0.3879062736205593	0.38140589569160993
0.3871504157218443	0.42932728647014357	0.5294028722600151	0.5538926681783825	0.6027210884353742	0.5476946334089191	0.5815570672713529	0.48994708994708996	0.5303099017384731	0.4210128495842781	0.48873771730914584	0.4504913076341648	0.49538926681783824
0.5002267573696145	0.40650037792894933	0.4155706727135299	0.5118669690098261	0.508692365835223	0.5643235071806499	0.5590325018896447	0.6396069538926683	0.6403628117913832	0.4565381708238851	0.46424792139077853	0.5836734693877551	0.5758125472411187
0.4707482993197279	0.5727891156462585	0.5939531368102796	0.5609977324263038	0.581103552532124	0.4544217687074831	0.49569160997732425	0.49962207105064244	0.5417989417989418	0.5256235827664398	0.544520030234316	0.5446712018140589	0.5918367346938775
0.428344671201814	0.5194255479969765	0.5144368858654573	0.4975056689342403	0.48873771730914584	0.5151927437641725	0.5073318216175359	0.5380196523053666	0.5366591080876795	0.5853363567649282	0.5759637188208618	0.4456538170823886	0.46107331821617537
0.38427815570672713	0.47286470143613	0.5287981859410431	0.47619047619047616	0.526379440665155	0.46424792139077853	0.5183673469387756	0.45457294028722595	0.5144368858654573	0.5221466364323506	0.5869992441421013	0.525472411186697	0.5608465608465607
0.4736961451247165	0.4344671201814059	0.4131519274376417	0.63567649281935	0.616326530612245	0.46485260770975056	0.45336356764928193	0.48102796674225246	0.46439909297052157	0.5229024943310658	0.5011337868480725	0.5711262282690854	0.5561602418745275
0.5068783068783069	0.3387755102040816	0.3473922902494331	0.43371126228269086	0.436130007558579	0.47362055933484504	0.48526077097505665	0.4411186696900983	0.45971277399848826	0.49962207105064244	0.5182161753590325	0.5883597883597883	0.5912320483749054
0.3709750566893424	0.39531368102796677	0.4040816326530612	0.45714285714285713	0.4515495086923658	0.3850340136054421	0.37777777777777777	0.46213151927437635	0.45351473922902497	0.4096749811035526	0.4075585789871504	0.4306878306878307	0.4267573696145125
0.47294028722600145	0.5191232048374905	0.5573696145124717	0.5493575207860921	0.6125472411186698	0.7783824640967498	0.7919879062736206	0.728042328042328	0.7383219954648527	0.6804232804232804	0.6835978835978836	0.6297808012093725	0.6489795918367347
0.28994708994709	0.5520786092214663	0.5558578987150415	0.5746031746031746	0.5798941798941799	0.5058201058201058	0.5189720332577475	0.5957671957671957	0.600755857898715	0.5407407407407406	0.5547996976568406	0.5180650037792895	0.5318216175359032
0.4467120181405896	0.4613756613756614	0.41164021164021164	0.41466364323507177	0.38337112622826913	0.4798185941043084	0.45941043083900224	0.5591836734693878	0.5349962207105066	0.5138321995464852	0.49266817838246413	0.436583522297808	0.41723356009070295
0.5171579743008314	0.27301587301587305	0.3224489795918367	0.4211640211640212	0.4474678760393046	0.5277399848828421	0.5417989417989417	0.47180650037792893	0.48405139833711264	0.435978835978836	0.45396825396825397	0.41375661375661377	0.4297808012093727
0.44104308390022673	0.4151171579743008	0.39894179894179893	0.6272108843537414	0.6024187452758882	0.4982615268329553	0.47498110355253215	0.5907785336356766	0.5747543461829177	0.4938775510204082	0.46878306878306875	0.4823885109599396	0.46455026455026455
0.4923658352229781	0.3492063492063492	0.3284958427815571	0.5616024187452758	0.5404383975812548	0.5369614512471655	0.5177626606198034	0.4973544973544974	0.48526077097505665	0.42811791383219955	0.41421012849584277	0.4326530612244898	0.4249433106575964
0.46938775510204084	0.3351473922902494	0.3687074829931973	0.5138321995464853	0.5148904006046863	0.5776266061980347	0.5560090702947845	0.5210884353741496	0.5145880574452003	0.5522297808012093	0.546334089191232	0.5077853363567649	0.527588813303099
0.544671201814059	0.49009826152683295	0.49493575207860924	0.44897959183673464	0.4563869992441421	0.46787603930461075	0.46228269085411944	0.44278155706727135	0.43371126228269086	0.46802721088435373	0.4517006802721089	0.362962962962963	0.3529856386999244
0.46878306878306875	0.4226757369614512	0.4219198790627362	0.4244897959183673	0.4275132275132275	0.4418745275888133	0.44157218442932733	0.4349206349206349	0.4309901738473167	0.41390778533635675	0.4084656084656085	0.4515495086923659	0.4494331065759637
0.35880574452003017	0.37324263038548755	0.41768707482993195	0.4557823129251701	0.48964474678760406	0.5111111111111111	0.5216931216931218	0.5248677248677249	0.5346938775510204	0.6025699168556311	0.6157218442932729	0.4958427815570673	0.5251700680272109
0.3209372637944067	0.3942554799697656	0.39349962207105066	0.3108087679516251	0.31625094482237337	0.346031746031746	0.3614512471655329	0.3888133030990174	0.3885109599395314	0.2961451247165533	0.30612244897959184	0.4198034769463341	0.41133786848072573
0.518745275888133	0.4418745275888133	0.42373393801965237	0.42736205593348453	0.4146636432350719	0.35706727135298566	0.35661375661375666	0.3529856386999244	0.3499622071050642	0.31821617535903246	0.3108087679516251	0.5173091458805744	0.4938775510204082
0.5344671201814059	0.3360544217687075	0.34074074074074073	0.35918367346938773	0.34829931972789113	0.41164021164021164	0.4051398337112623	0.3969765684051399	0.3906273620559335	0.3032501889644747	0.3073318216175359	0.5023431594860166	0.47876039304610735
0.40793650793650793	0.42252456538170824	0.434920634920635	0.5206349206349206	0.5281934996220711	0.4684807256235827	0.4760393046107332	0.5209372637944065	0.5411942554799698	0.5303099017384733	0.525472411186697	0.3691609977324263	0.37777777777777777
0.42297808012093724	0.32743764172335604	0.35026455026455033	0.27785336356764934	0.29674981103552533	0.30884353741496595	0.3393801965230537	0.2769463340891912	0.3133786848072563	0.31746031746031744	0.3424036281179138	0.27089947089947086	0.2817838246409675
0.5437641723356009	0.4151171579743008	0.37263794406651546	0.3794406651549509	0.3665910808767952	0.4659108087679516	0.45668934240362813	0.44383975812547244	0.43235071806500375	0.39395313681027966	0.3773242630385488	0.2891912320483749	0.27724867724867724
0.4860166288737718	0.345427059712774	0.398941798941799	0.4835978835978835	0.5130763416477702	0.4412698412698413	0.46318972033257744	0.4761904761904763	0.4846560846560847	0.345275888133031	0.3829176114890401	0.4772486772486772	0.4932728647014361
0.42781557067271353	0.4557823129251701	0.4264550264550264	0.5250188964474678	0.5073318216175359	0.689191232048375	0.6712018140589568	0.6456538170823884	0.6270597127739985	0.5954648526077098	0.5767195767195769	0.508692365835223	0.49886621315192753
0.5643990929705215	0.5674981103552532	0.5770219198790627	0.5393801965230538	0.564021164021164	0.4981103552532124	0.5259259259259259	0.4825396825396826	0.5038548752834466	0.5059712773998488	0.526077097505669	0.4625850340136054	0.48919123204837495
0.5456538170823885	0.3743008314436886	0.3359032501889645	0.5337868480725624	0.5034013605442177	0.5396825396825397	0.5212396069538927	0.47921390778533635	0.45472411186696904	0.43476946334089195	0.4113378684807256	0.510657596371882	0.4897959183673469
0.47891156462585033	0.43869992441421013	0.43250188964474673	0.4972033257747544	0.48616780045351476	0.4967498110355253	0.47105064247921397	0.5008314436885866	0.4869236583522298	0.6235827664399093	0.6039304610733183	0.6250944822373393	0.6204081632653061
0.4857898715041572	0.37399848828420257	0.34179894179894177	0.4851095993953137	0.4553287981859411	0.6328042328042327	0.6021164021164022	0.6092214663643235	0.5789871504157219	0.42902494331065755	0.4039304610733182	0.4565381708238851	0.4275132275132275
0.3985638699924414	0.4323507180650038	0.47346938775510206	0.5446712018140589	0.5668934240362812	0.38987150415721844	0.4207105064247922	0.41829176114890404	0.4435374149659864	0.4444444444444445	0.47498110355253215	0.4096749811035526	0.42842025699168557
0.4967498110355254	0.5659863945578232	0.5768707482993196	0.5806500377928949	0.5715797430083145	0.6143613000755859	0.5922902494331066	0.6235827664399094	0.617989417989418	0.6494331065759636	0.6226757369614513	0.5690098261526833	0.5605442176870749
0.581103552532124	0.39697656840513984	0.3915343915343915	0.526984126984127	0.5272864701436129	0.6093726379440666	0.5903250188964475	0.563416477702192	0.5475434618291761	0.5839758125472411	0.5838246409674982	0.5658352229780801	0.5543461829176115
0.5138321995464852	0.4834467120181406	0.46273620559334844	0.4913076341647771	0.47014361300075586	0.49614512471655337	0.48495842781557064	0.4163265306122449	0.40695389266817844	0.4158730158730159	0.41375661375661377	0.4409674981103553	0.4344671201814059
0.4403628117913832	0.453514739229025	0.44852607709750564	0.5475434618291761	0.52713529856387	0.5782312925170068	0.5523809523809524	0.5792894935752078	0.5693121693121693	0.5969765684051399	0.5733938019652305	0.6467120181405897	0.6228269085411943
0.41254724111866975	0.6680272108843537	0.6854119425547996	0.4408163265306122	0.45925925925925926	0.3900226757369615	0.4061980347694634	0.400907029478458	0.4098261526832955	0.4140589569160998	0.42509448223733937	0.5422524565381709	0.544368858654573
0.23854875283446714	0.5644746787603931	0.5906273620559335	0.4820861678004536	0.5150415721844294	0.38352229780801206	0.4551776266061981	0.43371126228269086	0.48873771730914584	0.4712018140589569	0.5284958427815571	0.5067271352985638	0.5486016628873772
0.4937263794406652	0.5844293272864702	0.5705215419501133	0.5978835978835979	0.6030234315948602	0.5411942554799698	0.5602418745275888	0.5998488284202571	0.6234315948601663	0.5546485260770975	0.5576719576719577	0.3551020408163265	0.3871504157218443
0.6158730158730158	0.5528344671201814	0.562358276643991	0.5479969765684051	0.5609977324263039	0.5857898715041572	0.5962207105064248	0.5650793650793651	0.5800453514739229	0.509448223733938	0.5126228269085411	0.526228269085412	0.5411942554799698
0.5600907029478458	0.5699168556311414	0.5795918367346939	0.5157974300831444	0.5513227513227512	0.543915343915344	0.5684051398337113	0.5124716553287982	0.5316704459561603	0.5277399848828421	0.5410430839002267	0.49614512471655325	0.5365079365079365
0.4886621315192743	0.527286470143613	0.5030990173847318	0.5496598639455782	0.54724111866969	0.4217687074829932	0.43885109599395317	0.44837490551776266	0.46712018140589573	0.490702947845805	0.49962207105064255	0.44897959183673464	0.4498866213151927
0.3885865457294029	0.4897959183673469	0.4580498866213151	0.5017384731670445	0.4842025699168556	0.4043839758125472	0.3871504157218443	0.4261526832955404	0.4126984126984127	0.4513983371126228	0.4444444444444445	0.6000000000000001	0.5786848072562358
0.3693121693121693	0.436885865457294	0.4300831443688587	0.4917611489040061	0.4890400604686319	0.4814814814814815	0.48450491307634164	0.5331821617535903	0.5268329554043839	0.5735449735449735	0.5718820861678005	0.5082388510959939	0.5018896447467875
0.5379440665154951	0.32622826908541197	0.31458805744520035	0.5387755102040817	0.5170068027210885	0.5041572184429327	0.4755857898715042	0.5126228269085412	0.4855631141345427	0.5165532879818595	0.4938775510204082	0.5147392290249433	0.4959939531368103
0.2945578231292517	0.4854119425547997	0.5046107331821619	0.37702191987906275	0.4039304610733182	0.48480725623582765	0.4766439909297052	0.45381708238851093	0.4444444444444445	0.4040816326530612	0.40907029478458046	0.3191232048374905	0.34134542705971277
0.4167044595616024	0.38155706727135297	0.399848828420257	0.48662131519274376	0.49433106575963714	0.526832955404384	0.5395313681027967	0.5560090702947845	0.5563114134542706	0.47830687830687835	0.5032501889644747	0.44852607709750564	0.46213151927437635
0.5287981859410431	0.36961451247165533	0.35585789871504164	0.48964474678760395	0.4663643235071806	0.4766439909297052	0.4557823129251701	0.45759637188208613	0.43975812547241117	0.4997732426303855	0.4798185941043084	0.5593348450491307	0.5433106575963718
0.6071050642479214	0.6226757369614513	0.633408919123205	0.455479969765684	0.47966742252456546	0.46757369614512473	0.4929705215419501	0.4240362811791383	0.46318972033257744	0.45291005291005293	0.5024943310657596	0.32698412698412704	0.35268329554043837
0.5178382464096749	0.6057445200302343	0.5857898715041572	0.5112622826908542	0.49871504157218444	0.4569916855631142	0.4710506424792139	0.3756613756613757	0.39954648526077097	0.46394557823129257	0.4699924414210129	0.5808012093726379	0.5779289493575208
0.4515495086923659	0.43159486016628873	0.4417233560090703	0.600302343159486	0.6000000000000001	0.5038548752834466	0.5195767195767196	0.437037037037037	0.45336356764928193	0.5043083900226757	0.5055177626606199	0.45260770975056686	0.4763416477702192
0.5246409674981105	0.4612244897959184	0.43839758125472417	0.5289493575207861	0.5144368858654573	0.526379440665155	0.508390022675737	0.4500377928949358	0.4453514739229025	0.4163265306122449	0.4015117157974301	0.49417989417989416	0.4704459561602419
0.5769463340891912	0.5416477702191989	0.5154950869236583	0.5233560090702948	0.5070294784580499	0.581103552532124	0.564474678760393	0.5451247165532879	0.527891156462585	0.4860166288737718	0.4764928193499622	0.583219954648526	0.5708238851095995
0.5173091458805745	0.5984882842025698	0.5611489040060468	0.5345427059712774	0.5026455026455026	0.5127739984882842	0.48783068783068784	0.5038548752834467	0.4828420256991685	0.4350718065003779	0.4151171579743009	0.4693877551020408	0.4513983371126228
0.5714285714285714	0.5180650037792895	0.6122448979591837	0.5174603174603174	0.5975812547241118	0.4911564625850341	0.5510204081632654	0.4110355253212396	0.4807256235827664	0.6213151927437641	0.6704459561602419	0.5765684051398337	0.6260015117157974
0.3555555555555555	0.4610733182161753	0.45442176870748296	0.44792139077853366	0.44399092970521536	0.49871504157218444	0.490249433106576	0.5183673469387755	0.5077853363567648	0.39092970521541953	0.3762660619803476	0.47014361300075586	0.4674225245653817
0.2500377928949358	0.601209372637944	0.564777021919879	0.6279667422524566	0.6069538926681783	0.5478458049886621	0.5306122448979592	0.5906273620559335	0.5812547241118668	0.5543461829176115	0.526984126984127	0.6973544973544975	0.6808767951625094
0.5295540438397581	0.49901738473167045	0.45759637188208624	0.4260015117157974	0.3880574452003024	0.4612244897959184	0.44308390022675737	0.5343915343915343	0.5115646258503401	0.5006802721088435	0.4881330309901738	0.672713529856387	0.6396069538926682
0.5642479213907785	0.46485260770975056	0.44293272864701433	0.5147392290249433	0.48480725623582765	0.5904761904761904	0.5739984882842026	0.5287981859410431	0.5170068027210885	0.5782312925170068	0.5537414965986394	0.562358276643991	0.5484504913076342
0.49380196523053665	0.49901738473167045	0.4677248677248677	0.3912320483749055	0.37974300831443697	0.3179138321995465	0.29856386999244144	0.29387755102040813	0.27860922146636435	0.4048374905517763	0.38216175359032506	0.364474678760393	0.3375661375661375
0.34572940287226006	0.5390778533635676	0.5513227513227513	0.545880574452003	0.5366591080876795	0.5142857142857142	0.543008314436886	0.45411942554799695	0.491005291005291	0.3682539682539682	0.40136054421768713	0.5700680272108843	0.5739984882842025
0.5402116402116401	0.5147392290249433	0.5274376417233559	0.6923658352229781	0.6837490551776266	0.5504157218442932	0.5720332577475434	0.5851851851851851	0.5956160241874526	0.5259259259259259	0.5437641723356009	0.5801965230536659	0.5832199546485262
0.4504913076341648	0.5425547996976567	0.5278911564625851	0.3295540438397581	0.3384731670445956	0.41436130007558586	0.39591836734693875	0.455631141345427	0.43809523809523815	0.44247921390778533	0.42721088435374144	0.34663643235071806	0.34497354497354504
0.40861678004535146	0.45366591080876795	0.4662131519274376	0.5346938775510204	0.5289493575207862	0.5910808767951624	0.5915343915343916	0.5678004535147394	0.5652305366591082	0.5219954648526077	0.5047619047619047	0.508692365835223	0.5109599395313681
0.3253968253968254	0.5794406651549509	0.5597883597883597	0.507634164777022	0.4851095993953137	0.5972789115646259	0.583371126228269	0.6792139077853363	0.6601662887377173	0.5210884353741496	0.49931972789115653	0.6213151927437642	0.6033257747543462
0.3869236583522298	0.508994708994709	0.4674225245653817	0.5667422524565382	0.5430083144368858	0.5179138321995465	0.5244142101284958	0.5027966742252457	0.5142857142857143	0.5534391534391534	0.5525321239606955	0.4766439909297052	0.45850340136054424
0.5145880574452002	0.543613000755858	0.510506424792139	0.35207860922146633	0.328042328042328	0.38352229780801217	0.36659108087679515	0.35132275132275137	0.3322751322751323	0.3894179894179894	0.36598639455782317	0.30778533635676497	0.28284202569916855
0.4411186696900982	0.37838246409674986	0.3811035525321239	0.49478458049886626	0.5052154195011338	0.5709750566893423	0.5873015873015873	0.5709750566893425	0.5779289493575208	0.507936507936508	0.5144368858654573	0.6087679516250946	0.6326530612244897
0.3681027966742253	0.48042328042328036	0.4767951625094483	0.5352985638699923	0.5413454270597129	0.4979591836734694	0.5067271352985638	0.47845804988662133	0.4858654572940287	0.35283446712018146	0.3738473167044596	0.45759637188208624	0.47316704459561604
0.42902494331065755	0.46016628873771726	0.46575963718820856	0.39984882842025693	0.3945578231292517	0.3383219954648526	0.34739229024943313	0.42947845804988666	0.4331065759637188	0.4453514739229025	0.4477702191987906	0.41164021164021164	0.41723356009070295
0.5050642479213908	0.5452758881330311	0.5307634164777022	0.4438397581254724	0.4214663643235072	0.3363567649281935	0.33454270597127744	0.3880574452003024	0.3785336356764928	0.43083900226757377	0.4191987906273621	0.42690854119425553	0.42675736961451244
0.42743764172335597	0.40211640211640215	0.380650037792895	0.528798185941043	0.5065759637188207	0.5017384731670446	0.4993197278911564	0.42917611489040064	0.42464096749811037	0.48495842781557064	0.473015873015873	0.37309145880574457	0.362509448223734
0.5368858654572941	0.5582766439909297	0.5703703703703704	0.581103552532124	0.5962207105064248	0.54724111866969	0.5600907029478458	0.44338624338624333	0.4654572940287226	0.4568405139833711	0.4760393046107332	0.600151171579743	0.6105820105820106
0.5321239606953893	0.41738473167044593	0.4513983371126229	0.454724111866969	0.4704459561602419	0.48012093726379435	0.5018896447467875	0.4482237339380196	0.4742252456538171	0.4406651549508693	0.4677248677248677	0.5118669690098261	0.526984126984127
0.6432350718065004	0.39092970521541953	0.3613000755857899	0.39365079365079364	0.3824640967498111	0.4647014361300076	0.43824640967498113	0.46455026455026455	0.41829176114890404	0.42721088435374155	0.4019652305366591	0.47906273620559336	0.4582010582010582
0.5074829931972789	0.5232048374905517	0.5613000755857899	0.45245653817082393	0.4820861678004535	0.6080120937263794	0.635374149659864	0.4925170068027211	0.5342403628117914	0.4043839758125472	0.45018896447467877	0.5659863945578231	0.5927437641723357
0.4214663643235072	0.3519274376417234	0.37097505668934244	0.5291005291005291	0.5303099017384731	0.45487528344671196	0.4665154950869236	0.4674225245653817	0.48480725623582754	0.4510959939531368	0.44973544973544977	0.5986394557823129	0.6078609221466365
0.32834467120181404	0.4400604686318972	0.40634920634920635	0.4872260015117158	0.45895691609977324	0.4674225245653817	0.45744520030234315	0.43386243386243384	0.42857142857142855	0.41390778533635675	0.39229024943310653	0.3436130007558579	0.3404383975812547
0.6805744520030235	0.3546485260770975	0.3862433862433862	0.3941043083900227	0.4455026455026455	0.50854119425548	0.48828420256991684	0.5227513227513227	0.5089947089947089	0.46787603930461075	0.4572940287226001	0.37551020408163266	0.3924414210128496
0.4557823129251701	0.5664399092970521	0.5200302343159485	0.6173847316704459	0.5866969009826153	0.6408163265306123	0.6198034769463341	0.5968253968253968	0.5758125472411186	0.6394557823129252	0.6098261526832957	0.6045351473922902	0.580498866213152
0.255631141345427	0.363567649281935	0.3478458049886622	0.5105064247921391	0.49508692365835216	0.4093726379440666	0.3862433862433862	0.44716553287981853	0.42297808012093724	0.4235827664399093	0.40650037792894944	0.5176114890400605	0.48919123204837495
0.22887377173091455	0.3785336356764928	0.36976568405139837	0.4978080120937264	0.4881330309901738	0.3779289493575208	0.3721844293272865	0.4562358276643991	0.4495842781557068	0.44202569916855633	0.4300831443688587	0.4031746031746032	0.3866969009826152
0.5241118669690098	0.3948601662887377	0.3938019652305366	0.38790627362055935	0.41103552532123955	0.38095238095238093	0.38639455782312926	0.4400604686318972	0.45275888133030995	0.4273620559334844	0.43779289493575213	0.5619047619047619	0.5522297808012093
0.5783068783068782	0.36991685563114135	0.3829176114890401	0.36674225245653813	0.362962962962963	0.43295540438397595	0.4365835222978081	0.4560846560846561	0.46016628873771737	0.46424792139077853	0.4586545729402872	0.3238095238095238	0.3082388510959939
0.5532879818594103	0.5687074829931973	0.5739984882842025	0.5345427059712774	0.546334089191232	0.5519274376417235	0.5753590325018896	0.4870748299319727	0.4959939531368103	0.5921390778533635	0.5888133030990172	0.4993197278911564	0.509599395313681
0.4886621315192744	0.4855631141345428	0.45018896447467877	0.5727891156462586	0.5551020408163266	0.5551020408163264	0.546636432350718	0.5764172335600908	0.5597883597883597	0.5362055933484505	0.5235071806500378	0.6065003779289494	0.5971277399848829
0.5807256235827666	0.40725623582766435	0.42388510959939535	0.43416477702191986	0.42842025699168557	0.5029478458049887	0.5046107331821618	0.5634164777021919	0.5709750566893425	0.653968253968254	0.6448979591836734	0.4958427815570673	0.4884353741496598
0.30166288737717306	0.5422524565381708	0.5637188208616781	0.5570672713529856	0.5538926681783825	0.46757369614512473	0.46455026455026455	0.48873771730914584	0.490702947845805	0.4331065759637188	0.43325774754346186	0.5337868480725623	0.5428571428571429
0.5124716553287982	0.3764172335600907	0.4143613000755858	0.31534391534391537	0.3762660619803477	0.4758881330309902	0.4973544973544973	0.4825396825396825	0.4873771730914589	0.36961451247165533	0.4149659863945578	0.34784580498866213	0.3798941798941799
0.36364323507180646	0.4524565381708238	0.44504913076341646	0.6489795918367347	0.6447467876039303	0.4721088435374149	0.47059712773998486	0.5000755857898715	0.5056689342403629	0.38503401360544215	0.40166288737717315	0.5597883597883597	0.563114134542706
0.6054421768707483	0.3650793650793651	0.3721844293272865	0.3417989417989418	0.35222978080120937	0.4321995464852607	0.43114134542705973	0.4544217687074831	0.45381708238851104	0.45472411186696904	0.4461073318216175	0.4453514739229025	0.4473167044595616
0.27210884353741494	0.5038548752834467	0.4872260015117158	0.5348450491307635	0.5165532879818595	0.40589569160997724	0.3897203325774754	0.4530612244897959	0.435222978080121	0.4326530612244898	0.4143613000755858	0.4919123204837491	0.4819349962207105
0.4789871504157219	0.3761148904006047	0.382010582010582	0.4240362811791384	0.4291761148904006	0.37641723356009077	0.3764172335600907	0.35056689342403624	0.35434618291761155	0.5077853363567649	0.5034013605442177	0.46787603930461075	0.4663643235071806
0.48669690098261525	0.5944066515495087	0.5761148904006047	0.5650793650793651	0.5842781557067271	0.5859410430839003	0.5729402872260014	0.6267573696145124	0.6034769463340892	0.5147392290249433	0.5154950869236583	0.47966742252456546	0.4875283446712018
0.5148904006046863	0.6651549508692366	0.6445956160241875	0.5851851851851851	0.5729402872260015	0.5422524565381709	0.5508692365835223	0.5005291005291005	0.5008314436885866	0.5445200302343159	0.5327286470143613	0.6107331821617537	0.6108843537414966
0.44338624338624333	0.4772486772486772	0.4764928193499621	0.39062736205593346	0.381708238851096	0.4	0.4140589569160998	0.3473922902494332	0.3596371882086168	0.34965986394557824	0.36643990929705217	0.36659108087679515	0.3578231292517007
0.6093726379440665	0.437339380196523	0.4058956916099773	0.4249433106575964	0.41254724111866964	0.5132275132275133	0.5147392290249433	0.472260015117158	0.4619803476946334	0.4113378684807256	0.41118669690098264	0.4699924414210129	0.4618291761148904
0.36938775510204086	0.4098261526832955	0.40740740740740744	0.5368102796674226	0.5342403628117914	0.308238851095994	0.3218442932728647	0.33439153439153435	0.35585789871504164	0.4213151927437641	0.435222978080121	0.4482237339380196	0.44399092970521536
0.435222978080121	0.5319727891156463	0.5262282690854119	0.43885109599395317	0.4507936507936508	0.490702947845805	0.5044595616024188	0.40740740740740744	0.42766439909297055	0.4343159486016629	0.456386999244142	0.39470899470899473	0.4058956916099774
0.3419501133786848	0.3948601662887377	0.3718820861678004	0.4890400604686319	0.4607709750566893	0.4057445200302343	0.38563869992441424	0.38866213151927437	0.3653817082388511	0.42297808012093724	0.4006046863189721	0.4303854875283447	0.4258503401360544
0.5481481481481482	0.5183673469387755	0.5294028722600151	0.5555555555555556	0.54724111866969	0.5532879818594104	0.563114134542706	0.6060468631897203	0.6010582010582011	0.5248677248677248	0.5327286470143612	0.5510204081632653	0.5711262282690854
0.4685563114134543	0.398941798941799	0.36749811035525315	0.46228269085411944	0.4530612244897959	0.3682539682539682	0.3487528344671202	0.37082388510959935	0.3510204081632653	0.4379440665154951	0.40634920634920635	0.4101284958427815	0.38775510204081637
0.47384731670445956	0.6083144368858654	0.6036281179138322	0.5247165532879818	0.528949357520786	0.5159486016628874	0.5219954648526076	0.48480725623582765	0.4826908541194255	0.5074829931972789	0.5102040816326531	0.5993953136810279	0.5934996220710506
0.40120937263794404	0.47830687830687835	0.4681783824640967	0.48888888888888893	0.4919123204837491	0.5665910808767951	0.5489040060468632	0.6196523053665911	0.6034769463340892	0.5386243386243386	0.5171579743008314	0.5343915343915343	0.5173091458805745
0.4848828420256992	0.7017384731670446	0.6858654572940287	0.7029478458049887	0.69145880574452	0.6208616780045351	0.6139077853363568	0.5862433862433861	0.5806500377928949	0.60151171579743	0.5883597883597884	0.618745275888133	0.6175359032501889
0.24504913076341647	0.4560846560846561	0.4461073318216175	0.5835222978080121	0.5727891156462585	0.4619803476946334	0.4518518518518519	0.45895691609977324	0.4459561602418745	0.4807256235827665	0.491005291005291	0.42690854119425553	0.4093726379440666
0.46084656084656084	0.42826908541194253	0.4095238095238095	0.49826152683295544	0.4826908541194255	0.5068783068783069	0.4923658352229781	0.5764172335600908	0.561451247165533	0.42872260015117164	0.4098261526832956	0.49040060468631896	0.4798185941043084
0.4817838246409675	0.5479969765684052	0.5496598639455782	0.4642479213907785	0.492668178382464	0.5034013605442177	0.5062736205593349	0.4562358276643991	0.473015873015873	0.46500377928949355	0.4832955404383975	0.5142857142857143	0.5170068027210885
0.5188208616780046	0.44504913076341646	0.4158730158730159	0.3811035525321239	0.3662887377173092	0.4959939531368103	0.4876795162509448	0.526379440665155	0.5218442932728646	0.32320483749055173	0.31579743008314437	0.33484504913076346	0.32305366591080875
0.39032501889644744	0.4699924414210129	0.528495842781557	0.5694633408919123	0.6142101284958427	0.47573696145124716	0.5229024943310658	0.44142101284958424	0.4855631141345427	0.4615268329554044	0.48858654572940285	0.5563114134542706	0.5794406651549509
0.6209372637944066	0.4061980347694633	0.40211640211640215	0.43718820861678004	0.44383975812547244	0.3079365079365079	0.3179138321995465	0.3764172335600907	0.37808012093726384	0.38820861678004537	0.39606953892668184	0.29614512471655324	0.2965986394557823
0.5479213907785336	0.4104308390022676	0.41345427059712775	0.39591836734693875	0.3957671957671957	0.38231292517006804	0.3803476946334089	0.38110355253212397	0.38442932728647017	0.5439153439153438	0.5419501133786848	0.43854875283446715	0.43189720332577475
0.31685563114134546	0.48586545729402875	0.47528344671201805	0.6045351473922903	0.5786848072562358	0.47362055933484504	0.4591080876795163	0.5192743764172335	0.5056689342403629	0.42630385487528344	0.4269085411942554	0.5009826152683295	0.4969009826152684
0.5462585034013606	0.3975812547241119	0.4114890400604687	0.5278911564625851	0.527588813303099	0.49478458049886626	0.49478458049886626	0.5132275132275133	0.5247165532879818	0.3910808767951625	0.40241874527588817	0.48299319727891155	0.473015873015873
0.5707482993197279	0.491005291005291	0.4816326530612244	0.4911564625850341	0.47830687830687824	0.4959939531368103	0.48843537414965993	0.5398337112622827	0.5421012849584278	0.4444444444444445	0.4435374149659864	0.5226001511715797	0.5117157974300831
0.29183673469387755	0.673167044595616	0.6671201814058956	0.6143613000755858	0.6111866969009826	0.6179894179894181	0.6065003779289494	0.6300831443688588	0.6155706727135298	0.5318216175359032	0.5207860922146637	0.5694633408919124	0.5777777777777777
0.4071050642479214	0.5714285714285714	0.5596371882086169	0.5980347694633409	0.5788359788359789	0.563265306122449	0.5469387755102041	0.5247165532879818	0.5192743764172335	0.45971277399848837	0.4563869992441421	0.5815570672713529	0.566288737717309
0.4242630385487528	0.47271352985638704	0.48964474678760395	0.4885865457294029	0.4819349962207105	0.4270597127739985	0.47271352985638704	0.5064247921390778	0.5133786848072562	0.41345427059712775	0.41315192743764173	0.5455782312925169	0.5540438397581254
0.5264550264550264	0.4095238095238095	0.4458049886621315	0.5055177626606199	0.5303099017384733	0.5783824640967498	0.5786848072562358	0.5860922146636433	0.5847316704459561	0.5694633408919123	0.566439909297052	0.42630385487528344	0.4609221466364324
0.2894935752078609	0.5207860922146637	0.4929705215419501	0.5135298563869993	0.4955404383975813	0.49266817838246413	0.4825396825396825	0.4888888888888888	0.48405139833711264	0.48510959939531356	0.4734693877551021	0.5018896447467875	0.4813303099017384
0.45759637188208624	0.37883597883597886	0.36356764928193497	0.4253968253968254	0.40740740740740744	0.41254724111866964	0.3895691609977325	0.4031746031746032	0.37566137566137564	0.38699924414210124	0.3538926681783825	0.4353741496598639	0.4204081632653061
0.473771730914588	0.473771730914588	0.44837490551776266	0.4448979591836735	0.44142101284958424	0.3377173091458806	0.32683295540438395	0.40211640211640215	0.3842781557067271	0.36024187452758877	0.3656840513983371	0.39788359788359784	0.39047619047619053
0.44247921390778533	0.3623582766439909	0.3941043083900227	0.48571428571428565	0.5020408163265306	0.5700680272108842	0.5479969765684052	0.635222978080121	0.6155706727135299	0.5037037037037037	0.4860166288737718	0.35721844293272864	0.39153439153439157
0.3216931216931217	0.4693877551020408	0.4515495086923659	0.4043839758125472	0.3904761904761904	0.38473167044595613	0.38684807256235826	0.3916855631141346	0.37520786092214664	0.2949357520786092	0.30022675736961446	0.45971277399848826	0.455026455026455
0.5281179138321995	0.5378684807256235	0.5003779289493575	0.6504913076341649	0.6388510959939532	0.5461829176114891	0.5436130007558578	0.5535903250188964	0.545124716553288	0.5274376417233559	0.5233560090702947	0.49901738473167045	0.4905517762660619
0.48337112622826905	0.492214663643235	0.4777021919879062	0.4625850340136054	0.4684807256235827	0.4851095993953137	0.4563869992441421	0.4816326530612245	0.45245653817082393	0.4421768707482993	0.42857142857142855	0.4043839758125472	0.4105820105820106
0.335978835978836	0.3950113378684808	0.3681027966742253	0.43386243386243384	0.4131519274376417	0.4467120181405896	0.4291761148904006	0.44625850340136053	0.4243386243386243	0.4349206349206349	0.41738473167044604	0.5322751322751323	0.5212396069538926
0.47611489040060473	0.5739984882842025	0.5747543461829177	0.6402116402116402	0.6438397581254724	0.6778533635676494	0.6651549508692366	0.7325774754346183	0.7142857142857143	0.526228269085412	0.5162509448223733	0.4993197278911564	0.510506424792139
0.39281934996220713	0.40680272108843535	0.4751322751322751	0.4923658352229781	0.511413454270597	0.4411186696900983	0.4403628117913832	0.44897959183673464	0.4562358276643991	0.3876039304610733	0.4188964474678761	0.4066515495086924	0.4244897959183673
0.6555555555555556	0.43340891912320484	0.4293272864701437	0.4421768707482993	0.42842025699168557	0.32894935752078613	0.3286470143613001	0.364474678760393	0.3551020408163265	0.3801965230536659	0.36628873771730913	0.4438397581254724	0.4314436885865458
0.43046107331821615	0.4920634920634921	0.5404383975812548	0.46712018140589573	0.5132275132275133	0.46530612244897956	0.4969009826152684	0.5011337868480725	0.5478458049886622	0.46575963718820856	0.4867724867724868	0.3744520030234316	0.398941798941799
0.39916855631141346	0.5239606953892668	0.5342403628117913	0.48102796674225246	0.5073318216175359	0.5681027966742253	0.5528344671201815	0.5749055177626607	0.5540438397581255	0.5259259259259259	0.5067271352985638	0.4842025699168556	0.507180650037793
0.3954648526077097	0.4191987906273621	0.4350718065003779	0.46878306878306875	0.5011337868480725	0.3904761904761905	0.40604686318972033	0.44928193499622066	0.47891156462585033	0.41647770219198793	0.4288737717309147	0.42675736961451244	0.4350718065003779
0.29138321995464855	0.5431594860166288	0.5407407407407406	0.562055933484505	0.5582766439909297	0.5250188964474678	0.5303099017384731	0.49614512471655325	0.49992441421012845	0.5162509448223733	0.5209372637944066	0.5398337112622827	0.5511715797430083
0.40582010582010586	0.40302343159486015	0.3927437641723356	0.4773998488284203	0.47014361300075586	0.563416477702192	0.5490551776266063	0.5678004535147393	0.5511715797430082	0.4509448223733938	0.4439909297052155	0.545427059712774	0.5309145880574452
0.6410430839002268	0.5954648526077098	0.5650793650793651	0.5378684807256235	0.5247165532879818	0.43386243386243384	0.4095238095238095	0.39032501889644744	0.3720332577475435	0.5156462585034014	0.4955404383975813	0.41118669690098264	0.40120937263794404
0.47203325774754346	0.37475434618291764	0.4293272864701437	0.4347694633408919	0.4672713529856387	0.5646258503401361	0.5764172335600908	0.527739984882842	0.5375661375661376	0.45200302343159493	0.46228269085411944	0.5352985638699923	0.5569160997732426
0.5377928949357521	0.4495842781557068	0.4465608465608465	0.4264550264550264	0.41738473167044593	0.5334845049130763	0.5203325774754346	0.4526077097505669	0.4408163265306123	0.42282690854119426	0.40393046107331826	0.48662131519274376	0.4708994708994709
0.35472411186696895	0.39682539682539686	0.3841269841269841	0.44459561602418757	0.4326530612244898	0.419652305366591	0.41179138321995473	0.4604686318972034	0.4494331065759637	0.4586545729402872	0.45291005291005293	0.44429327286470144	0.4226757369614512
0.4831443688586545	0.6208616780045351	0.6086167800453515	0.5682539682539682	0.5541950113378684	0.6263038548752835	0.6244897959183674	0.6111866969009826	0.6039304610733182	0.5743008314436886	0.5616024187452758	0.5838246409674981	0.5913832199546485
0.4572940287226001	0.36009070294784584	0.36371882086167806	0.4152683295540439	0.4273620559334844	0.5038548752834467	0.49478458049886626	0.5502645502645502	0.5467876039304611	0.5020408163265306	0.48057445200302346	0.4609221466364324	0.4562358276643991
0.4937263794406652	0.4563869992441421	0.45245653817082393	0.4455026455026455	0.4569916855631141	0.4964474678760393	0.47059712773998486	0.5482993197278911	0.5272864701436131	0.5062736205593349	0.4890400604686319	0.4211640211640212	0.435978835978836
0.48110355253212395	0.5671957671957673	0.5501133786848073	0.654572940287226	0.6427815570672714	0.5182161753590325	0.5120181405895691	0.5907785336356765	0.5765684051398337	0.5791383219954649	0.5782312925170068	0.5851851851851853	0.5718820861678006
0.3851851851851852	0.3755102040816326	0.39153439153439157	0.5339380196523054	0.5207860922146637	0.6444444444444445	0.6388510959939531	0.6811791383219955	0.67588813303099	0.4621315192743764	0.46984126984126984	0.6547241118669691	0.6634920634920636
0.5877551020408163	0.3841269841269841	0.42721088435374155	0.4374905517762661	0.4624338624338624	0.5002267573696145	0.4937263794406652	0.564777021919879	0.5712773998488284	0.37974300831443686	0.381859410430839	0.45744520030234315	0.46712018140589573
0.6104308390022675	0.4766439909297052	0.43975812547241117	0.4767951625094483	0.4613756613756614	0.4448979591836735	0.43673469387755104	0.4911564625850341	0.48435374149659866	0.3950113378684807	0.3789871504157219	0.46485260770975056	0.44867724867724873
0.5189720332577477	0.5251700680272109	0.5011337868480725	0.4881330309901738	0.47059712773998486	0.435222978080121	0.4214663643235072	0.4808767951625095	0.46802721088435373	0.4742252456538171	0.46107331821617537	0.5221466364323508	0.5168556311413454
0.7282690854119427	0.44867724867724856	0.4303854875283447	0.5109599395313682	0.4882842025699167	0.382161753590325	0.364928193499622	0.3554043839758126	0.3405895691609978	0.42736205593348453	0.40816326530612235	0.44882842025699166	0.4317460317460318
0.34489795918367344	0.46273620559334844	0.4755857898715042	0.5561602418745275	0.5504157218442932	0.4855631141345427	0.4890400604686319	0.4713529856387	0.47482993197278917	0.35495086923658353	0.363869992441421	0.6071050642479215	0.6010582010582011
0.5752078609221465	0.34512471655328797	0.34618291761148906	0.437792894935752	0.45835222978080115	0.4708994708994709	0.4677248677248677	0.49871504157218444	0.5058201058201057	0.3876039304610733	0.38276643990929704	0.44852607709750564	0.4572940287226001
0.41050642479213906	0.37551020408163266	0.37173091458805746	0.41889644746787597	0.39637188208616775	0.4598639455782313	0.43824640967498113	0.4151171579743008	0.39365079365079364	0.5021919879062736	0.47059712773998486	0.5546485260770975	0.5540438397581255
0.5143613000755858	0.6126984126984126	0.599697656840514	0.54572940287226	0.5313681027966742	0.5770219198790627	0.5684051398337113	0.6207105064247921	0.6164777021919878	0.6149659863945579	0.598034769463341	0.5563114134542706	0.5424036281179139
0.5411186696900983	0.4048374905517763	0.4096749811035526	0.4213151927437641	0.40559334845049133	0.3708238851095994	0.364021164021164	0.3307634164777022	0.31534391534391537	0.4170823885109599	0.3889644746787605	0.4155706727135298	0.40287226001511717
0.39773242630385486	0.5174603174603174	0.4920634920634921	0.5284958427815571	0.5124716553287981	0.4663643235071806	0.4672713529856387	0.45366591080876795	0.4563869992441421	0.4161753590325019	0.40226757369614513	0.3644746787603931	0.35570672713529855
0.5571428571428572	0.4970521541950113	0.4962962962962963	0.5002267573696144	0.5015873015873016	0.41950113378684806	0.4202569916855631	0.44625850340136053	0.4455026455026455	0.4619803476946334	0.4467120181405896	0.4331065759637188	0.4255479969765684
0.46643990929705215	0.5724867724867725	0.545880574452003	0.5912320483749055	0.582312925170068	0.5569160997732426	0.5478458049886621	0.5359032501889645	0.526984126984127	0.49977324263038553	0.48888888888888893	0.580347694633409	0.5779289493575207
0.5777021919879063	0.47392290249433106	0.44383975812547244	0.4967498110355253	0.4719576719576719	0.41284958427815566	0.39244142101284957	0.3446712018140589	0.32637944066515495	0.45396825396825397	0.42373393801965226	0.4651549508692366	0.43945578231292515
0.4695389266817839	0.4571428571428572	0.41466364323507177	0.48314436885865464	0.45759637188208624	0.4589569160997732	0.4455026455026455	0.42373393801965237	0.40861678004535146	0.44595616024187457	0.42328042328042326	0.43204837490551773	0.41723356009070295
0.4782312925170068	0.3437641723356009	0.3522297808012094	0.3528344671201814	0.35510204081632657	0.33665910808767957	0.3384731670445956	0.38760393046107333	0.4040816326530613	0.41254724111866964	0.4243386243386243	0.24958427815570666	0.2489795918367347
0.44663643235071804	0.48949357520786096	0.47906273620559336	0.5859410430839003	0.5685563114134543	0.46303854875283446	0.4474678760393046	0.4962962962962963	0.490702947845805	0.5145880574452002	0.5021919879062736	0.5038548752834469	0.48873771730914595
0.4219198790627362	0.4817838246409675	0.43930461073318217	0.48027210884353744	0.4510959939531368	0.4934240362811792	0.47346938775510206	0.5150415721844294	0.4964474678760393	0.6110355253212396	0.583371126228269	0.5411942554799698	0.5123204837490551
0.4222978080120937	0.5962207105064248	0.581103552532124	0.47346938775510206	0.47996976568405136	0.435827664399093	0.4406651549508692	0.4046863189720332	0.39455782312925175	0.45230536659108084	0.43794406651549506	0.4569916855631142	0.4524565381708238
0.5277399848828421	0.5674981103552532	0.6208616780045351	0.5567649281934997	0.6232804232804232	0.6065003779289494	0.6087679516250943	0.6400604686318971	0.6414210128495843	0.49508692365835216	0.5094482237339379	0.5297052154195011	0.5594860166288738
0.5580498866213152	0.5467876039304611	0.5105064247921391	0.5791383219954648	0.5817082388510959	0.5301587301587302	0.5210884353741496	0.5194255479969765	0.5061224489795918	0.5863945578231292	0.5634164777021919	0.5738473167044595	0.563718820861678
0.47467876039304613	0.45835222978080126	0.46575963718820856	0.4409674981103553	0.45895691609977324	0.48148148148148157	0.5018896447467875	0.4491307634164777	0.45986394557823135	0.4932728647014361	0.5024943310657597	0.40695389266817844	0.40907029478458046
0.46318972033257744	0.4191987906273621	0.4202569916855632	0.4214663643235072	0.4161753590325019	0.47921390778533635	0.46500377928949355	0.4486772486772487	0.435374149659864	0.5156462585034014	0.5114134542705971	0.48964474678760395	0.46455026455026455
0.34943310657596377	0.5407407407407407	0.5147392290249433	0.5360544217687075	0.5233560090702948	0.5399848828420256	0.5241118669690097	0.5026455026455027	0.4832955404383975	0.49538926681783824	0.4681783824640967	0.4875283446712018	0.47558578987150407
0.4140589569160998	0.34769463340891915	0.3803476946334089	0.3597883597883598	0.36795162509448226	0.39546485260770975	0.3978835978835979	0.400907029478458	0.3983371126228269	0.34965986394557824	0.3596371882086168	0.47558578987150407	0.47966742252456535
0.464474678760393	0.4347694633408919	0.4152683295540438	0.4893424036281179	0.47467876039304613	0.5126228269085413	0.5067271352985638	0.5195767195767196	0.5005291005291006	0.5245653817082389	0.4994708994708995	0.45321239606953895	0.4350718065003779
0.3412698412698413	0.437339380196523	0.41678004535147395	0.36840513983371126	0.35495086923658353	0.4672713529856387	0.4470143613000756	0.4769463340891912	0.46228269085411944	0.4253968253968254	0.4049886621315192	0.5743008314436886	0.5516250944822374
0.5260015117157975	0.40695389266817833	0.39304610733182166	0.4713529856386999	0.4585034013605441	0.4908541194255481	0.47437641723356005	0.4710506424792139	0.4619803476946334	0.36296296296296293	0.35238095238095235	0.5401360544217686	0.5210884353741496
0.5074829931972789	0.36840513983371126	0.36099773242630384	0.5561602418745275	0.5368102796674226	0.5588813303099018	0.5431594860166289	0.5723356009070295	0.5605442176870749	0.5030990173847316	0.4993197278911564	0.5032501889644747	0.48495842781557064
0.3931216931216931	0.48314436885865464	0.4758881330309902	0.5058201058201058	0.4897959183673469	0.5204837490551777	0.5157974300831444	0.5608465608465608	0.5498110355253212	0.5130763416477702	0.49478458049886626	0.5547996976568405	0.5387755102040817
0.5655328798185941	0.490702947845805	0.46424792139077853	0.4477702191987906	0.455177626606198	0.46228269085411944	0.44973544973544965	0.38261526832955406	0.37127739984882846	0.400151171579743	0.400907029478458	0.4468631897203326	0.43733938019652313
0.6134542705971276	0.4669690098261527	0.4406651549508693	0.6326530612244897	0.6143613000755856	0.40136054421768713	0.39879062736205595	0.4057445200302343	0.398941798941799	0.4878306878306877	0.47830687830687824	0.473318216175359	0.45427059712774
0.4618291761148904	0.3845804988662131	0.4193499622071051	0.3466364323507181	0.3833711262282691	0.4854119425547997	0.48435374149659866	0.40287226001511717	0.4166288737717309	0.41315192743764173	0.4202569916855631	0.3356009070294785	0.38291761148904
0.5390022675736962	0.4096749811035526	0.41859410430839006	0.3538926681783825	0.3755102040816326	0.42947845804988666	0.44338624338624333	0.399244142101285	0.41284958427815566	0.45578231292517	0.45850340136054424	0.45411942554799706	0.47891156462585033
0.727437641723356	0.5856386999244142	0.6123960695389267	0.7091458805744519	0.7009826152683296	0.5233560090702947	0.5470899470899471	0.5570672713529856	0.5827664399092971	0.509145880574452	0.5286470143613	0.5349962207105063	0.563114134542706
0.3018896447467876	0.39319727891156464	0.4158730158730159	0.43280423280423275	0.44383975812547244	0.4418745275888133	0.44202569916855633	0.44278155706727135	0.44761904761904764	0.3871504157218443	0.3857898715041572	0.5053665910808769	0.5118669690098262
0.4486772486772487	0.5808012093726379	0.5934996220710506	0.6509448223733938	0.6414210128495842	0.6001511715797431	0.5885109599395314	0.5947089947089947	0.5879062736205595	0.5594860166288738	0.5609977324263038	0.6019652305366591	0.5980347694633409
0.4962207105064248	0.43945578231292515	0.40211640211640204	0.49417989417989416	0.4716553287981859	0.5378684807256235	0.5198790627362055	0.4972033257747544	0.4751322751322752	0.5733938019652306	0.5434618291761149	0.490249433106576	0.48193499622071057
0.4387755102040817	0.30430839002267573	0.30975056689342406	0.4672713529856387	0.44928193499622077	0.45200302343159493	0.44716553287981853	0.44036281179138326	0.4411186696900983	0.47845804988662133	0.46969009826152686	0.5428571428571429	0.5349962207105065
0.56281179138322	0.45850340136054424	0.4420256991685562	0.5189720332577475	0.5177626606198034	0.5365079365079366	0.526984126984127	0.5328798185941044	0.5160997732426303	0.47392290249433106	0.46349206349206346	0.43854875283446715	0.4426303854875283
0.47951625094482236	0.4772486772486772	0.49508692365835216	0.46863189720332576	0.4984126984126984	0.4317460317460317	0.4524565381708238	0.4600151171579744	0.471655328798186	0.42358276643990933	0.45744520030234315	0.5201814058956916	0.5301587301587302
0.3204081632653061	0.28813303099017384	0.2953892668178383	0.380801209372638	0.3776266061980348	0.3479969765684051	0.3525321239606954	0.3235071806500378	0.3262282690854119	0.31292517006802717	0.32411186696900984	0.3797430083144369	0.38639455782312926
0.4783824640967498	0.5390778533635677	0.5171579743008314	0.4504913076341648	0.435978835978836	0.43885109599395317	0.42736205593348453	0.4713529856386999	0.456084656084656	0.4166288737717309	0.40907029478458046	0.47498110355253215	0.4603174603174603
0.36840513983371126	0.4101284958427816	0.45275888133030995	0.5667422524565382	0.5715797430083145	0.5357520786092215	0.5552532123960695	0.5102040816326531	0.5387755102040817	0.31670445956160237	0.35268329554043837	0.5711262282690854	0.5922902494331066
0.35903250188964475	0.5226001511715797	0.5123204837490551	0.5476946334089192	0.5377173091458806	0.600755857898715	0.5691609977324262	0.5340891912320485	0.5165532879818594	0.5711262282690853	0.5529856386999243	0.49977324263038553	0.48662131519274376
0.5129251700680271	0.43794406651549506	0.4102796674225246	0.2882842025699169	0.2946334089191232	0.3230536659108088	0.3224489795918367	0.33907785336356766	0.33303099017384735	0.3132275132275132	0.30854119425547993	0.2671201814058957	0.24852607709750568
0.48934240362811793	0.31746031746031744	0.30461073318216175	0.4126984126984127	0.40770975056689346	0.31912320483749057	0.3310657596371882	0.33529856386999246	0.3330309901738474	0.2761904761904762	0.28253968253968254	0.42328042328042326	0.41284958427815577
0.5061224489795918	0.3650793650793651	0.32486772486772486	0.36931216931216937	0.33590325018896444	0.41421012849584277	0.3912320483749055	0.3780801209372638	0.3599395313681028	0.5151927437641723	0.5000755857898715	0.37656840513983375	0.345427059712774
0.41095993953136806	0.35132275132275126	0.3563114134542706	0.33167044595616024	0.3538926681783825	0.3644746787603931	0.3699168556311414	0.41798941798941797	0.4163265306122449	0.3212396069538927	0.35132275132275137	0.33938019652305373	0.3566137566137566
0.33854875283446717	0.3836734693877551	0.3966742252456538	0.43280423280423286	0.435374149659864	0.46878306878306886	0.4695389266817839	0.46334089191232053	0.4586545729402872	0.4598639455782313	0.44913076341647773	0.36205593348450493	0.36462585034013606
0.3904761904761905	0.49523809523809526	0.4869236583522298	0.46969009826152686	0.4456538170823885	0.47845804988662133	0.47150415721844297	0.3738473167044596	0.37732426303854877	0.5117157974300832	0.48873771730914584	0.4885865457294029	0.4775510204081632
0.5433106575963719	0.5528344671201814	0.5281934996220711	0.46908541194255476	0.4656084656084656	0.5551020408163266	0.5531368102796674	0.5540438397581254	0.560695389266818	0.4609221466364324	0.4461073318216175	0.49554043839758116	0.48888888888888893
0.43990929705215426	0.43975812547241117	0.47346938775510206	0.5156462585034014	0.5723356009070295	0.4973544973544973	0.5188208616780046	0.5404383975812548	0.5538926681783825	0.580045351473923	0.598941798941799	0.49523809523809526	0.5206349206349208
0.5616780045351474	0.44187452758881324	0.47271352985638704	0.47286470143613	0.46832955404383975	0.42418745275888126	0.4270597127739985	0.46273620559334844	0.4604686318972034	0.543008314436886	0.5313681027966741	0.418745275888133	0.42252456538170824
0.4604686318972034	0.4786092214663643	0.4872260015117158	0.49417989417989416	0.4805744520030234	0.5154950869236583	0.5111111111111111	0.564021164021164	0.5507180650037793	0.5788359788359788	0.5625094482237339	0.5520786092214663	0.5411942554799697
0.4701436130007558	0.38578987150415717	0.36840513983371126	0.33182161753590333	0.33922902494331064	0.3287981859410431	0.32411186696900984	0.37747543461829175	0.38049886621315193	0.3668934240362812	0.3573696145124716	0.4155706727135299	0.4105820105820106
0.5848828420256992	0.5148904006046863	0.49538926681783824	0.47951625094482236	0.46984126984126984	0.5425547996976569	0.5185185185185185	0.5348450491307635	0.5164021164021164	0.5641723356009071	0.5348450491307635	0.46318972033257744	0.4600151171579743
0.4789871504157219	0.5162509448223733	0.473771730914588	0.5554043839758125	0.5374149659863946	0.527588813303099	0.5133786848072563	0.5006802721088436	0.4825396825396825	0.5207860922146637	0.5092970521541951	0.4659108087679516	0.4562358276643991
0.49727891156462584	0.4586545729402872	0.4266061980347694	0.5188208616780046	0.4835978835978835	0.5369614512471654	0.5360544217687074	0.5331821617535903	0.5365079365079366	0.37112622826908537	0.3529856386999244	0.5659863945578231	0.5522297808012094
0.5504913076341649	0.4263038548752835	0.49009826152683295	0.4170823885109599	0.47362055933484504	0.4403628117913832	0.48102796674225246	0.3631141345427059	0.3983371126228269	0.6693877551020407	0.6978080120937264	0.5154950869236584	0.5517762660619804
0.31534391534391537	0.6269085411942555	0.6249433106575963	0.6084656084656085	0.6055933484504912	0.5411942554799697	0.5522297808012093	0.5549508692365835	0.5558578987150417	0.5405895691609978	0.5602418745275888	0.5464852607709751	0.5425547996976567
0.4841269841269842	0.4660619803476946	0.4600151171579743	0.363718820861678	0.37354497354497357	0.5848828420256991	0.5761148904006046	0.6015117157974301	0.5897203325774754	0.5501133786848073	0.5440665154950869	0.5888133030990174	0.5903250188964475
0.4656084656084657	0.44399092970521536	0.5068783068783069	0.5221466364323507	0.5792894935752079	0.4944822373393801	0.5274376417233559	0.5029478458049886	0.5380196523053666	0.4802721088435374	0.49523809523809526	0.36780045351473917	0.4297808012093727
0.3964474678760393	0.618140589569161	0.5901738473167045	0.5557067271352987	0.5487528344671201	0.6084656084656085	0.5859410430839003	0.6405139833711262	0.6302343159486016	0.5546485260770975	0.5493575207860921	0.6087679516250945	0.5978835978835979
0.41549508692365833	0.4303854875283447	0.4048374905517763	0.3948601662887377	0.39516250944822373	0.4305366591080877	0.4170823885109599	0.42509448223733937	0.4126984126984127	0.5339380196523054	0.5153439153439153	0.33953136810279666	0.3399848828420257
0.3629629629629629	0.5523809523809524	0.5360544217687074	0.5245653817082389	0.5012849584278155	0.48979591836734704	0.48495842781557064	0.5476946334089192	0.5425547996976569	0.40786092214663644	0.40166288737717315	0.5718820861678005	0.5519274376417234
0.5640211640211641	0.44368858654572946	0.45472411186696904	0.490702947845805	0.5079365079365079	0.47362055933484515	0.49145880574452	0.4405139833711262	0.46318972033257744	0.46575963718820856	0.49977324263038553	0.4331065759637188	0.4518518518518519
0.5300075585789872	0.37717309145880573	0.4117913832199546	0.4170823885109599	0.44202569916855633	0.39954648526077097	0.4145124716553288	0.4710506424792139	0.490702947845805	0.3753590325018896	0.37641723356009066	0.4619803476946334	0.4677248677248677
0.4723356009070295	0.3547996976568405	0.3944066515495087	0.6039304610733182	0.6028722600151172	0.4962962962962963	0.49387755102040803	0.47059712773998486	0.4786092214663643	0.5301587301587302	0.5380196523053666	0.5693121693121693	0.5632653061224488
0.4812547241118669	0.6582010582010582	0.6592592592592592	0.5555555555555556	0.566288737717309	0.5768707482993196	0.5938019652305367	0.5466364323507181	0.5585789871504157	0.5582766439909298	0.5739984882842025	0.6060468631897205	0.6086167800453515
0.4846560846560847	0.600453514739229	0.6828420256991685	0.6119425547996976	0.6680272108843537	0.5176114890400605	0.5655328798185941	0.5585789871504157	0.5972789115646258	0.5676492819349962	0.6169312169312169	0.5779289493575208	0.6222222222222222
0.5769463340891912	0.4846560846560847	0.47543461829176115	0.6036281179138323	0.6051398337112623	0.5738473167044595	0.5714285714285714	0.5546485260770975	0.545880574452003	0.48783068783068784	0.48783068783068784	0.4604686318972033	0.48057445200302346
0.5622071050642479	0.4958427815570673	0.47059712773998486	0.5108087679516251	0.5027966742252457	0.48994708994708996	0.4749811035525321	0.5133786848072562	0.4955404383975813	0.49871504157218444	0.4770975056689342	0.4556311413454271	0.44807256235827664
0.482615268329554	0.5723356009070295	0.6033257747543461	0.6317460317460317	0.6306878306878307	0.564777021919879	0.580347694633409	0.5082388510959939	0.5226001511715797	0.5653817082388511	0.5871504157218443	0.5266817838246409	0.5410430839002267
0.49123204837490553	0.4193499622071051	0.38760393046107333	0.3925925925925926	0.3844293272864701	0.38261526832955406	0.36568405139833715	0.4163265306122449	0.3954648526077097	0.3735449735449735	0.35918367346938773	0.3230536659108088	0.29931972789115646
0.47218442932728644	0.5024943310657596	0.49417989417989416	0.37142857142857144	0.3659863945578231	0.4698412698412698	0.4668178382464097	0.36356764928193497	0.36235827664399095	0.44716553287981853	0.44761904761904764	0.471957671957672	0.4616780045351474
0.40143613000755857	0.5053665910808769	0.4955404383975813	0.4482237339380196	0.43325774754346186	0.39773242630385486	0.38730158730158737	0.344520030234316	0.3366591080876795	0.40075585789871504	0.39319727891156464	0.5398337112622826	0.5260770975056689
0.3564625850340136	0.5303099017384731	0.5304610733182162	0.36341647770219193	0.36976568405139837	0.3546485260770975	0.36432350718065	0.4057445200302343	0.40740740740740744	0.45759637188208613	0.47482993197278905	0.40287226001511717	0.401360544217687
0.5950113378684807	0.46318972033257744	0.4813303099017384	0.5138321995464853	0.5171579743008314	0.5448223733938019	0.5371126228269085	0.49145880574452006	0.4854119425547997	0.4919123204837491	0.4919123204837491	0.48873771730914584	0.5012849584278156
0.47619047619047616	0.47966742252456546	0.47286470143613	0.434920634920635	0.4409674981103553	0.491912320483749	0.47876039304610735	0.5088435374149661	0.5024943310657597	0.3535903250188964	0.3560090702947846	0.3915343915343915	0.3906273620559335
0.5048374905517763	0.4414210128495843	0.4371882086167801	0.38820861678004537	0.3697656840513983	0.5197278911564626	0.5032501889644747	0.44973544973544977	0.44157218442932733	0.4061980347694633	0.41466364323507177	0.3578231292517007	0.35600907029478457
0.5575207860922147	0.4625850340136054	0.43371126228269086	0.45396825396825397	0.4444444444444445	0.436130007558579	0.40604686318972033	0.3823129251700681	0.363265306122449	0.4379440665154951	0.4145124716553288	0.5641723356009071	0.5558578987150417
0.20430839002267573	0.5572184429327286	0.5764172335600908	0.6698412698412698	0.6681783824640968	0.7112622826908541	0.6994708994708995	0.729100529100529	0.7142857142857142	0.5909297052154194	0.5947089947089947	0.5499622071050643	0.5561602418745275
0.5863189720332578	0.47830687830687835	0.48647014361300067	0.3962207105064248	0.39319727891156464	0.31594860166288735	0.3118669690098261	0.36205593348450493	0.3507180650037793	0.37460317460317455	0.36462585034013606	0.40347694633408915	0.4042328042328043
0.34383975812547235	0.44293272864701433	0.43673469387755104	0.3625094482237339	0.38185941043083893	0.4521541950113379	0.4607709750566894	0.4300831443688587	0.4347694633408919	0.37626606198034773	0.39213907785336355	0.4110355253212396	0.4163265306122449
0.4513983371126228	0.41859410430839006	0.42842025699168557	0.40922146636432355	0.4157218442932728	0.4710506424792139	0.4769463340891912	0.4305366591080877	0.42902494331065766	0.43764172335600904	0.43280423280423275	0.4778533635676493	0.46878306878306886
0.517687074829932	0.40831443688586544	0.3811035525321239	0.3499622071050642	0.3348450491307634	0.3659863945578231	0.3555555555555555	0.37792894935752075	0.3659863945578231	0.2925170068027211	0.27951625094482235	0.46455026455026455	0.4468631897203326
0.4408163265306122	0.4323507180650038	0.39894179894179893	0.4681783824640967	0.45427059712774	0.543613000755858	0.5312169312169311	0.5381708238851096	0.5322751322751322	0.5287981859410431	0.5177626606198034	0.45835222978080126	0.4442932728647014
0.3498866213151927	0.3514739229024943	0.39652305366591084	0.3733938019652305	0.40075585789871504	0.4507936507936508	0.4647014361300076	0.4873771730914588	0.49947089947089945	0.4668178382464097	0.4919123204837491	0.45064247921390777	0.4656084656084656
0.582464096749811	0.5671957671957673	0.5721844293272865	0.5461829176114891	0.5351473922902494	0.4565381708238851	0.4612244897959183	0.4766439909297052	0.47815570672713525	0.4672713529856387	0.4668178382464097	0.4802721088435374	0.47392290249433094
0.3933484504913077	0.38442932728647017	0.3671957671957672	0.4048374905517763	0.39138321995464853	0.5124716553287982	0.4922146636432351	0.598034769463341	0.5746031746031747	0.40831443688586544	0.4080120937263795	0.42947845804988666	0.4247921390778534
0.42222222222222217	0.6184429327286471	0.6403628117913833	0.6142101284958428	0.598185941043084	0.5508692365835224	0.5511715797430083	0.48526077097505665	0.5056689342403629	0.4793650793650793	0.4946334089191232	0.5885109599395314	0.5835222978080121
0.44965986394557833	0.29735449735449737	0.29705215419501135	0.35071806500377933	0.3613000755857899	0.2799697656840514	0.3020408163265306	0.33378684807256237	0.35147392290249435	0.26439909297052155	0.27724867724867724	0.3180650037792895	0.32123960695389264
0.4674225245653817	0.5454270597127739	0.5312169312169313	0.5232048374905517	0.5044595616024188	0.43325774754346186	0.4210128495842781	0.4772486772486773	0.4580498866213153	0.4607709750566894	0.4582010582010582	0.4409674981103552	0.4226757369614512
0.5563114134542706	0.43371126228269086	0.4529100529100528	0.5452758881330311	0.543613000755858	0.5065759637188207	0.4975056689342404	0.4922146636432351	0.4867724867724868	0.5049130763416477	0.4931216931216931	0.5118669690098262	0.5008314436885865
0.5037792894935753	0.7399848828420257	0.7687074829931972	0.6969009826152682	0.7244142101284958	0.7535903250188964	0.7410430839002268	0.7318216175359031	0.7182161753590326	0.8152683295540438	0.8092214663643237	0.6049886621315193	0.6575963718820861
0.5938019652305366	0.3927437641723356	0.3720332577475435	0.5105064247921391	0.5061224489795919	0.5514739229024943	0.5395313681027967	0.5671957671957671	0.5469387755102041	0.3782312925170069	0.35600907029478457	0.36704459561602415	0.3505668934240363
0.5631141345427061	0.5513227513227512	0.584126984126984	0.710355253212396	0.7112622826908541	0.6151171579743009	0.599244142101285	0.5606953892668178	0.5549508692365835	0.5160997732426303	0.5100529100529101	0.6922146636432351	0.6864701436130007
0.517989417989418	0.5024943310657596	0.45941043083900224	0.4222222222222222	0.4052910052910053	0.4258503401360544	0.41466364323507177	0.4817838246409675	0.47271352985638704	0.5340891912320485	0.5330309901738473	0.2923658352229781	0.27770219198790624
0.5219954648526077	0.3706727135298564	0.40347694633408915	0.382161753590325	0.3901738473167044	0.3746031746031746	0.4110355253212396	0.37006802721088433	0.4004535147392291	0.4061980347694633	0.44338624338624333	0.4458049886621316	0.45668934240362813
0.3777021919879063	0.4668178382464097	0.44414210128495846	0.49145880574452006	0.4716553287981859	0.5029478458049887	0.4808767951625095	0.5153439153439153	0.48964474678760395	0.5691609977324263	0.5434618291761149	0.42857142857142855	0.4049886621315192
0.48616780045351476	0.509750566893424	0.5041572184429327	0.5200302343159487	0.5148904006046864	0.44852607709750564	0.4459561602418745	0.44278155706727135	0.43718820861678004	0.5482993197278911	0.5510204081632654	0.4837490551776266	0.4873771730914588
0.4245653817082388	0.3238095238095238	0.3620559334845049	0.45971277399848826	0.4816326530612245	0.45578231292517	0.44414210128495846	0.46485260770975056	0.4578987150415722	0.509448223733938	0.49916855631141344	0.5472411186696902	0.5534391534391535
0.41972789115646264	0.5272864701436129	0.5173091458805745	0.43930461073318217	0.43779289493575213	0.3602418745275888	0.3891156462585034	0.4444444444444445	0.4468631897203325	0.4007558578987151	0.4154195011337869	0.490249433106576	0.4842025699168556
0.2503401360544218	0.5363567649281935	0.5723356009070295	0.43461829176114886	0.47362055933484515	0.5021919879062736	0.5189720332577475	0.5179138321995465	0.5313681027966742	0.5439153439153439	0.5668934240362812	0.4869236583522298	0.5117157974300831
0.47294028722600157	0.5009826152683295	0.4689342403628117	0.4598639455782313	0.44882842025699166	0.401360544217687	0.3885109599395314	0.437037037037037	0.4193499622071051	0.46863189720332576	0.4548752834467121	0.43567649281935	0.4317460317460317
0.5256991685563115	0.3736961451247166	0.4102796674225246	0.42766439909297055	0.44293272864701444	0.4595616024187453	0.46318972033257755	0.4772486772486773	0.47498110355253215	0.5300075585789872	0.5318216175359034	0.5040060468631896	0.5136810279667423
0.6265306122448979	0.47059712773998486	0.4823885109599395	0.35071806500377933	0.37233560090702944	0.6072562358276644	0.6043839758125472	0.5540438397581254	0.5531368102796674	0.4665154950869237	0.44928193499622077	0.5544973544973545	0.5576719576719575
0.6417233560090703	0.5241118669690097	0.5487528344671201	0.5328798185941043	0.5321239606953891	0.44913076341647773	0.45487528344671196	0.4595616024187453	0.473318216175359	0.435978835978836	0.4530612244897959	0.4326530612244898	0.43809523809523804
0.4597883597883598	0.2647014361300076	0.309297052154195	0.4163265306122449	0.3895691609977325	0.4495842781557067	0.4477702191987906	0.35842781557067277	0.37656840513983375	0.49614512471655325	0.4837490551776266	0.309297052154195	0.31156462585034017
0.5165532879818594	0.45865457294028716	0.4619803476946334	0.5526832955404384	0.5563114134542706	0.5693121693121693	0.5603930461073319	0.5203325774754346	0.5082388510959939	0.41783824640967493	0.43189720332577475	0.4781557067271353	0.48510959939531373
0.42509448223733937	0.5108087679516251	0.5059712773998488	0.5570672713529857	0.5525321239606955	0.5428571428571429	0.5433106575963718	0.6253968253968254	0.6202569916855631	0.5242630385487529	0.526832955404384	0.5800453514739229	0.5800453514739229
0.5874527588813303	0.5693121693121693	0.5229024943310658	0.564172335600907	0.5244142101284959	0.5002267573696144	0.473771730914588	0.46364323507180655	0.4308390022675737	0.5257747543461828	0.4938775510204082	0.5551020408163264	0.5212396069538927
0.5310657596371882	0.5150415721844294	0.49478458049886626	0.4394557823129251	0.42902494331065755	0.44625850340136053	0.43673469387755104	0.40770975056689346	0.3936507936507937	0.38155706727135297	0.3535903250188964	0.41753590325018897	0.4045351473922903
0.4747543461829175	0.4628873771730914	0.4959939531368103	0.3785336356764928	0.39788359788359784	0.436885865457294	0.47876039304610735	0.4244897959183673	0.45850340136054424	0.5343915343915343	0.5783824640967498	0.5056689342403627	0.5327286470143612
0.5081632653061224	0.5352985638699925	0.5055177626606198	0.527286470143613	0.5117157974300831	0.41753590325018897	0.4048374905517763	0.382312925170068	0.36613756613756615	0.48012093726379435	0.45275888133030995	0.5464852607709749	0.5369614512471655
0.44837490551776266	0.3679516250944822	0.3558578987150416	0.36764928193499613	0.37732426303854877	0.40770975056689346	0.42343159486016624	0.3956160241874528	0.4101284958427815	0.4270597127739985	0.4193499622071051	0.4126984126984127	0.41118669690098253
0.45706727135298564	0.4569916855631141	0.5362055933484504	0.5425547996976569	0.5611489040060469	0.5732426303854876	0.60151171579743	0.653061224489796	0.6857142857142857	0.47739984882842024	0.5067271352985638	0.5971277399848828	0.617989417989418
0.27823129251700685	0.31171579743008315	0.37626606198034773	0.35177626606198037	0.3942554799697657	0.5425547996976569	0.527286470143613	0.5215419501133788	0.5067271352985638	0.5682539682539682	0.5732426303854876	0.4618291761148904	0.48843537414965993
0.24807256235827663	0.4630385487528345	0.4503401360544218	0.37354497354497357	0.3724867724867725	0.3472411186696901	0.35721844293272864	0.31352985638699926	0.31851851851851853	0.40861678004535146	0.4045351473922902	0.38654572940287224	0.3753590325018896
0.4775510204081632	0.4057445200302343	0.43250188964474684	0.5365079365079365	0.5241118669690099	0.5529856386999245	0.5431594860166289	0.4959939531368103	0.4937263794406651	0.47619047619047616	0.4742252456538171	0.4530612244897959	0.46061980347694637
0.4988662131519274	0.4396069538926682	0.4453514739229025	0.527588813303099	0.5198790627362055	0.527891156462585	0.5176114890400605	0.5118669690098261	0.49130763416477696	0.5265306122448978	0.5153439153439153	0.4642479213907785	0.45245653817082393
0.5282690854119425	0.4769463340891912	0.45744520030234315	0.47619047619047616	0.4615268329554044	0.4746787603930461	0.4560846560846561	0.5368102796674225	0.5173091458805744	0.5543461829176115	0.5307634164777022	0.4145124716553288	0.39486016628873777
0.5023431594860166	0.34285714285714286	0.35419501133786846	0.38730158730158726	0.401058201058201	0.2533635676492819	0.2616780045351474	0.29176114890400606	0.3024943310657596	0.3629629629629629	0.36250944822373393	0.2467120181405896	0.2566893424036281
0.5526832955404384	0.6272108843537415	0.6455026455026454	0.5233560090702948	0.546485260770975	0.581103552532124	0.5759637188208617	0.5909297052154195	0.5788359788359789	0.5862433862433862	0.5853363567649282	0.47346938775510206	0.5232048374905518
0.3758125472411187	0.4517006802721088	0.4075585789871504	0.5035525321239607	0.47906273620559336	0.4603174603174603	0.44021164021164016	0.4222222222222222	0.40136054421768713	0.38609221466364324	0.3780801209372638	0.5428571428571429	0.5327286470143613
0.4879818594104308	0.5513227513227513	0.5020408163265306	0.44459561602418746	0.4193499622071051	0.3481481481481481	0.32411186696900984	0.4080120937263795	0.38231292517006804	0.381254724111867	0.3561602418745276	0.3789871504157219	0.3564625850340136
0.3659863945578231	0.508994708994709	0.5531368102796674	0.6813303099017385	0.6733182161753591	0.5513227513227513	0.566439909297052	0.5546485260770975	0.5702191987906273	0.44308390022675737	0.47437641723356017	0.5847316704459561	0.6078609221466365
0.3965230536659108	0.4417233560090703	0.4343159486016629	0.4285714285714285	0.43628117913832193	0.3422524565381709	0.35525321239606955	0.309750566893424	0.3133786848072562	0.42328042328042326	0.4249433106575964	0.40952380952380957	0.4155706727135299
0.33771730914588055	0.4563869992441421	0.47059712773998486	0.5008314436885866	0.508390022675737	0.5150415721844294	0.5082388510959939	0.5554043839758125	0.5434618291761149	0.5017384731670446	0.509750566893424	0.5062736205593349	0.5027966742252457
0.4860922146636432	0.5783824640967498	0.5371126228269085	0.5674981103552532	0.5340891912320483	0.5224489795918367	0.4923658352229781	0.5699168556311414	0.5436130007558578	0.5712773998488284	0.5437641723356009	0.48359788359788364	0.45502645502645506
0.44293272864701433	0.4048374905517763	0.4314436885865457	0.5476946334089192	0.5469387755102041	0.5177626606198035	0.5298563869992442	0.5883597883597884	0.6030234315948602	0.5953136810279668	0.5981859410430838	0.5771730914588057	0.5809523809523809
0.4546485260770975	0.4970521541950113	0.5561602418745275	0.5535903250188965	0.6045351473922902	0.41753590325018897	0.4739229024943311	0.3965230536659108	0.45366591080876795	0.5180650037792894	0.5700680272108842	0.39516250944822373	0.4405139833711262
0.5344671201814057	0.47573696145124716	0.47906273620559336	0.4222222222222222	0.44429327286470144	0.35495086923658353	0.3581254724111867	0.3859410430839002	0.38866213151927437	0.3489040060468632	0.35661375661375655	0.43250188964474684	0.43854875283446704
0.4431594860166289	0.43461829176114886	0.46500377928949355	0.4863189720332578	0.4937263794406652	0.5482993197278911	0.5505668934240362	0.5661375661375663	0.5622071050642479	0.5331821617535903	0.5351473922902494	0.5383219954648526	0.5377173091458806
0.4032501889644746	0.46439909297052157	0.4396069538926682	0.35253212396069544	0.34678760393046104	0.33998488284202566	0.3396825396825397	0.3928949357520787	0.3959183673469388	0.36704459561602415	0.3659863945578231	0.3910808767951625	0.3871504157218443
0.3132275132275132	0.6925170068027211	0.6832955404383976	0.6146636432350717	0.6007558578987151	0.6332577475434619	0.616477702191988	0.6276643990929706	0.6130007558578987	0.5774754346182919	0.5679516250944822	0.6040816326530613	0.5838246409674981
0.34452003023431593	0.47467876039304613	0.4814814814814815	0.5236583522297809	0.5167044595616025	0.5147392290249433	0.5272864701436131	0.5315192743764172	0.5445200302343159	0.4551776266061981	0.4569916855631141	0.5189720332577477	0.5188208616780046
0.5104308390022676	0.38775510204081626	0.3439153439153439	0.2946334089191232	0.2677248677248677	0.41209372637944064	0.3850340136054422	0.4448979591836735	0.4071050642479214	0.32834467120181404	0.30400604686318966	0.39894179894179893	0.3738473167044596
0.5077853363567649	0.34225245653817077	0.3490551776266062	0.3386243386243386	0.3238095238095238	0.327739984882842	0.30385487528344673	0.36613756613756615	0.34058956916099775	0.5023431594860166	0.45865457294028733	0.3197278911564626	0.2999244142101285
0.426832955404384	0.5179138321995465	0.48994708994708996	0.48193499622071057	0.46893424036281184	0.46757369614512473	0.4586545729402872	0.5188208616780046	0.49962207105064244	0.5097505668934239	0.4893424036281179	0.5424036281179138	0.5291005291005291
0.4335600907029479	0.5616024187452759	0.5476946334089191	0.5573696145124717	0.5508692365835224	0.5191232048374905	0.511413454270597	0.5526832955404384	0.5582766439909298	0.382010582010582	0.39047619047619053	0.5127739984882842	0.49433106575963726
0.2950869236583522	0.5540438397581255	0.5118669690098262	0.4158730158730159	0.39092970521541953	0.3756613756613757	0.3523809523809524	0.3015873015873016	0.2810279667422525	0.5298563869992442	0.49402872260015124	0.4033257747543463	0.3738473167044596
0.3623582766439909	0.3829176114890401	0.4105820105820106	0.30899470899470904	0.3328798185941043	0.3547996976568405	0.3839758125472411	0.4122448979591836	0.43885109599395317	0.42826908541194253	0.4572940287226001	0.3523809523809524	0.36704459561602415
0.31345427059712777	0.45351473922902497	0.437037037037037	0.4287226001511716	0.4201058201058202	0.40120937263794404	0.3930461073318216	0.4405139833711263	0.4282690854119425	0.4418745275888133	0.42932728647014357	0.5227513227513227	0.5188208616780046
0.46455026455026455	0.3857898715041572	0.3733938019652306	0.45880574452003026	0.44550264550264557	0.5050642479213907	0.4965986394557823	0.4500377928949358	0.44232804232804235	0.4777021919879063	0.4702947845804989	0.4870748299319728	0.4677248677248677
0.5488284202569917	0.6678760393046106	0.7126228269085411	0.5717309145880575	0.6119425547996977	0.6510959939531368	0.6684807256235827	0.6972033257747544	0.6990173847316704	0.5235071806500379	0.5540438397581255	0.581103552532124	0.600907029478458
0.2596371882086168	0.344671201814059	0.3322751322751323	0.39727891156462586	0.3803476946334089	0.3847316704459562	0.37309145880574446	0.3156462585034014	0.3040060468631897	0.43386243386243384	0.4019652305366591	0.3029478458049887	0.28480725623582764
0.7405895691609977	0.4260015117157975	0.4152683295540439	0.5286470143613	0.511262282690854	0.5743008314436885	0.5655328798185941	0.583371126228269	0.5829176114890402	0.689795918367347	0.6805744520030234	0.5207860922146637	0.5026455026455026
0.35525321239606955	0.526379440665155	0.6034769463340892	0.43295540438397584	0.5017384731670446	0.41421012849584277	0.4408163265306122	0.4764928193499622	0.49463340891912316	0.5117157974300831	0.5360544217687074	0.4612244897959184	0.526984126984127
0.5374149659863946	0.48027210884353744	0.4591080876795163	0.4486772486772487	0.43764172335600904	0.43582766439909293	0.435222978080121	0.4455026455026455	0.44671201814058953	0.5786848072562358	0.5691609977324263	0.43885109599395317	0.43235071806500375
0.6315948601662887	0.4964474678760394	0.5470899470899471	0.5895691609977325	0.6030234315948602	0.5067271352985638	0.5340891912320483	0.584126984126984	0.600907029478458	0.4606198034769463	0.4893424036281179	0.48662131519274376	0.5232048374905518
0.3824640967498111	0.42826908541194253	0.4651549508692366	0.5334845049130763	0.5393801965230536	0.5951625094482237	0.6055933484504913	0.5165532879818595	0.5298563869992441	0.563265306122449	0.5735449735449736	0.5151927437641722	0.5254724111866969
0.426379440665155	0.4784580498866212	0.4773998488284203	0.4967498110355254	0.49024943310657587	0.5393801965230536	0.5207860922146637	0.5609977324263038	0.5433106575963719	0.42252456538170824	0.4051398337112623	0.5809523809523809	0.5575207860922146
0.4772486772486772	0.43325774754346186	0.4145124716553288	0.39123204837490555	0.3798941798941799	0.41904761904761906	0.4031746031746032	0.4122448979591836	0.3934996220710506	0.3555555555555555	0.3431594860166289	0.3416477702191988	0.32985638699924413
0.6874527588813303	0.4037792894935753	0.4051398337112623	0.6276643990929704	0.6122448979591837	0.4568405139833712	0.4418745275888133	0.4459561602418745	0.4321995464852607	0.5730914588057445	0.5640211640211641	0.5469387755102042	0.5327286470143613
0.273620559334845	0.5047619047619047	0.49448223733938024	0.5950113378684808	0.5963718820861679	0.5247165532879818	0.529251700680272	0.5079365079365079	0.5204837490551776	0.5085411942554801	0.510657596371882	0.619501133786848	0.619652305366591
0.5238095238095238	0.5623582766439909	0.5768707482993198	0.582615268329554	0.61708238851096	0.5726379440665155	0.6083144368858655	0.543613000755858	0.5727891156462586	0.6151171579743008	0.6507936507936508	0.6036281179138323	0.6294784580498866
0.5651549508692366	0.49916855631141355	0.5352985638699924	0.4823885109599395	0.5115646258503401	0.526228269085412	0.528344671201814	0.4810279667422524	0.4846560846560847	0.5389266817838247	0.5407407407407407	0.31247165532879817	0.3396825396825397
0.42282690854119426	0.4155706727135298	0.4110355253212396	0.544520030234316	0.5499622071050643	0.582615268329554	0.5761148904006047	0.6435374149659865	0.6485260770975056	0.48359788359788364	0.48480725623582754	0.5529856386999243	0.5457294028722599
0.525321239606954	0.5165532879818595	0.49266817838246413	0.48042328042328036	0.4695389266817839	0.5232048374905519	0.5049130763416477	0.544066515495087	0.5284958427815571	0.4870748299319727	0.48042328042328036	0.4465608465608466	0.43839758125472406
0.5218442932728647	0.4435374149659864	0.43733938019652313	0.54572940287226	0.5597883597883598	0.4666666666666666	0.4950869236583523	0.48405139833711264	0.49433106575963726	0.4058956916099774	0.4506424792139077	0.42237339380196526	0.4326530612244898
0.636885865457294	0.4374905517762661	0.4672713529856386	0.4864701436130008	0.4870748299319728	0.5534391534391534	0.5484504913076342	0.582312925170068	0.5762660619803477	0.4222222222222222	0.4305366591080877	0.5200302343159485	0.5179138321995465
0.4556311413454271	0.5292517006802722	0.5024943310657596	0.4846560846560847	0.4668178382464097	0.5433106575963718	0.5322751322751322	0.5230536659108087	0.5141345427059713	0.616780045351474	0.5977324263038548	0.45880574452003026	0.4456538170823885
0.3602418745275888	0.3945578231292517	0.4572940287226001	0.507936507936508	0.5342403628117913	0.5691609977324263	0.5724867724867725	0.5492063492063491	0.5482993197278911	0.4080120937263795	0.4473167044595616	0.5446712018140589	0.5495086923658353
0.37142857142857144	0.544822373393802	0.5207860922146635	0.6303854875283447	0.6238851095993952	0.5044595616024188	0.4855631141345427	0.5067271352985638	0.4934240362811792	0.48964474678760395	0.4931216931216931	0.508692365835223	0.5061224489795919
0.47717309145880576	0.4900982615268329	0.4967498110355253	0.7008314436885866	0.6952380952380952	0.5094482237339379	0.5088435374149659	0.45668934240362813	0.4582010582010582	0.5422524565381709	0.5487528344671202	0.5853363567649281	0.5780801209372639
0.5075585789871504	0.5102040816326531	0.47921390778533635	0.562962962962963	0.5324263038548753	0.5017384731670446	0.48783068783068784	0.5194255479969767	0.5030990173847317	0.5842781557067271	0.5576719576719577	0.4713529856386999	0.4521541950113379
0.3311413454270597	0.6133030990173848	0.6399092970521542	0.5984882842025698	0.6157218442932729	0.5912320483749055	0.5933484504913077	0.5345427059712774	0.5436130007558578	0.656084656084656	0.6678760393046106	0.45895691609977324	0.47906273620559325
0.5044595616024188	0.6046863189720332	0.5724867724867724	0.6461073318216176	0.6343159486016628	0.5877551020408163	0.5856386999244142	0.5590325018896449	0.5421012849584278	0.5738473167044595	0.5541950113378684	0.5469387755102041	0.5377173091458806
0.48495842781557064	0.5534391534391534	0.5448223733938019	0.4825396825396825	0.47407407407407415	0.4973544973544973	0.4965986394557823	0.5050642479213907	0.5056689342403627	0.635978835978836	0.6125472411186698	0.5011337868480725	0.4819349962207105
0.40256991685563115	0.6959939531368102	0.7160997732426304	0.6609221466364323	0.6532123960695388	0.5236583522297809	0.5306122448979591	0.5318216175359032	0.5490551776266062	0.5593348450491308	0.5591836734693877	0.5183673469387754	0.527286470143613
0.5956916099773242	0.38458049886621315	0.36568405139833715	0.37883597883597886	0.3602418745275888	0.4107331821617536	0.3942554799697657	0.41300075585789875	0.39213907785336355	0.3857898715041572	0.3688586545729403	0.33061224489795915	0.3239606953892668
0.2664399092970522	0.40241874527588817	0.3936507936507937	0.41723356009070295	0.4231292517006803	0.545427059712774	0.5372637944066515	0.45351473922902485	0.437037037037037	0.5603930461073319	0.5499622071050643	0.4769463340891912	0.4637944066515495
0.5054421768707483	0.3176114890400604	0.3546485260770975	0.2820861678004535	0.3037037037037037	0.24006046863189717	0.2554799697656841	0.32320483749055173	0.32622826908541197	0.34225245653817077	0.3593348450491307	0.31927437641723355	0.3389266817838247
0.6293272864701436	0.5021919879062736	0.48964474678760395	0.5224489795918366	0.5002267573696144	0.39183673469387753	0.3892668178382464	0.47452758881330315	0.4769463340891912	0.48012093726379446	0.4677248677248678	0.4813303099017384	0.4634920634920635
0.5672713529856388	0.5170068027210885	0.4946334089191232	0.48510959939531373	0.4557823129251701	0.3715797430083144	0.3487528344671202	0.42857142857142855	0.40816326530612246	0.4108843537414966	0.38125472411186695	0.3540438397581255	0.34028722600151173
0.437037037037037	0.39395313681027966	0.36568405139833715	0.47619047619047616	0.4509448223733938	0.3900226757369615	0.3727891156462585	0.4191987906273621	0.41390778533635675	0.4447467876039305	0.4287226001511716	0.4609221466364323	0.4309901738473167
0.4059712773998488	0.4051398337112623	0.38760393046107333	0.4084656084656085	0.39879062736205595	0.5383219954648525	0.5291005291005291	0.5156462585034014	0.5017384731670446	0.5241118669690098	0.508843537414966	0.4495842781557068	0.45245653817082393
0.3959939531368103	0.4397581254724113	0.4500377928949358	0.3774754346182918	0.38533635676492817	0.39894179894179893	0.4095238095238095	0.46061980347694637	0.4746787603930461	0.5065759637188209	0.5141345427059714	0.4911564625850341	0.48012093726379435
0.4637944066515495	0.3718820861678005	0.35631141345427053	0.47800453514739233	0.45941043083900224	0.5056689342403629	0.4937263794406652	0.5059712773998488	0.49629629629629635	0.31957671957671957	0.31821617535903246	0.43552532123960697	0.4161753590325018
0.5159486016628875	0.5030990173847317	0.4832955404383976	0.3546485260770975	0.3416477702191988	0.40423280423280417	0.400907029478458	0.5541950113378685	0.5439153439153439	0.6072562358276644	0.600151171579743	0.5130763416477702	0.4955404383975813
0.4854119425547997	0.5086923658352229	0.49070294784580504	0.435978835978836	0.41269841269841273	0.42237339380196526	0.400453514739229	0.4464096749811035	0.43280423280423286	0.5061224489795917	0.4920634920634921	0.41118669690098264	0.40302343159486015
0.5581254724111867	0.5910808767951625	0.6077097505668935	0.4704459561602419	0.4866213151927437	0.491156462585034	0.5073318216175359	0.544368858654573	0.5764172335600908	0.4400604686318972	0.46969009826152686	0.40725623582766446	0.4198034769463341
0.7198790627362055	0.42690854119425553	0.4196523053665911	0.4140589569160998	0.4066515495086924	0.4702947845804989	0.46545729402872266	0.44988662131519275	0.44852607709750564	0.3930461073318216	0.37656840513983375	0.5115646258503401	0.508692365835223
0.6284958427815571	0.4461073318216175	0.45956160241874533	0.41209372637944075	0.42343159486016624	0.47634164777021926	0.4760393046107332	0.43295540438397584	0.4317460317460317	0.5003779289493575	0.4875283446712018	0.4318972033257748	0.44943310657596375
0.5127739984882842	0.544368858654573	0.5378684807256235	0.5165532879818594	0.5071806500377929	0.46228269085411944	0.46575963718820856	0.5037037037037037	0.5109599395313682	0.42418745275888137	0.4235827664399093	0.4459561602418745	0.43869992441421013
0.5056689342403627	0.6810279667422525	0.6625850340136055	0.5086923658352229	0.5154950869236583	0.5765684051398338	0.5735449735449736	0.5405895691609978	0.5303099017384731	0.5046107331821619	0.5200302343159486	0.4689342403628117	0.4746787603930461
0.34520030234315946	0.3925925925925926	0.5040060468631897	0.3971277399848828	0.4984126984126984	0.3782312925170068	0.48994708994708985	0.5061224489795919	0.5900226757369614	0.3148904006046863	0.4464096749811036	0.3507180650037793	0.4603174603174603
0.4148148148148148	0.45956160241874533	0.42690854119425553	0.4455026455026455	0.4309901738473167	0.44988662131519275	0.4379440665154951	0.4805744520030234	0.473015873015873	0.41345427059712775	0.400907029478458	0.5088435374149659	0.48994708994708996
0.42048374905517755	0.4615268329554044	0.44368858654572946	0.4665154950869236	0.4565381708238851	0.545275888133031	0.5384731670445956	0.510506424792139	0.5035525321239607	0.48042328042328036	0.4662131519274377	0.5227513227513227	0.5201814058956916
0.5512471655328798	0.49463340891912316	0.5238095238095238	0.5363567649281935	0.5278911564625851	0.5360544217687074	0.5437641723356009	0.5375661375661376	0.5383219954648527	0.5776266061980347	0.6140589569160998	0.5365079365079366	0.5352985638699924
0.5977324263038549	0.37656840513983375	0.364928193499622	0.43658352229780795	0.4252456538170824	0.37732426303854877	0.37777777777777777	0.3714285714285714	0.3646258503401361	0.4058956916099773	0.4151171579743008	0.4621315192743765	0.4456538170823885
0.47157974300831446	0.4530612244897959	0.5037037037037038	0.4205593348450491	0.45351473922902497	0.4202569916855631	0.4681783824640968	0.46409674981103544	0.5176114890400605	0.5017384731670446	0.5405895691609978	0.5475434618291761	0.5724867724867725
0.5333333333333333	0.3785336356764928	0.39879062736205595	0.3842781557067272	0.39954648526077097	0.42252456538170824	0.4238851095993953	0.49523809523809514	0.4975056689342403	0.4595616024187453	0.4482237339380196	0.40831443688586544	0.40302343159486015
0.42063492063492064	0.6308390022675738	0.6427815570672714	0.4515495086923659	0.4976568405139834	0.41753590325018897	0.46923658352229786	0.4565381708238851	0.5114134542705971	0.4517006802721088	0.4817838246409675	0.471957671957672	0.5058201058201057
0.5584278155706728	0.5186696900982615	0.5186696900982615	0.4967498110355253	0.4917611489040061	0.5761148904006047	0.5691609977324263	0.5736961451247165	0.5590325018896447	0.5235071806500378	0.5229024943310658	0.5009826152683295	0.4929705215419501
0.44179894179894175	0.45018896447467877	0.48450491307634164	0.47014361300075597	0.5160997732426303	0.43718820861678004	0.46878306878306875	0.47286470143613	0.49055177626606195	0.47331821617535896	0.5180650037792895	0.49826152683295544	0.5206349206349206
0.45222978080120935	0.4666666666666666	0.4409674981103553	0.4798185941043084	0.4616780045351474	0.45880574452003026	0.4482237339380196	0.4760393046107332	0.4677248677248677	0.4606198034769463	0.4294784580498866	0.381708238851096	0.35933484504913077
0.2260015117157974	0.3357520786092215	0.3044595616024187	0.31987906273620564	0.3044595616024187	0.39743008314436884	0.382010582010582	0.4154195011337869	0.4155706727135298	0.45714285714285713	0.44701436130007555	0.4418745275888133	0.4214663643235072
0.6030234315948602	0.6101284958427817	0.6099773242630385	0.6380952380952382	0.6326530612244898	0.5263794406651549	0.5298563869992442	0.5780801209372638	0.5804988662131519	0.6613756613756614	0.6495842781557066	0.6258503401360545	0.6267573696145126
0.5035525321239607	0.5153439153439153	0.5142857142857142	0.545880574452003	0.5558578987150417	0.582010582010582	0.5729402872260014	0.5337868480725623	0.52713529856387	0.5413454270597129	0.5174603174603176	0.4672713529856387	0.47014361300075586
0.6970521541950114	0.4136054421768708	0.38276643990929704	0.4149659863945578	0.38835978835978835	0.38170823885109606	0.36900982615268335	0.3430083144368859	0.3343915343915344	0.37898715041572184	0.3570672713529856	0.46787603930461075	0.44353741496598637
0.37467876039304615	0.4837490551776266	0.4888888888888888	0.5531368102796674	0.5531368102796674	0.5844293272864701	0.5715797430083145	0.5711262282690853	0.5603930461073319	0.47800453514739233	0.4569916855631142	0.6455026455026455	0.6371882086167802
0.5062736205593349	0.5203325774754346	0.5324263038548753	0.5721844293272864	0.5783824640967498	0.39062736205593346	0.4403628117913832	0.3956160241874528	0.4273620559334844	0.33635676492819355	0.39969765684051406	0.46802721088435373	0.47180650037792893
0.33869992441421015	0.4308390022675737	0.42509448223733937	0.52562358276644	0.5244142101284958	0.4659108087679516	0.45245653817082393	0.508390022675737	0.49992441421012845	0.5046107331821618	0.5003779289493575	0.4707482993197279	0.4674225245653817
0.3738473167044596	0.4855631141345427	0.49826152683295544	0.526228269085412	0.5354497354497354	0.5611489040060469	0.5646258503401361	0.5177626606198035	0.5230536659108087	0.48359788359788364	0.491609977324263	0.49266817838246413	0.4940287226001511
0.3444444444444444	0.6247921390778535	0.6225245653817082	0.5248677248677248	0.5351473922902494	0.7058201058201059	0.7020408163265307	0.7003779289493575	0.6940287226001512	0.598185941043084	0.599697656840514	0.563265306122449	0.5883597883597884
0.37860922146636433	0.4491307634164777	0.45668934240362813	0.46832955404383975	0.4616780045351474	0.4669690098261527	0.4764928193499622	0.48102796674225246	0.4769463340891913	0.4513983371126228	0.4606198034769463	0.5365079365079365	0.5343915343915343
0.46439909297052157	0.36613756613756615	0.3936507936507937	0.4149659863945578	0.43250188964474673	0.4659108087679516	0.48828420256991684	0.5287981859410431	0.5573696145124716	0.34331065759637186	0.3715797430083144	0.4238851095993953	0.44036281179138326
0.6228269085411942	0.34875283446712013	0.3170068027210884	0.399697656840514	0.37974300831443686	0.4773998488284203	0.46016628873771726	0.43416477702191986	0.4139077853363567	0.5489040060468632	0.527588813303099	0.48526077097505665	0.4618291761148904
0.4287226001511716	0.49614512471655325	0.472562358276644	0.48919123204837484	0.472562358276644	0.47573696145124716	0.4672713529856386	0.40302343159486015	0.401814058956916	0.4955404383975813	0.4808767951625095	0.47966742252456546	0.4678760393046108
0.38193499622071053	0.6173847316704459	0.6024187452758882	0.5102040816326531	0.5138321995464853	0.5233560090702948	0.509599395313681	0.5148904006046864	0.5003779289493575	0.6253968253968254	0.6065003779289494	0.4662131519274377	0.48662131519274376
0.26832955404383974	0.56432350718065	0.5200302343159487	0.46424792139077853	0.4306878306878307	0.41436130007558586	0.382010582010582	0.45321239606953895	0.4170823885109599	0.4252456538170824	0.39198790627362057	0.4669690098261527	0.42842025699168557
0.41519274376417237	0.4382464096749811	0.4370370370370371	0.4609221466364323	0.45835222978080126	0.46303854875283446	0.4793650793650793	0.4600151171579743	0.4763416477702192	0.3690098261526833	0.36507936507936506	0.4447467876039305	0.4477702191987906
0.5015873015873016	0.44716553287981853	0.4517006802721088	0.4702947845804989	0.46107331821617537	0.5014361300075586	0.4981103552532124	0.5200302343159485	0.5204837490551777	0.5380196523053666	0.5321239606953894	0.5537414965986394	0.5386243386243386
0.6333333333333334	0.45351473922902497	0.473015873015873	0.49508692365835216	0.5008314436885865	0.4749811035525321	0.48435374149659866	0.48571428571428577	0.4958427815570672	0.5690098261526834	0.5744520030234317	0.42857142857142855	0.43809523809523815
0.3121693121693122	0.41587301587301584	0.44308390022675737	0.4294784580498866	0.44429327286470144	0.4674225245653817	0.49916855631141344	0.47286470143613	0.5006802721088435	0.4491307634164777	0.4767951625094482	0.5026455026455027	0.5170068027210885
0.500907029478458	0.4618291761148904	0.4311413454270598	0.5043083900226757	0.4770975056689342	0.4713529856386999	0.4559334845049131	0.5430083144368859	0.5274376417233559	0.33529856386999246	0.30854119425548	0.5309145880574453	0.5100529100529101
0.45147392290249433	0.5628117913832199	0.5168556311413455	0.5179138321995465	0.5017384731670446	0.48435374149659866	0.45487528344671196	0.42721088435374155	0.4039304610733182	0.49947089947089945	0.48102796674225246	0.49417989417989416	0.472411186696901
0.4417233560090703	0.3912320483749055	0.42872260015117164	0.5489040060468632	0.5732426303854876	0.4057445200302343	0.43749055177626606	0.43325774754346186	0.4577475434618291	0.4260015117157975	0.4408163265306122	0.5139833711262283	0.5322751322751322
0.5526832955404384	0.490702947845805	0.525472411186697	0.31322751322751324	0.35056689342403624	0.3018896447467876	0.33227513227513233	0.32637944066515495	0.37037037037037035	0.3975812547241119	0.45895691609977324	0.3532879818594104	0.400302343159486
0.4512471655328798	0.435827664399093	0.42282690854119426	0.5368102796674226	0.5369614512471654	0.4247921390778534	0.43159486016628873	0.436583522297808	0.4513983371126228	0.47573696145124716	0.47180650037792893	0.41859410430838995	0.4117913832199546
0.6129251700680272	0.5222978080120938	0.5404383975812548	0.5564625850340137	0.5546485260770975	0.507482993197279	0.492214663643235	0.545578231292517	0.5339380196523054	0.5380196523053666	0.5434618291761149	0.6025699168556311	0.5883597883597884
0.46923658352229786	0.3652305366591081	0.34240362811791386	0.35752078609221466	0.3396825396825397	0.3962207105064248	0.38004535147392293	0.543613000755858	0.5189720332577474	0.5109599395313681	0.49538926681783824	0.43945578231292515	0.41874527588813304
0.5252456538170824	0.42736205593348453	0.4191987906273621	0.4563869992441421	0.4509448223733938	0.47407407407407404	0.4710506424792139	0.34058956916099775	0.3396825396825397	0.5673469387755101	0.5594860166288738	0.5123204837490551	0.4955404383975813
0.5450491307634164	0.3900226757369615	0.41345427059712775	0.42237339380196526	0.43900226757369615	0.4624338624338624	0.48541194255479975	0.4955404383975813	0.509750566893424	0.46273620559334844	0.48662131519274376	0.47452758881330304	0.471806500377929
0.462358276643991	0.43235071806500375	0.4610733182161753	0.5274376417233559	0.5309145880574452	0.46061980347694637	0.4606198034769463	0.45396825396825397	0.44338624338624344	0.48919123204837495	0.47573696145124716	0.4932728647014361	0.5168556311413454
0.6138321995464853	0.399395313681028	0.4166288737717309	0.3730914588057445	0.3726379440665155	0.5047619047619047	0.4955404383975813	0.5157974300831444	0.5034013605442177	0.4708994708994709	0.4672713529856388	0.5053665910808768	0.5188208616780046
0.4519274376417234	0.47014361300075586	0.508238851095994	0.35389266817838244	0.3803476946334089	0.3811035525321239	0.39773242630385486	0.35752078609221466	0.3774754346182918	0.3880574452003024	0.435374149659864	0.4470143613000756	0.4681783824640968
0.300453514739229	0.5549508692365835	0.5334845049130763	0.43340891912320484	0.42736205593348453	0.40861678004535146	0.41300075585789875	0.3795918367346939	0.37566137566137564	0.3368102796674225	0.3649281934996221	0.47452758881330315	0.4618291761148904
0.5498110355253212	0.47739984882842024	0.4781557067271353	0.43325774754346186	0.4344671201814059	0.49916855631141344	0.48616780045351476	0.5791383219954648	0.5602418745275888	0.4881330309901738	0.4911564625850341	0.41678004535147395	0.4095238095238095
0.5311413454270597	0.5755102040816327	0.5863945578231292	0.6279667422524564	0.6211640211640213	0.47573696145124716	0.46228269085411944	0.4976568405139834	0.4837490551776266	0.580650037792895	0.5877551020408164	0.4967498110355254	0.5201814058956915
0.5211640211640212	0.5617535903250188	0.6027210884353742	0.47407407407407404	0.5147392290249433	0.5665910808767951	0.5888133030990174	0.6207105064247921	0.6299319727891157	0.41375661375661377	0.46228269085411944	0.4264550264550264	0.45230536659108084
0.48155706727135306	0.3746031746031746	0.35177626606198037	0.37838246409674986	0.37596371882086166	0.5348450491307635	0.5378684807256235	0.5886621315192743	0.5880574452003025	0.40725623582766446	0.4119425547996977	0.48027210884353744	0.48571428571428565
0.5468631897203325	0.5676492819349962	0.5440665154950869	0.4244897959183674	0.4347694633408919	0.5297052154195011	0.5164021164021164	0.5694633408919124	0.5575207860922147	0.41466364323507177	0.40770975056689346	0.5496598639455783	0.5570672713529856
0.4161753590325019	0.5584278155706728	0.562055933484505	0.5416477702191987	0.5319727891156463	0.526681783824641	0.5377173091458807	0.5502645502645502	0.5496598639455783	0.473015873015873	0.4829931972789116	0.5292517006802722	0.526832955404384
0.5321995464852607	0.4255479969765685	0.4217687074829932	0.44202569916855633	0.46455026455026455	0.4603174603174603	0.473771730914588	0.4949357520786092	0.5024943310657596	0.44852607709750564	0.44882842025699166	0.455933484504913	0.4408163265306123
0.4940287226001511	0.508843537414966	0.47876039304610735	0.6441421012849584	0.6305366591080876	0.4565381708238851	0.44867724867724873	0.5179138321995465	0.5049130763416478	0.5027966742252457	0.46984126984126984	0.4252456538170824	0.42237339380196526
0.566137566137566	0.5233560090702948	0.5123204837490551	0.544368858654573	0.5318216175359034	0.4754346182917611	0.49523809523809526	0.46455026455026455	0.4832955404383976	0.5133786848072562	0.5182161753590325	0.48435374149659866	0.48843537414965993
0.5490551776266062	0.49538926681783824	0.4941798941798942	0.4615268329554044	0.46016628873771737	0.5546485260770975	0.5461829176114891	0.5123204837490551	0.5037037037037038	0.49448223733938024	0.492819349962207	0.4647014361300075	0.4577475434618292
0.46485260770975056	0.5608465608465609	0.5469387755102041	0.4851095993953137	0.47180650037792893	0.40861678004535146	0.3984882842025699	0.47392290249433106	0.4666666666666667	0.5176114890400605	0.5035525321239607	0.36704459561602415	0.3606953892668178
0.48390022675736954	0.6069538926681783	0.5913832199546485	0.6386999244142102	0.6383975812547241	0.39123204837490555	0.39591836734693875	0.37611489040060475	0.38352229780801206	0.5235071806500378	0.5242630385487528	0.5569160997732426	0.5554043839758125
0.31662887377173093	0.4191987906273621	0.40650037792894933	0.40377928949357517	0.39939531368102793	0.4161753590325018	0.39773242630385486	0.4252456538170823	0.4051398337112623	0.3671957671957672	0.3581254724111867	0.40151171579743006	0.3980347694633409
0.5111111111111111	0.31095993953136813	0.3018896447467876	0.3209372637944067	0.3141345427059713	0.4671201814058956	0.4654572940287226	0.4990173847316705	0.5027966742252457	0.40816326530612246	0.3918367346938776	0.5188208616780046	0.5002267573696145
0.48594104308390024	0.6338624338624339	0.6019652305366592	0.5647770219198791	0.5414965986394558	0.45532879818594096	0.4465608465608465	0.5495086923658353	0.5346938775510204	0.4817838246409675	0.46832955404383975	0.4152683295540439	0.39123204837490555
0.34111866969009824	0.5984882842025699	0.5767195767195767	0.564777021919879	0.5603930461073319	0.5309145880574452	0.5071806500377929	0.5930461073318216	0.583219954648526	0.5278911564625849	0.5038548752834467	0.5401360544217687	0.5342403628117913
0.5123204837490553	0.5425547996976567	0.5244142101284959	0.5046107331821618	0.48798185941043093	0.584126984126984	0.5777777777777778	0.6151171579743008	0.6045351473922903	0.5359032501889646	0.5248677248677248	0.5879062736205594	0.5758125472411185
0.5489040060468632	0.49614512471655325	0.49886621315192753	0.4828420256991686	0.5030990173847317	0.4609221466364323	0.48994708994708996	0.3986394557823129	0.4414210128495843	0.4624338624338624	0.4799697656840515	0.6870748299319729	0.6967498110355252
0.2942554799697657	0.544671201814059	0.5303099017384733	0.4879818594104308	0.491609977324263	0.37037037037037035	0.38473167044595613	0.47739984882842024	0.4828420256991685	0.4577475434618291	0.4662131519274376	0.33665910808767957	0.3363567649281935
0.46439909297052157	0.43854875283446704	0.4243386243386243	0.3901738473167044	0.38790627362055935	0.43567649281935	0.41738473167044593	0.4826908541194255	0.4724111866969009	0.40559334845049133	0.39743008314436884	0.4509448223733938	0.44308390022675737
0.5028722600151172	0.4816326530612244	0.5073318216175359	0.5124716553287982	0.5219954648526077	0.46228269085411944	0.4708994708994709	0.455177626606198	0.4758881330309902	0.4448979591836735	0.4477702191987906	0.4453514739229025	0.4473167044595616
0.5264550264550264	0.5315192743764172	0.5129251700680272	0.5974300831443689	0.5895691609977324	0.5478458049886621	0.5339380196523054	0.5121693121693122	0.510657596371882	0.5401360544217687	0.5292517006802722	0.5814058956916102	0.564928193499622
0.49478458049886626	0.41300075585789875	0.40695389266817844	0.5127739984882842	0.52562358276644	0.5219954648526077	0.51005291005291	0.4560846560846561	0.4397581254724113	0.3723356009070295	0.363416477702192	0.4615268329554043	0.4391534391534392
0.5295540438397582	0.40907029478458046	0.38382464096749813	0.3417989417989418	0.31564625850340133	0.3112622826908541	0.2925170068027211	0.30279667422524564	0.28586545729402874	0.38427815570672713	0.3557067271352986	0.46485260770975056	0.42842025699168557
0.43749055177626606	0.4264550264550264	0.4093726379440665	0.45941043083900224	0.4444444444444445	0.5714285714285714	0.5597883597883598	0.5354497354497354	0.5232048374905519	0.5207860922146635	0.509448223733938	0.4613756613756614	0.44792139077853366
0.5122448979591837	0.39032501889644744	0.40695389266817833	0.40075585789871504	0.41798941798941797	0.4674225245653817	0.47286470143613	0.5126228269085412	0.5021919879062736	0.4562358276643991	0.4621315192743765	0.39591836734693875	0.40256991685563115
0.4713529856387	0.4882842025699169	0.4628873771730914	0.4876795162509448	0.4767951625094482	0.5295540438397582	0.5265306122448979	0.5198790627362057	0.529251700680272	0.5056689342403629	0.5015873015873016	0.46984126984126984	0.46696900982615264
0.35767195767195764	0.2920634920634921	0.2857142857142857	0.2767951625094482	0.28994708994708995	0.4760393046107332	0.4603174603174603	0.4087679516250945	0.39486016628873766	0.45820105820105816	0.45321239606953884	0.3791383219954649	0.37097505668934233
0.5121693121693122	0.4396069538926682	0.4965986394557823	0.4405139833711263	0.4625850340136054	0.47346938775510206	0.5047619047619049	0.5541950113378685	0.5759637188208616	0.526832955404384	0.5410430839002268	0.4805744520030234	0.4981103552532124
0.38639455782312926	0.6321995464852608	0.5939531368102797	0.5789871504157218	0.5410430839002267	0.4630385487528345	0.4435374149659864	0.4929705215419501	0.46832955404383975	0.4421768707482993	0.41753590325018897	0.5434618291761149	0.5414965986394558
0.4087679516250945	0.5062736205593349	0.52713529856387	0.47966742252456546	0.49569160997732425	0.4651549508692366	0.4749811035525321	0.5154950869236583	0.5197278911564626	0.509599395313681	0.5297052154195011	0.4269085411942554	0.43809523809523815
0.531065759637188	0.4105820105820106	0.37369614512471655	0.4520030234315948	0.44383975812547244	0.548148148148148	0.5381708238851096	0.5256235827664398	0.5153439153439153	0.3706727135298564	0.37037037037037035	0.5064247921390779	0.49433106575963726
0.3622071050642479	0.47498110355253215	0.43945578231292515	0.4464096749811036	0.4231292517006803	0.49024943310657604	0.46893424036281184	0.3868480725623583	0.3567649281934996	0.4578987150415722	0.42252456538170824	0.4925170068027211	0.46984126984126984
0.49417989417989416	0.5832199546485262	0.544368858654573	0.5617535903250189	0.5526832955404384	0.47573696145124716	0.46485260770975056	0.6027210884353741	0.5868480725623583	0.511262282690854	0.4935752078609221	0.7144368858654573	0.6985638699924415
0.5130007558578986	0.417989417989418	0.4066515495086923	0.3177626606198034	0.30914588057445197	0.3021919879062736	0.3008314436885865	0.30340136054421774	0.30264550264550266	0.45835222978080126	0.4412698412698413	0.2855631141345427	0.2849584278155707
0.4096749811035525	0.47906273620559336	0.5446712018140589	0.4408163265306122	0.4920634920634921	0.419652305366591	0.4798185941043084	0.38125472411186695	0.437792894935752	0.3803476946334089	0.4300831443688587	0.45411942554799695	0.4908541194255481
0.4400604686318972	0.4876795162509449	0.52713529856387	0.5433106575963719	0.5794406651549509	0.399697656840514	0.4619803476946334	0.435827664399093	0.4656084656084656	0.5102040816326531	0.563567649281935	0.5446712018140589	0.5866969009826153
0.38972033257747546	0.39788359788359795	0.3835222978080121	0.5410430839002267	0.5206349206349207	0.3109599395313681	0.31851851851851853	0.327286470143613	0.33726379440665155	0.3842781557067271	0.3794406651549509	0.38170823885109606	0.37505668934240355
0.26364323507180654	0.5427059712773998	0.5368102796674225	0.544822373393802	0.54724111866969	0.545578231292517	0.5461829176114891	0.5229024943310657	0.5232048374905518	0.5788359788359789	0.5765684051398338	0.5413454270597129	0.5298563869992441
0.5771730914588058	0.4955404383975813	0.491005291005291	0.3626606198034769	0.36477702191987904	0.44308390022675737	0.437037037037037	0.45260770975056686	0.43885109599395317	0.3743008314436886	0.3886621315192744	0.472562358276644	0.4563869992441421
0.6309145880574452	0.37611489040060475	0.35721844293272864	0.35993953136810275	0.36281179138321995	0.45744520030234315	0.4470143613000756	0.4426303854875284	0.4321995464852607	0.34285714285714286	0.33106575963718826	0.5164021164021164	0.48888888888888893
0.46553287981859404	0.3613000755857899	0.4193499622071051	0.30808767951625093	0.3422524565381708	0.31065759637188206	0.34845049130763417	0.3348450491307634	0.3744520030234315	0.38306878306878306	0.4075585789871504	0.31398337112622826	0.3404383975812547
0.5328798185941044	0.49901738473167045	0.47362055933484515	0.5499622071050643	0.5469387755102041	0.4213151927437641	0.4089191232048375	0.3681027966742253	0.35948601662887375	0.3040060468631897	0.28888888888888886	0.4568405139833711	0.44142101284958424
0.5430083144368858	0.4406651549508692	0.4244897959183673	0.5622071050642481	0.545880574452003	0.42993197278911566	0.4355253212396069	0.4786092214663643	0.48012093726379446	0.4897959183673469	0.48919123204837495	0.3792894935752079	0.38563869992441424
0.44225245653817086	0.5419501133786848	0.5452758881330311	0.5705215419501134	0.5776266061980347	0.6362811791383219	0.636734693877551	0.582615268329554	0.5789871504157219	0.5294028722600151	0.5232048374905517	0.6826908541194255	0.6695389266817839
0.3262282690854119	0.6167800453514738	0.5945578231292517	0.4922146636432352	0.4863189720332578	0.5189720332577477	0.4978080120937264	0.49992441421012856	0.47800453514739233	0.5714285714285714	0.5472411186696902	0.48828420256991684	0.473771730914588
0.44693877551020417	0.508390022675737	0.5144368858654573	0.47573696145124716	0.49554043839758116	0.4659108087679516	0.4616780045351474	0.4621315192743764	0.46500377928949355	0.4149659863945578	0.4170823885109599	0.5715797430083144	0.5674981103552532
0.29100529100529104	0.4447467876039305	0.46228269085411944	0.34164777021919884	0.363718820861678	0.40302343159486015	0.40861678004535146	0.327437641723356	0.3561602418745276	0.34754346182917617	0.38231292517006804	0.5059712773998488	0.508390022675737
0.47248677248677245	0.37173091458805746	0.34663643235071806	0.4305366591080876	0.4104308390022676	0.4825396825396826	0.45381708238851093	0.40166288737717315	0.3776266061980348	0.30899470899470904	0.2754346182917612	0.45941043083900224	0.43280423280423275
0.3482993197278912	0.5026455026455027	0.5092970521541951	0.4569916855631141	0.4677248677248677	0.45472411186696904	0.4837490551776266	0.5173091458805745	0.5330309901738473	0.4019652305366591	0.4040816326530613	0.5029478458049886	0.49916855631141344
0.4694633408919124	0.6181405895691608	0.6247921390778534	0.5965230536659109	0.6219198790627362	0.5735449735449736	0.6089191232048374	0.6225245653817082	0.6320483749055177	0.5287981859410431	0.5602418745275888	0.48994708994708996	0.5020408163265306
0.40672713529856386	0.4426303854875283	0.45411942554799695	0.44807256235827664	0.46364323507180655	0.49916855631141355	0.49130763416477696	0.4390022675736961	0.4308390022675737	0.48480725623582765	0.46969009826152686	0.4727135298563869	0.47482993197278917
0.40559334845049133	0.5708238851095994	0.5404383975812547	0.46712018140589573	0.4633408919123204	0.4155706727135299	0.4211640211640212	0.4447467876039305	0.436130007558579	0.4772486772486772	0.4798185941043084	0.3977324263038549	0.3888133030990174
0.3369614512471656	0.416628873771731	0.4828420256991686	0.4569916855631142	0.4777021919879063	0.5558578987150415	0.5504157218442932	0.5493575207860922	0.546787603930461	0.49024943310657587	0.49629629629629635	0.4864701436130008	0.5160997732426303
0.37876039304610737	0.3557067271352986	0.3430083144368859	0.3897203325774755	0.3794406651549509	0.4305366591080877	0.42116402116402113	0.44837490551776266	0.43371126228269086	0.5386243386243386	0.5192743764172335	0.42630385487528344	0.42705971277399846
0.6156462585034014	0.326530612244898	0.30385487528344673	0.3189720332577476	0.3027966742252457	0.3803476946334089	0.3603930461073318	0.3162509448223734	0.29554043839758126	0.436130007558579	0.4300831443688587	0.40997732426303857	0.38896447467876044
0.400453514739229	0.6760393046107331	0.6273620559334846	0.5419501133786848	0.5052154195011338	0.5144368858654573	0.48662131519274376	0.5050642479213907	0.47906273620559336	0.4976568405139834	0.47785336356764924	0.5424036281179138	0.5077853363567649
0.34814814814814815	0.6126984126984127	0.5910808767951625	0.4273620559334844	0.41375661375661377	0.4102796674225246	0.400453514739229	0.4831443688586545	0.46757369614512473	0.4869236583522298	0.4707482993197279	0.3927437641723356	0.38835978835978835
0.5312169312169313	0.48526077097505665	0.4523053665910809	0.4260015117157974	0.4039304610733182	0.5274376417233559	0.5043083900226757	0.5625094482237339	0.5348450491307635	0.5330309901738474	0.4928193499622071	0.5613000755857899	0.5333333333333333
0.47762660619803476	0.4308390022675737	0.4784580498866212	0.49342403628117915	0.5043083900226757	0.41103552532123955	0.4344671201814059	0.36432350718065	0.3971277399848828	0.3606953892668178	0.3978835978835979	0.34300831443688584	0.3743008314436886
0.36107331821617533	0.5540438397581254	0.5281934996220711	0.4455026455026455	0.437037037037037	0.4663643235071807	0.455177626606198	0.41768707482993195	0.41284958427815566	0.5616024187452758	0.5526832955404384	0.509448223733938	0.507634164777022
0.5495086923658352	0.526984126984127	0.528344671201814	0.45593348450491317	0.4778533635676493	0.4247921390778534	0.4464096749811036	0.38276643990929704	0.40362811791383224	0.3804988662131519	0.399395313681028	0.43189720332577475	0.437792894935752
0.3567649281934996	0.6051398337112623	0.5746031746031746	0.6046863189720333	0.5869992441421014	0.637339380196523	0.616326530612245	0.5721844293272864	0.5461829176114891	0.582010582010582	0.5609977324263038	0.6117913832199546	0.5857898715041572
0.35600907029478457	0.3346938775510204	0.34618291761148906	0.3472411186696901	0.3596371882086168	0.37233560090702944	0.3789871504157219	0.40604686318972033	0.40816326530612246	0.41602418745275893	0.42721088435374144	0.4421768707482993	0.44323507180650035
0.5463340891912322	0.4825396825396826	0.45291005291005293	0.3690098261526833	0.3437641723356009	0.3396825396825397	0.3216931216931217	0.32985638699924413	0.31685563114134546	0.4435374149659864	0.41768707482993206	0.37324263038548755	0.3602418745275888
0.25018896447467875	0.4613756613756614	0.4834467120181406	0.4875283446712018	0.49448223733938024	0.47528344671201816	0.49992441421012845	0.5024943310657596	0.52562358276644	0.45925925925925926	0.4763416477702191	0.38488284202569917	0.39531368102796677
0.26870748299319724	0.5850340136054422	0.5774754346182916	0.5948601662887377	0.6120937263794406	0.5315192743764172	0.5306122448979592	0.42796674225245657	0.42373393801965237	0.45714285714285713	0.45502645502645506	0.4854119425547997	0.4786092214663643
0.5331065759637188	0.3791383219954648	0.3631141345427059	0.6229780801209372	0.6196523053665912	0.618442932728647	0.5897203325774754	0.545880574452003	0.5164021164021164	0.54421768707483	0.5395313681027967	0.5068783068783069	0.4979591836734693
0.31398337112622826	0.4409674981103553	0.4426303854875283	0.3933484504913077	0.382615268329554	0.3591836734693878	0.37687074829931977	0.4453514739229025	0.45381708238851093	0.4893424036281179	0.5136810279667422	0.38851095993953133	0.3791383219954649
0.5002267573696145	0.4618291761148904	0.508692365835223	0.362509448223734	0.4019652305366591	0.3723356009070295	0.40846560846560853	0.4046863189720333	0.44293272864701433	0.48919123204837495	0.5226001511715799	0.3966742252456538	0.42237339380196526
0.3442176870748299	0.4406651549508692	0.4386999244142101	0.4634920634920635	0.45275888133030995	0.5068783068783068	0.49811035525321234	0.44504913076341646	0.45018896447467877	0.45668934240362813	0.4595616024187453	0.5351473922902494	0.5411942554799698
0.3133786848072563	0.418291761148904	0.40710506424792137	0.33333333333333337	0.3245653817082389	0.4981103552532124	0.4854119425547996	0.49024943310657604	0.4819349962207105	0.5123204837490551	0.49055177626606195	0.5306122448979592	0.5147392290249433
0.5322751322751322	0.3756613756613757	0.40907029478458046	0.36432350718065	0.40770975056689346	0.41602418745275893	0.42902494331065755	0.39803476946334093	0.4263038548752835	0.5238095238095237	0.544822373393802	0.36492819349962213	0.38034769463340895
0.40922146636432355	0.4498866213151927	0.4819349962207105	0.35192743764172335	0.38004535147392293	0.4816326530612245	0.4770975056689343	0.42207105064247924	0.4184429327286471	0.39138321995464853	0.39123204837490555	0.28480725623582764	0.3053665910808768
0.5051398337112623	0.3070294784580499	0.3086923658352229	0.3404383975812547	0.326530612244898	0.3044595616024188	0.30642479213907786	0.37520786092214664	0.3691609977324263	0.3295540438397581	0.3235071806500378	0.3424036281179138	0.3490551776266062
0.5742252456538172	0.3507180650037792	0.32894935752078613	0.27951625094482235	0.26863189720332575	0.35177626606198037	0.3540438397581255	0.4249433106575964	0.42207105064247924	0.3851851851851852	0.36961451247165533	0.4046863189720333	0.40181405895691613
0.45427059712774	0.5776266061980347	0.5662887377173093	0.47573696145124716	0.45941043083900224	0.39470899470899473	0.3803476946334089	0.3609977324263039	0.34376417233560097	0.5368102796674225	0.5191232048374905	0.41798941798941797	0.40861678004535146
0.4572940287226001	0.4255479969765684	0.4157218442932729	0.4698412698412698	0.4580498866213151	0.6134542705971278	0.5971277399848829	0.5913832199546485	0.5913832199546485	0.6116402116402117	0.6102796674225246	0.617687074829932	0.6037792894935752
0.5379440665154951	0.5404383975812548	0.5180650037792894	0.525472411186697	0.508087679516251	0.4426303854875284	0.4235827664399093	0.4299319727891156	0.41254724111866964	0.43869992441421013	0.42071050642479213	0.4524565381708238	0.4297808012093727
0.3706727135298564	0.5839758125472411	0.5747543461829177	0.5336356764928194	0.526832955404384	0.582464096749811	0.5776266061980347	0.5055177626606199	0.5059712773998488	0.5204837490551777	0.5003779289493575	0.582615268329554	0.5741496598639456
0.3622071050642479	0.527891156462585	0.5585789871504157	0.43310657596371877	0.45018896447467877	0.4408163265306122	0.4467120181405896	0.525472411186697	0.5235071806500378	0.5229024943310657	0.5372637944066516	0.49826152683295544	0.4976568405139834
0.2692365835222978	0.3224489795918367	0.32683295540438395	0.3590325018896448	0.3691609977324264	0.33801965230536657	0.35540438397581253	0.4096749811035526	0.4253968253968254	0.5201814058956915	0.5188208616780046	0.42207105064247924	0.42690854119425553
0.30256991685563117	0.5717309145880575	0.5470899470899472	0.636583522297808	0.6158730158730158	0.5266817838246409	0.5229024943310657	0.509750566893424	0.5032501889644747	0.5058201058201058	0.508692365835223	0.5297052154195011	0.5312169312169311
0.7508692365835223	0.4350718065003779	0.46485260770975056	0.48435374149659866	0.4929705215419501	0.5942554799697657	0.6314436885865458	0.5476946334089192	0.5761148904006046	0.5164021164021163	0.5327286470143613	0.5126228269085412	0.5224489795918368
0.31179138321995464	0.49433106575963726	0.4816326530612245	0.3603930461073318	0.36130007558578986	0.5250188964474679	0.5156462585034014	0.5280423280423281	0.5188208616780046	0.490249433106576	0.4677248677248677	0.42373393801965237	0.4060468631897204
0.5186696900982615	0.4556311413454271	0.49402872260015124	0.4577475434618291	0.4777021919879063	0.4672713529856387	0.491912320483749	0.4660619803476947	0.4819349962207105	0.4102796674225246	0.4303854875283447	0.5537414965986395	0.565381708238851
0.5616780045351474	0.5408919123204837	0.5191232048374905	0.526832955404384	0.5215419501133787	0.5588813303099017	0.5608465608465609	0.6377928949357521	0.6377928949357521	0.5493575207860922	0.5463340891912322	0.5224489795918368	0.5241118669690099
0.47891156462585033	0.3975812547241119	0.4151171579743009	0.399244142101285	0.40816326530612246	0.3616024187452759	0.3866969009826153	0.3954648526077098	0.4143613000755858	0.4559334845049131	0.4662131519274377	0.4984126984126984	0.49538926681783824
0.3314436885865457	0.4668178382464097	0.507785336356765	0.45880574452003026	0.48904006046863185	0.544368858654573	0.5653817082388511	0.5254724111866969	0.5564625850340137	0.47800453514739233	0.5032501889644747	0.4959939531368103	0.5449735449735449
0.3954648526077097	0.3547996976568405	0.35238095238095235	0.4089191232048375	0.40695389266817844	0.527286470143613	0.5206349206349206	0.4462585034013606	0.4447467876039305	0.42252456538170824	0.40680272108843535	0.4710506424792139	0.4716553287981859
0.637339380196523	0.543915343915344	0.5427059712773998	0.6518518518518517	0.6536659108087679	0.6383975812547241	0.6444444444444445	0.511262282690854	0.5189720332577477	0.4817838246409675	0.4955404383975813	0.6303854875283447	0.6229780801209372
0.4962962962962963	0.34346182917611484	0.39954648526077097	0.4928193499622071	0.5148904006046864	0.5656840513983371	0.5529856386999243	0.5371126228269085	0.5259259259259259	0.6498866213151928	0.6305366591080876	0.5185185185185185	0.5371126228269086
0.4244897959183674	0.4764928193499622	0.4861678004535147	0.37687074829931977	0.37671957671957673	0.4122448979591836	0.41844293272864697	0.4061980347694633	0.40725623582766446	0.49266817838246413	0.490249433106576	0.4491307634164777	0.4447467876039305
0.5226001511715797	0.5232048374905517	0.5478458049886622	0.5656840513983371	0.5718820861678006	0.5160997732426305	0.5224489795918368	0.581859410430839	0.5892668178382463	0.5354497354497355	0.5501133786848073	0.5599395313681029	0.5597883597883598
0.5136810279667423	0.31927437641723355	0.32532123960695386	0.4468631897203325	0.4690854119425548	0.4058956916099773	0.44399092970521536	0.4773998488284203	0.49977324263038553	0.5049130763416478	0.5126228269085413	0.5547996976568406	0.5442176870748299
0.47996976568405136	0.43794406651549506	0.4464096749811035	0.4690854119425548	0.46485260770975056	0.5159486016628874	0.510506424792139	0.5882086167800453	0.5806500377928949	0.49569160997732425	0.48798185941043093	0.42418745275888126	0.4219198790627362
0.5152683295540438	0.524716553287982	0.5245653817082389	0.5044595616024188	0.4970521541950113	0.44247921390778533	0.44368858654572935	0.47891156462585033	0.47271352985638704	0.5576719576719578	0.5519274376417234	0.48647014361300067	0.4969009826152684
0.43628117913832193	0.30128495842781555	0.30476190476190473	0.5673469387755102	0.5405895691609977	0.3981859410430839	0.3894179894179894	0.4932728647014361	0.48102796674225246	0.4802721088435374	0.4742252456538171	0.4704459561602419	0.4578987150415722
0.3495842781557067	0.46273620559334844	0.44323507180650035	0.49433106575963726	0.47739984882842024	0.5392290249433107	0.5366591080876796	0.47921390778533635	0.4766439909297052	0.41269841269841273	0.4305366591080877	0.5736961451247167	0.5591836734693877
0.4104308390022676	0.45245653817082393	0.47996976568405136	0.4340136054421769	0.45018896447467877	0.5892668178382465	0.5696145124716553	0.5529856386999243	0.543613000755858	0.6146636432350718	0.6131519274376418	0.4976568405139834	0.5226001511715798
0.327286470143613	0.6051398337112622	0.616326530612245	0.5176114890400605	0.5377173091458807	0.49523809523809526	0.5322751322751322	0.48405139833711264	0.5239606953892668	0.40256991685563115	0.4379440665154951	0.42388510959939535	0.45291005291005293
0.6208616780045351	0.42811791383219955	0.44897959183673475	0.4036281179138322	0.4306878306878307	0.4154195011337868	0.44625850340136053	0.4468631897203325	0.4666666666666667	0.3576719576719577	0.37777777777777777	0.5219954648526077	0.5182161753590325
0.31927437641723355	0.42705971277399846	0.44459561602418746	0.4758881330309902	0.4798185941043084	0.5221466364323507	0.509599395313681	0.5427059712773998	0.5277399848828421	0.3186696900982615	0.32607709750566893	0.4937263794406652	0.4923658352229781
0.546334089191232	0.48783068783068784	0.5058201058201058	0.46409674981103555	0.48102796674225257	0.38110355253212397	0.4196523053665911	0.42297808012093735	0.45200302343159493	0.44308390022675737	0.4825396825396825	0.5363567649281935	0.5487528344671202
0.3249433106575964	0.5157974300831444	0.4828420256991685	0.39092970521541953	0.35948601662887375	0.473318216175359	0.4513983371126228	0.43869992441421013	0.41738473167044593	0.36916099773242633	0.34920634920634913	0.5674981103552532	0.5322751322751322
0.5229024943310657	0.38866213151927437	0.4105820105820106	0.4662131519274376	0.472411186696901	0.49569160997732425	0.5380196523053666	0.45971277399848826	0.49523809523809526	0.4651549508692366	0.46757369614512473	0.437037037037037	0.4553287981859411
0.43484504913076344	0.31594860166288735	0.3065759637188209	0.4046863189720333	0.399697656840514	0.32290249433106577	0.3167044595616024	0.3472411186696901	0.3389266817838247	0.383068783068783	0.36432350718065004	0.27407407407407414	0.27603930461073317
0.5321995464852607	0.37671957671957673	0.33998488284202566	0.20967498110355254	0.19123204837490554	0.1868480725623583	0.17944066515495086	0.25154950869236586	0.2328042328042328	0.4	0.3685563114134543	0.3067271352985638	0.28344671201814065
0.4501133786848072	0.5786848072562358	0.5691609977324263	0.4823885109599395	0.47467876039304613	0.41330309901738466	0.4052910052910053	0.4409674981103553	0.43839758125472417	0.5142857142857142	0.509448223733938	0.49463340891912316	0.48435374149659866
0.5392290249433107	0.41390778533635675	0.43083900226757377	0.5046107331821619	0.5106575963718821	0.5605442176870749	0.5437641723356009	0.5563114134542706	0.5452758881330311	0.6089191232048374	0.5913832199546485	0.5257747543461828	0.5274376417233559
0.46409674981103555	0.4798185941043084	0.45411942554799695	0.39727891156462586	0.37641723356009077	0.46485260770975056	0.4459561602418745	0.44988662131519275	0.4258503401360545	0.46575963718820856	0.44807256235827664	0.5026455026455026	0.4813303099017385
0.4399092970521542	0.45789871504157215	0.49901738473167045	0.5183673469387756	0.5538926681783825	0.40166288737717315	0.4409674981103552	0.3726379440665155	0.42842025699168557	0.5115646258503401	0.5510204081632653	0.4569916855631141	0.5073318216175359
0.5207860922146637	0.4208616780045352	0.48919123204837495	0.4663643235071806	0.491156462585034	0.4816326530612245	0.5000755857898715	0.4962962962962962	0.5150415721844294	0.49523809523809526	0.5062736205593349	0.4306878306878307	0.4595616024187453
0.6839002267573696	0.579289493575208	0.583068783068783	0.48012093726379435	0.4881330309901738	0.5124716553287982	0.5017384731670446	0.4672713529856387	0.4628873771730914	0.49478458049886626	0.47588813303099026	0.4934240362811792	0.4816326530612245
0.2618291761148904	0.5142857142857142	0.510808767951625	0.4400604686318973	0.44928193499622066	0.5142857142857143	0.5306122448979592	0.4045351473922903	0.4117913832199546	0.5050642479213907	0.5111111111111111	0.5089947089947089	0.5286470143613
0.2494331065759637	0.22781557067271355	0.27346938775510204	0.31458805744520035	0.3312169312169312	0.42993197278911566	0.41678004535147395	0.42887377173091457	0.41783824640967493	0.4166288737717309	0.4114890400604686	0.3219954648526077	0.33832199546485264
0.5390778533635676	0.4663643235071806	0.45925925925925926	0.5005291005291006	0.490702947845805	0.5854875283446712	0.5691609977324263	0.6299319727891157	0.6151171579743007	0.5177626606198035	0.5100529100529101	0.5097505668934241	0.48994708994708996
0.408994708994709	0.5352985638699924	0.5204837490551777	0.4710506424792139	0.4669690098261527	0.4677248677248677	0.4704459561602419	0.4312925170068027	0.43749055177626606	0.4893424036281179	0.4835978835978835	0.4515495086923658	0.45260770975056686
0.5068783068783069	0.5396825396825398	0.5222978080120937	0.49841269841269853	0.48223733938019653	0.5109599395313681	0.49493575207860924	0.492668178382464	0.4769463340891912	0.4929705215419501	0.4660619803476946	0.4922146636432351	0.4716553287981859
0.41814058956916095	0.5201814058956916	0.509599395313681	0.5661375661375662	0.5566137566137567	0.7005291005291004	0.690098261526833	0.6857142857142857	0.6715041572184429	0.5616024187452759	0.5408919123204838	0.6158730158730159	0.6266061980347695
0.24444444444444446	0.6637944066515494	0.655479969765684	0.47014361300075586	0.4742252456538171	0.4625850340136054	0.46591080876795166	0.41738473167044593	0.42237339380196526	0.3721844293272865	0.36855631141345424	0.45971277399848837	0.4580498866213151
0.5293272864701436	0.4754346182917611	0.49024943310657604	0.4201058201058201	0.4347694633408919	0.40256991685563115	0.41798941798941797	0.5359032501889645	0.5324263038548753	0.47966742252456546	0.46969009826152686	0.35132275132275137	0.3596371882086168
0.4941798941798942	0.39198790627362057	0.4303854875283447	0.31685563114134546	0.3596371882086168	0.3549508692365835	0.3738473167044596	0.40211640211640204	0.4188964474678761	0.3331821617535904	0.35797430083144366	0.25593348450491316	0.27346938775510204
0.5346938775510205	0.49387755102040815	0.47286470143613	0.455177626606198	0.436885865457294	0.44383975812547244	0.437339380196523	0.49538926681783824	0.48949357520786096	0.5564625850340136	0.5408919123204837	0.4885865457294029	0.4708994708994709
0.380952380952381	0.44293272864701433	0.42917611489040064	0.43204837490551773	0.44625850340136053	0.4	0.400151171579743	0.3014361300075586	0.31519274376417233	0.382010582010582	0.37883597883597886	0.4967498110355253	0.48344671201814055
0.46349206349206346	0.43567649281935	0.472411186696901	0.5327286470143612	0.5718820861678005	0.6122448979591837	0.6370370370370371	0.5873015873015873	0.6095238095238096	0.49659863945578236	0.528495842781557	0.491005291005291	0.5352985638699925
0.40325018896447473	0.455177626606198	0.4734693877551021	0.4604686318972034	0.4829931972789116	0.3579743008314437	0.39304610733182155	0.34497354497354493	0.36764928193499624	0.36583522297808013	0.38488284202569917	0.4665154950869237	0.47437641723356005
0.3795918367346939	0.43567649281935	0.4061980347694633	0.5422524565381709	0.5136810279667422	0.4166288737717309	0.41315192743764173	0.5015873015873016	0.4949357520786092	0.4595616024187453	0.44444444444444436	0.4799697656840515	0.4526077097505669
0.6222222222222223	0.7136810279667423	0.710355253212396	0.6054421768707483	0.6065003779289494	0.5739984882842026	0.5797430083144369	0.5576719576719577	0.5658352229780801	0.44882842025699166	0.4604686318972034	0.5567649281934997	0.5733938019652306
0.345880574452003	0.5328798185941043	0.5082388510959939	0.6624338624338625	0.6684807256235827	0.47014361300075586	0.4798185941043084	0.5037037037037038	0.5102040816326531	0.5195767195767196	0.5058201058201057	0.5936507936507937	0.582312925170068
0.5072562358276643	0.6323507180650039	0.6222222222222222	0.6246409674981103	0.6302343159486017	0.6526077097505668	0.6412698412698413	0.6639455782312924	0.6535147392290248	0.5795918367346938	0.5647770219198791	0.6383975812547241	0.6214663643235071
0.35517762660619806	0.6513983371126228	0.6264550264550264	0.5989417989417989	0.5759637188208616	0.6386999244142102	0.6253968253968254	0.635222978080121	0.6237339380196524	0.6399092970521542	0.6202569916855631	0.6994708994708996	0.6823885109599395
0.4489040060468632	0.47830687830687835	0.4660619803476946	0.3670445956160242	0.3641723356009071	0.4988662131519274	0.4822373393801964	0.5011337868480725	0.49266817838246413	0.4400604686318972	0.42887377173091457	0.4817838246409675	0.46969009826152686
0.5196523053665911	0.5398337112622827	0.6025699168556311	0.5511715797430083	0.5909297052154195	0.4710506424792139	0.508238851095994	0.4767951625094482	0.5002267573696145	0.5679516250944823	0.601360544217687	0.4603174603174603	0.47830687830687835
0.5297808012093727	0.4666666666666666	0.4651549508692366	0.4767951625094483	0.47392290249433106	0.5659863945578232	0.5720332577475433	0.5517762660619804	0.5508692365835224	0.5245653817082389	0.5307634164777022	0.5203325774754346	0.5407407407407407
0.33922902494331064	0.5201814058956916	0.5374149659863945	0.5371126228269085	0.5463340891912322	0.509599395313681	0.5071806500377929	0.5557067271352987	0.546485260770975	0.44625850340136053	0.4412698412698413	0.6578987150415723	0.6448979591836734
0.3018896447467876	0.4096749811035525	0.3903250188964475	0.46712018140589573	0.46485260770975056	0.3824640967498111	0.381254724111867	0.4255479969765684	0.4217687074829932	0.4170823885109599	0.4075585789871504	0.4287226001511716	0.41738473167044593
0.5300831443688587	0.33015873015873015	0.2808767951625094	0.2935752078609221	0.2707482993197279	0.47362055933484504	0.455026455026455	0.4523053665910809	0.4300831443688587	0.4166288737717309	0.3927437641723356	0.3853363567649282	0.36054421768707484
0.50854119425548	0.32894935752078613	0.29312169312169317	0.39319727891156464	0.38155706727135297	0.35585789871504164	0.35449735449735453	0.3371126228269085	0.3384731670445956	0.2798185941043084	0.27558578987150417	0.40861678004535146	0.3880574452003024
0.517989417989418	0.43461829176114886	0.4080120937263795	0.40907029478458046	0.38835978835978835	0.37188208616780044	0.3402872260015117	0.3956160241874528	0.3525321239606954	0.34965986394557824	0.32199546485260766	0.4816326530612245	0.4565381708238851
0.5712773998488283	0.3938019652305367	0.4695389266817839	0.44761904761904764	0.49100529100529106	0.5736961451247165	0.5779289493575208	0.5611489040060469	0.5555555555555556	0.5927437641723357	0.5986394557823129	0.4335600907029479	0.46984126984126984
0.41972789115646264	0.5901738473167046	0.5756613756613758	0.5386243386243386	0.5366591080876795	0.600907029478458	0.5945578231292517	0.5995464852607709	0.5844293272864702	0.5579743008314437	0.56281179138322	0.6182917611489039	0.6102796674225246
0.5136810279667423	0.5026455026455026	0.5609977324263039	0.400604686318972	0.46318972033257744	0.5021919879062736	0.5348450491307635	0.526984126984127	0.5573696145124717	0.5602418745275888	0.5947089947089946	0.3983371126228269	0.4426303854875283
0.5407407407407406	0.5230536659108088	0.4972033257747543	0.5892668178382464	0.5945578231292517	0.6198034769463341	0.6108843537414966	0.5913832199546485	0.5767195767195767	0.5971277399848829	0.5821617535903251	0.6683295540438398	0.6589569160997731
0.46243386243386253	0.4191987906273621	0.46485260770975056	0.5221466364323508	0.5452758881330311	0.4616780045351474	0.47392290249433106	0.5676492819349963	0.5753590325018896	0.4482237339380196	0.47739984882842024	0.4832955404383976	0.4979591836734694
0.49682539682539684	0.5668934240362812	0.5685563114134543	0.46349206349206346	0.46757369614512473	0.6309901738473167	0.618745275888133	0.54572940287226	0.5342403628117914	0.5404383975812548	0.5354497354497354	0.46228269085411944	0.4846560846560847
0.4174603174603174	0.5732426303854876	0.6232804232804232	0.6049886621315193	0.6533635676492819	0.581103552532124	0.6155706727135298	0.5889644746787603	0.619047619047619	0.5570672713529856	0.6030234315948602	0.5401360544217686	0.56432350718065
0.4956916099773242	0.46848072562358284	0.48299319727891155	0.5555555555555556	0.56281179138322	0.42932728647014357	0.4445956160241874	0.41239606953892666	0.4275132275132275	0.42811791383219955	0.45411942554799695	0.5151927437641723	0.5300075585789872
0.4240362811791383	0.7103552532123961	0.691761148904006	0.5544973544973545	0.5546485260770975	0.49977324263038553	0.48647014361300067	0.4913076341647771	0.4820861678004536	0.5377173091458806	0.5280423280423281	0.5478458049886622	0.5537414965986395
0.48730158730158735	0.45971277399848826	0.472411186696901	0.41738473167044593	0.4326530612244898	0.5213907785336357	0.527891156462585	0.5405895691609978	0.545880574452003	0.5018896447467875	0.5094482237339382	0.4512471655328798	0.4662131519274377
0.5987906273620559	0.47482993197278917	0.5008314436885866	0.5791383219954648	0.5971277399848829	0.6467120181405897	0.6527588813303098	0.637641723356009	0.6436885865457295	0.5365079365079365	0.5440665154950869	0.6136054421768707	0.6432350718065003
0.24293272864701435	0.5064247921390779	0.5593348450491308	0.600907029478458	0.5963718820861678	0.5575207860922147	0.5599395313681028	0.5185185185185185	0.5186696900982615	0.5838246409674982	0.5886621315192744	0.4979591836734693	0.5077853363567649
0.5276643990929706	0.4470143613000756	0.4778533635676493	0.42373393801965237	0.43854875283446715	0.37581254724111873	0.40090702947845813	0.39138321995464853	0.4105820105820105	0.3971277399848828	0.401814058956916	0.3419501133786848	0.34663643235071806
0.3319727891156462	0.6146636432350718	0.5972789115646259	0.4932728647014361	0.48344671201814055	0.46893424036281184	0.4742252456538171	0.4586545729402872	0.46500377928949355	0.5203325774754347	0.5127739984882842	0.47785336356764924	0.4660619803476946
0.5005291005291005	0.33711262282690857	0.37928949357520786	0.42297808012093724	0.4606198034769463	0.45472411186696904	0.4867724867724868	0.4662131519274377	0.48314436885865464	0.4096749811035526	0.4417233560090703	0.44792139077853366	0.4814814814814815
0.4630385487528345	0.5419501133786848	0.5392290249433106	0.6761904761904762	0.6589569160997731	0.6092214663643236	0.6096749811035524	0.6480725623582767	0.6477702191987906	0.5712773998488284	0.5511715797430082	0.5117157974300831	0.4931216931216931
0.4660619803476947	0.5594860166288738	0.5599395313681028	0.4217687074829932	0.44202569916855633	0.5569160997732425	0.565230536659108	0.5047619047619047	0.5160997732426303	0.5073318216175359	0.5108087679516251	0.4863189720332577	0.48934240362811793
0.5050642479213907	0.46334089191232053	0.4828420256991686	0.510959939531368	0.5156462585034014	0.4037792894935753	0.41708238851096	0.4770975056689343	0.47830687830687835	0.3200302343159486	0.36054421768707484	0.46591080876795166	0.46591080876795166
0.3780801209372638	0.5233560090702948	0.4890400604686319	0.5052154195011337	0.48934240362811804	0.5136810279667422	0.49024943310657604	0.44807256235827664	0.42917611489040064	0.4328042328042329	0.4294784580498866	0.4344671201814059	0.41315192743764173
0.4059712773998488	0.5764172335600908	0.546334089191232	0.5708238851095994	0.5673469387755101	0.5762660619803477	0.5554043839758126	0.5678004535147393	0.5496598639455783	0.507634164777022	0.490249433106576	0.602418745275888	0.5800453514739229
0.29697656840513986	0.5360544217687074	0.49916855631141344	0.3866969009826152	0.38337112622826913	0.435978835978836	0.4288737717309147	0.4908541194255481	0.4767951625094482	0.49266817838246413	0.4822373393801966	0.4510959939531368	0.44746787603930455
0.5752834467120181	0.5460317460317461	0.5617535903250189	0.48873771730914584	0.5115646258503401	0.5609977324263038	0.5931972789115647	0.6040816326530611	0.6412698412698413	0.5138321995464853	0.547392290249433	0.509750566893424	0.5554043839758126
0.5528344671201814	0.4955404383975813	0.4724111866969009	0.3971277399848829	0.3758125472411187	0.3476946334089191	0.33272864701436133	0.3138321995464853	0.30007558578987154	0.46318972033257744	0.4444444444444445	0.44671201814058953	0.4318972033257748
0.28730158730158734	0.4458049886621315	0.4258503401360544	0.5354497354497355	0.5300075585789872	0.5179138321995465	0.5221466364323508	0.5108087679516251	0.5097505668934239	0.5024943310657597	0.492214663643235	0.5179138321995465	0.49266817838246413
0.41118669690098264	0.48450491307634175	0.46969009826152686	0.42146636432350715	0.4110355253212396	0.4063492063492064	0.4066515495086923	0.3631141345427059	0.3599395313681028	0.41859410430839006	0.42343159486016624	0.4477702191987906	0.44232804232804235
0.5128495842781556	0.5198790627362057	0.46364323507180644	0.4343159486016629	0.40151171579743006	0.5040060468631896	0.46969009826152686	0.5463340891912319	0.5168556311413454	0.49266817838246413	0.4582010582010582	0.43250188964474673	0.40256991685563104
0.4694633408919124	0.5714285714285714	0.5717309145880575	0.49387755102040815	0.49024943310657604	0.47830687830687835	0.490702947845805	0.47906273620559336	0.4831443688586545	0.45668934240362813	0.45018896447467877	0.4296296296296297	0.42721088435374144
0.5287981859410431	0.6077097505668935	0.5674981103552532	0.46712018140589573	0.4352229780801209	0.34119425547996973	0.3204837490551776	0.3578231292517007	0.3442176870748299	0.37747543461829175	0.3547996976568405	0.490702947845805	0.4656084656084656
0.4336356764928194	0.41179138321995473	0.400302343159486	0.47452758881330315	0.4770975056689343	0.5720332577475435	0.5664399092970521	0.5301587301587302	0.5322751322751322	0.48616780045351476	0.48359788359788364	0.491156462585034	0.48450491307634164
0.5190476190476191	0.6536659108087679	0.6468631897203326	0.5572184429327287	0.5894179894179894	0.5626606198034769	0.5696145124716553	0.5015873015873016	0.5061224489795919	0.6130007558578987	0.6214663643235072	0.5687074829931973	0.5838246409674981
0.3623582766439909	0.36553287981859406	0.37188208616780044	0.4258503401360544	0.4170823885109599	0.4919123204837491	0.48435374149659866	0.5017384731670445	0.5008314436885866	0.2831443688586546	0.2866213151927438	0.5434618291761149	0.5359032501889643
0.5065759637188209	0.3676492819349962	0.399244142101285	0.5160997732426303	0.5390778533635677	0.45850340136054424	0.47830687830687835	0.4699924414210129	0.49009826152683295	0.3594860166288738	0.3792894935752079	0.38352229780801206	0.4048374905517763
0.5842025699168556	0.5380196523053666	0.5835222978080121	0.47437641723356005	0.5156462585034014	0.4108843537414965	0.4665154950869237	0.45396825396825397	0.5035525321239607	0.5386243386243386	0.5891156462585034	0.4512471655328798	0.48359788359788364
0.4857898715041572	0.5259259259259259	0.5427059712773998	0.364474678760393	0.3857898715041572	0.3015873015873017	0.3309145880574452	0.37218442932728646	0.39697656840513984	0.3499622071050642	0.3857898715041572	0.2616780045351474	0.2787603930461073
0.4425547996976569	0.5736961451247166	0.562207105064248	0.5284958427815571	0.5375661375661376	0.6270597127739984	0.6184429327286469	0.6297808012093726	0.619198790627362	0.6575963718820861	0.6433862433862434	0.5519274376417235	0.5708238851095995
0.22312925170068026	0.4721088435374149	0.4569916855631142	0.4959939531368103	0.4828420256991685	0.6063492063492063	0.5906273620559335	0.6583522297808011	0.6385487528344671	0.5674981103552532	0.5699168556311414	0.61859410430839	0.6036281179138323
0.5452758881330311	0.5049130763416477	0.508390022675737	0.47074829931972795	0.4701436130007558	0.5430083144368859	0.5411942554799698	0.47966742252456535	0.47921390778533635	0.4920634920634921	0.4934240362811792	0.5384731670445956	0.5284958427815571
0.42743764172335597	0.3576719576719577	0.36281179138321995	0.454724111866969	0.4529100529100528	0.4772486772486772	0.4813303099017385	0.5210884353741496	0.5321239606953891	0.5130763416477702	0.5094482237339379	0.4350718065003779	0.4321995464852607
0.4935752078609221	0.44716553287981864	0.4058956916099773	0.36039304610733186	0.3287981859410431	0.4684807256235827	0.44021164021164016	0.43900226757369615	0.4145124716553289	0.6126984126984126	0.5832199546485262	0.44716553287981864	0.41738473167044593
0.38896447467876044	0.6089191232048374	0.652910052910053	0.5785336356764929	0.6055933484504913	0.5715797430083145	0.5886621315192745	0.5405895691609977	0.5526832955404386	0.5180650037792895	0.5511715797430083	0.5569160997732425	0.5823129251700679
0.47800453514739233	0.5425547996976569	0.6338624338624339	0.548148148148148	0.6592592592592592	0.5230536659108087	0.6087679516250945	0.581859410430839	0.6483749055177627	0.43824640967498113	0.5543461829176115	0.490702947845805	0.5522297808012093
0.5975812547241118	0.3517762660619803	0.36477702191987904	0.3322751322751323	0.3287981859410431	0.38110355253212397	0.381708238851096	0.34406651549508693	0.34845049130763417	0.46893424036281184	0.46984126984126984	0.290702947845805	0.29901738473167044
0.6812547241118669	0.4958427815570673	0.44761904761904764	0.5233560090702948	0.4929705215419501	0.48571428571428577	0.4668178382464097	0.44837490551776266	0.44368858654572946	0.3486016628873772	0.33529856386999246	0.45925925925925926	0.43265306122448977
0.42577475434618295	0.5611489040060469	0.5195767195767196	0.4689342403628117	0.44368858654572935	0.5115646258503401	0.4870748299319728	0.45366591080876795	0.4350718065003779	0.5108087679516251	0.473015873015873	0.492365835222978	0.46228269085411944
0.308843537414966	0.5183673469387755	0.508238851095994	0.6402116402116402	0.6669690098261527	0.7212396069538928	0.7277399848828419	0.6240362811791382	0.637490551776266	0.5904761904761905	0.6071050642479214	0.6415721844293273	0.6622826908541195
0.600604686318972	0.43673469387755104	0.5549508692365835	0.3962207105064247	0.47906273620559336	0.38699924414210124	0.4760393046107332	0.3938019652305366	0.4672713529856387	0.47845804988662133	0.5879062736205592	0.5037037037037038	0.5735449735449736
0.41209372637944064	0.4842025699168556	0.46787603930461075	0.4456538170823885	0.42796674225245657	0.40377928949357517	0.3779289493575208	0.4157218442932728	0.3930461073318216	0.4722600151171579	0.44308390022675737	0.45260770975056686	0.44278155706727135
0.31829176114890406	0.4068027210884354	0.400151171579743	0.29297052154195014	0.2882842025699168	0.3547996976568405	0.3318216175359033	0.40634920634920635	0.39138321995464853	0.4970521541950113	0.4802721088435374	0.4828420256991686	0.4712018140589569
0.37006802721088433	0.4666666666666667	0.4578987150415722	0.2843537414965986	0.290702947845805	0.35752078609221466	0.36961451247165533	0.37067271352985637	0.3956160241874528	0.4287226001511716	0.436432350718065	0.4578987150415722	0.4512471655328798
0.47966742252456535	0.38427815570672713	0.3678004535147393	0.4981103552532124	0.47830687830687835	0.5325774754346183	0.5229024943310657	0.5324263038548753	0.5182161753590324	0.511413454270597	0.48994708994708996	0.4981103552532124	0.4817838246409675
0.3841269841269842	0.5129251700680272	0.5219954648526077	0.4715041572184429	0.4925170068027211	0.4491307634164777	0.45457294028722595	0.29856386999244144	0.31730914588057446	0.5034013605442176	0.5142857142857142	0.40831443688586544	0.4105820105820106
0.4071806500377929	0.5006802721088436	0.5194255479969766	0.47014361300075586	0.47573696145124716	0.5519274376417234	0.564172335600907	0.5160997732426305	0.5313681027966741	0.528193499622071	0.5531368102796674	0.4548752834467121	0.4604686318972033
0.41814058956916095	0.4845049130763416	0.46787603930461075	0.5210884353741496	0.49811035525321234	0.4188964474678761	0.40136054421768713	0.4881330309901739	0.47346938775510206	0.4893424036281179	0.47180650037792893	0.39168556311413455	0.3736961451247166
0.6102796674225246	0.4143613000755858	0.3891156462585034	0.5009826152683295	0.4817838246409674	0.43114134542705973	0.4356764928193499	0.45064247921390777	0.45472411186696904	0.4027210884353741	0.3916855631141346	0.5699168556311414	0.5606953892668178
0.35540438397581253	0.36749811035525315	0.37687074829931977	0.4	0.4155706727135299	0.4448979591836735	0.4486772486772487	0.43280423280423275	0.4275132275132276	0.5023431594860166	0.5115646258503401	0.39682539682539686	0.40604686318972033
0.3469387755102041	0.6039304610733182	0.6873771730914588	0.7070294784580498	0.7493575207860921	0.6386999244142102	0.6956916099773242	0.6696900982615268	0.7244142101284958	0.7062736205593347	0.7519274376417233	0.5307634164777022	0.5664399092970521
0.6066515495086924	0.5753590325018896	0.5714285714285714	0.563265306122449	0.5597883597883597	0.5198790627362057	0.5192743764172335	0.5183673469387755	0.5133786848072562	0.49055177626606195	0.48526077097505665	0.5508692365835224	0.5499622071050643
0.34383975812547246	0.37021919879062737	0.34210128495842784	0.43824640967498113	0.41798941798941797	0.4019652305366591	0.3838246409674981	0.4204081632653061	0.4092214663643235	0.363416477702192	0.3493575207860922	0.40725623582766435	0.39077853363567655
0.6081632653061224	0.6210128495842782	0.6087679516250945	0.5513227513227513	0.5470899470899471	0.5179138321995466	0.509901738473167	0.5492063492063493	0.5416477702191987	0.46394557823129245	0.44459561602418746	0.5213907785336356	0.5129251700680272
0.3404383975812547	0.4798185941043084	0.4651549508692366	0.5563114134542706	0.5343915343915344	0.5616024187452758	0.5517762660619804	0.5528344671201814	0.5460317460317461	0.4959939531368103	0.4826908541194256	0.5599395313681028	0.5502645502645501
0.4202569916855632	0.5050642479213907	0.46938775510204084	0.4988662131519274	0.47981859410430844	0.4816326530612244	0.48102796674225246	0.3868480725623583	0.38095238095238093	0.33469387755102037	0.3363567649281935	0.33544973544973544	0.33801965230536657
0.3848072562358277	0.5502645502645503	0.5349962207105065	0.471655328798186	0.4507936507936508	0.40166288737717315	0.4066515495086924	0.45971277399848826	0.45925925925925926	0.507482993197279	0.5157974300831444	0.42433862433862435	0.4267573696145125
0.44013605442176873	0.44414210128495846	0.4832955404383975	0.40181405895691613	0.4300831443688586	0.49962207105064255	0.5312169312169313	0.4763416477702192	0.49871504157218444	0.4515495086923658	0.4773998488284203	0.37928949357520786	0.3900226757369614
0.5335600907029479	0.5664399092970521	0.5678004535147393	0.48042328042328036	0.49826152683295544	0.5073318216175359	0.5021919879062736	0.5235071806500378	0.5173091458805744	0.6055933484504912	0.600302343159486	0.35238095238095235	0.40241874527588817
0.49478458049886614	0.5619047619047619	0.5889644746787605	0.5232048374905517	0.5603930461073318	0.6754346182917612	0.6777021919879063	0.6575963718820862	0.6603174603174604	0.5248677248677249	0.5490551776266063	0.63567649281935	0.6501889644746787
0.4700680272108843	0.5145880574452003	0.5027966742252457	0.5399848828420257	0.5413454270597129	0.5390778533635677	0.5372637944066515	0.48390022675736954	0.4879818594104308	0.44913076341647773	0.45880574452003026	0.4873771730914588	0.4819349962207105
0.33167044595616024	0.4456538170823885	0.4713529856386999	0.4651549508692366	0.4773998488284203	0.4672713529856387	0.4609221466364323	0.4684807256235827	0.4690854119425548	0.5088435374149659	0.5165532879818595	0.49145880574452	0.48359788359788364
0.4202569916855631	0.3747543461829176	0.39879062736205595	0.4619803476946334	0.4586545729402872	0.3540438397581255	0.36961451247165533	0.4521541950113378	0.46485260770975056	0.49992441421012845	0.5070294784580499	0.4647014361300076	0.45759637188208624
0.4897203325774754	0.5986394557823129	0.6049886621315194	0.618291761148904	0.6099773242630385	0.6225245653817082	0.6086167800453515	0.6757369614512472	0.6704459561602418	0.5446712018140589	0.5402872260015117	0.5830687830687831	0.5856386999244142
0.444973544973545	0.5052154195011338	0.5136810279667422	0.5773242630385488	0.5671957671957673	0.600604686318972	0.5954648526077098	0.6471655328798185	0.6483749055177626	0.6666666666666667	0.6494331065759638	0.6831443688586546	0.6668178382464097
0.4783824640967498	0.5691609977324263	0.5934996220710507	0.54572940287226	0.5552532123960695	0.4093726379440666	0.42237339380196526	0.38276643990929704	0.3963718820861678	0.4609221466364324	0.4755857898715042	0.4462585034013606	0.4551776266061981
0.5300075585789872	0.4777021919879063	0.4521541950113379	0.4426303854875284	0.4309901738473168	0.4506424792139079	0.44852607709750564	0.4426303854875283	0.43749055177626606	0.4919123204837491	0.47830687830687835	0.40680272108843535	0.39924414210128495
0.4470899470899471	0.4163265306122449	0.46878306878306875	0.44429327286470144	0.4935752078609221	0.45321239606953895	0.5209372637944066	0.35011337868480724	0.4252456538170824	0.5040060468631898	0.5476946334089192	0.46303854875283446	0.5059712773998488
0.46409674981103544	0.42418745275888137	0.4084656084656085	0.46424792139077853	0.4660619803476947	0.43764172335600915	0.4512471655328798	0.45260770975056686	0.4619803476946334	0.5156462585034014	0.5008314436885866	0.4978080120937264	0.4970521541950113
0.4136054421768708	0.545880574452003	0.49901738473167045	0.5836734693877551	0.5650793650793651	0.5582766439909296	0.5495086923658352	0.5399848828420257	0.5198790627362057	0.39501133786848075	0.3753590325018897	0.4925170068027211	0.491005291005291
0.4461073318216176	0.26560846560846557	0.30204081632653057	0.5209372637944065	0.5198790627362055	0.4520030234315948	0.4653061224489797	0.5306122448979591	0.5306122448979593	0.5286470143613	0.5454270597127739	0.4609221466364324	0.47830687830687824
0.3888133030990174	0.5726379440665156	0.5894179894179894	0.637490551776266	0.6400604686318971	0.6438397581254723	0.6344671201814058	0.6647014361300077	0.6521541950113379	0.6861678004535147	0.6671201814058957	0.5594860166288738	0.5715797430083145
0.4465608465608465	0.32018140589569166	0.364172335600907	0.3674981103552532	0.38533635676492817	0.38352229780801206	0.40241874527588817	0.39894179894179893	0.4213151927437642	0.4854119425547997	0.48994708994709	0.38926681783824646	0.400907029478458
0.4807256235827664	0.38805744520030233	0.3889644746787604	0.4293272864701437	0.4411186696900983	0.30793650793650795	0.3463340891912321	0.3892668178382464	0.4235827664399093	0.30052910052910053	0.32713529856386997	0.34285714285714286	0.35918367346938773
0.6081632653061225	0.48057445200302346	0.47452758881330315	0.4872260015117158	0.47437641723356005	0.47755102040816333	0.4613756613756614	0.4104308390022675	0.3892668178382464	0.46273620559334844	0.44353741496598637	0.4046863189720333	0.4048374905517762
0.33537414965986395	0.5525321239606954	0.5505668934240363	0.6409674981103552	0.6238851095993952	0.5182161753590325	0.5043083900226757	0.5909297052154195	0.5854875283446712	0.510355253212396	0.49916855631141355	0.6517006802721088	0.6432350718065003
0.5006802721088436	0.40362811791383224	0.45351473922902497	0.4201058201058201	0.4412698412698413	0.4349206349206349	0.4674225245653817	0.3336356764928194	0.382010582010582	0.3383219954648526	0.3853363567649282	0.43900226757369615	0.4659108087679516
0.43824640967498113	0.4043839758125472	0.491761148904006	0.3971277399848828	0.4468631897203326	0.4266061980347695	0.46439909297052157	0.3709750566893424	0.4146636432350719	0.436130007558579	0.5026455026455027	0.41814058956916095	0.4459561602418745
0.535827664399093	0.4108843537414966	0.45185185185185184	0.45714285714285713	0.455479969765684	0.4917611489040061	0.510506424792139	0.3479969765684051	0.37566137566137564	0.49538926681783824	0.5281934996220711	0.508994708994709	0.5336356764928193
0.2707482993197279	0.5192743764172336	0.48616780045351476	0.4766439909297052	0.45396825396825397	0.5281934996220711	0.5106575963718821	0.526984126984127	0.5065759637188209	0.6465608465608466	0.6261526832955404	0.5904761904761905	0.5882086167800453
0.49085411942554796	0.4613756613756614	0.4306878306878307	0.2769463340891912	0.25865457294028726	0.3891156462585035	0.3581254724111867	0.34663643235071806	0.32411186696900984	0.41239606953892666	0.3962207105064248	0.380498866213152	0.3551020408163265
0.40461073318216184	0.49070294784580504	0.45850340136054424	0.49659863945578236	0.471655328798186	0.4972033257747543	0.48420256991685556	0.4412698412698412	0.4255479969765684	0.5501133786848073	0.5292517006802722	0.5040060468631897	0.48843537414965993
0.5121693121693122	0.546636432350718	0.5389266817838246	0.5315192743764173	0.5274376417233559	0.4117913832199546	0.41421012849584277	0.39788359788359784	0.400151171579743	0.4568405139833711	0.47573696145124716	0.46575963718820856	0.46122448979591846
0.3910808767951625	0.528344671201814	0.5213907785336357	0.4296296296296296	0.4188964474678761	0.4770975056689343	0.46500377928949355	0.42826908541194253	0.4255479969765684	0.509145880574452	0.5012849584278156	0.4742252456538171	0.46016628873771737
0.697278911564626	0.44323507180650046	0.4468631897203325	0.43673469387755104	0.4306878306878307	0.4972033257747544	0.48994708994708996	0.43431594860166295	0.4214663643235072	0.472108843537415	0.4769463340891912	0.4231292517006803	0.4244897959183673
0.435222978080121	0.44021164021164016	0.4681783824640968	0.43356009070294776	0.4498866213151927	0.47543461829176115	0.5055177626606198	0.46984126984126984	0.49901738473167045	0.47452758881330304	0.49130763416477696	0.5027966742252457	0.5189720332577475
0.5160241874527589	0.5174603174603174	0.5203325774754346	0.5316704459561602	0.5434618291761149	0.46107331821617537	0.471806500377929	0.40650037792894933	0.437037037037037	0.56281179138322	0.5693121693121693	0.6045351473922903	0.6149659863945578
0.5198790627362057	0.5298563869992442	0.5325774754346182	0.5836734693877551	0.5975812547241119	0.5309145880574452	0.54421768707483	0.5555555555555555	0.5694633408919123	0.41798941798941797	0.437792894935752	0.6039304610733183	0.6130007558578987
0.5482237339380196	0.709297052154195	0.7242630385487528	0.5203325774754346	0.5569160997732426	0.4406651549508692	0.4817838246409675	0.42237339380196526	0.4681783824640968	0.36507936507936506	0.40226757369614513	0.46409674981103544	0.49145880574452006
0.3832955404383976	0.7067271352985639	0.7174603174603176	0.5922902494331066	0.5986394557823129	0.6674225245653816	0.6636432350718066	0.633408919123205	0.6272108843537414	0.6122448979591837	0.6155706727135298	0.4654572940287226	0.4677248677248677
0.5204837490551777	0.50854119425548	0.5121693121693122	0.4662131519274376	0.4600151171579743	0.45502645502645506	0.4414210128495843	0.4858654572940287	0.47362055933484504	0.5129251700680271	0.4990173847316705	0.42433862433862435	0.43114134542705973
0.3866969009826153	0.5086923658352229	0.5079365079365079	0.5029478458049886	0.5030990173847317	0.5325774754346183	0.5222978080120937	0.49916855631141355	0.49417989417989416	0.49402872260015124	0.4879818594104308	0.5226001511715798	0.5244142101284959
0.4939531368102797	0.5543461829176114	0.5528344671201815	0.613756613756614	0.6119425547996977	0.5919879062736205	0.6031746031746031	0.5251700680272109	0.5325774754346183	0.5538926681783825	0.5656840513983372	0.4976568405139833	0.4984126984126984
0.4697656840513983	0.5337868480725623	0.5248677248677248	0.5027966742252457	0.5221466364323506	0.401360544217687	0.4253968253968254	0.48510959939531373	0.4932728647014361	0.3191232048374905	0.327588813303099	0.3532879818594104	0.3611489040060468
0.4157218442932729	0.49977324263038553	0.5073318216175359	0.5579743008314437	0.5551020408163265	0.5969765684051398	0.5939531368102797	0.5879062736205592	0.5897203325774754	0.5736961451247165	0.5823129251700679	0.6226757369614513	0.617233560090703
0.28775510204081634	0.3535903250188965	0.3446712018140589	0.4075585789871504	0.3927437641723356	0.3492063492063492	0.3340891912320484	0.37596371882086166	0.3529856386999244	0.4917611489040061	0.47346938775510206	0.46923658352229775	0.45487528344671196
0.5501133786848073	0.5012849584278155	0.4560846560846561	0.5047619047619049	0.47573696145124716	0.5032501889644747	0.4769463340891913	0.4477702191987906	0.4201058201058201	0.4766439909297052	0.4654572940287226	0.4273620559334844	0.41239606953892666
0.3987150415721844	0.5425547996976569	0.5303099017384731	0.5224489795918368	0.4975056689342404	0.5616024187452758	0.5419501133786848	0.5570672713529856	0.5365079365079365	0.5954648526077096	0.5758125472411186	0.5442176870748299	0.5245653817082389
0.5774754346182916	0.4693877551020408	0.5194255479969765	0.4101284958427816	0.4349206349206349	0.46394557823129257	0.49145880574452006	0.44973544973544965	0.47528344671201816	0.4421768707482993	0.48843537414965993	0.47362055933484504	0.49387755102040815
0.4387755102040816	0.5469387755102041	0.60151171579743	0.32668178382464097	0.37097505668934244	0.3182161753590325	0.3362055933484505	0.3236583522297808	0.34618291761148906	0.31504157218442935	0.34754346182917617	0.29342403628117913	0.32003023431594857
0.5829931972789117	0.3717309145880575	0.3383219954648526	0.400151171579743	0.3720332577475435	0.32577475434618297	0.2962962962962963	0.3564625850340136	0.33726379440665155	0.2987150415721844	0.2823885109599395	0.3322751322751323	0.31065759637188206
0.49334845049130766	0.5180650037792894	0.49962207105064244	0.6066515495086924	0.6028722600151171	0.6235827664399093	0.617233560090703	0.5945578231292517	0.5880574452003023	0.6205593348450492	0.6043839758125472	0.654572940287226	0.6461073318216175
0.2600151171579743	0.4474678760393046	0.4510959939531368	0.3587301587301587	0.35721844293272864	0.3528344671201814	0.3547996976568405	0.4049886621315193	0.4019652305366591	0.3165532879818594	0.32698412698412693	0.36432350718065004	0.36130007558578986
0.5073318216175359	0.4207105064247922	0.4240362811791384	0.43945578231292515	0.44837490551776266	0.4861678004535147	0.47891156462585033	0.4816326530612245	0.4770975056689343	0.44897959183673464	0.4495842781557068	0.3983371126228269	0.40362811791383224
0.5924414210128496	0.5171579743008314	0.5065759637188207	0.47452758881330315	0.4604686318972033	0.4317460317460317	0.4219198790627362	0.45442176870748296	0.4568405139833712	0.44928193499622077	0.45396825396825397	0.5099017384731671	0.5055177626606199
0.4556311413454271	0.3538926681783825	0.33167044595616024	0.4305366591080877	0.42842025699168557	0.45835222978080115	0.4495842781557068	0.47271352985638704	0.46439909297052145	0.40332577475434617	0.3900226757369615	0.46712018140589573	0.46893424036281184
0.518442932728647	0.364928193499622	0.3720332577475435	0.44897959183673475	0.4563869992441421	0.3688586545729403	0.37339380196523053	0.36417233560090706	0.36946334089191224	0.40997732426303857	0.4253968253968254	0.326984126984127	0.3331821617535903
0.6032501889644747	0.41330309901738466	0.382010582010582	0.4355253212396069	0.4110355253212396	0.48873771730914595	0.4634920634920635	0.4746787603930461	0.4521541950113379	0.39168556311413455	0.36689342403628117	0.4628873771730914	0.4483749055177627
0.5676492819349963	0.43854875283446715	0.437339380196523	0.43809523809523804	0.43416477702191986	0.528344671201814	0.5024943310657596	0.5171579743008314	0.48495842781557064	0.6074074074074074	0.5758125472411186	0.4618291761148904	0.43749055177626606
0.30687830687830686	0.46832955404383975	0.46439909297052157	0.49100529100529106	0.47966742252456535	0.4464096749811035	0.4482237339380196	0.4835978835978835	0.4751322751322751	0.508994708994709	0.4967498110355253	0.4048374905517763	0.39319727891156464
0.46530612244897956	0.4140589569160998	0.3915343915343915	0.3936507936507937	0.3758125472411186	0.38004535147392293	0.37354497354497357	0.42252456538170824	0.4040816326530612	0.3499622071050642	0.34285714285714286	0.38231292517006804	0.37853363567649284
0.4789871504157219	0.4291761148904006	0.4704459561602419	0.39213907785336366	0.3936507936507937	0.4464096749811035	0.4560846560846561	0.41330309901738477	0.4305366591080877	0.4769463340891913	0.49659863945578236	0.3690098261526833	0.3694633408919123
0.36863189720332584	0.5277399848828421	0.508390022675737	0.5074829931972789	0.4923658352229781	0.42690854119425553	0.43189720332577475	0.43386243386243384	0.43809523809523815	0.4766439909297052	0.46379440665154953	0.5866969009826153	0.5786848072562358
0.4572184429327287	0.562962962962963	0.5534391534391535	0.4048374905517763	0.400604686318972	0.5233560090702948	0.4975056689342404	0.5371126228269085	0.5150415721844294	0.44837490551776266	0.43764172335600904	0.42433862433862435	0.42297808012093724
0.3218442932728647	0.5265306122448978	0.5023431594860167	0.45427059712774004	0.44897959183673475	0.5694633408919123	0.5502645502645503	0.5011337868480725	0.49478458049886626	0.5292517006802722	0.5088435374149659	0.6163265306122448	0.599697656840514
0.5460317460317461	0.5945578231292517	0.5863945578231292	0.5059712773998488	0.4814814814814815	0.40151171579743006	0.38820861678004537	0.49433106575963714	0.4802721088435374	0.48087679516250936	0.4763416477702192	0.5661375661375662	0.5616024187452758
0.3590325018896447	0.5582766439909298	0.5551020408163265	0.47362055933484515	0.4721088435374149	0.5425547996976569	0.5425547996976569	0.5708238851095995	0.5739984882842025	0.47815570672713525	0.4967498110355253	0.45986394557823135	0.47543461829176115
0.47482993197278917	0.3348450491307634	0.3103552532123961	0.4302343159486016	0.4140589569160998	0.4595616024187453	0.4417233560090703	0.526077097505669	0.5123204837490553	0.43325774754346186	0.41390778533635675	0.3414965986394558	0.33544973544973544
0.43907785336356764	0.28556311413454266	0.3356009070294784	0.2887377173091459	0.34089191232048377	0.45487528344671196	0.4654572940287226	0.38745275888133024	0.4061980347694633	0.5037037037037037	0.5206349206349206	0.4881330309901738	0.5011337868480725
0.5363567649281935	0.33938019652305373	0.35374149659863946	0.4296296296296296	0.4406651549508693	0.4331065759637188	0.4526077097505669	0.38835978835978835	0.4040816326530613	0.42796674225245657	0.4321995464852608	0.3928949357520787	0.4046863189720333
0.43083900226757377	0.546334089191232	0.5936507936507938	0.3723356009070295	0.4161753590325018	0.41118669690098264	0.4526077097505669	0.3918367346938776	0.43114134542705973	0.4624338624338624	0.5003779289493575	0.33121693121693124	0.3659863945578231
0.5503401360544218	0.4615268329554043	0.45275888133030984	0.545124716553288	0.5404383975812548	0.4842025699168556	0.48662131519274376	0.47891156462585033	0.4860166288737718	0.436583522297808	0.45381708238851104	0.6483749055177628	0.6601662887377173
0.32380952380952377	0.5310657596371883	0.5280423280423281	0.5425547996976569	0.5401360544217686	0.44459561602418757	0.4619803476946334	0.38805744520030233	0.4166288737717309	0.47573696145124716	0.4860166288737718	0.4746787603930461	0.48964474678760395
0.4321239606953893	0.508390022675737	0.5055177626606199	0.46016628873771726	0.4491307634164777	0.43340891912320484	0.4273620559334844	0.4972033257747543	0.4860166288737718	0.38609221466364324	0.3783824640967498	0.3687074829931973	0.3652305366591081
0.39750566893424033	0.4572940287226001	0.43461829176114886	0.4979591836734693	0.48541194255479975	0.5655328798185941	0.544368858654573	0.4654572940287226	0.4477702191987906	0.6350718065003779	0.6232804232804232	0.5044595616024188	0.4842025699168556
0.42947845804988666	0.46318972033257744	0.44973544973544965	0.5021919879062737	0.4956916099773242	0.45487528344671196	0.4421768707482993	0.4033257747543463	0.40136054421768713	0.35948601662887375	0.3544973544973545	0.5000755857898714	0.4834467120181406
0.36674225245653813	0.45487528344671196	0.5239606953892668	0.491005291005291	0.5351473922902494	0.5334845049130763	0.5537414965986395	0.546787603930461	0.5752078609221467	0.6083144368858655	0.6266061980347695	0.4517006802721088	0.4651549508692366
0.5616780045351474	0.31594860166288735	0.37898715041572184	0.40831443688586544	0.43824640967498113	0.4798185941043084	0.5114134542705971	0.4674225245653817	0.5044595616024189	0.5919879062736205	0.6247921390778534	0.4654572940287226	0.4851095993953137
0.36432350718065	0.4882842025699169	0.5349962207105065	0.5608465608465609	0.6075585789871505	0.44021164021164016	0.47437641723356017	0.44021164021164016	0.48057445200302346	0.5492063492063493	0.5797430083144369	0.4247921390778534	0.4512471655328798
0.41194255479969766	0.3880574452003024	0.39304610733182155	0.44761904761904764	0.4417233560090703	0.4140589569160998	0.40377928949357517	0.49478458049886626	0.4751322751322752	0.4287226001511716	0.4110355253212396	0.40136054421768713	0.3960695389266818
0.2522297808012094	0.5067271352985638	0.5307634164777022	0.618140589569161	0.6580498866213151	0.5526832955404385	0.5732426303854876	0.5238095238095237	0.54724111866969	0.5411942554799698	0.5579743008314437	0.5186696900982615	0.5357520786092215
0.445124716553288	0.43779289493575213	0.4275132275132275	0.4117913832199546	0.39924414210128495	0.4455026455026455	0.43114134542705973	0.4710506424792139	0.46953892668178376	0.5241118669690098	0.509599395313681	0.46303854875283446	0.44429327286470144
0.4549508692365835	0.4798185941043084	0.4699924414210129	0.4657596371882087	0.4530612244897959	0.5182161753590325	0.4911564625850341	0.49523809523809526	0.4724111866969009	0.42328042328042326	0.40559334845049133	0.39984882842025704	0.4019652305366591
0.40241874527588806	0.5371126228269085	0.5154950869236583	0.5476946334089191	0.5301587301587303	0.48405139833711264	0.4846560846560847	0.5563114134542706	0.5504157218442933	0.5085411942554801	0.49538926681783824	0.4054421768707483	0.3876039304610733
0.4808012093726379	0.5517762660619804	0.5227513227513227	0.5222978080120938	0.5103552532123962	0.437339380196523	0.4296296296296296	0.4464096749811036	0.4296296296296296	0.327588813303099	0.32154195011337866	0.4391534391534392	0.41844293272864697
0.5428571428571428	0.4820861678004535	0.47437641723356005	0.4287226001511716	0.4208616780045352	0.5192743764172335	0.5100529100529101	0.4513983371126228	0.44746787603930455	0.3534391534391535	0.3611489040060468	0.3678004535147393	0.37188208616780044
0.48790627362055927	0.4616780045351474	0.4305366591080877	0.4557823129251701	0.4448979591836735	0.455479969765684	0.4591080876795163	0.4875283446712018	0.4928193499622071	0.5027966742252457	0.5005291005291005	0.5475434618291761	0.5365079365079365
0.575283446712018	0.47785336356764924	0.46757369614512473	0.48616780045351476	0.4780045351473922	0.5247165532879818	0.5129251700680272	0.5678004535147392	0.5496598639455783	0.39954648526077097	0.400453514739229	0.5198790627362057	0.507785336356765
0.44459561602418746	0.45759637188208613	0.4677248677248677	0.5517762660619804	0.545578231292517	0.6202569916855631	0.6084656084656086	0.6253968253968254	0.6223733938019652	0.6179894179894181	0.6071050642479214	0.526228269085412	0.5401360544217686
0.611866969009826	0.6507936507936509	0.618896447467876	0.5055177626606198	0.4767951625094482	0.6155706727135299	0.599092970521542	0.5873015873015872	0.5700680272108843	0.5000755857898715	0.4795162509448224	0.5085411942554801	0.4984126984126984
0.4548752834467121	0.49024943310657587	0.4739229024943311	0.491609977324263	0.4917611489040061	0.3762660619803477	0.3780801209372638	0.4386999244142101	0.4427815570672714	0.39727891156462586	0.40725623582766435	0.40604686318972033	0.39848828420256993
0.6022675736961453	0.4758881330309902	0.5582766439909298	0.5558578987150415	0.5804988662131519	0.4595616024187453	0.5020408163265305	0.5851851851851851	0.6114890400604687	0.5259259259259259	0.5609977324263039	0.46938775510204084	0.4913076341647771
0.38949357520786093	0.32456538170823884	0.3159486016628874	0.3975812547241119	0.3950113378684807	0.3215419501133787	0.3183673469387755	0.4247921390778534	0.4193499622071051	0.2852607709750567	0.2692365835222978	0.36613756613756615	0.3602418745275888
0.5203325774754346	0.5257747543461828	0.47543461829176115	0.4984126984126984	0.47528344671201805	0.3602418745275888	0.33363567649281933	0.3514739229024943	0.32879818594104304	0.40377928949357517	0.38140589569160993	0.45578231292517	0.4205593348450492
0.4913832199546485	0.5159486016628874	0.4975056689342403	0.5197278911564627	0.5133786848072562	0.582615268329554	0.5726379440665155	0.599092970521542	0.5808012093726379	0.6219198790627362	0.6204081632653062	0.6120937263794406	0.6
0.5393046107331821	0.4565381708238851	0.45502645502645506	0.4045351473922902	0.4054421768707483	0.4473167044595616	0.44701436130007555	0.4217687074829932	0.41164021164021153	0.36991685563114135	0.3720332577475435	0.4170823885109599	0.41164021164021164
0.38631897203325777	0.5856386999244142	0.5572184429327287	0.6102796674225246	0.5857898715041572	0.6477702191987906	0.6312925170068027	0.6751322751322751	0.6591080876795162	0.6213151927437642	0.6075585789871505	0.6793650793650794	0.6671201814058957
0.6568405139833711	0.33922902494331064	0.3479969765684051	0.43310657596371877	0.4323507180650038	0.41194255479969766	0.39652305366591073	0.5144368858654573	0.49841269841269853	0.3534391534391534	0.3505668934240363	0.44504913076341646	0.4244897959183674
0.5254724111866969	0.5321239606953894	0.507634164777022	0.41647770219198793	0.40347694633408915	0.5411942554799698	0.5297052154195011	0.5174603174603175	0.5139833711262283	0.5179138321995465	0.4973544973544974	0.5151927437641725	0.5065759637188207
0.5425547996976569	0.32834467120181404	0.30234315948601664	0.48012093726379446	0.4513983371126228	0.4520030234315948	0.4465608465608466	0.48359788359788364	0.4712018140589569	0.5371126228269085	0.529402872260015	0.4409674981103552	0.43114134542705973
0.4726379440665155	0.5773242630385488	0.5726379440665156	0.6060468631897203	0.5989417989417989	0.6408163265306123	0.6252456538170824	0.6585034013605442	0.6485260770975056	0.6858654572940287	0.6686318972033257	0.5847316704459561	0.5883597883597883
0.6226757369614513	0.3993953136810279	0.4456538170823885	0.35661375661375655	0.40241874527588806	0.46273620559334844	0.4928193499622071	0.490702947845805	0.5058201058201058	0.48994708994709	0.5229024943310657	0.3132275132275132	0.344520030234316
0.3780045351473923	0.4530612244897959	0.4932728647014361	0.5312169312169313	0.5404383975812548	0.581103552532124	0.5876039304610734	0.4973544973544973	0.5055177626606199	0.6284202569916857	0.6411186696900982	0.6488284202569916	0.6699924414210129
0.4389266817838246	0.5785336356764927	0.5721844293272864	0.5442176870748299	0.5371126228269085	0.5546485260770975	0.5505668934240363	0.5838246409674981	0.5836734693877551	0.6433862433862434	0.636281179138322	0.58291761148904	0.564474678760393
0.3884353741496599	0.3894179894179894	0.36099773242630384	0.4919123204837491	0.4668178382464097	0.4586545729402872	0.4503401360544218	0.44716553287981864	0.44308390022675737	0.44429327286470144	0.4202569916855631	0.44247921390778533	0.4157218442932729
0.6105820105820106	0.5501133786848073	0.526832955404384	0.528344671201814	0.5156462585034014	0.5690098261526834	0.5668934240362812	0.5233560090702948	0.5180650037792895	0.4637944066515495	0.4616780045351474	0.5197278911564627	0.5000755857898715
0.44058956916099773	0.4864701436130008	0.48480725623582765	0.41859410430839006	0.435222978080121	0.47271352985638704	0.4686318972033258	0.4681783824640968	0.4600151171579743	0.5139833711262283	0.5328798185941043	0.3659863945578231	0.37430083144368864
0.4967498110355254	0.5062736205593349	0.509145880574452	0.43507180650037797	0.45714285714285713	0.34663643235071806	0.36507936507936506	0.31201814058956917	0.33242630385487526	0.38080120937263795	0.39168556311413455	0.43567649281935	0.437792894935752
0.46719576719576716	0.48495842781557064	0.4331065759637188	0.5425547996976569	0.5073318216175359	0.4628873771730914	0.4391534391534391	0.4773998488284203	0.45351473922902497	0.5564625850340137	0.529251700680272	0.4582010582010582	0.42811791383219955
0.43439153439153444	0.41904761904761906	0.4253968253968254	0.36583522297808013	0.35857898715041575	0.5327286470143613	0.5398337112622827	0.5245653817082389	0.5346938775510204	0.4923658352229781	0.4817838246409675	0.43280423280423286	0.4452003023431595
0.6479213907785335	0.472260015117158	0.455933484504913	0.436885865457294	0.4260015117157974	0.5431594860166289	0.52713529856387	0.5280423280423281	0.5135298563869992	0.5531368102796674	0.5393801965230536	0.5266817838246409	0.5292517006802722
0.32879818594104304	0.43265306122448977	0.4052910052910053	0.37294028722600153	0.36024187452758877	0.32713529856386997	0.31277399848828424	0.3295540438397581	0.32108843537414966	0.4937263794406651	0.46878306878306875	0.4565381708238851	0.43930461073318217
0.44572940287226004	0.5046107331821618	0.492063492063492	0.4760393046107332	0.471201814058957	0.40377928949357517	0.40604686318972033	0.45427059712774	0.45351473922902497	0.5560090702947846	0.5555555555555556	0.3292517006802721	0.32486772486772486
0.41889644746787597	0.4698412698412698	0.46712018140589573	0.47619047619047616	0.4795162509448224	0.3481481481481482	0.3431594860166288	0.45064247921390777	0.45895691609977324	0.43204837490551773	0.4417233560090703	0.37188208616780044	0.3862433862433862
0.4958427815570673	0.39410430839002275	0.3942554799697657	0.43461829176114897	0.4231292517006803	0.4769463340891912	0.47845804988662133	0.40770975056689346	0.41708238851096	0.3945578231292517	0.4080120937263795	0.40952380952380957	0.4061980347694634
0.5413454270597128	0.599546485260771	0.583371126228269	0.6517006802721088	0.634315948601663	0.5603930461073319	0.5513227513227513	0.5484504913076341	0.545578231292517	0.6146636432350718	0.6049886621315193	0.5476946334089191	0.5368102796674225
0.3708994708994709	0.5467876039304611	0.5207860922146637	0.44504913076341646	0.4214663643235072	0.45018896447467877	0.43673469387755104	0.4997732426303855	0.4834467120181406	0.48359788359788364	0.46953892668178393	0.4665154950869237	0.45502645502645506
0.509448223733938	0.344822373393802	0.32335600907029477	0.6250944822373394	0.6018140589569161	0.3906273620559335	0.3785336356764928	0.43461829176114886	0.41874527588813304	0.5224489795918368	0.5053665910808768	0.5783824640967498	0.5467876039304611
0.5127739984882842	0.5482993197278911	0.5362055933484505	0.561451247165533	0.5378684807256235	0.5324263038548753	0.5590325018896448	0.5922902494331066	0.6078609221466366	0.7324263038548753	0.707482993197279	0.4500377928949358	0.4309901738473167
0.36122448979591837	0.4820861678004535	0.46228269085411944	0.47346938775510206	0.4656084656084656	0.346031746031746	0.3469387755102041	0.36281179138321995	0.35525321239606955	0.2556311413454271	0.2716553287981859	0.3767195767195767	0.3783824640967498
0.44807256235827675	0.4396069538926682	0.47482993197278917	0.4347694633408919	0.4371882086167801	0.3239606953892668	0.32713529856386997	0.33953136810279666	0.36054421768707484	0.44807256235827664	0.4621315192743764	0.3507180650037792	0.3541950113378685
0.29554043839758126	0.3162509448223734	0.3528344671201814	0.41753590325018897	0.41814058956916095	0.5327286470143613	0.5434618291761149	0.4399092970521542	0.4616780045351474	0.40302343159486015	0.42736205593348453	0.3351473922902494	0.34739229024943313
0.37853363567649284	0.34572940287226006	0.3616024187452759	0.3785336356764928	0.39531368102796677	0.4061980347694633	0.399848828420257	0.39743008314436884	0.3945578231292517	0.4095238095238095	0.41768707482993206	0.43159486016628873	0.44882842025699177
0.4770975056689343	0.6278155706727135	0.581103552532124	0.5736961451247166	0.5605442176870749	0.6315948601662887	0.6039304610733183	0.6151171579743009	0.5848828420256992	0.6654572940287226	0.635222978080121	0.563869992441421	0.5490551776266062
0.5661375661375662	0.4979591836734695	0.5052154195011338	0.4805744520030234	0.4885865457294029	0.3892668178382464	0.41904761904761906	0.42947845804988666	0.46832955404383975	0.34542705971277404	0.3671957671957672	0.41753590325018897	0.4507936507936508
0.5060468631897204	0.5251700680272109	0.5135298563869992	0.5059712773998488	0.509901738473167	0.5337868480725624	0.5153439153439153	0.5291005291005292	0.5230536659108087	0.6606198034769463	0.6600151171579742	0.4890400604686319	0.472562358276644
0.4835222978080121	0.4612244897959183	0.4513983371126228	0.38458049886621315	0.39123204837490555	0.3055177626606198	0.3111111111111111	0.3059712773998488	0.31171579743008315	0.38820861678004526	0.41814058956916106	0.3417989417989419	0.3551020408163265
0.499092970521542	0.4396069538926682	0.39954648526077097	0.4309901738473167	0.41103552532123955	0.45366591080876795	0.4261526832955404	0.5067271352985638	0.47891156462585033	0.3148904006046863	0.29463340891912326	0.5233560090702948	0.5115646258503401
0.3412698412698413	0.44973544973544977	0.4356764928193499	0.39606953892668184	0.38639455782312926	0.40362811791383224	0.40196523053665906	0.37021919879062737	0.363265306122449	0.27634164777021925	0.273167044595616	0.44021164021164016	0.4340136054421769
0.46114890400604686	0.4105820105820106	0.4409674981103553	0.5009826152683295	0.5179138321995466	0.5408919123204837	0.5381708238851096	0.4955404383975813	0.4940287226001511	0.6462585034013605	0.6529100529100529	0.5862433862433863	0.6033257747543461
0.4250944822373393	0.5780801209372638	0.5868480725623582	0.3848828420256992	0.4099773242630385	0.5671957671957671	0.5622071050642479	0.6306878306878307	0.6311413454270596	0.5224489795918368	0.5253212396069539	0.510506424792139	0.5133786848072562
0.4958427815570673	0.42418745275888137	0.4349206349206349	0.5333333333333334	0.5333333333333334	0.5738473167044595	0.5694633408919124	0.5771730914588058	0.5664399092970522	0.48450491307634164	0.4904006046863191	0.5008314436885866	0.4959939531368103
0.6609977324263039	0.4199546485260771	0.42796674225245657	0.37188208616780044	0.3765684051398337	0.5847316704459562	0.5794406651549509	0.544066515495087	0.5339380196523054	0.48223733938019653	0.4625850340136054	0.4984126984126984	0.48012093726379435
0.4158730158730159	0.5433106575963718	0.5304610733182161	0.45230536659108084	0.4371882086167801	0.49826152683295544	0.47362055933484504	0.5641723356009071	0.5492063492063493	0.5133786848072562	0.4950869236583523	0.48405139833711264	0.48888888888888893
0.39614512471655333	0.2876795162509448	0.2613756613756614	0.4240362811791384	0.40725623582766446	0.5833711262282691	0.5596371882086167	0.579440665154951	0.5585789871504158	0.5286470143613	0.5062736205593349	0.5508692365835224	0.5478458049886621
0.37656840513983375	0.4690854119425548	0.5505668934240362	0.6541194255479971	0.6778533635676494	0.4625850340136054	0.5203325774754346	0.4577475434618291	0.5047619047619047	0.5153439153439153	0.5623582766439909	0.5321239606953893	0.5597883597883598
0.42857142857142855	0.5755102040816327	0.5626606198034769	0.5363567649281935	0.528042328042328	0.5044595616024188	0.491761148904006	0.5393801965230537	0.5298563869992442	0.5251700680272109	0.509901738473167	0.3925925925925926	0.3894179894179894
0.5019652305366591	0.47362055933484504	0.491005291005291	0.4500377928949358	0.45351473922902497	0.5342403628117914	0.5470899470899471	0.41859410430839006	0.44293272864701433	0.2666666666666667	0.3209372637944067	0.45411942554799695	0.4763416477702192
0.4346938775510205	0.4089191232048375	0.4117913832199546	0.5310657596371883	0.5374149659863946	0.4739229024943311	0.4964474678760393	0.4591080876795163	0.4712018140589569	0.6040816326530613	0.6111866969009827	0.4562358276643991	0.4684807256235827
0.5933484504913076	0.5764172335600908	0.6037792894935752	0.6665154950869236	0.6734693877551019	0.6019652305366591	0.6051398337112623	0.5922902494331066	0.602418745275888	0.5993953136810279	0.6031746031746031	0.6142101284958429	0.6276643990929706
0.5404383975812548	0.3443688586545729	0.35222978080120937	0.44278155706727135	0.4461073318216175	0.4727135298563869	0.4780045351473922	0.47966742252456535	0.47286470143613	0.4786092214663643	0.4819349962207105	0.46696900982615264	0.46379440665154953
0.5097505668934239	0.36538170823885113	0.45260770975056686	0.400302343159486	0.46394557823129245	0.5544973544973545	0.5599395313681027	0.6205593348450492	0.6158730158730159	0.5442176870748299	0.5552532123960695	0.3974300831443688	0.4504913076341648
0.5010582010582011	0.508238851095994	0.48450491307634164	0.46394557823129257	0.4513983371126228	0.39818594104308386	0.39108087679516246	0.43839758125472417	0.4249433106575964	0.41300075585789864	0.40695389266817833	0.3609977324263039	0.35631141345427053
0.31201814058956917	0.45971277399848826	0.4409674981103553	0.5206349206349207	0.5126228269085413	0.32940287226001513	0.32456538170823884	0.36659108087679515	0.363869992441421	0.4019652305366591	0.39743008314436884	0.42811791383219955	0.41723356009070295
0.6058201058201058	0.400907029478458	0.4058956916099774	0.4344671201814059	0.4477702191987906	0.3581254724111867	0.3613000755857899	0.3950113378684807	0.38881330309901735	0.4518518518518519	0.4442932728647014	0.3546485260770975	0.36235827664399095
0.4173091458805745	0.7133786848072563	0.7153439153439154	0.6199546485260771	0.6167800453514739	0.4804232804232805	0.4869236583522298	0.5567649281934995	0.5768707482993196	0.6207105064247922	0.6264550264550265	0.5374149659863945	0.5310657596371883
0.4307634164777022	0.4775510204081632	0.4591080876795163	0.3348450491307634	0.3071806500377929	0.44293272864701444	0.42297808012093724	0.5017384731670445	0.47876039304610735	0.326077097505669	0.30309901738473166	0.4447467876039305	0.42418745275888137
0.43854875283446704	0.45411942554799706	0.4474678760393046	0.5180650037792895	0.5017384731670447	0.47830687830687835	0.4651549508692366	0.4937263794406651	0.48571428571428565	0.4763416477702192	0.45411942554799695	0.4715041572184429	0.4515495086923659
0.391609977324263	0.6024187452758881	0.5596371882086169	0.6256991685563114	0.6075585789871505	0.6337112622826908	0.6152683295540438	0.6045351473922903	0.583371126228269	0.6101284958427815	0.5845804988662131	0.6857142857142857	0.6749811035525322
0.553363567649282	0.2916099773242631	0.3844293272864701	0.3371126228269085	0.4164777021919878	0.3953136810279668	0.44897959183673464	0.3797430083144369	0.4412698412698413	0.37702191987906275	0.4464096749811035	0.37218442932728646	0.4309901738473167
0.3121693121693122	0.5938019652305367	0.563265306122449	0.5504157218442932	0.5309145880574453	0.5792894935752079	0.5626606198034769	0.5563114134542706	0.5389266817838246	0.49962207105064244	0.49145880574452	0.5059712773998488	0.4855631141345427
0.300453514739229	0.3792894935752079	0.3909297052154196	0.510657596371882	0.5212396069538927	0.35631141345427053	0.36583522297808013	0.3535903250188965	0.36311413454270597	0.4916099773242631	0.4890400604686319	0.5427059712773998	0.5563114134542706
0.5439153439153439	0.6030234315948602	0.5659863945578232	0.4665154950869237	0.45381708238851093	0.48979591836734687	0.4808767951625095	0.49085411942554796	0.47422524565381713	0.48480725623582765	0.46712018140589573	0.5430083144368858	0.5210884353741496
0.3844293272864701	0.38125472411186695	0.40256991685563115	0.5197278911564627	0.5120181405895692	0.44837490551776266	0.43718820861678004	0.4495842781557068	0.4445956160241874	0.45396825396825397	0.4538170823885109	0.4046863189720332	0.4080120937263795
0.4885865457294029	0.43975812547241117	0.42690854119425553	0.2893424036281179	0.2858654572940287	0.4470143613000756	0.4353741496598639	0.36356764928193497	0.35162509448223733	0.38080120937263795	0.3644746787603931	0.2997732426303855	0.30415721844293275
0.3799697656840514	0.36795162509448226	0.4266061980347694	0.42252456538170824	0.45064247921390777	0.43280423280423275	0.4577475434618292	0.4055933484504912	0.43975812547241117	0.5047619047619047	0.508390022675737	0.45366591080876795	0.47105064247921397
0.473015873015873	0.45532879818594096	0.47785336356764924	0.4344671201814059	0.4500377928949358	0.43250188964474684	0.45789871504157215	0.382161753590325	0.4052910052910053	0.528344671201814	0.5362055933484504	0.4837490551776266	0.4993197278911564
0.49523809523809526	0.5794406651549509	0.6195011337868481	0.5356009070294785	0.5626606198034769	0.4893424036281179	0.5384731670445956	0.5310657596371883	0.5898715041572185	0.5136810279667423	0.5440665154950869	0.4928193499622071	0.5487528344671202
0.4721088435374149	0.4105820105820106	0.4270597127739985	0.545124716553288	0.546485260770975	0.618745275888133	0.600907029478458	0.6084656084656084	0.6061980347694634	0.4604686318972034	0.4616780045351473	0.49040060468631896	0.5000755857898715
0.2694633408919123	0.41844293272864697	0.5251700680272109	0.5827664399092971	0.6054421768707483	0.5963718820861679	0.6421768707482993	0.5705215419501134	0.6110355253212396	0.636281179138322	0.6890400604686319	0.5032501889644747	0.5599395313681028
0.5030234315948602	0.5613000755857899	0.564021164021164	0.47422524565381713	0.4746787603930461	0.40997732426303857	0.4102796674225246	0.4258503401360544	0.4312925170068027	0.37067271352985637	0.3873015873015873	0.508087679516251	0.5050642479213907
0.40445956160241875	0.4577475434618292	0.4312925170068027	0.5139833711262283	0.49947089947089945	0.4742252456538171	0.4619803476946334	0.5817082388510959	0.5736961451247167	0.5808012093726379	0.563265306122449	0.5340891912320483	0.5167044595616024
0.4303854875283447	0.5927437641723355	0.5785336356764927	0.6072562358276643	0.6033257747543462	0.52713529856387	0.5123204837490551	0.5393801965230536	0.5348450491307634	0.5256235827664398	0.5229024943310657	0.5413454270597128	0.5360544217687074
0.5261526832955404	0.45759637188208613	0.4616780045351474	0.5368102796674225	0.5386243386243386	0.5315192743764172	0.5312169312169311	0.5570672713529856	0.5526832955404384	0.40151171579743006	0.41798941798941797	0.5393801965230537	0.5384731670445956
0.5077853363567649	0.4669690098261527	0.4258503401360544	0.5062736205593349	0.47180650037792893	0.5038548752834467	0.491912320483749	0.4600151171579743	0.4458049886621315	0.4828420256991686	0.47906273620559325	0.46500377928949355	0.4448979591836736
0.437339380196523	0.5765684051398338	0.5684051398337113	0.37369614512471655	0.4052910052910053	0.5304610733182161	0.5289493575207862	0.545427059712774	0.5452758881330311	0.4704459561602419	0.4802721088435374	0.43204837490551773	0.4510959939531368
0.5907785336356766	0.5516250944822374	0.545880574452003	0.48012093726379435	0.4964474678760393	0.5762660619803477	0.5794406651549509	0.5832199546485259	0.5761148904006046	0.6139077853363567	0.6142101284958429	0.4698412698412698	0.4778533635676493
0.4582010582010582	0.5351473922902494	0.5605442176870749	0.5254724111866969	0.5505668934240363	0.5786848072562358	0.5854875283446711	0.5622071050642479	0.5729402872260015	0.49478458049886614	0.5038548752834467	0.5854875283446712	0.6117913832199546
0.5541950113378684	0.3901738473167044	0.39667422524565377	0.32985638699924413	0.32819349962207106	0.4102796674225246	0.41300075585789875	0.35903250188964475	0.3711262282690854	0.492214663643235	0.4823885109599395	0.5018896447467875	0.5023431594860166
0.3925170068027211	0.44414210128495846	0.4975056689342404	0.4888888888888888	0.5301587301587302	0.47936507936507944	0.5167044595616024	0.38110355253212397	0.45820105820105816	0.36175359032501897	0.4317460317460317	0.5274376417233559	0.5603930461073318
0.5248677248677249	0.4704459561602419	0.4681783824640968	0.6000000000000001	0.6031746031746031	0.5886621315192744	0.5848828420256992	0.5581254724111868	0.5597883597883598	0.50854119425548	0.5221466364323508	0.5257747543461828	0.5233560090702948
0.45850340136054424	0.42993197278911566	0.4678760393046108	0.4653061224489797	0.46802721088435373	0.48526077097505665	0.4767951625094482	0.4758881330309902	0.4672713529856387	0.49947089947089945	0.5056689342403629	0.545880574452003	0.5543461829176115
0.4993197278911564	0.3528344671201814	0.3561602418745276	0.4	0.400151171579743	0.40725623582766446	0.41466364323507177	0.4405139833711262	0.43386243386243384	0.436281179138322	0.4247921390778534	0.5241118669690098	0.5160997732426305
0.36507936507936506	0.3798941798941799	0.3941043083900227	0.3387755102040816	0.35585789871504153	0.3008314436885865	0.308994708994709	0.3659863945578231	0.36931216931216937	0.3443688586545729	0.36190476190476184	0.35752078609221466	0.3564625850340136
0.5369614512471654	0.49629629629629635	0.5260770975056689	0.46455026455026455	0.48934240362811793	0.4837490551776266	0.5012849584278155	0.4869236583522298	0.5044595616024188	0.38306878306878306	0.39833711262282695	0.436432350718065	0.46878306878306875
0.4746031746031747	0.42842025699168557	0.4486772486772487	0.3743008314436886	0.3954648526077097	0.35222978080120937	0.3791383219954648	0.34255479969765684	0.3652305366591081	0.42917611489040064	0.44852607709750564	0.41284958427815577	0.4226757369614512
0.535827664399093	0.3668934240362812	0.35993953136810275	0.36205593348450493	0.36145124716553295	0.4061980347694633	0.4015117157974301	0.3931972789115647	0.3801965230536659	0.42343159486016635	0.4166288737717309	0.48873771730914584	0.4612244897959184
0.4582010582010582	0.3167044595616024	0.33454270597127744	0.35268329554043837	0.36220710506424786	0.37944066515495084	0.3862433862433862	0.4052910052910053	0.41375661375661377	0.544520030234316	0.5310657596371883	0.42116402116402113	0.4101284958427815
0.4646258503401361	0.5502645502645503	0.5501133786848073	0.5547996976568406	0.5452758881330311	0.5062736205593349	0.4893424036281179	0.509448223733938	0.4932728647014361	0.6068027210884354	0.5857898715041572	0.5587301587301587	0.5476946334089192
0.3551020408163265	0.5708238851095995	0.5895691609977325	0.5525321239606954	0.5428571428571429	0.4473167044595616	0.4507936507936508	0.4386999244142101	0.435978835978836	0.5523809523809524	0.5448223733938019	0.5224489795918367	0.5056689342403627
0.23371126228269085	0.4523053665910809	0.4455026455026455	0.4157218442932729	0.39395313681027966	0.4858654572940287	0.47966742252456546	0.39848828420257	0.3948601662887377	0.5204837490551777	0.5035525321239607	0.6557823129251701	0.6290249433106576
0.5482993197278911	0.36795162509448226	0.3446712018140589	0.27860922146636435	0.26666666666666666	0.39516250944822373	0.37309145880574457	0.3263794406651549	0.30445956160241877	0.4033257747543463	0.3756613756613757	0.4359788359788359	0.4126984126984127
0.5183673469387756	0.48873771730914584	0.44293272864701444	0.5309145880574452	0.5041572184429327	0.48450491307634164	0.45941043083900224	0.563567649281935	0.5300075585789872	0.5312169312169311	0.5021919879062737	0.5009826152683295	0.473771730914588
0.6782312925170068	0.4306878306878307	0.4054421768707483	0.4881330309901738	0.46409674981103555	0.3786848072562359	0.3746031746031746	0.39455782312925164	0.39259259259259255	0.36009070294784584	0.35631141345427053	0.3340891912320484	0.31776266061980346
0.545427059712774	0.5360544217687073	0.617233560090703	0.4911564625850341	0.5514739229024943	0.6285714285714286	0.6763416477702192	0.5942554799697657	0.6465608465608466	0.5002267573696144	0.5696145124716553	0.6356764928193499	0.6527588813303098
0.42509448223733937	0.5284958427815571	0.48888888888888893	0.5711262282690853	0.5499622071050643	0.5055177626606199	0.49040060468631896	0.5212396069538927	0.5130763416477702	0.5266817838246409	0.509750566893424	0.5632653061224488	0.5455782312925171
0.32524565381708237	0.473771730914588	0.472562358276644	0.42071050642479213	0.41783824640967493	0.3309145880574452	0.3351473922902495	0.35479969765684055	0.36568405139833715	0.31186696900982613	0.3300075585789871	0.29901738473167044	0.308238851095994
0.4468631897203325	0.3679516250944822	0.3789871504157218	0.273015873015873	0.28329554043839755	0.3470899470899471	0.3414965986394558	0.3856386999244142	0.38155706727135297	0.40120937263794404	0.3924414210128496	0.2582010582010582	0.271504157218443
0.4158730158730159	0.39077853363567655	0.44368858654572935	0.5212396069538927	0.5495086923658352	0.4672713529856387	0.4937263794406651	0.47528344671201805	0.5123204837490551	0.5165532879818593	0.5330309901738473	0.5269841269841271	0.5516250944822373
0.3253212396069539	0.4937263794406651	0.4920634920634921	0.5176114890400605	0.5092970521541951	0.43945578231292515	0.43340891912320484	0.4266061980347694	0.4188964474678761	0.4698412698412698	0.46334089191232053	0.5868480725623583	0.5700680272108843
0.49040060468631896	0.4474678760393046	0.454724111866969	0.4881330309901738	0.49659863945578236	0.4302343159486016	0.4260015117157974	0.44308390022675737	0.4461073318216175	0.3222978080120938	0.3331821617535903	0.5266817838246409	0.5345427059712773
0.45177626606198035	0.3424036281179138	0.3191232048374905	0.4663643235071806	0.4494331065759637	0.45064247921390777	0.4253968253968254	0.4591080876795163	0.4408163265306122	0.3862433862433862	0.3585789871504158	0.3895691609977324	0.37883597883597886
0.5028722600151172	0.4577475434618292	0.4075585789871504	0.455631141345427	0.4353741496598639	0.4154195011337868	0.39289493575207857	0.3975812547241119	0.35933484504913077	0.4938775510204082	0.45275888133030984	0.3857898715041572	0.36885865457294026
0.4400604686318973	0.4142101284958429	0.472411186696901	0.3938019652305367	0.4504913076341648	0.4054421768707483	0.45668934240362813	0.34678760393046104	0.4089191232048375	0.3575207860922147	0.43416477702191986	0.4448979591836735	0.4967498110355254
0.6146636432350718	0.6034769463340892	0.5779289493575208	0.4306878306878307	0.4087679516250945	0.41330309901738477	0.4031746031746032	0.5082388510959939	0.49523809523809526	0.3829176114890401	0.3656840513983371	0.327588813303099	0.3079365079365079
0.6278155706727134	0.4544217687074831	0.5782312925170069	0.5043083900226758	0.5839758125472411	0.5153439153439153	0.5966742252456539	0.4814814814814815	0.5591836734693878	0.5132275132275133	0.6123960695389268	0.48359788359788364	0.5597883597883598
0.3510959939531368	0.5789871504157219	0.598185941043084	0.5067271352985638	0.5053665910808769	0.4781557067271353	0.4813303099017386	0.49040060468631896	0.49009826152683295	0.44429327286470144	0.44383975812547244	0.49523809523809526	0.49055177626606195
0.3755102040816327	0.5085411942554801	0.4811791383219955	0.4872260015117158	0.4719576719576719	0.5328798185941043	0.5123204837490551	0.6019652305366592	0.582464096749811	0.4408163265306123	0.42252456538170835	0.5046107331821618	0.48904006046863185
0.4793650793650793	0.41300075585789864	0.3747543461829176	0.44247921390778533	0.41375661375661377	0.5508692365835224	0.5345427059712774	0.43779289493575213	0.4249433106575964	0.5328798185941043	0.5086923658352229	0.37052154195011333	0.3578231292517007
0.34663643235071806	0.4394557823129251	0.44988662131519275	0.3421012849584278	0.35374149659863946	0.42766439909297055	0.42690854119425553	0.4054421768707484	0.4057445200302344	0.43552532123960697	0.4530612244897959	0.4210128495842782	0.41300075585789875
0.47543461829176115	0.5479969765684051	0.5117157974300831	0.401360544217687	0.3708238851095994	0.3833711262282691	0.3613000755857898	0.44278155706727135	0.41390778533635675	0.6848072562358277	0.6488284202569916	0.3847316704459562	0.3578231292517007
0.525472411186697	0.4993197278911564	0.5352985638699924	0.5294028722600151	0.5455782312925169	0.49916855631141355	0.49992441421012845	0.4568405139833711	0.46303854875283446	0.5554043839758126	0.5806500377928949	0.41950113378684806	0.43794406651549506
0.3982615268329554	0.3942554799697656	0.3744520030234316	0.3596371882086168	0.3691609977324263	0.47739984882842024	0.47482993197278917	0.4876795162509448	0.47830687830687824	0.3900226757369615	0.37656840513983364	0.34240362811791386	0.3371126228269085
0.575283446712018	0.36659108087679515	0.3963718820861678	0.4314436885865457	0.45744520030234315	0.39622071050642477	0.40377928949357517	0.4465608465608466	0.44807256235827664	0.47271352985638704	0.4722600151171579	0.40272108843537413	0.40680272108843535
0.3936507936507937	0.3944066515495086	0.400151171579743	0.43749055177626606	0.44701436130007555	0.41587301587301584	0.44459561602418746	0.41209372637944064	0.4244897959183673	0.4146636432350719	0.4411186696900983	0.40075585789871504	0.40166288737717315
0.3622071050642479	0.43310657596371877	0.43567649281935	0.41300075585789864	0.40816326530612246	0.46228269085411944	0.4591080876795163	0.4976568405139835	0.49040060468631896	0.5479969765684051	0.5362055933484505	0.3986394557823129	0.40907029478458046
0.40166288737717315	0.2822373393801966	0.4019652305366591	0.5159486016628874	0.5750566893424036	0.5088435374149659	0.5427059712773998	0.4591080876795163	0.5162509448223733	0.5212396069538927	0.5659863945578232	0.41783824640967493	0.47437641723356005
0.5345427059712774	0.598034769463341	0.5921390778533635	0.46969009826152686	0.4846560846560847	0.5304610733182162	0.5183673469387755	0.5427059712774	0.5348450491307635	0.4962962962962963	0.49009826152683295	0.4769463340891913	0.4819349962207105
0.526530612244898	0.5052154195011338	0.4975056689342404	0.5495086923658352	0.5414965986394559	0.5980347694633409	0.5792894935752079	0.6099773242630386	0.5915343915343916	0.6642479213907786	0.6455026455026454	0.6126984126984126	0.6130007558578988
0.36946334089191235	0.5619047619047619	0.5859410430839003	0.5105064247921391	0.5218442932728646	0.5764172335600907	0.5785336356764927	0.5804988662131519	0.5968253968253967	0.5566137566137567	0.5508692365835224	0.5492063492063493	0.5525321239606953
