donor	y	prob	embedding	model	subclass
H19.33.004	0	0.5893216578868026	none	covariates	all
H20.33.001	0	0.6679436904212274	none	covariates	all
H20.33.002	0	0.7529355007411291	none	covariates	all
H20.33.004	1	0.9528750235363814	none	covariates	all
H20.33.005	1	0.7530198120365876	none	covariates	all
H20.33.008	1	0.9837039513110509	none	covariates	all
H20.33.011	1	0.9567108639371487	none	covariates	all
H20.33.012	0	0.7584028070163195	none	covariates	all
H20.33.013	1	0.6876938050887057	none	covariates	all
H20.33.014	1	0.6347215173039469	none	covariates	all
H20.33.015	1	0.6904098358984909	none	covariates	all
H20.33.016	1	0.7951253080980164	none	covariates	all
H20.33.017	1	0.4410790301645138	none	covariates	all
H20.33.018	1	0.9265744277628917	none	covariates	all
H20.33.019	1	0.9736465861190531	none	covariates	all
H20.33.020	1	0.9951291378846369	none	covariates	all
H20.33.024	1	0.5281906349535548	none	covariates	all
H20.33.025	1	0.7068877170665934	none	covariates	all
H20.33.026	1	0.9916780309183448	none	covariates	all
H20.33.027	1	0.8019631711482752	none	covariates	all
H20.33.028	1	0.7068512356629466	none	covariates	all
H20.33.029	1	0.6711539430336816	none	covariates	all
H20.33.030	1	0.9372924676178069	none	covariates	all
H20.33.031	1	0.5939191352990892	none	covariates	all
H20.33.032	1	0.6324119339638915	none	covariates	all
H20.33.033	1	0.3740867657577411	none	covariates	all
H20.33.034	1	0.6296338360350376	none	covariates	all
H20.33.035	0	0.7662584766744526	none	covariates	all
H20.33.036	1	0.7341281624535083	none	covariates	all
H20.33.037	1	0.6674497216005464	none	covariates	all
H20.33.038	1	0.8120547583405857	none	covariates	all
H20.33.039	1	0.744374026694954	none	covariates	all
H20.33.040	1	0.5886216950255967	none	covariates	all
H20.33.041	1	0.6499811884581621	none	covariates	all
H20.33.043	1	0.9948629169115417	none	covariates	all
H20.33.044	0	0.5756971714797123	none	covariates	all
H20.33.045	1	0.9927171362925291	none	covariates	all
H20.33.046	1	0.6744073135378805	none	covariates	all
H21.33.001	0	0.7271259213369378	none	covariates	all
H21.33.002	1	0.8911046527004076	none	covariates	all
H21.33.003	0	0.6265234429713445	none	covariates	all
H21.33.004	0	0.6844317336012719	none	covariates	all
H21.33.005	1	0.6757902660179458	none	covariates	all
H21.33.006	1	0.9665965434225182	none	covariates	all
H21.33.007	1	0.5395980726906634	none	covariates	all
H21.33.008	1	0.6783880019831924	none	covariates	all
H21.33.009	1	0.9907094720969143	none	covariates	all
H21.33.010	1	0.678056490114569	none	covariates	all
H21.33.011	0	0.595354924336745	none	covariates	all
H21.33.012	1	0.9439872366136249	none	covariates	all
H21.33.013	1	0.9542901232207799	none	covariates	all
H21.33.014	1	0.6027977867603348	none	covariates	all
H21.33.015	0	0.708836743520482	none	covariates	all
H21.33.016	0	0.6763846817804524	none	covariates	all
H21.33.017	1	0.5859540509738798	none	covariates	all
H21.33.018	0	0.6550192808572329	none	covariates	all
H21.33.019	0	0.7624756852346144	none	covariates	all
H21.33.020	1	0.5380787435026642	none	covariates	all
H21.33.021	1	0.6793391117510086	none	covariates	all
H21.33.022	1	0.511700449024237	none	covariates	all
H21.33.023	0	0.7831460059415701	none	covariates	all
H21.33.025	1	0.6206293633281227	none	covariates	all
H21.33.026	1	0.9490222488771136	none	covariates	all
H21.33.027	1	0.9517271169560579	none	covariates	all
H21.33.028	0	0.5253369732425629	none	covariates	all
H21.33.029	1	0.9523195198547668	none	covariates	all
H21.33.030	1	0.9404080284766458	none	covariates	all
H21.33.031	1	0.9345954987871146	none	covariates	all
H21.33.032	0	0.7132856454352114	none	covariates	all
H21.33.033	1	0.9423456053540382	none	covariates	all
H21.33.034	1	0.9545129101772355	none	covariates	all
H21.33.035	1	0.6261502253472506	none	covariates	all
H21.33.036	1	0.6138910711602291	none	covariates	all
H21.33.037	0	0.6656883714039837	none	covariates	all
H21.33.038	0	0.6765400130533571	none	covariates	all
H21.33.039	1	0.6305363512167824	none	covariates	all
H21.33.040	1	0.9350805736777315	none	covariates	all
H21.33.041	0	0.7473556339021364	none	covariates	all
H21.33.042	1	0.9962827628170764	none	covariates	all
H21.33.043	0	0.6815044919227642	none	covariates	all
H21.33.044	1	0.6163372078118365	none	covariates	all
H21.33.045	1	0.9539356900067573	none	covariates	all
H21.33.046	1	0.6164676238326193	none	covariates	all
H21.33.047	1	0.5673322192883248	none	covariates	all
H19.33.004	0	0.8455233621797829	gf_random_v2_104m_cls	per_subclass	Astrocyte
H20.33.001	0	0.8167602211162677	gf_random_v2_104m_cls	per_subclass	Astrocyte
H20.33.002	0	0.7503543099086887	gf_random_v2_104m_cls	per_subclass	Astrocyte
H20.33.004	1	0.7858420419944538	gf_random_v2_104m_cls	per_subclass	Astrocyte
H20.33.005	1	0.6858716037600769	gf_random_v2_104m_cls	per_subclass	Astrocyte
H20.33.008	1	0.7543410478205057	gf_random_v2_104m_cls	per_subclass	Astrocyte
H20.33.011	1	0.6358744522932265	gf_random_v2_104m_cls	per_subclass	Astrocyte
H20.33.012	0	0.8049097768701848	gf_random_v2_104m_cls	per_subclass	Astrocyte
H20.33.013	1	0.7836330680186766	gf_random_v2_104m_cls	per_subclass	Astrocyte
H20.33.014	1	0.6615922744770628	gf_random_v2_104m_cls	per_subclass	Astrocyte
H20.33.015	1	0.7331264478056894	gf_random_v2_104m_cls	per_subclass	Astrocyte
H20.33.016	1	0.737525801235283	gf_random_v2_104m_cls	per_subclass	Astrocyte
H20.33.017	1	0.837064232598722	gf_random_v2_104m_cls	per_subclass	Astrocyte
H20.33.018	1	0.8442537999214241	gf_random_v2_104m_cls	per_subclass	Astrocyte
H20.33.019	1	0.7761423583067184	gf_random_v2_104m_cls	per_subclass	Astrocyte
H20.33.020	1	0.7892943632258771	gf_random_v2_104m_cls	per_subclass	Astrocyte
H20.33.024	1	0.6819257008811049	gf_random_v2_104m_cls	per_subclass	Astrocyte
H20.33.025	1	0.7308960764705288	gf_random_v2_104m_cls	per_subclass	Astrocyte
H20.33.026	1	0.7219864901437985	gf_random_v2_104m_cls	per_subclass	Astrocyte
H20.33.027	1	0.7761407324765666	gf_random_v2_104m_cls	per_subclass	Astrocyte
H20.33.028	1	0.796514494718103	gf_random_v2_104m_cls	per_subclass	Astrocyte
H20.33.029	1	0.7455975339124901	gf_random_v2_104m_cls	per_subclass	Astrocyte
H20.33.030	1	0.6505531765411531	gf_random_v2_104m_cls	per_subclass	Astrocyte
H20.33.031	1	0.7678665548329928	gf_random_v2_104m_cls	per_subclass	Astrocyte
H20.33.032	1	0.5821648038953535	gf_random_v2_104m_cls	per_subclass	Astrocyte
H20.33.033	1	0.9454563276967592	gf_random_v2_104m_cls	per_subclass	Astrocyte
H20.33.034	1	0.6173948042016357	gf_random_v2_104m_cls	per_subclass	Astrocyte
H20.33.035	0	0.8163803590279061	gf_random_v2_104m_cls	per_subclass	Astrocyte
H20.33.036	1	0.9083200195580542	gf_random_v2_104m_cls	per_subclass	Astrocyte
H20.33.037	1	0.9386723498287337	gf_random_v2_104m_cls	per_subclass	Astrocyte
H20.33.038	1	0.7659107804940777	gf_random_v2_104m_cls	per_subclass	Astrocyte
H20.33.039	1	0.7308121077868327	gf_random_v2_104m_cls	per_subclass	Astrocyte
H20.33.040	1	0.7220235838636697	gf_random_v2_104m_cls	per_subclass	Astrocyte
H20.33.041	1	0.6135995543610908	gf_random_v2_104m_cls	per_subclass	Astrocyte
H20.33.043	1	0.7309431524725986	gf_random_v2_104m_cls	per_subclass	Astrocyte
H20.33.044	0	0.7075012102394297	gf_random_v2_104m_cls	per_subclass	Astrocyte
H20.33.045	1	0.8623304778923881	gf_random_v2_104m_cls	per_subclass	Astrocyte
H20.33.046	1	0.7746200454504992	gf_random_v2_104m_cls	per_subclass	Astrocyte
H21.33.001	0	0.9189494491975468	gf_random_v2_104m_cls	per_subclass	Astrocyte
H21.33.002	1	0.6726939248394354	gf_random_v2_104m_cls	per_subclass	Astrocyte
H21.33.003	0	0.7518272012841304	gf_random_v2_104m_cls	per_subclass	Astrocyte
H21.33.004	0	0.7369561911330674	gf_random_v2_104m_cls	per_subclass	Astrocyte
H21.33.005	1	0.8197914231922715	gf_random_v2_104m_cls	per_subclass	Astrocyte
H21.33.006	1	0.7128051047961669	gf_random_v2_104m_cls	per_subclass	Astrocyte
H21.33.007	1	0.7462371290342862	gf_random_v2_104m_cls	per_subclass	Astrocyte
H21.33.008	1	0.7747858119117487	gf_random_v2_104m_cls	per_subclass	Astrocyte
H21.33.009	1	0.6997753508048926	gf_random_v2_104m_cls	per_subclass	Astrocyte
H21.33.010	1	0.7978536437326864	gf_random_v2_104m_cls	per_subclass	Astrocyte
H21.33.011	0	0.6406628537950312	gf_random_v2_104m_cls	per_subclass	Astrocyte
H21.33.012	1	0.6619619330756407	gf_random_v2_104m_cls	per_subclass	Astrocyte
H21.33.013	1	0.7979767845664231	gf_random_v2_104m_cls	per_subclass	Astrocyte
H21.33.014	1	0.692236165264124	gf_random_v2_104m_cls	per_subclass	Astrocyte
H21.33.015	0	0.726720051594093	gf_random_v2_104m_cls	per_subclass	Astrocyte
H21.33.016	0	0.751447235061329	gf_random_v2_104m_cls	per_subclass	Astrocyte
H21.33.017	1	0.7601446043770208	gf_random_v2_104m_cls	per_subclass	Astrocyte
H21.33.018	0	0.7143258007400545	gf_random_v2_104m_cls	per_subclass	Astrocyte
H21.33.019	0	0.9028956987399624	gf_random_v2_104m_cls	per_subclass	Astrocyte
H21.33.020	1	0.9261277717724414	gf_random_v2_104m_cls	per_subclass	Astrocyte
H21.33.021	1	0.6659400661379766	gf_random_v2_104m_cls	per_subclass	Astrocyte
H21.33.022	1	0.8194742333491254	gf_random_v2_104m_cls	per_subclass	Astrocyte
H21.33.023	0	0.774624689669972	gf_random_v2_104m_cls	per_subclass	Astrocyte
H21.33.025	1	0.6294941117807499	gf_random_v2_104m_cls	per_subclass	Astrocyte
H21.33.026	1	0.6617922040087143	gf_random_v2_104m_cls	per_subclass	Astrocyte
H21.33.027	1	0.6659330921863672	gf_random_v2_104m_cls	per_subclass	Astrocyte
H21.33.028	0	0.883867537848069	gf_random_v2_104m_cls	per_subclass	Astrocyte
H21.33.029	1	0.7569741091067862	gf_random_v2_104m_cls	per_subclass	Astrocyte
H21.33.030	1	0.7593138576598916	gf_random_v2_104m_cls	per_subclass	Astrocyte
H21.33.031	1	0.6656751715009338	gf_random_v2_104m_cls	per_subclass	Astrocyte
H21.33.032	0	0.7236775769118907	gf_random_v2_104m_cls	per_subclass	Astrocyte
H21.33.033	1	0.6256401123257381	gf_random_v2_104m_cls	per_subclass	Astrocyte
H21.33.034	1	0.8838322935400887	gf_random_v2_104m_cls	per_subclass	Astrocyte
H21.33.035	1	0.7739956574141227	gf_random_v2_104m_cls	per_subclass	Astrocyte
H21.33.036	1	0.7371930723167294	gf_random_v2_104m_cls	per_subclass	Astrocyte
H21.33.037	0	0.7923881500394192	gf_random_v2_104m_cls	per_subclass	Astrocyte
H21.33.038	0	0.7859355863623128	gf_random_v2_104m_cls	per_subclass	Astrocyte
H21.33.039	1	0.7993422961417783	gf_random_v2_104m_cls	per_subclass	Astrocyte
H21.33.040	1	0.8328987019504815	gf_random_v2_104m_cls	per_subclass	Astrocyte
H21.33.041	0	0.8140482459032601	gf_random_v2_104m_cls	per_subclass	Astrocyte
H21.33.042	1	0.7539253226617642	gf_random_v2_104m_cls	per_subclass	Astrocyte
H21.33.043	0	0.7947284870849054	gf_random_v2_104m_cls	per_subclass	Astrocyte
H21.33.044	1	0.8914662762591155	gf_random_v2_104m_cls	per_subclass	Astrocyte
H21.33.045	1	0.8799406273880919	gf_random_v2_104m_cls	per_subclass	Astrocyte
H21.33.046	1	0.726247482959713	gf_random_v2_104m_cls	per_subclass	Astrocyte
H21.33.047	1	0.6337348847407271	gf_random_v2_104m_cls	per_subclass	Astrocyte
H19.33.004	0	0.9323789901838386	gf_random_v2_104m_cls	per_subclass	Chandelier
H20.33.001	0	0.882167201244567	gf_random_v2_104m_cls	per_subclass	Chandelier
H20.33.002	0	0.7508715079754416	gf_random_v2_104m_cls	per_subclass	Chandelier
H20.33.004	1	0.7577720097444638	gf_random_v2_104m_cls	per_subclass	Chandelier
H20.33.005	1	0.7520660808184192	gf_random_v2_104m_cls	per_subclass	Chandelier
H20.33.008	1	0.7328190959793388	gf_random_v2_104m_cls	per_subclass	Chandelier
H20.33.011	1	0.6384902573105404	gf_random_v2_104m_cls	per_subclass	Chandelier
H20.33.012	0	0.6440788152483574	gf_random_v2_104m_cls	per_subclass	Chandelier
H20.33.013	1	0.43738315346123713	gf_random_v2_104m_cls	per_subclass	Chandelier
H20.33.014	1	0.6715121715860976	gf_random_v2_104m_cls	per_subclass	Chandelier
H20.33.015	1	0.8356830034109629	gf_random_v2_104m_cls	per_subclass	Chandelier
H20.33.016	1	0.8124617441193781	gf_random_v2_104m_cls	per_subclass	Chandelier
H20.33.017	1	0.9034711894871856	gf_random_v2_104m_cls	per_subclass	Chandelier
H20.33.018	1	0.8937862425362859	gf_random_v2_104m_cls	per_subclass	Chandelier
H20.33.019	1	0.8515294280671108	gf_random_v2_104m_cls	per_subclass	Chandelier
H20.33.020	1	0.9008535270548006	gf_random_v2_104m_cls	per_subclass	Chandelier
H20.33.024	1	0.4794102230336307	gf_random_v2_104m_cls	per_subclass	Chandelier
H20.33.025	1	0.6999619777747451	gf_random_v2_104m_cls	per_subclass	Chandelier
H20.33.026	1	0.5632376208365628	gf_random_v2_104m_cls	per_subclass	Chandelier
H20.33.027	1	0.6140787608802163	gf_random_v2_104m_cls	per_subclass	Chandelier
H20.33.028	1	0.9752574010170983	gf_random_v2_104m_cls	per_subclass	Chandelier
H20.33.029	1	0.5632158336934283	gf_random_v2_104m_cls	per_subclass	Chandelier
H20.33.030	1	0.679155114764155	gf_random_v2_104m_cls	per_subclass	Chandelier
H20.33.031	1	0.5827586661197992	gf_random_v2_104m_cls	per_subclass	Chandelier
H20.33.032	1	0.6562106764715988	gf_random_v2_104m_cls	per_subclass	Chandelier
H20.33.033	1	0.8554796939901527	gf_random_v2_104m_cls	per_subclass	Chandelier
H20.33.034	1	0.6185949849559205	gf_random_v2_104m_cls	per_subclass	Chandelier
H20.33.035	0	0.7033730016775179	gf_random_v2_104m_cls	per_subclass	Chandelier
H20.33.036	1	0.9119045166373182	gf_random_v2_104m_cls	per_subclass	Chandelier
H20.33.037	1	0.8488288900273373	gf_random_v2_104m_cls	per_subclass	Chandelier
H20.33.039	1	0.7406885978713419	gf_random_v2_104m_cls	per_subclass	Chandelier
H20.33.040	1	0.6735839174608331	gf_random_v2_104m_cls	per_subclass	Chandelier
H20.33.041	1	0.7782521207459233	gf_random_v2_104m_cls	per_subclass	Chandelier
H20.33.043	1	0.6597116302034942	gf_random_v2_104m_cls	per_subclass	Chandelier
H20.33.044	0	0.7787312807123544	gf_random_v2_104m_cls	per_subclass	Chandelier
H20.33.045	1	0.9513305292109724	gf_random_v2_104m_cls	per_subclass	Chandelier
H20.33.046	1	0.8381637625978564	gf_random_v2_104m_cls	per_subclass	Chandelier
H21.33.001	0	0.47499801788992474	gf_random_v2_104m_cls	per_subclass	Chandelier
H21.33.002	1	0.7158960082524677	gf_random_v2_104m_cls	per_subclass	Chandelier
H21.33.003	0	0.7620146128296386	gf_random_v2_104m_cls	per_subclass	Chandelier
H21.33.004	0	0.5597501882716079	gf_random_v2_104m_cls	per_subclass	Chandelier
H21.33.005	1	0.9126873615105954	gf_random_v2_104m_cls	per_subclass	Chandelier
H21.33.006	1	0.5450370381026421	gf_random_v2_104m_cls	per_subclass	Chandelier
H21.33.007	1	0.7094495473525891	gf_random_v2_104m_cls	per_subclass	Chandelier
H21.33.008	1	0.7204996393155104	gf_random_v2_104m_cls	per_subclass	Chandelier
H21.33.009	1	0.8786211028308732	gf_random_v2_104m_cls	per_subclass	Chandelier
H21.33.010	1	0.8582328538188679	gf_random_v2_104m_cls	per_subclass	Chandelier
H21.33.011	0	0.6978204694728601	gf_random_v2_104m_cls	per_subclass	Chandelier
H21.33.012	1	0.6514807258981744	gf_random_v2_104m_cls	per_subclass	Chandelier
H21.33.013	1	0.8634674799020138	gf_random_v2_104m_cls	per_subclass	Chandelier
H21.33.014	1	0.7274240734327518	gf_random_v2_104m_cls	per_subclass	Chandelier
H21.33.015	0	0.7298086579521109	gf_random_v2_104m_cls	per_subclass	Chandelier
H21.33.016	0	0.7079583370461904	gf_random_v2_104m_cls	per_subclass	Chandelier
H21.33.017	1	0.7252822079757897	gf_random_v2_104m_cls	per_subclass	Chandelier
H21.33.018	0	0.7809917909719344	gf_random_v2_104m_cls	per_subclass	Chandelier
H21.33.019	0	0.6725066512527252	gf_random_v2_104m_cls	per_subclass	Chandelier
H21.33.021	1	0.7100944513323618	gf_random_v2_104m_cls	per_subclass	Chandelier
H21.33.022	1	0.7965146137891561	gf_random_v2_104m_cls	per_subclass	Chandelier
H21.33.023	0	0.6412901284108237	gf_random_v2_104m_cls	per_subclass	Chandelier
H21.33.025	1	0.8720710427901187	gf_random_v2_104m_cls	per_subclass	Chandelier
H21.33.026	1	0.9078600136879382	gf_random_v2_104m_cls	per_subclass	Chandelier
H21.33.027	1	0.6644323762797385	gf_random_v2_104m_cls	per_subclass	Chandelier
H21.33.028	0	0.8833023186729845	gf_random_v2_104m_cls	per_subclass	Chandelier
H21.33.029	1	0.8407281558353213	gf_random_v2_104m_cls	per_subclass	Chandelier
H21.33.030	1	0.7007662970667698	gf_random_v2_104m_cls	per_subclass	Chandelier
H21.33.031	1	0.8941741144159968	gf_random_v2_104m_cls	per_subclass	Chandelier
H21.33.032	0	0.6494171900671427	gf_random_v2_104m_cls	per_subclass	Chandelier
H21.33.033	1	0.9079196923192201	gf_random_v2_104m_cls	per_subclass	Chandelier
H21.33.035	1	0.8676166802076052	gf_random_v2_104m_cls	per_subclass	Chandelier
H21.33.036	1	0.6337907414521464	gf_random_v2_104m_cls	per_subclass	Chandelier
H21.33.037	0	0.5687166012643714	gf_random_v2_104m_cls	per_subclass	Chandelier
H21.33.038	0	0.9019489270798372	gf_random_v2_104m_cls	per_subclass	Chandelier
H21.33.039	1	0.8590292743235658	gf_random_v2_104m_cls	per_subclass	Chandelier
H21.33.040	1	0.7854800136167134	gf_random_v2_104m_cls	per_subclass	Chandelier
H21.33.041	0	0.8308378074181946	gf_random_v2_104m_cls	per_subclass	Chandelier
H21.33.042	1	0.9227805134443263	gf_random_v2_104m_cls	per_subclass	Chandelier
H21.33.043	0	0.6731471482816418	gf_random_v2_104m_cls	per_subclass	Chandelier
H21.33.044	1	0.8201831656734919	gf_random_v2_104m_cls	per_subclass	Chandelier
H21.33.045	1	0.9644323555262295	gf_random_v2_104m_cls	per_subclass	Chandelier
H21.33.046	1	0.9364570871766634	gf_random_v2_104m_cls	per_subclass	Chandelier
H21.33.047	1	0.5406536016377255	gf_random_v2_104m_cls	per_subclass	Chandelier
H19.33.004	0	0.8961729543617478	gf_random_v2_104m_cls	per_subclass	Endothelial
H20.33.001	0	0.8372533581069354	gf_random_v2_104m_cls	per_subclass	Endothelial
H20.33.002	0	0.9484660763866479	gf_random_v2_104m_cls	per_subclass	Endothelial
H20.33.004	1	0.7167010310667498	gf_random_v2_104m_cls	per_subclass	Endothelial
H20.33.005	1	0.8669925556657825	gf_random_v2_104m_cls	per_subclass	Endothelial
H20.33.008	1	0.7035590857818587	gf_random_v2_104m_cls	per_subclass	Endothelial
H20.33.011	1	0.8125887163397797	gf_random_v2_104m_cls	per_subclass	Endothelial
H20.33.012	0	0.6961144863388596	gf_random_v2_104m_cls	per_subclass	Endothelial
H20.33.013	1	0.7158678359982212	gf_random_v2_104m_cls	per_subclass	Endothelial
H20.33.014	1	0.4783486946116408	gf_random_v2_104m_cls	per_subclass	Endothelial
H20.33.015	1	0.7973249986903163	gf_random_v2_104m_cls	per_subclass	Endothelial
H20.33.016	1	0.7601128478008782	gf_random_v2_104m_cls	per_subclass	Endothelial
H20.33.017	1	0.8673230539777051	gf_random_v2_104m_cls	per_subclass	Endothelial
H20.33.018	1	0.833022558867273	gf_random_v2_104m_cls	per_subclass	Endothelial
H20.33.019	1	0.7645866355305028	gf_random_v2_104m_cls	per_subclass	Endothelial
H20.33.020	1	0.7990337036655029	gf_random_v2_104m_cls	per_subclass	Endothelial
H20.33.025	1	0.5060398906998024	gf_random_v2_104m_cls	per_subclass	Endothelial
H20.33.027	1	0.8107888112182546	gf_random_v2_104m_cls	per_subclass	Endothelial
H20.33.028	1	0.8465553038180152	gf_random_v2_104m_cls	per_subclass	Endothelial
H20.33.030	1	0.7566825969083687	gf_random_v2_104m_cls	per_subclass	Endothelial
H20.33.032	1	0.5344968216291739	gf_random_v2_104m_cls	per_subclass	Endothelial
H20.33.033	1	0.8775073503222993	gf_random_v2_104m_cls	per_subclass	Endothelial
H20.33.034	1	0.779567030344737	gf_random_v2_104m_cls	per_subclass	Endothelial
H20.33.035	0	0.6736239883261979	gf_random_v2_104m_cls	per_subclass	Endothelial
H20.33.036	1	0.8003620818220536	gf_random_v2_104m_cls	per_subclass	Endothelial
H20.33.037	1	0.8480700282704191	gf_random_v2_104m_cls	per_subclass	Endothelial
H20.33.038	1	0.6424554182983206	gf_random_v2_104m_cls	per_subclass	Endothelial
H20.33.039	1	0.5319557419574152	gf_random_v2_104m_cls	per_subclass	Endothelial
H20.33.040	1	0.8075675777256006	gf_random_v2_104m_cls	per_subclass	Endothelial
H20.33.041	1	0.7743363984197134	gf_random_v2_104m_cls	per_subclass	Endothelial
H20.33.043	1	0.5894551035668455	gf_random_v2_104m_cls	per_subclass	Endothelial
H20.33.044	0	0.7996010659875835	gf_random_v2_104m_cls	per_subclass	Endothelial
H20.33.045	1	0.8149573557547546	gf_random_v2_104m_cls	per_subclass	Endothelial
H20.33.046	1	0.6780740774401651	gf_random_v2_104m_cls	per_subclass	Endothelial
H21.33.001	0	0.8458551537187052	gf_random_v2_104m_cls	per_subclass	Endothelial
H21.33.002	1	0.8200537284490664	gf_random_v2_104m_cls	per_subclass	Endothelial
H21.33.003	0	0.7182299909553373	gf_random_v2_104m_cls	per_subclass	Endothelial
H21.33.004	0	0.6725819490015277	gf_random_v2_104m_cls	per_subclass	Endothelial
H21.33.005	1	0.7327273507727823	gf_random_v2_104m_cls	per_subclass	Endothelial
H21.33.007	1	0.8085294796357905	gf_random_v2_104m_cls	per_subclass	Endothelial
H21.33.009	1	0.813042796217801	gf_random_v2_104m_cls	per_subclass	Endothelial
H21.33.010	1	0.7717173953604037	gf_random_v2_104m_cls	per_subclass	Endothelial
H21.33.011	0	0.6057553871856236	gf_random_v2_104m_cls	per_subclass	Endothelial
H21.33.012	1	0.739217613592888	gf_random_v2_104m_cls	per_subclass	Endothelial
H21.33.013	1	0.7993136275832382	gf_random_v2_104m_cls	per_subclass	Endothelial
H21.33.015	0	0.7564037832575806	gf_random_v2_104m_cls	per_subclass	Endothelial
H21.33.017	1	0.5631143390159518	gf_random_v2_104m_cls	per_subclass	Endothelial
H21.33.018	0	0.7960609575273729	gf_random_v2_104m_cls	per_subclass	Endothelial
H21.33.019	0	0.8879101349611235	gf_random_v2_104m_cls	per_subclass	Endothelial
H21.33.020	1	0.7229015194133314	gf_random_v2_104m_cls	per_subclass	Endothelial
H21.33.021	1	0.6259849103086994	gf_random_v2_104m_cls	per_subclass	Endothelial
H21.33.022	1	0.8781903808514174	gf_random_v2_104m_cls	per_subclass	Endothelial
H21.33.023	0	0.7828355734778045	gf_random_v2_104m_cls	per_subclass	Endothelial
H21.33.025	1	0.8223155959950097	gf_random_v2_104m_cls	per_subclass	Endothelial
H21.33.026	1	0.6020903577213857	gf_random_v2_104m_cls	per_subclass	Endothelial
H21.33.027	1	0.6054668812184065	gf_random_v2_104m_cls	per_subclass	Endothelial
H21.33.028	0	0.6280041684853963	gf_random_v2_104m_cls	per_subclass	Endothelial
H21.33.029	1	0.756983480101437	gf_random_v2_104m_cls	per_subclass	Endothelial
H21.33.030	1	0.7467171884951457	gf_random_v2_104m_cls	per_subclass	Endothelial
H21.33.031	1	0.49771433027203116	gf_random_v2_104m_cls	per_subclass	Endothelial
H21.33.032	0	0.539795054870429	gf_random_v2_104m_cls	per_subclass	Endothelial
H21.33.033	1	0.8008796929873094	gf_random_v2_104m_cls	per_subclass	Endothelial
H21.33.034	1	0.8145034250339422	gf_random_v2_104m_cls	per_subclass	Endothelial
H21.33.035	1	0.7911896428648446	gf_random_v2_104m_cls	per_subclass	Endothelial
H21.33.037	0	0.6314256417023081	gf_random_v2_104m_cls	per_subclass	Endothelial
H21.33.038	0	0.5732703101668891	gf_random_v2_104m_cls	per_subclass	Endothelial
H21.33.040	1	0.8021879451180585	gf_random_v2_104m_cls	per_subclass	Endothelial
H21.33.041	0	0.5531495692594626	gf_random_v2_104m_cls	per_subclass	Endothelial
H21.33.043	0	0.8322173550923505	gf_random_v2_104m_cls	per_subclass	Endothelial
H21.33.044	1	0.6569249637833525	gf_random_v2_104m_cls	per_subclass	Endothelial
H21.33.045	1	0.8484265579035284	gf_random_v2_104m_cls	per_subclass	Endothelial
H21.33.046	1	0.907466952992103	gf_random_v2_104m_cls	per_subclass	Endothelial
H21.33.047	1	0.7560012240714531	gf_random_v2_104m_cls	per_subclass	Endothelial
H19.33.004	0	0.9270511643256949	gf_random_v2_104m_cls	per_subclass	Immune
H20.33.001	0	0.6086617893599952	gf_random_v2_104m_cls	per_subclass	Immune
H20.33.002	0	0.7678984720668552	gf_random_v2_104m_cls	per_subclass	Immune
H20.33.004	1	0.8892627782232356	gf_random_v2_104m_cls	per_subclass	Immune
H20.33.005	1	0.8266899460555852	gf_random_v2_104m_cls	per_subclass	Immune
H20.33.008	1	0.7979657942645162	gf_random_v2_104m_cls	per_subclass	Immune
H20.33.011	1	0.5805178360287322	gf_random_v2_104m_cls	per_subclass	Immune
H20.33.012	0	0.9114937361085632	gf_random_v2_104m_cls	per_subclass	Immune
H20.33.013	1	0.5908802185507623	gf_random_v2_104m_cls	per_subclass	Immune
H20.33.014	1	0.6897121872739198	gf_random_v2_104m_cls	per_subclass	Immune
H20.33.015	1	0.8931622332652871	gf_random_v2_104m_cls	per_subclass	Immune
H20.33.016	1	0.8448497534997761	gf_random_v2_104m_cls	per_subclass	Immune
H20.33.017	1	0.909949062406769	gf_random_v2_104m_cls	per_subclass	Immune
H20.33.018	1	0.856071175766879	gf_random_v2_104m_cls	per_subclass	Immune
H20.33.019	1	0.6612853561200109	gf_random_v2_104m_cls	per_subclass	Immune
H20.33.020	1	0.6571188887929448	gf_random_v2_104m_cls	per_subclass	Immune
H20.33.024	1	0.5139045830329556	gf_random_v2_104m_cls	per_subclass	Immune
H20.33.025	1	0.834635885845968	gf_random_v2_104m_cls	per_subclass	Immune
H20.33.026	1	0.8575205802467206	gf_random_v2_104m_cls	per_subclass	Immune
H20.33.027	1	0.8619555550559621	gf_random_v2_104m_cls	per_subclass	Immune
H20.33.028	1	0.9000946094276374	gf_random_v2_104m_cls	per_subclass	Immune
H20.33.029	1	0.7509238039678218	gf_random_v2_104m_cls	per_subclass	Immune
H20.33.030	1	0.7740412346490027	gf_random_v2_104m_cls	per_subclass	Immune
H20.33.031	1	0.6460319877868391	gf_random_v2_104m_cls	per_subclass	Immune
H20.33.032	1	0.77514315816674	gf_random_v2_104m_cls	per_subclass	Immune
H20.33.033	1	0.9285291623724927	gf_random_v2_104m_cls	per_subclass	Immune
H20.33.034	1	0.8757905819149311	gf_random_v2_104m_cls	per_subclass	Immune
H20.33.035	0	0.7502816924663689	gf_random_v2_104m_cls	per_subclass	Immune
H20.33.036	1	0.8702000279097089	gf_random_v2_104m_cls	per_subclass	Immune
H20.33.037	1	0.9697257922194439	gf_random_v2_104m_cls	per_subclass	Immune
H20.33.038	1	0.9530782050948629	gf_random_v2_104m_cls	per_subclass	Immune
H20.33.039	1	0.6373316443499196	gf_random_v2_104m_cls	per_subclass	Immune
H20.33.040	1	0.815559984076088	gf_random_v2_104m_cls	per_subclass	Immune
H20.33.041	1	0.7097571053086643	gf_random_v2_104m_cls	per_subclass	Immune
H20.33.043	1	0.5434394942037384	gf_random_v2_104m_cls	per_subclass	Immune
H20.33.044	0	0.7658637883266356	gf_random_v2_104m_cls	per_subclass	Immune
H20.33.045	1	0.95451586181462	gf_random_v2_104m_cls	per_subclass	Immune
H20.33.046	1	0.8509581585665013	gf_random_v2_104m_cls	per_subclass	Immune
H21.33.001	0	0.6605309646061829	gf_random_v2_104m_cls	per_subclass	Immune
H21.33.002	1	0.5939695197137491	gf_random_v2_104m_cls	per_subclass	Immune
H21.33.003	0	0.8607067999998413	gf_random_v2_104m_cls	per_subclass	Immune
H21.33.004	0	0.5291599246838325	gf_random_v2_104m_cls	per_subclass	Immune
H21.33.005	1	0.8284977867563814	gf_random_v2_104m_cls	per_subclass	Immune
H21.33.006	1	0.8274440733306797	gf_random_v2_104m_cls	per_subclass	Immune
H21.33.007	1	0.8279336538782086	gf_random_v2_104m_cls	per_subclass	Immune
H21.33.008	1	0.8937231200140623	gf_random_v2_104m_cls	per_subclass	Immune
H21.33.009	1	0.8535431477829422	gf_random_v2_104m_cls	per_subclass	Immune
H21.33.010	1	0.8433183542869178	gf_random_v2_104m_cls	per_subclass	Immune
H21.33.011	0	0.7925669937222997	gf_random_v2_104m_cls	per_subclass	Immune
H21.33.012	1	0.5523559919768017	gf_random_v2_104m_cls	per_subclass	Immune
H21.33.013	1	0.879537031796232	gf_random_v2_104m_cls	per_subclass	Immune
H21.33.014	1	0.7395264345328976	gf_random_v2_104m_cls	per_subclass	Immune
H21.33.015	0	0.6079181124965567	gf_random_v2_104m_cls	per_subclass	Immune
H21.33.016	0	0.6899099803135045	gf_random_v2_104m_cls	per_subclass	Immune
H21.33.017	1	0.8249051477404643	gf_random_v2_104m_cls	per_subclass	Immune
H21.33.018	0	0.6236665880900821	gf_random_v2_104m_cls	per_subclass	Immune
H21.33.019	0	0.930125684840994	gf_random_v2_104m_cls	per_subclass	Immune
H21.33.020	1	0.9560286677003115	gf_random_v2_104m_cls	per_subclass	Immune
H21.33.021	1	0.7636267952009637	gf_random_v2_104m_cls	per_subclass	Immune
H21.33.022	1	0.6112739810487268	gf_random_v2_104m_cls	per_subclass	Immune
H21.33.023	0	0.8567632042229661	gf_random_v2_104m_cls	per_subclass	Immune
H21.33.025	1	0.7835512527605185	gf_random_v2_104m_cls	per_subclass	Immune
H21.33.026	1	0.6147539880797208	gf_random_v2_104m_cls	per_subclass	Immune
H21.33.027	1	0.7213036714228664	gf_random_v2_104m_cls	per_subclass	Immune
H21.33.028	0	0.7513261347632746	gf_random_v2_104m_cls	per_subclass	Immune
H21.33.029	1	0.9230044847651093	gf_random_v2_104m_cls	per_subclass	Immune
H21.33.030	1	0.8168060848497098	gf_random_v2_104m_cls	per_subclass	Immune
H21.33.031	1	0.8765521897158612	gf_random_v2_104m_cls	per_subclass	Immune
H21.33.032	0	0.8940745701829652	gf_random_v2_104m_cls	per_subclass	Immune
H21.33.033	1	0.8604038491447531	gf_random_v2_104m_cls	per_subclass	Immune
H21.33.034	1	0.8546039977934836	gf_random_v2_104m_cls	per_subclass	Immune
H21.33.035	1	0.8884009647819756	gf_random_v2_104m_cls	per_subclass	Immune
H21.33.036	1	0.6864416919934664	gf_random_v2_104m_cls	per_subclass	Immune
H21.33.037	0	0.7844546674156367	gf_random_v2_104m_cls	per_subclass	Immune
H21.33.038	0	0.8769316140469124	gf_random_v2_104m_cls	per_subclass	Immune
H21.33.039	1	0.9118233410581817	gf_random_v2_104m_cls	per_subclass	Immune
H21.33.040	1	0.8572124084178989	gf_random_v2_104m_cls	per_subclass	Immune
H21.33.041	0	0.794620114836365	gf_random_v2_104m_cls	per_subclass	Immune
H21.33.042	1	0.5591858218132086	gf_random_v2_104m_cls	per_subclass	Immune
H21.33.043	0	0.9046215746501766	gf_random_v2_104m_cls	per_subclass	Immune
H21.33.044	1	0.9282472295468731	gf_random_v2_104m_cls	per_subclass	Immune
H21.33.045	1	0.9038370256597018	gf_random_v2_104m_cls	per_subclass	Immune
H21.33.046	1	0.8579477750460983	gf_random_v2_104m_cls	per_subclass	Immune
H21.33.047	1	0.7145524989291784	gf_random_v2_104m_cls	per_subclass	Immune
H19.33.004	0	0.9361841019799098	gf_random_v2_104m_cls	per_subclass	L2/3 IT
H20.33.001	0	0.5573887869340728	gf_random_v2_104m_cls	per_subclass	L2/3 IT
H20.33.002	0	0.6750561419452044	gf_random_v2_104m_cls	per_subclass	L2/3 IT
H20.33.004	1	0.517137663581738	gf_random_v2_104m_cls	per_subclass	L2/3 IT
H20.33.005	1	0.833554991137112	gf_random_v2_104m_cls	per_subclass	L2/3 IT
H20.33.008	1	0.9108669061983251	gf_random_v2_104m_cls	per_subclass	L2/3 IT
H20.33.011	1	0.6165712846925363	gf_random_v2_104m_cls	per_subclass	L2/3 IT
H20.33.012	0	0.8014542964675557	gf_random_v2_104m_cls	per_subclass	L2/3 IT
H20.33.013	1	0.583484997100717	gf_random_v2_104m_cls	per_subclass	L2/3 IT
H20.33.014	1	0.6715836404592593	gf_random_v2_104m_cls	per_subclass	L2/3 IT
H20.33.015	1	0.6047880566653232	gf_random_v2_104m_cls	per_subclass	L2/3 IT
H20.33.016	1	0.8971522453297244	gf_random_v2_104m_cls	per_subclass	L2/3 IT
H20.33.017	1	0.8325006721832157	gf_random_v2_104m_cls	per_subclass	L2/3 IT
H20.33.018	1	0.837256011125306	gf_random_v2_104m_cls	per_subclass	L2/3 IT
H20.33.019	1	0.8007323645163517	gf_random_v2_104m_cls	per_subclass	L2/3 IT
H20.33.020	1	0.9479003740317664	gf_random_v2_104m_cls	per_subclass	L2/3 IT
H20.33.024	1	0.7571755677002241	gf_random_v2_104m_cls	per_subclass	L2/3 IT
H20.33.025	1	0.5435671521423724	gf_random_v2_104m_cls	per_subclass	L2/3 IT
H20.33.026	1	0.7811075980681865	gf_random_v2_104m_cls	per_subclass	L2/3 IT
H20.33.027	1	0.5786490252262746	gf_random_v2_104m_cls	per_subclass	L2/3 IT
H20.33.028	1	0.9849959214927356	gf_random_v2_104m_cls	per_subclass	L2/3 IT
H20.33.029	1	0.8216941351957414	gf_random_v2_104m_cls	per_subclass	L2/3 IT
H20.33.030	1	0.7147162413907134	gf_random_v2_104m_cls	per_subclass	L2/3 IT
H20.33.031	1	0.6134937313518561	gf_random_v2_104m_cls	per_subclass	L2/3 IT
H20.33.032	1	0.818638974010276	gf_random_v2_104m_cls	per_subclass	L2/3 IT
H20.33.033	1	0.986676501248445	gf_random_v2_104m_cls	per_subclass	L2/3 IT
H20.33.034	1	0.6384882920783409	gf_random_v2_104m_cls	per_subclass	L2/3 IT
H20.33.035	0	0.8122214329515216	gf_random_v2_104m_cls	per_subclass	L2/3 IT
H20.33.036	1	0.9973916932384504	gf_random_v2_104m_cls	per_subclass	L2/3 IT
H20.33.037	1	0.9927810649845767	gf_random_v2_104m_cls	per_subclass	L2/3 IT
H20.33.038	1	0.9397251877333014	gf_random_v2_104m_cls	per_subclass	L2/3 IT
H20.33.039	1	0.631186434576952	gf_random_v2_104m_cls	per_subclass	L2/3 IT
H20.33.040	1	0.7399766001124151	gf_random_v2_104m_cls	per_subclass	L2/3 IT
H20.33.041	1	0.7190872576049336	gf_random_v2_104m_cls	per_subclass	L2/3 IT
H20.33.043	1	0.48414315502242233	gf_random_v2_104m_cls	per_subclass	L2/3 IT
H20.33.044	0	0.7351053740352335	gf_random_v2_104m_cls	per_subclass	L2/3 IT
H20.33.045	1	0.9858718910256726	gf_random_v2_104m_cls	per_subclass	L2/3 IT
H20.33.046	1	0.9308340712305494	gf_random_v2_104m_cls	per_subclass	L2/3 IT
H21.33.001	0	0.8359939569820055	gf_random_v2_104m_cls	per_subclass	L2/3 IT
H21.33.002	1	0.7271069220459192	gf_random_v2_104m_cls	per_subclass	L2/3 IT
H21.33.003	0	0.6006656950176165	gf_random_v2_104m_cls	per_subclass	L2/3 IT
H21.33.004	0	0.6231235235347661	gf_random_v2_104m_cls	per_subclass	L2/3 IT
H21.33.005	1	0.8513258496786735	gf_random_v2_104m_cls	per_subclass	L2/3 IT
H21.33.006	1	0.4987761885488989	gf_random_v2_104m_cls	per_subclass	L2/3 IT
H21.33.007	1	0.7439303406780172	gf_random_v2_104m_cls	per_subclass	L2/3 IT
H21.33.008	1	0.9163923364590472	gf_random_v2_104m_cls	per_subclass	L2/3 IT
H21.33.009	1	0.9904124839420356	gf_random_v2_104m_cls	per_subclass	L2/3 IT
H21.33.010	1	0.8263395450280836	gf_random_v2_104m_cls	per_subclass	L2/3 IT
H21.33.011	0	0.6540323439980961	gf_random_v2_104m_cls	per_subclass	L2/3 IT
H21.33.012	1	0.613850920111396	gf_random_v2_104m_cls	per_subclass	L2/3 IT
H21.33.013	1	0.9476235231473691	gf_random_v2_104m_cls	per_subclass	L2/3 IT
H21.33.014	1	0.7195184614516241	gf_random_v2_104m_cls	per_subclass	L2/3 IT
H21.33.015	0	0.7108266906796388	gf_random_v2_104m_cls	per_subclass	L2/3 IT
H21.33.016	0	0.6444830452984311	gf_random_v2_104m_cls	per_subclass	L2/3 IT
H21.33.017	1	0.9412250347106242	gf_random_v2_104m_cls	per_subclass	L2/3 IT
H21.33.018	0	0.8513711078998284	gf_random_v2_104m_cls	per_subclass	L2/3 IT
H21.33.019	0	0.5788446123712035	gf_random_v2_104m_cls	per_subclass	L2/3 IT
H21.33.020	1	0.9730857403638347	gf_random_v2_104m_cls	per_subclass	L2/3 IT
H21.33.021	1	0.9567407032668827	gf_random_v2_104m_cls	per_subclass	L2/3 IT
H21.33.022	1	0.8177099141485294	gf_random_v2_104m_cls	per_subclass	L2/3 IT
H21.33.023	0	0.5367700859634024	gf_random_v2_104m_cls	per_subclass	L2/3 IT
H21.33.025	1	0.8021407021011526	gf_random_v2_104m_cls	per_subclass	L2/3 IT
H21.33.026	1	0.7259460908415678	gf_random_v2_104m_cls	per_subclass	L2/3 IT
H21.33.027	1	0.56571292550587	gf_random_v2_104m_cls	per_subclass	L2/3 IT
H21.33.028	0	0.663574212067667	gf_random_v2_104m_cls	per_subclass	L2/3 IT
H21.33.029	1	0.7923428326831194	gf_random_v2_104m_cls	per_subclass	L2/3 IT
H21.33.030	1	0.8235901904022924	gf_random_v2_104m_cls	per_subclass	L2/3 IT
H21.33.031	1	0.8163274470349606	gf_random_v2_104m_cls	per_subclass	L2/3 IT
H21.33.032	0	0.5414190475340804	gf_random_v2_104m_cls	per_subclass	L2/3 IT
H21.33.033	1	0.9438835230857082	gf_random_v2_104m_cls	per_subclass	L2/3 IT
H21.33.034	1	0.9597948418653193	gf_random_v2_104m_cls	per_subclass	L2/3 IT
H21.33.035	1	0.8184858303173691	gf_random_v2_104m_cls	per_subclass	L2/3 IT
H21.33.036	1	0.6154347274924069	gf_random_v2_104m_cls	per_subclass	L2/3 IT
H21.33.037	0	0.6117567731098837	gf_random_v2_104m_cls	per_subclass	L2/3 IT
H21.33.038	0	0.7872924384088548	gf_random_v2_104m_cls	per_subclass	L2/3 IT
H21.33.039	1	0.9435574478306533	gf_random_v2_104m_cls	per_subclass	L2/3 IT
H21.33.040	1	0.859176197550303	gf_random_v2_104m_cls	per_subclass	L2/3 IT
H21.33.041	0	0.6745335740364353	gf_random_v2_104m_cls	per_subclass	L2/3 IT
H21.33.042	1	0.6607733520216732	gf_random_v2_104m_cls	per_subclass	L2/3 IT
H21.33.043	0	0.927237786519424	gf_random_v2_104m_cls	per_subclass	L2/3 IT
H21.33.044	1	0.9743573995479341	gf_random_v2_104m_cls	per_subclass	L2/3 IT
H21.33.045	1	0.9719200796654566	gf_random_v2_104m_cls	per_subclass	L2/3 IT
H21.33.046	1	0.711714253754417	gf_random_v2_104m_cls	per_subclass	L2/3 IT
H21.33.047	1	0.7927750106364329	gf_random_v2_104m_cls	per_subclass	L2/3 IT
H19.33.004	0	0.9639710251444734	gf_random_v2_104m_cls	per_subclass	L4 IT
H20.33.001	0	0.5668036644906629	gf_random_v2_104m_cls	per_subclass	L4 IT
H20.33.002	0	0.8800198794247054	gf_random_v2_104m_cls	per_subclass	L4 IT
H20.33.004	1	0.7236320494820317	gf_random_v2_104m_cls	per_subclass	L4 IT
H20.33.005	1	0.901305418193906	gf_random_v2_104m_cls	per_subclass	L4 IT
H20.33.008	1	0.7701844635621421	gf_random_v2_104m_cls	per_subclass	L4 IT
H20.33.011	1	0.5893930507918969	gf_random_v2_104m_cls	per_subclass	L4 IT
H20.33.012	0	0.7507795045669804	gf_random_v2_104m_cls	per_subclass	L4 IT
H20.33.013	1	0.5819427487772444	gf_random_v2_104m_cls	per_subclass	L4 IT
H20.33.014	1	0.6662671405178527	gf_random_v2_104m_cls	per_subclass	L4 IT
H20.33.015	1	0.7747049062528351	gf_random_v2_104m_cls	per_subclass	L4 IT
H20.33.016	1	0.9167287417061536	gf_random_v2_104m_cls	per_subclass	L4 IT
H20.33.017	1	0.8770840922519489	gf_random_v2_104m_cls	per_subclass	L4 IT
H20.33.018	1	0.9280355385014009	gf_random_v2_104m_cls	per_subclass	L4 IT
H20.33.019	1	0.48807371626002205	gf_random_v2_104m_cls	per_subclass	L4 IT
H20.33.020	1	0.9584614256839072	gf_random_v2_104m_cls	per_subclass	L4 IT
H20.33.024	1	0.3815084248539721	gf_random_v2_104m_cls	per_subclass	L4 IT
H20.33.025	1	0.6814823510073299	gf_random_v2_104m_cls	per_subclass	L4 IT
H20.33.026	1	0.7398721473483271	gf_random_v2_104m_cls	per_subclass	L4 IT
H20.33.027	1	0.6036940791023192	gf_random_v2_104m_cls	per_subclass	L4 IT
H20.33.028	1	0.9629568671205704	gf_random_v2_104m_cls	per_subclass	L4 IT
H20.33.029	1	0.6884552480827686	gf_random_v2_104m_cls	per_subclass	L4 IT
H20.33.030	1	0.7572461968633839	gf_random_v2_104m_cls	per_subclass	L4 IT
H20.33.031	1	0.6130985902094828	gf_random_v2_104m_cls	per_subclass	L4 IT
H20.33.032	1	0.5851587496356921	gf_random_v2_104m_cls	per_subclass	L4 IT
H20.33.033	1	0.9863122970588023	gf_random_v2_104m_cls	per_subclass	L4 IT
H20.33.034	1	0.45887100251566365	gf_random_v2_104m_cls	per_subclass	L4 IT
H20.33.035	0	0.36015444018724085	gf_random_v2_104m_cls	per_subclass	L4 IT
H20.33.036	1	0.9634363828196906	gf_random_v2_104m_cls	per_subclass	L4 IT
H20.33.037	1	0.9898615840981098	gf_random_v2_104m_cls	per_subclass	L4 IT
H20.33.038	1	0.9840500250760957	gf_random_v2_104m_cls	per_subclass	L4 IT
H20.33.039	1	0.7019941892724336	gf_random_v2_104m_cls	per_subclass	L4 IT
H20.33.040	1	0.769496858595468	gf_random_v2_104m_cls	per_subclass	L4 IT
H20.33.041	1	0.5767089428508256	gf_random_v2_104m_cls	per_subclass	L4 IT
H20.33.043	1	0.7510994977129906	gf_random_v2_104m_cls	per_subclass	L4 IT
H20.33.044	0	0.7540173778707192	gf_random_v2_104m_cls	per_subclass	L4 IT
H20.33.045	1	0.9898546892320012	gf_random_v2_104m_cls	per_subclass	L4 IT
H20.33.046	1	0.847383513673776	gf_random_v2_104m_cls	per_subclass	L4 IT
H21.33.001	0	0.6950587504467143	gf_random_v2_104m_cls	per_subclass	L4 IT
H21.33.002	1	0.8441596259493626	gf_random_v2_104m_cls	per_subclass	L4 IT
H21.33.003	0	0.6116037322688731	gf_random_v2_104m_cls	per_subclass	L4 IT
H21.33.004	0	0.42454797616808115	gf_random_v2_104m_cls	per_subclass	L4 IT
H21.33.005	1	0.7690818685015401	gf_random_v2_104m_cls	per_subclass	L4 IT
H21.33.006	1	0.6006918265339767	gf_random_v2_104m_cls	per_subclass	L4 IT
H21.33.007	1	0.8947377055169705	gf_random_v2_104m_cls	per_subclass	L4 IT
H21.33.008	1	0.8812463088004912	gf_random_v2_104m_cls	per_subclass	L4 IT
H21.33.009	1	0.9670451496575779	gf_random_v2_104m_cls	per_subclass	L4 IT
H21.33.010	1	0.7177292287981251	gf_random_v2_104m_cls	per_subclass	L4 IT
H21.33.011	0	0.6418715209786922	gf_random_v2_104m_cls	per_subclass	L4 IT
H21.33.012	1	0.6121437001435931	gf_random_v2_104m_cls	per_subclass	L4 IT
H21.33.013	1	0.799699731392625	gf_random_v2_104m_cls	per_subclass	L4 IT
H21.33.014	1	0.5939058342459903	gf_random_v2_104m_cls	per_subclass	L4 IT
H21.33.015	0	0.7339239525538259	gf_random_v2_104m_cls	per_subclass	L4 IT
H21.33.016	0	0.558088279331831	gf_random_v2_104m_cls	per_subclass	L4 IT
H21.33.017	1	0.9304311581640207	gf_random_v2_104m_cls	per_subclass	L4 IT
H21.33.018	0	0.7946981616680131	gf_random_v2_104m_cls	per_subclass	L4 IT
H21.33.019	0	0.6963962813593035	gf_random_v2_104m_cls	per_subclass	L4 IT
H21.33.020	1	0.9660897945565978	gf_random_v2_104m_cls	per_subclass	L4 IT
H21.33.021	1	0.8694191254111298	gf_random_v2_104m_cls	per_subclass	L4 IT
H21.33.022	1	0.8083756064300672	gf_random_v2_104m_cls	per_subclass	L4 IT
H21.33.023	0	0.5924486437964707	gf_random_v2_104m_cls	per_subclass	L4 IT
H21.33.025	1	0.8155518685836396	gf_random_v2_104m_cls	per_subclass	L4 IT
H21.33.026	1	0.5410099769962351	gf_random_v2_104m_cls	per_subclass	L4 IT
H21.33.027	1	0.6992662046627942	gf_random_v2_104m_cls	per_subclass	L4 IT
H21.33.028	0	0.81312860178091	gf_random_v2_104m_cls	per_subclass	L4 IT
H21.33.029	1	0.6272665565220918	gf_random_v2_104m_cls	per_subclass	L4 IT
H21.33.030	1	0.537522633568242	gf_random_v2_104m_cls	per_subclass	L4 IT
H21.33.031	1	0.873021385732088	gf_random_v2_104m_cls	per_subclass	L4 IT
H21.33.032	0	0.7148617443926464	gf_random_v2_104m_cls	per_subclass	L4 IT
H21.33.033	1	0.9629863530009299	gf_random_v2_104m_cls	per_subclass	L4 IT
H21.33.034	1	0.9352831529162804	gf_random_v2_104m_cls	per_subclass	L4 IT
H21.33.035	1	0.7673950016999463	gf_random_v2_104m_cls	per_subclass	L4 IT
H21.33.036	1	0.8430352460445345	gf_random_v2_104m_cls	per_subclass	L4 IT
H21.33.037	0	0.7440208653563664	gf_random_v2_104m_cls	per_subclass	L4 IT
H21.33.038	0	0.7359398422859901	gf_random_v2_104m_cls	per_subclass	L4 IT
H21.33.039	1	0.8203510930789566	gf_random_v2_104m_cls	per_subclass	L4 IT
H21.33.040	1	0.9726346322121502	gf_random_v2_104m_cls	per_subclass	L4 IT
H21.33.041	0	0.779013247141722	gf_random_v2_104m_cls	per_subclass	L4 IT
H21.33.042	1	0.7299697192750774	gf_random_v2_104m_cls	per_subclass	L4 IT
H21.33.043	0	0.7861004691461326	gf_random_v2_104m_cls	per_subclass	L4 IT
H21.33.044	1	0.9443762634421569	gf_random_v2_104m_cls	per_subclass	L4 IT
H21.33.045	1	0.9507831655525034	gf_random_v2_104m_cls	per_subclass	L4 IT
H21.33.046	1	0.9524577854849483	gf_random_v2_104m_cls	per_subclass	L4 IT
H21.33.047	1	0.8785435026611488	gf_random_v2_104m_cls	per_subclass	L4 IT
H19.33.004	0	0.8503596441043518	gf_random_v2_104m_cls	per_subclass	L5 ET
H20.33.001	0	0.5701703579028539	gf_random_v2_104m_cls	per_subclass	L5 ET
H20.33.002	0	0.6099881738852473	gf_random_v2_104m_cls	per_subclass	L5 ET
H20.33.004	1	0.5669694400957358	gf_random_v2_104m_cls	per_subclass	L5 ET
H20.33.005	1	0.8458773106836748	gf_random_v2_104m_cls	per_subclass	L5 ET
H20.33.008	1	0.7216342717324904	gf_random_v2_104m_cls	per_subclass	L5 ET
H20.33.011	1	0.5473564287803346	gf_random_v2_104m_cls	per_subclass	L5 ET
H20.33.012	0	0.8093715151210432	gf_random_v2_104m_cls	per_subclass	L5 ET
H20.33.013	1	0.5114709004149207	gf_random_v2_104m_cls	per_subclass	L5 ET
H20.33.014	1	0.6904070055329454	gf_random_v2_104m_cls	per_subclass	L5 ET
H20.33.015	1	0.762792500847721	gf_random_v2_104m_cls	per_subclass	L5 ET
H20.33.016	1	0.4800060658777626	gf_random_v2_104m_cls	per_subclass	L5 ET
H20.33.017	1	0.8589460685574407	gf_random_v2_104m_cls	per_subclass	L5 ET
H20.33.018	1	0.8596132879386318	gf_random_v2_104m_cls	per_subclass	L5 ET
H20.33.019	1	0.7853238197114758	gf_random_v2_104m_cls	per_subclass	L5 ET
H20.33.020	1	0.8424620300431513	gf_random_v2_104m_cls	per_subclass	L5 ET
H20.33.024	1	0.7943245639196357	gf_random_v2_104m_cls	per_subclass	L5 ET
H20.33.025	1	0.7538687438085264	gf_random_v2_104m_cls	per_subclass	L5 ET
H20.33.026	1	0.7423256325176436	gf_random_v2_104m_cls	per_subclass	L5 ET
H20.33.027	1	0.7666151847479189	gf_random_v2_104m_cls	per_subclass	L5 ET
H20.33.028	1	0.9871733788836717	gf_random_v2_104m_cls	per_subclass	L5 ET
H20.33.029	1	0.4782127902212435	gf_random_v2_104m_cls	per_subclass	L5 ET
H20.33.030	1	0.6934160134819256	gf_random_v2_104m_cls	per_subclass	L5 ET
H20.33.031	1	0.6434465181027585	gf_random_v2_104m_cls	per_subclass	L5 ET
H20.33.032	1	0.8281381240162551	gf_random_v2_104m_cls	per_subclass	L5 ET
H20.33.034	1	0.6844308334066864	gf_random_v2_104m_cls	per_subclass	L5 ET
H20.33.035	0	0.3309456408135122	gf_random_v2_104m_cls	per_subclass	L5 ET
H20.33.039	1	0.692263908528954	gf_random_v2_104m_cls	per_subclass	L5 ET
H20.33.040	1	0.5453027948255269	gf_random_v2_104m_cls	per_subclass	L5 ET
H20.33.041	1	0.7419561606962086	gf_random_v2_104m_cls	per_subclass	L5 ET
H20.33.043	1	0.665305555782617	gf_random_v2_104m_cls	per_subclass	L5 ET
H20.33.044	0	0.7791300388903368	gf_random_v2_104m_cls	per_subclass	L5 ET
H20.33.046	1	0.8401461289373444	gf_random_v2_104m_cls	per_subclass	L5 ET
H21.33.001	0	0.8483272917058235	gf_random_v2_104m_cls	per_subclass	L5 ET
H21.33.002	1	0.8609284505638385	gf_random_v2_104m_cls	per_subclass	L5 ET
H21.33.003	0	0.694397618870237	gf_random_v2_104m_cls	per_subclass	L5 ET
H21.33.004	0	0.5969289778217296	gf_random_v2_104m_cls	per_subclass	L5 ET
H21.33.005	1	0.7183031324870432	gf_random_v2_104m_cls	per_subclass	L5 ET
H21.33.006	1	0.5428147949131505	gf_random_v2_104m_cls	per_subclass	L5 ET
H21.33.007	1	0.830259415717237	gf_random_v2_104m_cls	per_subclass	L5 ET
H21.33.010	1	0.835566477384433	gf_random_v2_104m_cls	per_subclass	L5 ET
H21.33.011	0	0.720393820959287	gf_random_v2_104m_cls	per_subclass	L5 ET
H21.33.012	1	0.7222674987008839	gf_random_v2_104m_cls	per_subclass	L5 ET
H21.33.013	1	0.7699897777858966	gf_random_v2_104m_cls	per_subclass	L5 ET
H21.33.014	1	0.905584468661616	gf_random_v2_104m_cls	per_subclass	L5 ET
H21.33.015	0	0.6614155227655775	gf_random_v2_104m_cls	per_subclass	L5 ET
H21.33.016	0	0.48847508667522954	gf_random_v2_104m_cls	per_subclass	L5 ET
H21.33.017	1	0.8977076562308814	gf_random_v2_104m_cls	per_subclass	L5 ET
H21.33.018	0	0.7842468269108605	gf_random_v2_104m_cls	per_subclass	L5 ET
H21.33.019	0	0.6151789063811431	gf_random_v2_104m_cls	per_subclass	L5 ET
H21.33.022	1	0.4707944901725446	gf_random_v2_104m_cls	per_subclass	L5 ET
H21.33.023	0	0.8267478207002158	gf_random_v2_104m_cls	per_subclass	L5 ET
H21.33.025	1	0.7454152299591998	gf_random_v2_104m_cls	per_subclass	L5 ET
H21.33.027	1	0.8060126126104649	gf_random_v2_104m_cls	per_subclass	L5 ET
H21.33.028	0	0.591602525920188	gf_random_v2_104m_cls	per_subclass	L5 ET
H21.33.029	1	0.7232941945326016	gf_random_v2_104m_cls	per_subclass	L5 ET
H21.33.030	1	0.863840133519561	gf_random_v2_104m_cls	per_subclass	L5 ET
H21.33.031	1	0.9597219349912537	gf_random_v2_104m_cls	per_subclass	L5 ET
H21.33.032	0	0.7511724537583474	gf_random_v2_104m_cls	per_subclass	L5 ET
H21.33.033	1	0.7081596456077819	gf_random_v2_104m_cls	per_subclass	L5 ET
H21.33.035	1	0.7926483660237243	gf_random_v2_104m_cls	per_subclass	L5 ET
H21.33.036	1	0.7853468816777988	gf_random_v2_104m_cls	per_subclass	L5 ET
H21.33.038	0	0.5837938437737568	gf_random_v2_104m_cls	per_subclass	L5 ET
H21.33.039	1	0.8189424337932147	gf_random_v2_104m_cls	per_subclass	L5 ET
H21.33.040	1	0.8607715656014603	gf_random_v2_104m_cls	per_subclass	L5 ET
H21.33.041	0	0.8184618112874975	gf_random_v2_104m_cls	per_subclass	L5 ET
H21.33.042	1	0.5566165706707694	gf_random_v2_104m_cls	per_subclass	L5 ET
H21.33.043	0	0.6737930726819414	gf_random_v2_104m_cls	per_subclass	L5 ET
H21.33.044	1	0.7123399055262986	gf_random_v2_104m_cls	per_subclass	L5 ET
H21.33.046	1	0.9436782709970704	gf_random_v2_104m_cls	per_subclass	L5 ET
H19.33.004	0	0.9531853768302968	gf_random_v2_104m_cls	per_subclass	L5 IT
H20.33.001	0	0.708319944192044	gf_random_v2_104m_cls	per_subclass	L5 IT
H20.33.002	0	0.7667643879608657	gf_random_v2_104m_cls	per_subclass	L5 IT
H20.33.004	1	0.493071251197663	gf_random_v2_104m_cls	per_subclass	L5 IT
H20.33.005	1	0.8565106280798551	gf_random_v2_104m_cls	per_subclass	L5 IT
H20.33.008	1	0.8672413391864551	gf_random_v2_104m_cls	per_subclass	L5 IT
H20.33.011	1	0.5694316252311259	gf_random_v2_104m_cls	per_subclass	L5 IT
H20.33.012	0	0.7113190057225278	gf_random_v2_104m_cls	per_subclass	L5 IT
H20.33.013	1	0.6410825737388199	gf_random_v2_104m_cls	per_subclass	L5 IT
H20.33.014	1	0.6050632697402503	gf_random_v2_104m_cls	per_subclass	L5 IT
H20.33.015	1	0.8119866573715584	gf_random_v2_104m_cls	per_subclass	L5 IT
H20.33.016	1	0.4770455657967577	gf_random_v2_104m_cls	per_subclass	L5 IT
H20.33.017	1	0.7784950560428199	gf_random_v2_104m_cls	per_subclass	L5 IT
H20.33.018	1	0.9005441931646299	gf_random_v2_104m_cls	per_subclass	L5 IT
H20.33.019	1	0.6115634389245479	gf_random_v2_104m_cls	per_subclass	L5 IT
H20.33.020	1	0.9071844207164093	gf_random_v2_104m_cls	per_subclass	L5 IT
H20.33.024	1	0.8697680790441062	gf_random_v2_104m_cls	per_subclass	L5 IT
H20.33.025	1	0.7071217157514187	gf_random_v2_104m_cls	per_subclass	L5 IT
H20.33.026	1	0.7457167098358758	gf_random_v2_104m_cls	per_subclass	L5 IT
H20.33.027	1	0.7469922487014848	gf_random_v2_104m_cls	per_subclass	L5 IT
H20.33.028	1	0.9754643352101414	gf_random_v2_104m_cls	per_subclass	L5 IT
H20.33.029	1	0.803461219425035	gf_random_v2_104m_cls	per_subclass	L5 IT
H20.33.030	1	0.7455003039672914	gf_random_v2_104m_cls	per_subclass	L5 IT
H20.33.031	1	0.635976569704558	gf_random_v2_104m_cls	per_subclass	L5 IT
H20.33.032	1	0.7043259665900334	gf_random_v2_104m_cls	per_subclass	L5 IT
H20.33.033	1	0.9710174447551946	gf_random_v2_104m_cls	per_subclass	L5 IT
H20.33.034	1	0.6912449176194257	gf_random_v2_104m_cls	per_subclass	L5 IT
H20.33.035	0	0.48445712925829854	gf_random_v2_104m_cls	per_subclass	L5 IT
H20.33.036	1	0.9743506445849703	gf_random_v2_104m_cls	per_subclass	L5 IT
H20.33.037	1	0.9659568131265898	gf_random_v2_104m_cls	per_subclass	L5 IT
H20.33.038	1	0.9322199436650855	gf_random_v2_104m_cls	per_subclass	L5 IT
H20.33.039	1	0.524637929810442	gf_random_v2_104m_cls	per_subclass	L5 IT
H20.33.040	1	0.7627709165104278	gf_random_v2_104m_cls	per_subclass	L5 IT
H20.33.041	1	0.6674348605843801	gf_random_v2_104m_cls	per_subclass	L5 IT
H20.33.043	1	0.5260355117912704	gf_random_v2_104m_cls	per_subclass	L5 IT
H20.33.044	0	0.6660292417690546	gf_random_v2_104m_cls	per_subclass	L5 IT
H20.33.045	1	0.9867035745307607	gf_random_v2_104m_cls	per_subclass	L5 IT
H20.33.046	1	0.9009631259673501	gf_random_v2_104m_cls	per_subclass	L5 IT
H21.33.001	0	0.8711341381076096	gf_random_v2_104m_cls	per_subclass	L5 IT
H21.33.002	1	0.8319014641768213	gf_random_v2_104m_cls	per_subclass	L5 IT
H21.33.003	0	0.7781109958072282	gf_random_v2_104m_cls	per_subclass	L5 IT
H21.33.004	0	0.5952317594020201	gf_random_v2_104m_cls	per_subclass	L5 IT
H21.33.005	1	0.7189654744217946	gf_random_v2_104m_cls	per_subclass	L5 IT
H21.33.006	1	0.6060650280266129	gf_random_v2_104m_cls	per_subclass	L5 IT
H21.33.007	1	0.854381963564005	gf_random_v2_104m_cls	per_subclass	L5 IT
H21.33.008	1	0.9050731228662668	gf_random_v2_104m_cls	per_subclass	L5 IT
H21.33.009	1	0.9877390967305246	gf_random_v2_104m_cls	per_subclass	L5 IT
H21.33.010	1	0.9298444893958534	gf_random_v2_104m_cls	per_subclass	L5 IT
H21.33.011	0	0.5836799910220055	gf_random_v2_104m_cls	per_subclass	L5 IT
H21.33.012	1	0.7398893003337996	gf_random_v2_104m_cls	per_subclass	L5 IT
H21.33.013	1	0.811051731479026	gf_random_v2_104m_cls	per_subclass	L5 IT
H21.33.014	1	0.7321819859519494	gf_random_v2_104m_cls	per_subclass	L5 IT
H21.33.015	0	0.7571171507910177	gf_random_v2_104m_cls	per_subclass	L5 IT
H21.33.016	0	0.6020848656857257	gf_random_v2_104m_cls	per_subclass	L5 IT
H21.33.017	1	0.8749553149286822	gf_random_v2_104m_cls	per_subclass	L5 IT
H21.33.018	0	0.7023875944098894	gf_random_v2_104m_cls	per_subclass	L5 IT
H21.33.019	0	0.723273560469658	gf_random_v2_104m_cls	per_subclass	L5 IT
H21.33.020	1	0.955967825178997	gf_random_v2_104m_cls	per_subclass	L5 IT
H21.33.021	1	0.9157066089665404	gf_random_v2_104m_cls	per_subclass	L5 IT
H21.33.022	1	0.7478692372030318	gf_random_v2_104m_cls	per_subclass	L5 IT
H21.33.023	0	0.7871084141791659	gf_random_v2_104m_cls	per_subclass	L5 IT
H21.33.025	1	0.7853365141235595	gf_random_v2_104m_cls	per_subclass	L5 IT
H21.33.026	1	0.6785877310510519	gf_random_v2_104m_cls	per_subclass	L5 IT
H21.33.027	1	0.7370290496285814	gf_random_v2_104m_cls	per_subclass	L5 IT
H21.33.028	0	0.7522048280516546	gf_random_v2_104m_cls	per_subclass	L5 IT
H21.33.029	1	0.6050756134230756	gf_random_v2_104m_cls	per_subclass	L5 IT
H21.33.030	1	0.6874282302784176	gf_random_v2_104m_cls	per_subclass	L5 IT
H21.33.031	1	0.8725449338885605	gf_random_v2_104m_cls	per_subclass	L5 IT
H21.33.032	0	0.7290310813656475	gf_random_v2_104m_cls	per_subclass	L5 IT
H21.33.033	1	0.9397310327041637	gf_random_v2_104m_cls	per_subclass	L5 IT
H21.33.034	1	0.9477821137915532	gf_random_v2_104m_cls	per_subclass	L5 IT
H21.33.035	1	0.8843556403156047	gf_random_v2_104m_cls	per_subclass	L5 IT
H21.33.036	1	0.7502960614774717	gf_random_v2_104m_cls	per_subclass	L5 IT
H21.33.037	0	0.7112398518306805	gf_random_v2_104m_cls	per_subclass	L5 IT
H21.33.038	0	0.8422111216370336	gf_random_v2_104m_cls	per_subclass	L5 IT
H21.33.039	1	0.8700264994028745	gf_random_v2_104m_cls	per_subclass	L5 IT
H21.33.040	1	0.9421358175969301	gf_random_v2_104m_cls	per_subclass	L5 IT
H21.33.041	0	0.7085694883121268	gf_random_v2_104m_cls	per_subclass	L5 IT
H21.33.042	1	0.6644236930198034	gf_random_v2_104m_cls	per_subclass	L5 IT
H21.33.043	0	0.9037092113394669	gf_random_v2_104m_cls	per_subclass	L5 IT
H21.33.044	1	0.919764285836737	gf_random_v2_104m_cls	per_subclass	L5 IT
H21.33.045	1	0.9574032067173232	gf_random_v2_104m_cls	per_subclass	L5 IT
H21.33.046	1	0.8709757343360114	gf_random_v2_104m_cls	per_subclass	L5 IT
H21.33.047	1	0.8053440573757028	gf_random_v2_104m_cls	per_subclass	L5 IT
H19.33.004	0	0.9610069706859011	gf_random_v2_104m_cls	per_subclass	L5/6 NP
H20.33.001	0	0.7550700519623115	gf_random_v2_104m_cls	per_subclass	L5/6 NP
H20.33.002	0	0.6617352300843572	gf_random_v2_104m_cls	per_subclass	L5/6 NP
H20.33.004	1	0.7186558398964908	gf_random_v2_104m_cls	per_subclass	L5/6 NP
H20.33.005	1	0.9423851408426926	gf_random_v2_104m_cls	per_subclass	L5/6 NP
H20.33.008	1	0.7993497831746958	gf_random_v2_104m_cls	per_subclass	L5/6 NP
H20.33.011	1	0.510850179420642	gf_random_v2_104m_cls	per_subclass	L5/6 NP
H20.33.012	0	0.6686483481520863	gf_random_v2_104m_cls	per_subclass	L5/6 NP
H20.33.013	1	0.3942560339575034	gf_random_v2_104m_cls	per_subclass	L5/6 NP
H20.33.014	1	0.6884413957312902	gf_random_v2_104m_cls	per_subclass	L5/6 NP
H20.33.015	1	0.7885244294706006	gf_random_v2_104m_cls	per_subclass	L5/6 NP
H20.33.016	1	0.7450028666248858	gf_random_v2_104m_cls	per_subclass	L5/6 NP
H20.33.017	1	0.9026613598970992	gf_random_v2_104m_cls	per_subclass	L5/6 NP
H20.33.018	1	0.8868138984265272	gf_random_v2_104m_cls	per_subclass	L5/6 NP
H20.33.019	1	0.7418120849629013	gf_random_v2_104m_cls	per_subclass	L5/6 NP
H20.33.020	1	0.8805609781215828	gf_random_v2_104m_cls	per_subclass	L5/6 NP
H20.33.024	1	0.6968051199384601	gf_random_v2_104m_cls	per_subclass	L5/6 NP
H20.33.025	1	0.49541136973499517	gf_random_v2_104m_cls	per_subclass	L5/6 NP
H20.33.026	1	0.6422571988366533	gf_random_v2_104m_cls	per_subclass	L5/6 NP
H20.33.027	1	0.8145972065579585	gf_random_v2_104m_cls	per_subclass	L5/6 NP
H20.33.028	1	0.9242347125595515	gf_random_v2_104m_cls	per_subclass	L5/6 NP
H20.33.029	1	0.7432112720539275	gf_random_v2_104m_cls	per_subclass	L5/6 NP
H20.33.030	1	0.8197051384522132	gf_random_v2_104m_cls	per_subclass	L5/6 NP
H20.33.031	1	0.6131222326224756	gf_random_v2_104m_cls	per_subclass	L5/6 NP
H20.33.032	1	0.7693627294555385	gf_random_v2_104m_cls	per_subclass	L5/6 NP
H20.33.033	1	0.9465730627439898	gf_random_v2_104m_cls	per_subclass	L5/6 NP
H20.33.034	1	0.6332269763562428	gf_random_v2_104m_cls	per_subclass	L5/6 NP
H20.33.035	0	0.5004486465946716	gf_random_v2_104m_cls	per_subclass	L5/6 NP
H20.33.036	1	0.8524513137452789	gf_random_v2_104m_cls	per_subclass	L5/6 NP
H20.33.037	1	0.8920393115582556	gf_random_v2_104m_cls	per_subclass	L5/6 NP
H20.33.039	1	0.6111197263685146	gf_random_v2_104m_cls	per_subclass	L5/6 NP
H20.33.040	1	0.765893756894301	gf_random_v2_104m_cls	per_subclass	L5/6 NP
H20.33.041	1	0.7120093139440149	gf_random_v2_104m_cls	per_subclass	L5/6 NP
H20.33.043	1	0.4728108775901777	gf_random_v2_104m_cls	per_subclass	L5/6 NP
H20.33.044	0	0.762463487823922	gf_random_v2_104m_cls	per_subclass	L5/6 NP
H20.33.045	1	0.9127961856529756	gf_random_v2_104m_cls	per_subclass	L5/6 NP
H20.33.046	1	0.9186720366860556	gf_random_v2_104m_cls	per_subclass	L5/6 NP
H21.33.001	0	0.795819374330657	gf_random_v2_104m_cls	per_subclass	L5/6 NP
H21.33.002	1	0.8807767578823009	gf_random_v2_104m_cls	per_subclass	L5/6 NP
H21.33.003	0	0.6501484662005534	gf_random_v2_104m_cls	per_subclass	L5/6 NP
H21.33.004	0	0.3509151463798565	gf_random_v2_104m_cls	per_subclass	L5/6 NP
H21.33.005	1	0.906530565256665	gf_random_v2_104m_cls	per_subclass	L5/6 NP
H21.33.006	1	0.5722193428416678	gf_random_v2_104m_cls	per_subclass	L5/6 NP
H21.33.007	1	0.8198654184028467	gf_random_v2_104m_cls	per_subclass	L5/6 NP
H21.33.008	1	0.9018599282275295	gf_random_v2_104m_cls	per_subclass	L5/6 NP
H21.33.009	1	0.9440920084852523	gf_random_v2_104m_cls	per_subclass	L5/6 NP
H21.33.010	1	0.9030295377374568	gf_random_v2_104m_cls	per_subclass	L5/6 NP
H21.33.011	0	0.5743702117683952	gf_random_v2_104m_cls	per_subclass	L5/6 NP
H21.33.012	1	0.4767456749033884	gf_random_v2_104m_cls	per_subclass	L5/6 NP
H21.33.013	1	0.8109691193406883	gf_random_v2_104m_cls	per_subclass	L5/6 NP
H21.33.014	1	0.6961392674805873	gf_random_v2_104m_cls	per_subclass	L5/6 NP
H21.33.015	0	0.6719897563342261	gf_random_v2_104m_cls	per_subclass	L5/6 NP
H21.33.016	0	0.5399896374618771	gf_random_v2_104m_cls	per_subclass	L5/6 NP
H21.33.017	1	0.9479844142112519	gf_random_v2_104m_cls	per_subclass	L5/6 NP
H21.33.018	0	0.8026611934548965	gf_random_v2_104m_cls	per_subclass	L5/6 NP
H21.33.019	0	0.45065897134276645	gf_random_v2_104m_cls	per_subclass	L5/6 NP
H21.33.021	1	0.9348033510639194	gf_random_v2_104m_cls	per_subclass	L5/6 NP
H21.33.022	1	0.5776991125861957	gf_random_v2_104m_cls	per_subclass	L5/6 NP
H21.33.023	0	0.628594865004412	gf_random_v2_104m_cls	per_subclass	L5/6 NP
H21.33.025	1	0.933803774684599	gf_random_v2_104m_cls	per_subclass	L5/6 NP
H21.33.026	1	0.8469205707666478	gf_random_v2_104m_cls	per_subclass	L5/6 NP
H21.33.027	1	0.7803507126630376	gf_random_v2_104m_cls	per_subclass	L5/6 NP
H21.33.028	0	0.9034346568424073	gf_random_v2_104m_cls	per_subclass	L5/6 NP
H21.33.029	1	0.8728881738862453	gf_random_v2_104m_cls	per_subclass	L5/6 NP
H21.33.030	1	0.6315825525544587	gf_random_v2_104m_cls	per_subclass	L5/6 NP
H21.33.031	1	0.8709615630690235	gf_random_v2_104m_cls	per_subclass	L5/6 NP
H21.33.032	0	0.8103605273715877	gf_random_v2_104m_cls	per_subclass	L5/6 NP
H21.33.033	1	0.8925448489970691	gf_random_v2_104m_cls	per_subclass	L5/6 NP
H21.33.034	1	0.9389641701886114	gf_random_v2_104m_cls	per_subclass	L5/6 NP
H21.33.035	1	0.7375909316972231	gf_random_v2_104m_cls	per_subclass	L5/6 NP
H21.33.036	1	0.7606296303655964	gf_random_v2_104m_cls	per_subclass	L5/6 NP
H21.33.037	0	0.5817297098781046	gf_random_v2_104m_cls	per_subclass	L5/6 NP
H21.33.038	0	0.8282287977598793	gf_random_v2_104m_cls	per_subclass	L5/6 NP
H21.33.039	1	0.9566436847471168	gf_random_v2_104m_cls	per_subclass	L5/6 NP
H21.33.040	1	0.9294223312315776	gf_random_v2_104m_cls	per_subclass	L5/6 NP
H21.33.041	0	0.6605466242713444	gf_random_v2_104m_cls	per_subclass	L5/6 NP
H21.33.042	1	0.6734282933132175	gf_random_v2_104m_cls	per_subclass	L5/6 NP
H21.33.043	0	0.9367203394748884	gf_random_v2_104m_cls	per_subclass	L5/6 NP
H21.33.044	1	0.8470687387433878	gf_random_v2_104m_cls	per_subclass	L5/6 NP
H21.33.045	1	0.8890932600850366	gf_random_v2_104m_cls	per_subclass	L5/6 NP
H21.33.046	1	0.8948611926910827	gf_random_v2_104m_cls	per_subclass	L5/6 NP
H21.33.047	1	0.8054315113991833	gf_random_v2_104m_cls	per_subclass	L5/6 NP
H19.33.004	0	0.9054015760579347	gf_random_v2_104m_cls	per_subclass	L6 CT
H20.33.001	0	0.5656770867962313	gf_random_v2_104m_cls	per_subclass	L6 CT
H20.33.002	0	0.7118681636775865	gf_random_v2_104m_cls	per_subclass	L6 CT
H20.33.004	1	0.797162998521092	gf_random_v2_104m_cls	per_subclass	L6 CT
H20.33.005	1	0.5658318557884895	gf_random_v2_104m_cls	per_subclass	L6 CT
H20.33.008	1	0.7810214699758926	gf_random_v2_104m_cls	per_subclass	L6 CT
H20.33.011	1	0.47170691201408754	gf_random_v2_104m_cls	per_subclass	L6 CT
H20.33.012	0	0.6084840200230015	gf_random_v2_104m_cls	per_subclass	L6 CT
H20.33.013	1	0.6794171605134476	gf_random_v2_104m_cls	per_subclass	L6 CT
H20.33.014	1	0.5064149626995024	gf_random_v2_104m_cls	per_subclass	L6 CT
H20.33.015	1	0.8988966073411181	gf_random_v2_104m_cls	per_subclass	L6 CT
H20.33.016	1	0.5964887879269811	gf_random_v2_104m_cls	per_subclass	L6 CT
H20.33.017	1	0.7679689445625691	gf_random_v2_104m_cls	per_subclass	L6 CT
H20.33.018	1	0.9578953509570697	gf_random_v2_104m_cls	per_subclass	L6 CT
H20.33.019	1	0.7462526117960475	gf_random_v2_104m_cls	per_subclass	L6 CT
H20.33.020	1	0.8842083062112893	gf_random_v2_104m_cls	per_subclass	L6 CT
H20.33.024	1	0.865218599291565	gf_random_v2_104m_cls	per_subclass	L6 CT
H20.33.025	1	0.5094514157474475	gf_random_v2_104m_cls	per_subclass	L6 CT
H20.33.026	1	0.8770617874010384	gf_random_v2_104m_cls	per_subclass	L6 CT
H20.33.027	1	0.6407454961327699	gf_random_v2_104m_cls	per_subclass	L6 CT
H20.33.028	1	0.848880872392449	gf_random_v2_104m_cls	per_subclass	L6 CT
H20.33.029	1	0.5865248046710786	gf_random_v2_104m_cls	per_subclass	L6 CT
H20.33.030	1	0.7967536027025381	gf_random_v2_104m_cls	per_subclass	L6 CT
H20.33.031	1	0.5274229413869267	gf_random_v2_104m_cls	per_subclass	L6 CT
H20.33.032	1	0.7967392682129941	gf_random_v2_104m_cls	per_subclass	L6 CT
H20.33.033	1	0.9272094694485349	gf_random_v2_104m_cls	per_subclass	L6 CT
H20.33.034	1	0.7007999114259464	gf_random_v2_104m_cls	per_subclass	L6 CT
H20.33.035	0	0.8401575033378726	gf_random_v2_104m_cls	per_subclass	L6 CT
H20.33.036	1	0.930002047357441	gf_random_v2_104m_cls	per_subclass	L6 CT
H20.33.037	1	0.942390409166315	gf_random_v2_104m_cls	per_subclass	L6 CT
H20.33.039	1	0.5991216011829461	gf_random_v2_104m_cls	per_subclass	L6 CT
H20.33.040	1	0.852465732927173	gf_random_v2_104m_cls	per_subclass	L6 CT
H20.33.041	1	0.5786289023898401	gf_random_v2_104m_cls	per_subclass	L6 CT
H20.33.043	1	0.6164862721480144	gf_random_v2_104m_cls	per_subclass	L6 CT
H20.33.044	0	0.77361302873054	gf_random_v2_104m_cls	per_subclass	L6 CT
H20.33.045	1	0.9834874323332177	gf_random_v2_104m_cls	per_subclass	L6 CT
H20.33.046	1	0.8950166183060911	gf_random_v2_104m_cls	per_subclass	L6 CT
H21.33.001	0	0.956123669327992	gf_random_v2_104m_cls	per_subclass	L6 CT
H21.33.002	1	0.9182186517749582	gf_random_v2_104m_cls	per_subclass	L6 CT
H21.33.003	0	0.708417836857511	gf_random_v2_104m_cls	per_subclass	L6 CT
H21.33.004	0	0.689355760316048	gf_random_v2_104m_cls	per_subclass	L6 CT
H21.33.005	1	0.8143028591311531	gf_random_v2_104m_cls	per_subclass	L6 CT
H21.33.006	1	0.5899156603684352	gf_random_v2_104m_cls	per_subclass	L6 CT
H21.33.007	1	0.8319399256603187	gf_random_v2_104m_cls	per_subclass	L6 CT
H21.33.008	1	0.8954606316658648	gf_random_v2_104m_cls	per_subclass	L6 CT
H21.33.009	1	0.9803637772192143	gf_random_v2_104m_cls	per_subclass	L6 CT
H21.33.010	1	0.9007320138495467	gf_random_v2_104m_cls	per_subclass	L6 CT
H21.33.011	0	0.6562943001981951	gf_random_v2_104m_cls	per_subclass	L6 CT
H21.33.012	1	0.6583832291076477	gf_random_v2_104m_cls	per_subclass	L6 CT
H21.33.013	1	0.909536152063352	gf_random_v2_104m_cls	per_subclass	L6 CT
H21.33.014	1	0.8969264981970533	gf_random_v2_104m_cls	per_subclass	L6 CT
H21.33.015	0	0.7793006418613282	gf_random_v2_104m_cls	per_subclass	L6 CT
H21.33.016	0	0.6065092315303	gf_random_v2_104m_cls	per_subclass	L6 CT
H21.33.017	1	0.6048972509218723	gf_random_v2_104m_cls	per_subclass	L6 CT
H21.33.018	0	0.8084640559677435	gf_random_v2_104m_cls	per_subclass	L6 CT
H21.33.019	0	0.7281514892027807	gf_random_v2_104m_cls	per_subclass	L6 CT
H21.33.021	1	0.7070941664927386	gf_random_v2_104m_cls	per_subclass	L6 CT
H21.33.022	1	0.694119963794337	gf_random_v2_104m_cls	per_subclass	L6 CT
H21.33.023	0	0.7107797538326314	gf_random_v2_104m_cls	per_subclass	L6 CT
H21.33.025	1	0.7197381792704027	gf_random_v2_104m_cls	per_subclass	L6 CT
H21.33.026	1	0.8018133048006888	gf_random_v2_104m_cls	per_subclass	L6 CT
H21.33.027	1	0.8057714707733943	gf_random_v2_104m_cls	per_subclass	L6 CT
H21.33.028	0	0.7812532779392592	gf_random_v2_104m_cls	per_subclass	L6 CT
H21.33.029	1	0.8281016914834327	gf_random_v2_104m_cls	per_subclass	L6 CT
H21.33.030	1	0.8470385201951259	gf_random_v2_104m_cls	per_subclass	L6 CT
H21.33.031	1	0.7572538106347241	gf_random_v2_104m_cls	per_subclass	L6 CT
H21.33.032	0	0.5372910422949013	gf_random_v2_104m_cls	per_subclass	L6 CT
H21.33.033	1	0.39566192870011907	gf_random_v2_104m_cls	per_subclass	L6 CT
H21.33.035	1	0.7963914005916213	gf_random_v2_104m_cls	per_subclass	L6 CT
H21.33.036	1	0.6356476031429164	gf_random_v2_104m_cls	per_subclass	L6 CT
H21.33.037	0	0.5880189515095893	gf_random_v2_104m_cls	per_subclass	L6 CT
H21.33.038	0	0.6515827114813688	gf_random_v2_104m_cls	per_subclass	L6 CT
H21.33.039	1	0.935172264192782	gf_random_v2_104m_cls	per_subclass	L6 CT
H21.33.040	1	0.724667320598744	gf_random_v2_104m_cls	per_subclass	L6 CT
H21.33.041	0	0.6414313765445532	gf_random_v2_104m_cls	per_subclass	L6 CT
H21.33.042	1	0.7890163420953357	gf_random_v2_104m_cls	per_subclass	L6 CT
H21.33.043	0	0.839287523613469	gf_random_v2_104m_cls	per_subclass	L6 CT
H21.33.044	1	0.7831081500685947	gf_random_v2_104m_cls	per_subclass	L6 CT
H21.33.045	1	0.9390170286317374	gf_random_v2_104m_cls	per_subclass	L6 CT
H21.33.046	1	0.898294921631076	gf_random_v2_104m_cls	per_subclass	L6 CT
H21.33.047	1	0.7910699139545582	gf_random_v2_104m_cls	per_subclass	L6 CT
H19.33.004	0	0.9517413332475393	gf_random_v2_104m_cls	per_subclass	L6 IT
H20.33.001	0	0.5683879923930238	gf_random_v2_104m_cls	per_subclass	L6 IT
H20.33.002	0	0.7244033793810727	gf_random_v2_104m_cls	per_subclass	L6 IT
H20.33.004	1	0.740833137249102	gf_random_v2_104m_cls	per_subclass	L6 IT
H20.33.005	1	0.8402093592662521	gf_random_v2_104m_cls	per_subclass	L6 IT
H20.33.008	1	0.7187353296882346	gf_random_v2_104m_cls	per_subclass	L6 IT
H20.33.011	1	0.5186166953021663	gf_random_v2_104m_cls	per_subclass	L6 IT
H20.33.012	0	0.7532893884570576	gf_random_v2_104m_cls	per_subclass	L6 IT
H20.33.013	1	0.7313599263067347	gf_random_v2_104m_cls	per_subclass	L6 IT
H20.33.014	1	0.48622148788059966	gf_random_v2_104m_cls	per_subclass	L6 IT
H20.33.015	1	0.9251391334039261	gf_random_v2_104m_cls	per_subclass	L6 IT
H20.33.016	1	0.6292293960055287	gf_random_v2_104m_cls	per_subclass	L6 IT
H20.33.017	1	0.8814397502179767	gf_random_v2_104m_cls	per_subclass	L6 IT
H20.33.018	1	0.8827249957154901	gf_random_v2_104m_cls	per_subclass	L6 IT
H20.33.019	1	0.7446539305308841	gf_random_v2_104m_cls	per_subclass	L6 IT
H20.33.020	1	0.9322422565285342	gf_random_v2_104m_cls	per_subclass	L6 IT
H20.33.024	1	0.6018764040374264	gf_random_v2_104m_cls	per_subclass	L6 IT
H20.33.025	1	0.5938563192103633	gf_random_v2_104m_cls	per_subclass	L6 IT
H20.33.026	1	0.7908463497103712	gf_random_v2_104m_cls	per_subclass	L6 IT
H20.33.027	1	0.648072354357976	gf_random_v2_104m_cls	per_subclass	L6 IT
H20.33.028	1	0.9933702627158102	gf_random_v2_104m_cls	per_subclass	L6 IT
H20.33.029	1	0.505069484892869	gf_random_v2_104m_cls	per_subclass	L6 IT
H20.33.030	1	0.8104148576905412	gf_random_v2_104m_cls	per_subclass	L6 IT
H20.33.031	1	0.691483091296064	gf_random_v2_104m_cls	per_subclass	L6 IT
H20.33.032	1	0.6818990837851274	gf_random_v2_104m_cls	per_subclass	L6 IT
H20.33.033	1	0.9717556673704653	gf_random_v2_104m_cls	per_subclass	L6 IT
H20.33.034	1	0.7227187956054577	gf_random_v2_104m_cls	per_subclass	L6 IT
H20.33.035	0	0.6305689483122323	gf_random_v2_104m_cls	per_subclass	L6 IT
H20.33.036	1	0.9325167662403334	gf_random_v2_104m_cls	per_subclass	L6 IT
H20.33.037	1	0.9917455677232733	gf_random_v2_104m_cls	per_subclass	L6 IT
H20.33.039	1	0.5835079128839725	gf_random_v2_104m_cls	per_subclass	L6 IT
H20.33.040	1	0.6621978853840332	gf_random_v2_104m_cls	per_subclass	L6 IT
H20.33.041	1	0.6494178761365409	gf_random_v2_104m_cls	per_subclass	L6 IT
H20.33.043	1	0.6573141207161165	gf_random_v2_104m_cls	per_subclass	L6 IT
H20.33.044	0	0.7735487893800181	gf_random_v2_104m_cls	per_subclass	L6 IT
H20.33.045	1	0.9243693219866469	gf_random_v2_104m_cls	per_subclass	L6 IT
H20.33.046	1	0.9190572713247362	gf_random_v2_104m_cls	per_subclass	L6 IT
H21.33.001	0	0.9445393733531564	gf_random_v2_104m_cls	per_subclass	L6 IT
H21.33.002	1	0.8141468926321549	gf_random_v2_104m_cls	per_subclass	L6 IT
H21.33.003	0	0.6775751891292557	gf_random_v2_104m_cls	per_subclass	L6 IT
H21.33.004	0	0.5648953972481306	gf_random_v2_104m_cls	per_subclass	L6 IT
H21.33.005	1	0.8721298269686466	gf_random_v2_104m_cls	per_subclass	L6 IT
H21.33.006	1	0.5073343009995857	gf_random_v2_104m_cls	per_subclass	L6 IT
H21.33.007	1	0.8896360591941453	gf_random_v2_104m_cls	per_subclass	L6 IT
H21.33.008	1	0.8972414449637315	gf_random_v2_104m_cls	per_subclass	L6 IT
H21.33.009	1	0.9680252121488238	gf_random_v2_104m_cls	per_subclass	L6 IT
H21.33.010	1	0.9190054957407561	gf_random_v2_104m_cls	per_subclass	L6 IT
H21.33.011	0	0.5138005012448219	gf_random_v2_104m_cls	per_subclass	L6 IT
H21.33.012	1	0.652791878015506	gf_random_v2_104m_cls	per_subclass	L6 IT
H21.33.013	1	0.808043108290026	gf_random_v2_104m_cls	per_subclass	L6 IT
H21.33.014	1	0.7051721973568023	gf_random_v2_104m_cls	per_subclass	L6 IT
H21.33.015	0	0.7131905676856384	gf_random_v2_104m_cls	per_subclass	L6 IT
H21.33.016	0	0.5400008399057473	gf_random_v2_104m_cls	per_subclass	L6 IT
H21.33.017	1	0.7871990178955709	gf_random_v2_104m_cls	per_subclass	L6 IT
H21.33.018	0	0.8311658238407327	gf_random_v2_104m_cls	per_subclass	L6 IT
H21.33.019	0	0.4811553818044788	gf_random_v2_104m_cls	per_subclass	L6 IT
H21.33.021	1	0.8127519736141753	gf_random_v2_104m_cls	per_subclass	L6 IT
H21.33.022	1	0.6697597930702333	gf_random_v2_104m_cls	per_subclass	L6 IT
H21.33.023	0	0.7173075302688148	gf_random_v2_104m_cls	per_subclass	L6 IT
H21.33.025	1	0.8606925724144915	gf_random_v2_104m_cls	per_subclass	L6 IT
H21.33.026	1	0.6945027351332124	gf_random_v2_104m_cls	per_subclass	L6 IT
H21.33.027	1	0.7265562516536855	gf_random_v2_104m_cls	per_subclass	L6 IT
H21.33.028	0	0.6419105297651877	gf_random_v2_104m_cls	per_subclass	L6 IT
H21.33.029	1	0.8316337410489153	gf_random_v2_104m_cls	per_subclass	L6 IT
H21.33.030	1	0.5761866880489602	gf_random_v2_104m_cls	per_subclass	L6 IT
H21.33.031	1	0.8993629389699542	gf_random_v2_104m_cls	per_subclass	L6 IT
H21.33.032	0	0.5945377125128084	gf_random_v2_104m_cls	per_subclass	L6 IT
H21.33.033	1	0.9473886140921897	gf_random_v2_104m_cls	per_subclass	L6 IT
H21.33.034	1	0.9813158822851218	gf_random_v2_104m_cls	per_subclass	L6 IT
H21.33.035	1	0.858370247982857	gf_random_v2_104m_cls	per_subclass	L6 IT
H21.33.036	1	0.6814635719880159	gf_random_v2_104m_cls	per_subclass	L6 IT
H21.33.037	0	0.6556097023360907	gf_random_v2_104m_cls	per_subclass	L6 IT
H21.33.038	0	0.9213269244497898	gf_random_v2_104m_cls	per_subclass	L6 IT
H21.33.039	1	0.8700463897244367	gf_random_v2_104m_cls	per_subclass	L6 IT
H21.33.040	1	0.898270543101787	gf_random_v2_104m_cls	per_subclass	L6 IT
H21.33.041	0	0.7317227506710053	gf_random_v2_104m_cls	per_subclass	L6 IT
H21.33.042	1	0.6860595788072794	gf_random_v2_104m_cls	per_subclass	L6 IT
H21.33.043	0	0.8662533153434586	gf_random_v2_104m_cls	per_subclass	L6 IT
H21.33.044	1	0.9027464302348814	gf_random_v2_104m_cls	per_subclass	L6 IT
H21.33.045	1	0.9632054451244698	gf_random_v2_104m_cls	per_subclass	L6 IT
H21.33.046	1	0.833455850827893	gf_random_v2_104m_cls	per_subclass	L6 IT
H21.33.047	1	0.7142952862852805	gf_random_v2_104m_cls	per_subclass	L6 IT
H19.33.004	0	0.9438635980365371	gf_random_v2_104m_cls	per_subclass	L6 IT Car3
H20.33.001	0	0.7320653733425975	gf_random_v2_104m_cls	per_subclass	L6 IT Car3
H20.33.002	0	0.7976953509858344	gf_random_v2_104m_cls	per_subclass	L6 IT Car3
H20.33.004	1	0.7723608345726019	gf_random_v2_104m_cls	per_subclass	L6 IT Car3
H20.33.005	1	0.8828375772054056	gf_random_v2_104m_cls	per_subclass	L6 IT Car3
H20.33.008	1	0.6100395985035243	gf_random_v2_104m_cls	per_subclass	L6 IT Car3
H20.33.011	1	0.5218372684254569	gf_random_v2_104m_cls	per_subclass	L6 IT Car3
H20.33.012	0	0.8708593625163715	gf_random_v2_104m_cls	per_subclass	L6 IT Car3
H20.33.013	1	0.6991638714964357	gf_random_v2_104m_cls	per_subclass	L6 IT Car3
H20.33.014	1	0.7796631383348555	gf_random_v2_104m_cls	per_subclass	L6 IT Car3
H20.33.015	1	0.8841736446163884	gf_random_v2_104m_cls	per_subclass	L6 IT Car3
H20.33.016	1	0.7280193464322318	gf_random_v2_104m_cls	per_subclass	L6 IT Car3
H20.33.017	1	0.7483168066914841	gf_random_v2_104m_cls	per_subclass	L6 IT Car3
H20.33.018	1	0.9187197109147565	gf_random_v2_104m_cls	per_subclass	L6 IT Car3
H20.33.019	1	0.6642316549352909	gf_random_v2_104m_cls	per_subclass	L6 IT Car3
H20.33.020	1	0.7280747059994479	gf_random_v2_104m_cls	per_subclass	L6 IT Car3
H20.33.024	1	0.65378441137966	gf_random_v2_104m_cls	per_subclass	L6 IT Car3
H20.33.025	1	0.7516559119618313	gf_random_v2_104m_cls	per_subclass	L6 IT Car3
H20.33.026	1	0.7650189070708328	gf_random_v2_104m_cls	per_subclass	L6 IT Car3
H20.33.027	1	0.8113787777769816	gf_random_v2_104m_cls	per_subclass	L6 IT Car3
H20.33.028	1	0.9688720884484617	gf_random_v2_104m_cls	per_subclass	L6 IT Car3
H20.33.029	1	0.7744928517852123	gf_random_v2_104m_cls	per_subclass	L6 IT Car3
H20.33.030	1	0.9548423977108842	gf_random_v2_104m_cls	per_subclass	L6 IT Car3
H20.33.031	1	0.6468199826194169	gf_random_v2_104m_cls	per_subclass	L6 IT Car3
H20.33.032	1	0.8008220247091826	gf_random_v2_104m_cls	per_subclass	L6 IT Car3
H20.33.033	1	0.9486356124971953	gf_random_v2_104m_cls	per_subclass	L6 IT Car3
H20.33.034	1	0.7752610032417921	gf_random_v2_104m_cls	per_subclass	L6 IT Car3
H20.33.035	0	0.47506891161017883	gf_random_v2_104m_cls	per_subclass	L6 IT Car3
H20.33.036	1	0.9286852970368168	gf_random_v2_104m_cls	per_subclass	L6 IT Car3
H20.33.037	1	0.9217649583938019	gf_random_v2_104m_cls	per_subclass	L6 IT Car3
H20.33.038	1	0.5448803479514407	gf_random_v2_104m_cls	per_subclass	L6 IT Car3
H20.33.039	1	0.39314746812970913	gf_random_v2_104m_cls	per_subclass	L6 IT Car3
H20.33.040	1	0.7049709681940157	gf_random_v2_104m_cls	per_subclass	L6 IT Car3
H20.33.041	1	0.7242051461913623	gf_random_v2_104m_cls	per_subclass	L6 IT Car3
H20.33.043	1	0.7931154760160262	gf_random_v2_104m_cls	per_subclass	L6 IT Car3
H20.33.044	0	0.7315252994322171	gf_random_v2_104m_cls	per_subclass	L6 IT Car3
H20.33.045	1	0.9566757898273694	gf_random_v2_104m_cls	per_subclass	L6 IT Car3
H20.33.046	1	0.9280472715688706	gf_random_v2_104m_cls	per_subclass	L6 IT Car3
H21.33.001	0	0.9651691478171115	gf_random_v2_104m_cls	per_subclass	L6 IT Car3
H21.33.002	1	0.8674036789951238	gf_random_v2_104m_cls	per_subclass	L6 IT Car3
H21.33.003	0	0.8196131998443252	gf_random_v2_104m_cls	per_subclass	L6 IT Car3
H21.33.004	0	0.5572328234426468	gf_random_v2_104m_cls	per_subclass	L6 IT Car3
H21.33.005	1	0.7535332736777247	gf_random_v2_104m_cls	per_subclass	L6 IT Car3
H21.33.006	1	0.7911081574971617	gf_random_v2_104m_cls	per_subclass	L6 IT Car3
H21.33.007	1	0.907574037843772	gf_random_v2_104m_cls	per_subclass	L6 IT Car3
H21.33.008	1	0.8871779604760892	gf_random_v2_104m_cls	per_subclass	L6 IT Car3
H21.33.009	1	0.9530277707438689	gf_random_v2_104m_cls	per_subclass	L6 IT Car3
H21.33.010	1	0.9320922558606097	gf_random_v2_104m_cls	per_subclass	L6 IT Car3
H21.33.011	0	0.519641404113822	gf_random_v2_104m_cls	per_subclass	L6 IT Car3
H21.33.012	1	0.5630967755898091	gf_random_v2_104m_cls	per_subclass	L6 IT Car3
H21.33.013	1	0.8636768727252117	gf_random_v2_104m_cls	per_subclass	L6 IT Car3
H21.33.014	1	0.7098094935507471	gf_random_v2_104m_cls	per_subclass	L6 IT Car3
H21.33.015	0	0.6255019208146599	gf_random_v2_104m_cls	per_subclass	L6 IT Car3
H21.33.016	0	0.4838470429843033	gf_random_v2_104m_cls	per_subclass	L6 IT Car3
H21.33.017	1	0.7459916102564854	gf_random_v2_104m_cls	per_subclass	L6 IT Car3
H21.33.018	0	0.5025134479419913	gf_random_v2_104m_cls	per_subclass	L6 IT Car3
H21.33.019	0	0.7118141476282347	gf_random_v2_104m_cls	per_subclass	L6 IT Car3
H21.33.021	1	0.6908147752665221	gf_random_v2_104m_cls	per_subclass	L6 IT Car3
H21.33.022	1	0.7615086521929582	gf_random_v2_104m_cls	per_subclass	L6 IT Car3
H21.33.023	0	0.7006972385100373	gf_random_v2_104m_cls	per_subclass	L6 IT Car3
H21.33.025	1	0.8635556212622442	gf_random_v2_104m_cls	per_subclass	L6 IT Car3
H21.33.026	1	0.7137950322147961	gf_random_v2_104m_cls	per_subclass	L6 IT Car3
H21.33.027	1	0.5975529203293994	gf_random_v2_104m_cls	per_subclass	L6 IT Car3
H21.33.028	0	0.6684358308786369	gf_random_v2_104m_cls	per_subclass	L6 IT Car3
H21.33.029	1	0.758898170193444	gf_random_v2_104m_cls	per_subclass	L6 IT Car3
H21.33.030	1	0.8280580469776752	gf_random_v2_104m_cls	per_subclass	L6 IT Car3
H21.33.031	1	0.8234994226831736	gf_random_v2_104m_cls	per_subclass	L6 IT Car3
H21.33.032	0	0.7738546570594647	gf_random_v2_104m_cls	per_subclass	L6 IT Car3
H21.33.033	1	0.9475311955983614	gf_random_v2_104m_cls	per_subclass	L6 IT Car3
H21.33.034	1	0.8356778436814363	gf_random_v2_104m_cls	per_subclass	L6 IT Car3
H21.33.035	1	0.9092654669233469	gf_random_v2_104m_cls	per_subclass	L6 IT Car3
H21.33.036	1	0.7308935847521744	gf_random_v2_104m_cls	per_subclass	L6 IT Car3
H21.33.037	0	0.6302397098461976	gf_random_v2_104m_cls	per_subclass	L6 IT Car3
H21.33.038	0	0.8940470470584906	gf_random_v2_104m_cls	per_subclass	L6 IT Car3
H21.33.039	1	0.889982596802788	gf_random_v2_104m_cls	per_subclass	L6 IT Car3
H21.33.040	1	0.8338951573508142	gf_random_v2_104m_cls	per_subclass	L6 IT Car3
H21.33.041	0	0.6663863393825411	gf_random_v2_104m_cls	per_subclass	L6 IT Car3
H21.33.042	1	0.7887503919525075	gf_random_v2_104m_cls	per_subclass	L6 IT Car3
H21.33.043	0	0.9299309242055207	gf_random_v2_104m_cls	per_subclass	L6 IT Car3
H21.33.044	1	0.9211912689990462	gf_random_v2_104m_cls	per_subclass	L6 IT Car3
H21.33.045	1	0.9546939751734238	gf_random_v2_104m_cls	per_subclass	L6 IT Car3
H21.33.046	1	0.8068153639632314	gf_random_v2_104m_cls	per_subclass	L6 IT Car3
H21.33.047	1	0.6946265327260222	gf_random_v2_104m_cls	per_subclass	L6 IT Car3
H19.33.004	0	0.9634083029771908	gf_random_v2_104m_cls	per_subclass	L6b
H20.33.001	0	0.6206273858356424	gf_random_v2_104m_cls	per_subclass	L6b
H20.33.002	0	0.709126920535398	gf_random_v2_104m_cls	per_subclass	L6b
H20.33.004	1	0.7199609951579579	gf_random_v2_104m_cls	per_subclass	L6b
H20.33.005	1	0.8934533832940451	gf_random_v2_104m_cls	per_subclass	L6b
H20.33.008	1	0.5316329180640241	gf_random_v2_104m_cls	per_subclass	L6b
H20.33.011	1	0.6961726878980334	gf_random_v2_104m_cls	per_subclass	L6b
H20.33.012	0	0.8124814185990294	gf_random_v2_104m_cls	per_subclass	L6b
H20.33.013	1	0.7195303291825466	gf_random_v2_104m_cls	per_subclass	L6b
H20.33.014	1	0.5809936590128013	gf_random_v2_104m_cls	per_subclass	L6b
H20.33.015	1	0.9266180127214628	gf_random_v2_104m_cls	per_subclass	L6b
H20.33.016	1	0.48961704465128486	gf_random_v2_104m_cls	per_subclass	L6b
H20.33.017	1	0.9346854273006115	gf_random_v2_104m_cls	per_subclass	L6b
H20.33.018	1	0.8706930022251852	gf_random_v2_104m_cls	per_subclass	L6b
H20.33.019	1	0.737931938196397	gf_random_v2_104m_cls	per_subclass	L6b
H20.33.020	1	0.8920227821500173	gf_random_v2_104m_cls	per_subclass	L6b
H20.33.024	1	0.514466646231434	gf_random_v2_104m_cls	per_subclass	L6b
H20.33.025	1	0.7841093951788043	gf_random_v2_104m_cls	per_subclass	L6b
H20.33.026	1	0.8052498957398576	gf_random_v2_104m_cls	per_subclass	L6b
H20.33.027	1	0.6244922396793805	gf_random_v2_104m_cls	per_subclass	L6b
H20.33.028	1	0.9280059210488295	gf_random_v2_104m_cls	per_subclass	L6b
H20.33.029	1	0.7726685559681223	gf_random_v2_104m_cls	per_subclass	L6b
H20.33.030	1	0.6056097983148584	gf_random_v2_104m_cls	per_subclass	L6b
H20.33.031	1	0.7715512760588655	gf_random_v2_104m_cls	per_subclass	L6b
H20.33.032	1	0.7484660437331321	gf_random_v2_104m_cls	per_subclass	L6b
H20.33.033	1	0.9901086259067263	gf_random_v2_104m_cls	per_subclass	L6b
H20.33.034	1	0.8195893171658977	gf_random_v2_104m_cls	per_subclass	L6b
H20.33.035	0	0.40593242206894525	gf_random_v2_104m_cls	per_subclass	L6b
H20.33.036	1	0.9420196773887328	gf_random_v2_104m_cls	per_subclass	L6b
H20.33.037	1	0.9725795402261805	gf_random_v2_104m_cls	per_subclass	L6b
H20.33.039	1	0.3528858109013785	gf_random_v2_104m_cls	per_subclass	L6b
H20.33.040	1	0.8079977830571522	gf_random_v2_104m_cls	per_subclass	L6b
H20.33.041	1	0.5354196021246873	gf_random_v2_104m_cls	per_subclass	L6b
H20.33.043	1	0.508421392602067	gf_random_v2_104m_cls	per_subclass	L6b
H20.33.044	0	0.4905629662887828	gf_random_v2_104m_cls	per_subclass	L6b
H20.33.045	1	0.9178867017268069	gf_random_v2_104m_cls	per_subclass	L6b
H20.33.046	1	0.9439217068978752	gf_random_v2_104m_cls	per_subclass	L6b
H21.33.001	0	0.9763451791404275	gf_random_v2_104m_cls	per_subclass	L6b
H21.33.002	1	0.8148759224807625	gf_random_v2_104m_cls	per_subclass	L6b
H21.33.003	0	0.6804798414672292	gf_random_v2_104m_cls	per_subclass	L6b
H21.33.004	0	0.3594762297671455	gf_random_v2_104m_cls	per_subclass	L6b
H21.33.005	1	0.867862017095316	gf_random_v2_104m_cls	per_subclass	L6b
H21.33.006	1	0.6690914345850496	gf_random_v2_104m_cls	per_subclass	L6b
H21.33.007	1	0.9227641018197833	gf_random_v2_104m_cls	per_subclass	L6b
H21.33.008	1	0.9582438328887257	gf_random_v2_104m_cls	per_subclass	L6b
H21.33.009	1	0.9561064526640465	gf_random_v2_104m_cls	per_subclass	L6b
H21.33.010	1	0.8484253071260941	gf_random_v2_104m_cls	per_subclass	L6b
H21.33.011	0	0.6199534806913956	gf_random_v2_104m_cls	per_subclass	L6b
H21.33.012	1	0.8518445164734265	gf_random_v2_104m_cls	per_subclass	L6b
H21.33.013	1	0.8411464322219471	gf_random_v2_104m_cls	per_subclass	L6b
H21.33.014	1	0.9106830969417933	gf_random_v2_104m_cls	per_subclass	L6b
H21.33.015	0	0.6284056494207753	gf_random_v2_104m_cls	per_subclass	L6b
H21.33.016	0	0.6213201226853868	gf_random_v2_104m_cls	per_subclass	L6b
H21.33.017	1	0.7621768083010888	gf_random_v2_104m_cls	per_subclass	L6b
H21.33.018	0	0.9209863790716776	gf_random_v2_104m_cls	per_subclass	L6b
H21.33.019	0	0.5003604570339807	gf_random_v2_104m_cls	per_subclass	L6b
H21.33.021	1	0.9318248405297975	gf_random_v2_104m_cls	per_subclass	L6b
H21.33.022	1	0.8049391704494507	gf_random_v2_104m_cls	per_subclass	L6b
H21.33.023	0	0.647111847100525	gf_random_v2_104m_cls	per_subclass	L6b
H21.33.025	1	0.7613323239675374	gf_random_v2_104m_cls	per_subclass	L6b
H21.33.026	1	0.7070862989564157	gf_random_v2_104m_cls	per_subclass	L6b
H21.33.027	1	0.611261455864061	gf_random_v2_104m_cls	per_subclass	L6b
H21.33.028	0	0.6911831261043065	gf_random_v2_104m_cls	per_subclass	L6b
H21.33.029	1	0.7762139064483693	gf_random_v2_104m_cls	per_subclass	L6b
H21.33.030	1	0.7557902831825435	gf_random_v2_104m_cls	per_subclass	L6b
H21.33.031	1	0.8437166877728821	gf_random_v2_104m_cls	per_subclass	L6b
H21.33.032	0	0.34463827900810695	gf_random_v2_104m_cls	per_subclass	L6b
H21.33.033	1	0.8859719813754285	gf_random_v2_104m_cls	per_subclass	L6b
H21.33.034	1	0.9373798605369016	gf_random_v2_104m_cls	per_subclass	L6b
H21.33.035	1	0.7042372993826662	gf_random_v2_104m_cls	per_subclass	L6b
H21.33.036	1	0.7564549030633534	gf_random_v2_104m_cls	per_subclass	L6b
H21.33.037	0	0.5673275412484725	gf_random_v2_104m_cls	per_subclass	L6b
H21.33.038	0	0.7659763479528733	gf_random_v2_104m_cls	per_subclass	L6b
H21.33.039	1	0.8251556285844204	gf_random_v2_104m_cls	per_subclass	L6b
H21.33.040	1	0.9647784613586966	gf_random_v2_104m_cls	per_subclass	L6b
H21.33.041	0	0.6968122456631788	gf_random_v2_104m_cls	per_subclass	L6b
H21.33.042	1	0.7468146520258591	gf_random_v2_104m_cls	per_subclass	L6b
H21.33.043	0	0.8813310995943515	gf_random_v2_104m_cls	per_subclass	L6b
H21.33.044	1	0.8545411577513858	gf_random_v2_104m_cls	per_subclass	L6b
H21.33.045	1	0.9382002159909681	gf_random_v2_104m_cls	per_subclass	L6b
H21.33.046	1	0.9104727188788285	gf_random_v2_104m_cls	per_subclass	L6b
H21.33.047	1	0.6434518980655333	gf_random_v2_104m_cls	per_subclass	L6b
H19.33.004	0	0.9332316887583092	gf_random_v2_104m_cls	per_subclass	Lamp5
H20.33.001	0	0.8985906030663553	gf_random_v2_104m_cls	per_subclass	Lamp5
H20.33.002	0	0.9671654725794516	gf_random_v2_104m_cls	per_subclass	Lamp5
H20.33.004	1	0.753767430815172	gf_random_v2_104m_cls	per_subclass	Lamp5
H20.33.005	1	0.8541897854004704	gf_random_v2_104m_cls	per_subclass	Lamp5
H20.33.008	1	0.9623330998077521	gf_random_v2_104m_cls	per_subclass	Lamp5
H20.33.011	1	0.7434669666571521	gf_random_v2_104m_cls	per_subclass	Lamp5
H20.33.012	0	0.8446110529032813	gf_random_v2_104m_cls	per_subclass	Lamp5
H20.33.013	1	0.6706912649315038	gf_random_v2_104m_cls	per_subclass	Lamp5
H20.33.014	1	0.6542025304047618	gf_random_v2_104m_cls	per_subclass	Lamp5
H20.33.015	1	0.8726850703332836	gf_random_v2_104m_cls	per_subclass	Lamp5
H20.33.016	1	0.8730004803478805	gf_random_v2_104m_cls	per_subclass	Lamp5
H20.33.017	1	0.8675735584693927	gf_random_v2_104m_cls	per_subclass	Lamp5
H20.33.018	1	0.9341322683133239	gf_random_v2_104m_cls	per_subclass	Lamp5
H20.33.019	1	0.7835200736884771	gf_random_v2_104m_cls	per_subclass	Lamp5
H20.33.020	1	0.9122120233408646	gf_random_v2_104m_cls	per_subclass	Lamp5
H20.33.024	1	0.712370170522712	gf_random_v2_104m_cls	per_subclass	Lamp5
H20.33.025	1	0.6020530731256791	gf_random_v2_104m_cls	per_subclass	Lamp5
H20.33.026	1	0.2969831280255319	gf_random_v2_104m_cls	per_subclass	Lamp5
H20.33.027	1	0.7503720529894555	gf_random_v2_104m_cls	per_subclass	Lamp5
H20.33.028	1	0.9420288288700724	gf_random_v2_104m_cls	per_subclass	Lamp5
H20.33.029	1	0.883484131654264	gf_random_v2_104m_cls	per_subclass	Lamp5
H20.33.030	1	0.5207413554603211	gf_random_v2_104m_cls	per_subclass	Lamp5
H20.33.031	1	0.7265949353251939	gf_random_v2_104m_cls	per_subclass	Lamp5
H20.33.032	1	0.7893308881840542	gf_random_v2_104m_cls	per_subclass	Lamp5
H20.33.033	1	0.9727021738131063	gf_random_v2_104m_cls	per_subclass	Lamp5
H20.33.034	1	0.6808161247571582	gf_random_v2_104m_cls	per_subclass	Lamp5
H20.33.035	0	0.5213566195795927	gf_random_v2_104m_cls	per_subclass	Lamp5
H20.33.036	1	0.9506204648589275	gf_random_v2_104m_cls	per_subclass	Lamp5
H20.33.037	1	0.9551574733453834	gf_random_v2_104m_cls	per_subclass	Lamp5
H20.33.038	1	0.9131023673309258	gf_random_v2_104m_cls	per_subclass	Lamp5
H20.33.039	1	0.44999975770767886	gf_random_v2_104m_cls	per_subclass	Lamp5
H20.33.040	1	0.7502485893442391	gf_random_v2_104m_cls	per_subclass	Lamp5
H20.33.041	1	0.6895212822162506	gf_random_v2_104m_cls	per_subclass	Lamp5
H20.33.043	1	0.5561556272901346	gf_random_v2_104m_cls	per_subclass	Lamp5
H20.33.044	0	0.6602878654776589	gf_random_v2_104m_cls	per_subclass	Lamp5
H20.33.045	1	0.8249589199787571	gf_random_v2_104m_cls	per_subclass	Lamp5
H20.33.046	1	0.8325509123046182	gf_random_v2_104m_cls	per_subclass	Lamp5
H21.33.001	0	0.4849859200584379	gf_random_v2_104m_cls	per_subclass	Lamp5
H21.33.002	1	0.41443165913995833	gf_random_v2_104m_cls	per_subclass	Lamp5
H21.33.003	0	0.591094754195777	gf_random_v2_104m_cls	per_subclass	Lamp5
H21.33.004	0	0.45436934182767635	gf_random_v2_104m_cls	per_subclass	Lamp5
H21.33.005	1	0.8601067903491257	gf_random_v2_104m_cls	per_subclass	Lamp5
H21.33.006	1	0.6271930847037284	gf_random_v2_104m_cls	per_subclass	Lamp5
H21.33.007	1	0.7938232080196523	gf_random_v2_104m_cls	per_subclass	Lamp5
H21.33.008	1	0.5633306666701319	gf_random_v2_104m_cls	per_subclass	Lamp5
H21.33.009	1	0.9496199907857299	gf_random_v2_104m_cls	per_subclass	Lamp5
H21.33.010	1	0.8032137927758681	gf_random_v2_104m_cls	per_subclass	Lamp5
H21.33.011	0	0.5859406100767852	gf_random_v2_104m_cls	per_subclass	Lamp5
H21.33.012	1	0.6569671214669386	gf_random_v2_104m_cls	per_subclass	Lamp5
H21.33.013	1	0.8456619630918251	gf_random_v2_104m_cls	per_subclass	Lamp5
H21.33.014	1	0.5983133299089631	gf_random_v2_104m_cls	per_subclass	Lamp5
H21.33.015	0	0.5940023943269519	gf_random_v2_104m_cls	per_subclass	Lamp5
H21.33.016	0	0.6805183004258468	gf_random_v2_104m_cls	per_subclass	Lamp5
H21.33.017	1	0.8758754827881441	gf_random_v2_104m_cls	per_subclass	Lamp5
H21.33.018	0	0.52401718880902	gf_random_v2_104m_cls	per_subclass	Lamp5
H21.33.019	0	0.7365284087792711	gf_random_v2_104m_cls	per_subclass	Lamp5
H21.33.021	1	0.7986458652636067	gf_random_v2_104m_cls	per_subclass	Lamp5
H21.33.022	1	0.6895859747031274	gf_random_v2_104m_cls	per_subclass	Lamp5
H21.33.023	0	0.7282439565104928	gf_random_v2_104m_cls	per_subclass	Lamp5
H21.33.025	1	0.8564135854579147	gf_random_v2_104m_cls	per_subclass	Lamp5
H21.33.026	1	0.7309982908518872	gf_random_v2_104m_cls	per_subclass	Lamp5
H21.33.027	1	0.7450829399209079	gf_random_v2_104m_cls	per_subclass	Lamp5
H21.33.028	0	0.9492848040688578	gf_random_v2_104m_cls	per_subclass	Lamp5
H21.33.029	1	0.8845162601347598	gf_random_v2_104m_cls	per_subclass	Lamp5
H21.33.030	1	0.7559077973264655	gf_random_v2_104m_cls	per_subclass	Lamp5
H21.33.031	1	0.7574316579309108	gf_random_v2_104m_cls	per_subclass	Lamp5
H21.33.032	0	0.6272011062745442	gf_random_v2_104m_cls	per_subclass	Lamp5
H21.33.033	1	0.9798469938587612	gf_random_v2_104m_cls	per_subclass	Lamp5
H21.33.034	1	0.9912778220418952	gf_random_v2_104m_cls	per_subclass	Lamp5
H21.33.035	1	0.8001779714089017	gf_random_v2_104m_cls	per_subclass	Lamp5
H21.33.036	1	0.7129263918500286	gf_random_v2_104m_cls	per_subclass	Lamp5
H21.33.037	0	0.5534564848428551	gf_random_v2_104m_cls	per_subclass	Lamp5
H21.33.038	0	0.9449233208231066	gf_random_v2_104m_cls	per_subclass	Lamp5
H21.33.039	1	0.8885689457944166	gf_random_v2_104m_cls	per_subclass	Lamp5
H21.33.040	1	0.9360185786532809	gf_random_v2_104m_cls	per_subclass	Lamp5
H21.33.041	0	0.8202098496524719	gf_random_v2_104m_cls	per_subclass	Lamp5
H21.33.042	1	0.5528592674566836	gf_random_v2_104m_cls	per_subclass	Lamp5
H21.33.043	0	0.595552925166848	gf_random_v2_104m_cls	per_subclass	Lamp5
H21.33.044	1	0.9518863593937036	gf_random_v2_104m_cls	per_subclass	Lamp5
H21.33.045	1	0.9205005831121534	gf_random_v2_104m_cls	per_subclass	Lamp5
H21.33.046	1	0.8778239462038051	gf_random_v2_104m_cls	per_subclass	Lamp5
H21.33.047	1	0.6938263147696972	gf_random_v2_104m_cls	per_subclass	Lamp5
H19.33.004	0	0.8229296200248349	gf_random_v2_104m_cls	per_subclass	Lamp5 Lhx6
H20.33.001	0	0.8631405826785498	gf_random_v2_104m_cls	per_subclass	Lamp5 Lhx6
H20.33.002	0	0.7712532777510854	gf_random_v2_104m_cls	per_subclass	Lamp5 Lhx6
H20.33.004	1	0.7596120844749642	gf_random_v2_104m_cls	per_subclass	Lamp5 Lhx6
H20.33.005	1	0.8752872477641371	gf_random_v2_104m_cls	per_subclass	Lamp5 Lhx6
H20.33.008	1	0.8562710313639741	gf_random_v2_104m_cls	per_subclass	Lamp5 Lhx6
H20.33.011	1	0.7078168421136035	gf_random_v2_104m_cls	per_subclass	Lamp5 Lhx6
H20.33.012	0	0.8307128434779703	gf_random_v2_104m_cls	per_subclass	Lamp5 Lhx6
H20.33.013	1	0.63894055032674	gf_random_v2_104m_cls	per_subclass	Lamp5 Lhx6
H20.33.014	1	0.6251082910721427	gf_random_v2_104m_cls	per_subclass	Lamp5 Lhx6
H20.33.015	1	0.9693396932053439	gf_random_v2_104m_cls	per_subclass	Lamp5 Lhx6
H20.33.016	1	0.8062360093009481	gf_random_v2_104m_cls	per_subclass	Lamp5 Lhx6
H20.33.017	1	0.9262019305431328	gf_random_v2_104m_cls	per_subclass	Lamp5 Lhx6
H20.33.018	1	0.9420117951184341	gf_random_v2_104m_cls	per_subclass	Lamp5 Lhx6
H20.33.019	1	0.9619486892637745	gf_random_v2_104m_cls	per_subclass	Lamp5 Lhx6
H20.33.020	1	0.9334594586033234	gf_random_v2_104m_cls	per_subclass	Lamp5 Lhx6
H20.33.024	1	0.8747288817700225	gf_random_v2_104m_cls	per_subclass	Lamp5 Lhx6
H20.33.025	1	0.6886112163792523	gf_random_v2_104m_cls	per_subclass	Lamp5 Lhx6
H20.33.026	1	0.737218150093476	gf_random_v2_104m_cls	per_subclass	Lamp5 Lhx6
H20.33.027	1	0.698415741503602	gf_random_v2_104m_cls	per_subclass	Lamp5 Lhx6
H20.33.028	1	0.8682368735876317	gf_random_v2_104m_cls	per_subclass	Lamp5 Lhx6
H20.33.029	1	0.5656245308679684	gf_random_v2_104m_cls	per_subclass	Lamp5 Lhx6
H20.33.030	1	0.5909011704812731	gf_random_v2_104m_cls	per_subclass	Lamp5 Lhx6
H20.33.031	1	0.46266153545264954	gf_random_v2_104m_cls	per_subclass	Lamp5 Lhx6
H20.33.032	1	0.6643315739693685	gf_random_v2_104m_cls	per_subclass	Lamp5 Lhx6
H20.33.033	1	0.9761172941339552	gf_random_v2_104m_cls	per_subclass	Lamp5 Lhx6
H20.33.034	1	0.5813268473618302	gf_random_v2_104m_cls	per_subclass	Lamp5 Lhx6
H20.33.035	0	0.5262531621528866	gf_random_v2_104m_cls	per_subclass	Lamp5 Lhx6
H20.33.036	1	0.8598475940573719	gf_random_v2_104m_cls	per_subclass	Lamp5 Lhx6
H20.33.037	1	0.9465777453571256	gf_random_v2_104m_cls	per_subclass	Lamp5 Lhx6
H20.33.039	1	0.7179342917327747	gf_random_v2_104m_cls	per_subclass	Lamp5 Lhx6
H20.33.040	1	0.7900416705446534	gf_random_v2_104m_cls	per_subclass	Lamp5 Lhx6
H20.33.041	1	0.8018044546129932	gf_random_v2_104m_cls	per_subclass	Lamp5 Lhx6
H20.33.043	1	0.6159050945638944	gf_random_v2_104m_cls	per_subclass	Lamp5 Lhx6
H20.33.044	0	0.6442887215503574	gf_random_v2_104m_cls	per_subclass	Lamp5 Lhx6
H20.33.045	1	0.9204873254606405	gf_random_v2_104m_cls	per_subclass	Lamp5 Lhx6
H20.33.046	1	0.7311197383163143	gf_random_v2_104m_cls	per_subclass	Lamp5 Lhx6
H21.33.001	0	0.8703326003190792	gf_random_v2_104m_cls	per_subclass	Lamp5 Lhx6
H21.33.002	1	0.6313732970374848	gf_random_v2_104m_cls	per_subclass	Lamp5 Lhx6
H21.33.003	0	0.6644890477404399	gf_random_v2_104m_cls	per_subclass	Lamp5 Lhx6
H21.33.004	0	0.610252302998209	gf_random_v2_104m_cls	per_subclass	Lamp5 Lhx6
H21.33.005	1	0.9153072020481803	gf_random_v2_104m_cls	per_subclass	Lamp5 Lhx6
H21.33.006	1	0.6886422293621096	gf_random_v2_104m_cls	per_subclass	Lamp5 Lhx6
H21.33.007	1	0.8507724568834435	gf_random_v2_104m_cls	per_subclass	Lamp5 Lhx6
H21.33.008	1	0.8736327670720929	gf_random_v2_104m_cls	per_subclass	Lamp5 Lhx6
H21.33.009	1	0.9382027887835287	gf_random_v2_104m_cls	per_subclass	Lamp5 Lhx6
H21.33.010	1	0.9224756137863075	gf_random_v2_104m_cls	per_subclass	Lamp5 Lhx6
H21.33.011	0	0.74650557121276	gf_random_v2_104m_cls	per_subclass	Lamp5 Lhx6
H21.33.012	1	0.6836475487523552	gf_random_v2_104m_cls	per_subclass	Lamp5 Lhx6
H21.33.013	1	0.9206412969085658	gf_random_v2_104m_cls	per_subclass	Lamp5 Lhx6
H21.33.014	1	0.9045884536443701	gf_random_v2_104m_cls	per_subclass	Lamp5 Lhx6
H21.33.015	0	0.3996312728126048	gf_random_v2_104m_cls	per_subclass	Lamp5 Lhx6
H21.33.016	0	0.681695066534896	gf_random_v2_104m_cls	per_subclass	Lamp5 Lhx6
H21.33.017	1	0.7910034539074127	gf_random_v2_104m_cls	per_subclass	Lamp5 Lhx6
H21.33.018	0	0.7082137287845216	gf_random_v2_104m_cls	per_subclass	Lamp5 Lhx6
H21.33.019	0	0.6700023893137813	gf_random_v2_104m_cls	per_subclass	Lamp5 Lhx6
H21.33.021	1	0.6570223353943676	gf_random_v2_104m_cls	per_subclass	Lamp5 Lhx6
H21.33.022	1	0.6732579521587478	gf_random_v2_104m_cls	per_subclass	Lamp5 Lhx6
H21.33.023	0	0.6737371309441329	gf_random_v2_104m_cls	per_subclass	Lamp5 Lhx6
H21.33.025	1	0.8990043634349167	gf_random_v2_104m_cls	per_subclass	Lamp5 Lhx6
H21.33.026	1	0.6197059992672085	gf_random_v2_104m_cls	per_subclass	Lamp5 Lhx6
H21.33.027	1	0.49418989731411617	gf_random_v2_104m_cls	per_subclass	Lamp5 Lhx6
H21.33.028	0	0.8371126336843148	gf_random_v2_104m_cls	per_subclass	Lamp5 Lhx6
H21.33.029	1	0.7140397927720052	gf_random_v2_104m_cls	per_subclass	Lamp5 Lhx6
H21.33.030	1	0.6258743195199836	gf_random_v2_104m_cls	per_subclass	Lamp5 Lhx6
H21.33.031	1	0.7413582428899753	gf_random_v2_104m_cls	per_subclass	Lamp5 Lhx6
H21.33.032	0	0.6254501432131893	gf_random_v2_104m_cls	per_subclass	Lamp5 Lhx6
H21.33.033	1	0.8760110869466855	gf_random_v2_104m_cls	per_subclass	Lamp5 Lhx6
H21.33.034	1	0.9884100805700486	gf_random_v2_104m_cls	per_subclass	Lamp5 Lhx6
H21.33.035	1	0.6134508299231126	gf_random_v2_104m_cls	per_subclass	Lamp5 Lhx6
H21.33.036	1	0.7245119817890366	gf_random_v2_104m_cls	per_subclass	Lamp5 Lhx6
H21.33.037	0	0.5272532804415776	gf_random_v2_104m_cls	per_subclass	Lamp5 Lhx6
H21.33.038	0	0.9156111757535751	gf_random_v2_104m_cls	per_subclass	Lamp5 Lhx6
H21.33.039	1	0.9052472891763289	gf_random_v2_104m_cls	per_subclass	Lamp5 Lhx6
H21.33.040	1	0.9066328892876662	gf_random_v2_104m_cls	per_subclass	Lamp5 Lhx6
H21.33.041	0	0.6535772074961623	gf_random_v2_104m_cls	per_subclass	Lamp5 Lhx6
H21.33.042	1	0.7037621129108783	gf_random_v2_104m_cls	per_subclass	Lamp5 Lhx6
H21.33.043	0	0.7888534409004574	gf_random_v2_104m_cls	per_subclass	Lamp5 Lhx6
H21.33.044	1	0.9690682908555328	gf_random_v2_104m_cls	per_subclass	Lamp5 Lhx6
H21.33.045	1	0.977171691942458	gf_random_v2_104m_cls	per_subclass	Lamp5 Lhx6
H21.33.046	1	0.8289121416367534	gf_random_v2_104m_cls	per_subclass	Lamp5 Lhx6
H21.33.047	1	0.5537278021651909	gf_random_v2_104m_cls	per_subclass	Lamp5 Lhx6
H19.33.004	0	0.8764352618483302	gf_random_v2_104m_cls	per_subclass	OPC
H20.33.001	0	0.7369513994286995	gf_random_v2_104m_cls	per_subclass	OPC
H20.33.002	0	0.8511261745366717	gf_random_v2_104m_cls	per_subclass	OPC
H20.33.004	1	0.7475035269590159	gf_random_v2_104m_cls	per_subclass	OPC
H20.33.005	1	0.7591962442867494	gf_random_v2_104m_cls	per_subclass	OPC
H20.33.008	1	0.7811820299146288	gf_random_v2_104m_cls	per_subclass	OPC
H20.33.011	1	0.5975210440307737	gf_random_v2_104m_cls	per_subclass	OPC
H20.33.012	0	0.70305470671759	gf_random_v2_104m_cls	per_subclass	OPC
H20.33.013	1	0.7777896035164961	gf_random_v2_104m_cls	per_subclass	OPC
H20.33.014	1	0.9096236934821951	gf_random_v2_104m_cls	per_subclass	OPC
H20.33.015	1	0.8798020391244561	gf_random_v2_104m_cls	per_subclass	OPC
H20.33.016	1	0.7074009044767747	gf_random_v2_104m_cls	per_subclass	OPC
H20.33.017	1	0.7488304076878982	gf_random_v2_104m_cls	per_subclass	OPC
H20.33.018	1	0.8675500076482079	gf_random_v2_104m_cls	per_subclass	OPC
H20.33.019	1	0.8291262045383265	gf_random_v2_104m_cls	per_subclass	OPC
H20.33.020	1	0.8073105266404905	gf_random_v2_104m_cls	per_subclass	OPC
H20.33.024	1	0.7162285556309091	gf_random_v2_104m_cls	per_subclass	OPC
H20.33.025	1	0.7729037552790032	gf_random_v2_104m_cls	per_subclass	OPC
H20.33.026	1	0.7778197289538304	gf_random_v2_104m_cls	per_subclass	OPC
H20.33.027	1	0.8334160514973326	gf_random_v2_104m_cls	per_subclass	OPC
H20.33.028	1	0.6566421462761725	gf_random_v2_104m_cls	per_subclass	OPC
H20.33.029	1	0.6009257598380209	gf_random_v2_104m_cls	per_subclass	OPC
H20.33.030	1	0.8594352982060508	gf_random_v2_104m_cls	per_subclass	OPC
H20.33.031	1	0.6656226275104669	gf_random_v2_104m_cls	per_subclass	OPC
H20.33.032	1	0.7061185063889914	gf_random_v2_104m_cls	per_subclass	OPC
H20.33.033	1	0.9211970279205202	gf_random_v2_104m_cls	per_subclass	OPC
H20.33.034	1	0.890941565423136	gf_random_v2_104m_cls	per_subclass	OPC
H20.33.035	0	0.7071203182052306	gf_random_v2_104m_cls	per_subclass	OPC
H20.33.036	1	0.7427181875643699	gf_random_v2_104m_cls	per_subclass	OPC
H20.33.037	1	0.9435853793791404	gf_random_v2_104m_cls	per_subclass	OPC
H20.33.038	1	0.7385536595857064	gf_random_v2_104m_cls	per_subclass	OPC
H20.33.039	1	0.8387400009825605	gf_random_v2_104m_cls	per_subclass	OPC
H20.33.040	1	0.7371205020106274	gf_random_v2_104m_cls	per_subclass	OPC
H20.33.041	1	0.7135862985086833	gf_random_v2_104m_cls	per_subclass	OPC
H20.33.043	1	0.678917394305836	gf_random_v2_104m_cls	per_subclass	OPC
H20.33.044	0	0.7786924949943017	gf_random_v2_104m_cls	per_subclass	OPC
H20.33.045	1	0.8860558548236066	gf_random_v2_104m_cls	per_subclass	OPC
H20.33.046	1	0.8221382321382474	gf_random_v2_104m_cls	per_subclass	OPC
H21.33.001	0	0.9384332230795852	gf_random_v2_104m_cls	per_subclass	OPC
H21.33.002	1	0.7058892930661114	gf_random_v2_104m_cls	per_subclass	OPC
H21.33.003	0	0.8055773875405625	gf_random_v2_104m_cls	per_subclass	OPC
H21.33.004	0	0.46815369290140324	gf_random_v2_104m_cls	per_subclass	OPC
H21.33.005	1	0.7390223447518017	gf_random_v2_104m_cls	per_subclass	OPC
H21.33.006	1	0.7994045876331125	gf_random_v2_104m_cls	per_subclass	OPC
H21.33.007	1	0.8461313613291075	gf_random_v2_104m_cls	per_subclass	OPC
H21.33.008	1	0.7793858754626417	gf_random_v2_104m_cls	per_subclass	OPC
H21.33.009	1	0.7579818141676363	gf_random_v2_104m_cls	per_subclass	OPC
H21.33.010	1	0.6538084174068406	gf_random_v2_104m_cls	per_subclass	OPC
H21.33.011	0	0.7767808013046814	gf_random_v2_104m_cls	per_subclass	OPC
H21.33.012	1	0.7547312943265664	gf_random_v2_104m_cls	per_subclass	OPC
H21.33.013	1	0.8865668413948671	gf_random_v2_104m_cls	per_subclass	OPC
H21.33.014	1	0.8874426256241351	gf_random_v2_104m_cls	per_subclass	OPC
H21.33.015	0	0.7800092519937899	gf_random_v2_104m_cls	per_subclass	OPC
H21.33.016	0	0.7510331538838841	gf_random_v2_104m_cls	per_subclass	OPC
H21.33.017	1	0.7423938994030177	gf_random_v2_104m_cls	per_subclass	OPC
H21.33.018	0	0.753152912181269	gf_random_v2_104m_cls	per_subclass	OPC
H21.33.019	0	0.8894046672291733	gf_random_v2_104m_cls	per_subclass	OPC
H21.33.020	1	0.7689027835072217	gf_random_v2_104m_cls	per_subclass	OPC
H21.33.021	1	0.7708763191268352	gf_random_v2_104m_cls	per_subclass	OPC
H21.33.022	1	0.5391455498677017	gf_random_v2_104m_cls	per_subclass	OPC
H21.33.023	0	0.8466101501397361	gf_random_v2_104m_cls	per_subclass	OPC
H21.33.025	1	0.827505530003015	gf_random_v2_104m_cls	per_subclass	OPC
H21.33.026	1	0.7177671196857157	gf_random_v2_104m_cls	per_subclass	OPC
H21.33.027	1	0.7677518102082567	gf_random_v2_104m_cls	per_subclass	OPC
H21.33.028	0	0.7605193733758955	gf_random_v2_104m_cls	per_subclass	OPC
H21.33.029	1	0.7551021087888274	gf_random_v2_104m_cls	per_subclass	OPC
H21.33.030	1	0.8170205966368485	gf_random_v2_104m_cls	per_subclass	OPC
H21.33.031	1	0.6740968379360199	gf_random_v2_104m_cls	per_subclass	OPC
H21.33.032	0	0.8237352867144508	gf_random_v2_104m_cls	per_subclass	OPC
H21.33.033	1	0.6302761609617886	gf_random_v2_104m_cls	per_subclass	OPC
H21.33.034	1	0.9484688074820173	gf_random_v2_104m_cls	per_subclass	OPC
H21.33.035	1	0.8624472920828488	gf_random_v2_104m_cls	per_subclass	OPC
H21.33.036	1	0.7686525538788042	gf_random_v2_104m_cls	per_subclass	OPC
H21.33.037	0	0.6111814029621926	gf_random_v2_104m_cls	per_subclass	OPC
H21.33.038	0	0.7462949319550514	gf_random_v2_104m_cls	per_subclass	OPC
H21.33.039	1	0.6911615396489739	gf_random_v2_104m_cls	per_subclass	OPC
H21.33.040	1	0.8337877595129088	gf_random_v2_104m_cls	per_subclass	OPC
H21.33.041	0	0.7531821701744251	gf_random_v2_104m_cls	per_subclass	OPC
H21.33.042	1	0.6695455491997622	gf_random_v2_104m_cls	per_subclass	OPC
H21.33.043	0	0.7649111019841613	gf_random_v2_104m_cls	per_subclass	OPC
H21.33.044	1	0.864867828260458	gf_random_v2_104m_cls	per_subclass	OPC
H21.33.045	1	0.6582681346305708	gf_random_v2_104m_cls	per_subclass	OPC
H21.33.046	1	0.7311943468884534	gf_random_v2_104m_cls	per_subclass	OPC
H21.33.047	1	0.8176012702831773	gf_random_v2_104m_cls	per_subclass	OPC
H19.33.004	0	0.8956015787072451	gf_random_v2_104m_cls	per_subclass	Oligodendrocyte
H20.33.001	0	0.870256515270305	gf_random_v2_104m_cls	per_subclass	Oligodendrocyte
H20.33.002	0	0.7626050045742729	gf_random_v2_104m_cls	per_subclass	Oligodendrocyte
H20.33.004	1	0.5896353982645762	gf_random_v2_104m_cls	per_subclass	Oligodendrocyte
H20.33.005	1	0.8312643897719154	gf_random_v2_104m_cls	per_subclass	Oligodendrocyte
H20.33.008	1	0.6483788619509538	gf_random_v2_104m_cls	per_subclass	Oligodendrocyte
H20.33.011	1	0.6488369368833569	gf_random_v2_104m_cls	per_subclass	Oligodendrocyte
H20.33.012	0	0.858299660540515	gf_random_v2_104m_cls	per_subclass	Oligodendrocyte
H20.33.013	1	0.6457383817612907	gf_random_v2_104m_cls	per_subclass	Oligodendrocyte
H20.33.014	1	0.8919511429101317	gf_random_v2_104m_cls	per_subclass	Oligodendrocyte
H20.33.015	1	0.7715318566528786	gf_random_v2_104m_cls	per_subclass	Oligodendrocyte
H20.33.016	1	0.7888103346205708	gf_random_v2_104m_cls	per_subclass	Oligodendrocyte
H20.33.017	1	0.8792299239537907	gf_random_v2_104m_cls	per_subclass	Oligodendrocyte
H20.33.018	1	0.8047548899750965	gf_random_v2_104m_cls	per_subclass	Oligodendrocyte
H20.33.019	1	0.6719188587692326	gf_random_v2_104m_cls	per_subclass	Oligodendrocyte
H20.33.020	1	0.8853284960886196	gf_random_v2_104m_cls	per_subclass	Oligodendrocyte
H20.33.024	1	0.5526139751134559	gf_random_v2_104m_cls	per_subclass	Oligodendrocyte
H20.33.025	1	0.878891275375179	gf_random_v2_104m_cls	per_subclass	Oligodendrocyte
H20.33.026	1	0.6460272148819534	gf_random_v2_104m_cls	per_subclass	Oligodendrocyte
H20.33.027	1	0.7192086924511655	gf_random_v2_104m_cls	per_subclass	Oligodendrocyte
H20.33.028	1	0.8265440739660829	gf_random_v2_104m_cls	per_subclass	Oligodendrocyte
H20.33.029	1	0.6620706763863891	gf_random_v2_104m_cls	per_subclass	Oligodendrocyte
H20.33.030	1	0.8261281634059199	gf_random_v2_104m_cls	per_subclass	Oligodendrocyte
H20.33.031	1	0.6019973484760653	gf_random_v2_104m_cls	per_subclass	Oligodendrocyte
H20.33.032	1	0.9302795697367628	gf_random_v2_104m_cls	per_subclass	Oligodendrocyte
H20.33.033	1	0.9124113652636832	gf_random_v2_104m_cls	per_subclass	Oligodendrocyte
H20.33.034	1	0.7499960758221327	gf_random_v2_104m_cls	per_subclass	Oligodendrocyte
H20.33.035	0	0.5581790843109379	gf_random_v2_104m_cls	per_subclass	Oligodendrocyte
H20.33.036	1	0.7872255514131203	gf_random_v2_104m_cls	per_subclass	Oligodendrocyte
H20.33.037	1	0.8667370433437398	gf_random_v2_104m_cls	per_subclass	Oligodendrocyte
H20.33.038	1	0.8263608960064962	gf_random_v2_104m_cls	per_subclass	Oligodendrocyte
H20.33.039	1	0.7549508228477401	gf_random_v2_104m_cls	per_subclass	Oligodendrocyte
H20.33.040	1	0.6832689080817604	gf_random_v2_104m_cls	per_subclass	Oligodendrocyte
H20.33.041	1	0.8016838373931847	gf_random_v2_104m_cls	per_subclass	Oligodendrocyte
H20.33.043	1	0.6535526284566288	gf_random_v2_104m_cls	per_subclass	Oligodendrocyte
H20.33.044	0	0.7398146926716024	gf_random_v2_104m_cls	per_subclass	Oligodendrocyte
H20.33.045	1	0.9495828888766502	gf_random_v2_104m_cls	per_subclass	Oligodendrocyte
H20.33.046	1	0.7729017505219811	gf_random_v2_104m_cls	per_subclass	Oligodendrocyte
H21.33.001	0	0.7338727650860953	gf_random_v2_104m_cls	per_subclass	Oligodendrocyte
H21.33.002	1	0.7271303813549925	gf_random_v2_104m_cls	per_subclass	Oligodendrocyte
H21.33.003	0	0.7560996671960244	gf_random_v2_104m_cls	per_subclass	Oligodendrocyte
H21.33.004	0	0.631663511196114	gf_random_v2_104m_cls	per_subclass	Oligodendrocyte
H21.33.005	1	0.7582172147005763	gf_random_v2_104m_cls	per_subclass	Oligodendrocyte
H21.33.006	1	0.7224614901025538	gf_random_v2_104m_cls	per_subclass	Oligodendrocyte
H21.33.007	1	0.9268000670682289	gf_random_v2_104m_cls	per_subclass	Oligodendrocyte
H21.33.008	1	0.7948311970817036	gf_random_v2_104m_cls	per_subclass	Oligodendrocyte
H21.33.009	1	0.8468098048875718	gf_random_v2_104m_cls	per_subclass	Oligodendrocyte
H21.33.010	1	0.7146665710865656	gf_random_v2_104m_cls	per_subclass	Oligodendrocyte
H21.33.011	0	0.6652180815174024	gf_random_v2_104m_cls	per_subclass	Oligodendrocyte
H21.33.012	1	0.6083879224726941	gf_random_v2_104m_cls	per_subclass	Oligodendrocyte
H21.33.013	1	0.7398071549602724	gf_random_v2_104m_cls	per_subclass	Oligodendrocyte
H21.33.014	1	0.5839185008938766	gf_random_v2_104m_cls	per_subclass	Oligodendrocyte
H21.33.015	0	0.6738088182423793	gf_random_v2_104m_cls	per_subclass	Oligodendrocyte
H21.33.016	0	0.5712401505001745	gf_random_v2_104m_cls	per_subclass	Oligodendrocyte
H21.33.017	1	0.7471086666491196	gf_random_v2_104m_cls	per_subclass	Oligodendrocyte
H21.33.018	0	0.8502677668493741	gf_random_v2_104m_cls	per_subclass	Oligodendrocyte
H21.33.019	0	0.6790440598953642	gf_random_v2_104m_cls	per_subclass	Oligodendrocyte
H21.33.020	1	0.8928396382293429	gf_random_v2_104m_cls	per_subclass	Oligodendrocyte
H21.33.021	1	0.7770917854730213	gf_random_v2_104m_cls	per_subclass	Oligodendrocyte
H21.33.022	1	0.6387401341369985	gf_random_v2_104m_cls	per_subclass	Oligodendrocyte
H21.33.023	0	0.7619513117322256	gf_random_v2_104m_cls	per_subclass	Oligodendrocyte
H21.33.025	1	0.7942076460378285	gf_random_v2_104m_cls	per_subclass	Oligodendrocyte
H21.33.026	1	0.7628288024392006	gf_random_v2_104m_cls	per_subclass	Oligodendrocyte
H21.33.027	1	0.8001825860401558	gf_random_v2_104m_cls	per_subclass	Oligodendrocyte
H21.33.028	0	0.7705598663901199	gf_random_v2_104m_cls	per_subclass	Oligodendrocyte
H21.33.029	1	0.7008121427251179	gf_random_v2_104m_cls	per_subclass	Oligodendrocyte
H21.33.030	1	0.7045113931379495	gf_random_v2_104m_cls	per_subclass	Oligodendrocyte
H21.33.031	1	0.6853057373918456	gf_random_v2_104m_cls	per_subclass	Oligodendrocyte
H21.33.032	0	0.7589130135609891	gf_random_v2_104m_cls	per_subclass	Oligodendrocyte
H21.33.033	1	0.8159265615000667	gf_random_v2_104m_cls	per_subclass	Oligodendrocyte
H21.33.034	1	0.9815310331793412	gf_random_v2_104m_cls	per_subclass	Oligodendrocyte
H21.33.035	1	0.7902401772315001	gf_random_v2_104m_cls	per_subclass	Oligodendrocyte
H21.33.036	1	0.7298724920981607	gf_random_v2_104m_cls	per_subclass	Oligodendrocyte
H21.33.037	0	0.7872463968169072	gf_random_v2_104m_cls	per_subclass	Oligodendrocyte
H21.33.038	0	0.6944268397867692	gf_random_v2_104m_cls	per_subclass	Oligodendrocyte
H21.33.039	1	0.8798438167391822	gf_random_v2_104m_cls	per_subclass	Oligodendrocyte
H21.33.040	1	0.7834509679913136	gf_random_v2_104m_cls	per_subclass	Oligodendrocyte
H21.33.041	0	0.7499869637996938	gf_random_v2_104m_cls	per_subclass	Oligodendrocyte
H21.33.042	1	0.706701635317934	gf_random_v2_104m_cls	per_subclass	Oligodendrocyte
H21.33.043	0	0.8522332223347935	gf_random_v2_104m_cls	per_subclass	Oligodendrocyte
H21.33.044	1	0.9496882069598843	gf_random_v2_104m_cls	per_subclass	Oligodendrocyte
H21.33.045	1	0.8972234991601953	gf_random_v2_104m_cls	per_subclass	Oligodendrocyte
H21.33.046	1	0.9185530425609738	gf_random_v2_104m_cls	per_subclass	Oligodendrocyte
H21.33.047	1	0.7699721401844124	gf_random_v2_104m_cls	per_subclass	Oligodendrocyte
H19.33.004	0	0.7958719567906228	gf_random_v2_104m_cls	per_subclass	Pax6
H20.33.001	0	0.7361343164339071	gf_random_v2_104m_cls	per_subclass	Pax6
H20.33.002	0	0.6884892303279767	gf_random_v2_104m_cls	per_subclass	Pax6
H20.33.004	1	0.6272752368424344	gf_random_v2_104m_cls	per_subclass	Pax6
H20.33.005	1	0.9554978136123712	gf_random_v2_104m_cls	per_subclass	Pax6
H20.33.008	1	0.8031266903900065	gf_random_v2_104m_cls	per_subclass	Pax6
H20.33.011	1	0.5902105774184482	gf_random_v2_104m_cls	per_subclass	Pax6
H20.33.012	0	0.6984648236391399	gf_random_v2_104m_cls	per_subclass	Pax6
H20.33.013	1	0.7598658833845894	gf_random_v2_104m_cls	per_subclass	Pax6
H20.33.014	1	0.5425922163861749	gf_random_v2_104m_cls	per_subclass	Pax6
H20.33.015	1	0.8073824655593776	gf_random_v2_104m_cls	per_subclass	Pax6
H20.33.016	1	0.8153197723050167	gf_random_v2_104m_cls	per_subclass	Pax6
H20.33.017	1	0.8812149032394652	gf_random_v2_104m_cls	per_subclass	Pax6
H20.33.018	1	0.8542883351438109	gf_random_v2_104m_cls	per_subclass	Pax6
H20.33.019	1	0.7503631996292837	gf_random_v2_104m_cls	per_subclass	Pax6
H20.33.020	1	0.8704966676074575	gf_random_v2_104m_cls	per_subclass	Pax6
H20.33.024	1	0.5754944546257197	gf_random_v2_104m_cls	per_subclass	Pax6
H20.33.025	1	0.7200749071329603	gf_random_v2_104m_cls	per_subclass	Pax6
H20.33.026	1	0.591625214297548	gf_random_v2_104m_cls	per_subclass	Pax6
H20.33.027	1	0.633560267824383	gf_random_v2_104m_cls	per_subclass	Pax6
H20.33.028	1	0.9609980684206398	gf_random_v2_104m_cls	per_subclass	Pax6
H20.33.029	1	0.774591885806873	gf_random_v2_104m_cls	per_subclass	Pax6
H20.33.030	1	0.5003480253863518	gf_random_v2_104m_cls	per_subclass	Pax6
H20.33.031	1	0.5805966323516973	gf_random_v2_104m_cls	per_subclass	Pax6
H20.33.032	1	0.6963647656942265	gf_random_v2_104m_cls	per_subclass	Pax6
H20.33.033	1	0.9563546458603442	gf_random_v2_104m_cls	per_subclass	Pax6
H20.33.034	1	0.5870346692685319	gf_random_v2_104m_cls	per_subclass	Pax6
H20.33.035	0	0.7385363734228179	gf_random_v2_104m_cls	per_subclass	Pax6
H20.33.036	1	0.9356375721250794	gf_random_v2_104m_cls	per_subclass	Pax6
H20.33.037	1	0.9266847239863424	gf_random_v2_104m_cls	per_subclass	Pax6
H20.33.039	1	0.6548048089235775	gf_random_v2_104m_cls	per_subclass	Pax6
H20.33.040	1	0.7798049395412738	gf_random_v2_104m_cls	per_subclass	Pax6
H20.33.041	1	0.5641556841275139	gf_random_v2_104m_cls	per_subclass	Pax6
H20.33.043	1	0.46051112640169495	gf_random_v2_104m_cls	per_subclass	Pax6
H20.33.044	0	0.6685251302881913	gf_random_v2_104m_cls	per_subclass	Pax6
H20.33.045	1	0.7447937216454114	gf_random_v2_104m_cls	per_subclass	Pax6
H20.33.046	1	0.8244381913512304	gf_random_v2_104m_cls	per_subclass	Pax6
H21.33.001	0	0.44154817801877855	gf_random_v2_104m_cls	per_subclass	Pax6
H21.33.002	1	0.5984299398596392	gf_random_v2_104m_cls	per_subclass	Pax6
H21.33.003	0	0.6545179486244853	gf_random_v2_104m_cls	per_subclass	Pax6
H21.33.004	0	0.6025205190676475	gf_random_v2_104m_cls	per_subclass	Pax6
H21.33.005	1	0.8283618542981743	gf_random_v2_104m_cls	per_subclass	Pax6
H21.33.006	1	0.856913229409807	gf_random_v2_104m_cls	per_subclass	Pax6
H21.33.007	1	0.6783655896247675	gf_random_v2_104m_cls	per_subclass	Pax6
H21.33.008	1	0.750266106912839	gf_random_v2_104m_cls	per_subclass	Pax6
H21.33.009	1	0.9086601135091501	gf_random_v2_104m_cls	per_subclass	Pax6
H21.33.010	1	0.8395908140427174	gf_random_v2_104m_cls	per_subclass	Pax6
H21.33.011	0	0.7997807258819478	gf_random_v2_104m_cls	per_subclass	Pax6
H21.33.012	1	0.7862019936884865	gf_random_v2_104m_cls	per_subclass	Pax6
H21.33.013	1	0.851485711594193	gf_random_v2_104m_cls	per_subclass	Pax6
H21.33.014	1	0.6720269238132482	gf_random_v2_104m_cls	per_subclass	Pax6
H21.33.015	0	0.45651577121963144	gf_random_v2_104m_cls	per_subclass	Pax6
H21.33.016	0	0.6988232453247453	gf_random_v2_104m_cls	per_subclass	Pax6
H21.33.017	1	0.8550717086810631	gf_random_v2_104m_cls	per_subclass	Pax6
H21.33.018	0	0.8160757255380069	gf_random_v2_104m_cls	per_subclass	Pax6
H21.33.019	0	0.7349116137567229	gf_random_v2_104m_cls	per_subclass	Pax6
H21.33.021	1	0.8527450720353016	gf_random_v2_104m_cls	per_subclass	Pax6
H21.33.022	1	0.6871967817480162	gf_random_v2_104m_cls	per_subclass	Pax6
H21.33.023	0	0.6431396047643947	gf_random_v2_104m_cls	per_subclass	Pax6
H21.33.025	1	0.846386842640516	gf_random_v2_104m_cls	per_subclass	Pax6
H21.33.026	1	0.8820403241892609	gf_random_v2_104m_cls	per_subclass	Pax6
H21.33.027	1	0.5416851622597	gf_random_v2_104m_cls	per_subclass	Pax6
H21.33.028	0	0.918037126944618	gf_random_v2_104m_cls	per_subclass	Pax6
H21.33.029	1	0.7691825179565177	gf_random_v2_104m_cls	per_subclass	Pax6
H21.33.030	1	0.6163476693421324	gf_random_v2_104m_cls	per_subclass	Pax6
H21.33.031	1	0.6615704063318939	gf_random_v2_104m_cls	per_subclass	Pax6
H21.33.032	0	0.7593529465936004	gf_random_v2_104m_cls	per_subclass	Pax6
H21.33.033	1	0.9611157237905417	gf_random_v2_104m_cls	per_subclass	Pax6
H21.33.034	1	0.9513558370686033	gf_random_v2_104m_cls	per_subclass	Pax6
H21.33.035	1	0.708790855293284	gf_random_v2_104m_cls	per_subclass	Pax6
H21.33.036	1	0.7418347341670427	gf_random_v2_104m_cls	per_subclass	Pax6
H21.33.037	0	0.619322245647109	gf_random_v2_104m_cls	per_subclass	Pax6
H21.33.038	0	0.8286130145528123	gf_random_v2_104m_cls	per_subclass	Pax6
H21.33.039	1	0.9402429542446905	gf_random_v2_104m_cls	per_subclass	Pax6
H21.33.040	1	0.8498052358960226	gf_random_v2_104m_cls	per_subclass	Pax6
H21.33.041	0	0.8552940147445558	gf_random_v2_104m_cls	per_subclass	Pax6
H21.33.042	1	0.7716051782546989	gf_random_v2_104m_cls	per_subclass	Pax6
H21.33.043	0	0.5894592244572412	gf_random_v2_104m_cls	per_subclass	Pax6
H21.33.044	1	0.9739534881802493	gf_random_v2_104m_cls	per_subclass	Pax6
H21.33.045	1	0.8948939727826035	gf_random_v2_104m_cls	per_subclass	Pax6
H21.33.046	1	0.8225713614699071	gf_random_v2_104m_cls	per_subclass	Pax6
H21.33.047	1	0.7125206007263999	gf_random_v2_104m_cls	per_subclass	Pax6
H19.33.004	0	0.9216657716928912	gf_random_v2_104m_cls	per_subclass	Pvalb
H20.33.001	0	0.5802040270741667	gf_random_v2_104m_cls	per_subclass	Pvalb
H20.33.002	0	0.723317845251	gf_random_v2_104m_cls	per_subclass	Pvalb
H20.33.004	1	0.5031757476950756	gf_random_v2_104m_cls	per_subclass	Pvalb
H20.33.005	1	0.9411213912972457	gf_random_v2_104m_cls	per_subclass	Pvalb
H20.33.008	1	0.8509588278603525	gf_random_v2_104m_cls	per_subclass	Pvalb
H20.33.011	1	0.7104424688176333	gf_random_v2_104m_cls	per_subclass	Pvalb
H20.33.012	0	0.725629670108314	gf_random_v2_104m_cls	per_subclass	Pvalb
H20.33.013	1	0.46017741460635186	gf_random_v2_104m_cls	per_subclass	Pvalb
H20.33.014	1	0.5396615557131219	gf_random_v2_104m_cls	per_subclass	Pvalb
H20.33.015	1	0.7807261188661025	gf_random_v2_104m_cls	per_subclass	Pvalb
H20.33.016	1	0.7325885310291513	gf_random_v2_104m_cls	per_subclass	Pvalb
H20.33.017	1	0.8031379978403533	gf_random_v2_104m_cls	per_subclass	Pvalb
H20.33.018	1	0.9324504869228919	gf_random_v2_104m_cls	per_subclass	Pvalb
H20.33.019	1	0.8694577764558726	gf_random_v2_104m_cls	per_subclass	Pvalb
H20.33.020	1	0.941148190447078	gf_random_v2_104m_cls	per_subclass	Pvalb
H20.33.024	1	0.7506648902114039	gf_random_v2_104m_cls	per_subclass	Pvalb
H20.33.025	1	0.4781542398374731	gf_random_v2_104m_cls	per_subclass	Pvalb
H20.33.026	1	0.580370719504821	gf_random_v2_104m_cls	per_subclass	Pvalb
H20.33.027	1	0.7821765841363646	gf_random_v2_104m_cls	per_subclass	Pvalb
H20.33.028	1	0.9931862493498496	gf_random_v2_104m_cls	per_subclass	Pvalb
H20.33.029	1	0.6614909894932367	gf_random_v2_104m_cls	per_subclass	Pvalb
H20.33.030	1	0.7150144691882512	gf_random_v2_104m_cls	per_subclass	Pvalb
H20.33.031	1	0.5655903778940035	gf_random_v2_104m_cls	per_subclass	Pvalb
H20.33.032	1	0.6043476982132446	gf_random_v2_104m_cls	per_subclass	Pvalb
H20.33.033	1	0.9954905250764072	gf_random_v2_104m_cls	per_subclass	Pvalb
H20.33.034	1	0.6177274229835374	gf_random_v2_104m_cls	per_subclass	Pvalb
H20.33.035	0	0.7464781533003146	gf_random_v2_104m_cls	per_subclass	Pvalb
H20.33.036	1	0.9086746975550379	gf_random_v2_104m_cls	per_subclass	Pvalb
H20.33.037	1	0.9798368201740931	gf_random_v2_104m_cls	per_subclass	Pvalb
H20.33.038	1	0.9778424891825545	gf_random_v2_104m_cls	per_subclass	Pvalb
H20.33.039	1	0.7527761708762185	gf_random_v2_104m_cls	per_subclass	Pvalb
H20.33.040	1	0.8362051964552524	gf_random_v2_104m_cls	per_subclass	Pvalb
H20.33.041	1	0.6492874120442972	gf_random_v2_104m_cls	per_subclass	Pvalb
H20.33.043	1	0.4928225259603023	gf_random_v2_104m_cls	per_subclass	Pvalb
H20.33.044	0	0.6840622337005835	gf_random_v2_104m_cls	per_subclass	Pvalb
H20.33.045	1	0.9536795965057732	gf_random_v2_104m_cls	per_subclass	Pvalb
H20.33.046	1	0.8883494437298551	gf_random_v2_104m_cls	per_subclass	Pvalb
H21.33.001	0	0.651328139175605	gf_random_v2_104m_cls	per_subclass	Pvalb
H21.33.002	1	0.6865165051611832	gf_random_v2_104m_cls	per_subclass	Pvalb
H21.33.003	0	0.7813579722649165	gf_random_v2_104m_cls	per_subclass	Pvalb
H21.33.004	0	0.607590062255491	gf_random_v2_104m_cls	per_subclass	Pvalb
H21.33.005	1	0.7340810493127182	gf_random_v2_104m_cls	per_subclass	Pvalb
H21.33.006	1	0.8076444954728361	gf_random_v2_104m_cls	per_subclass	Pvalb
H21.33.007	1	0.7556956739506563	gf_random_v2_104m_cls	per_subclass	Pvalb
H21.33.008	1	0.9223646992695604	gf_random_v2_104m_cls	per_subclass	Pvalb
H21.33.009	1	0.9456083246748281	gf_random_v2_104m_cls	per_subclass	Pvalb
H21.33.010	1	0.6552282296346595	gf_random_v2_104m_cls	per_subclass	Pvalb
H21.33.011	0	0.5307330152115919	gf_random_v2_104m_cls	per_subclass	Pvalb
H21.33.012	1	0.7457679738776181	gf_random_v2_104m_cls	per_subclass	Pvalb
H21.33.013	1	0.8522444484233519	gf_random_v2_104m_cls	per_subclass	Pvalb
H21.33.014	1	0.6731309157196861	gf_random_v2_104m_cls	per_subclass	Pvalb
H21.33.015	0	0.5669283122873667	gf_random_v2_104m_cls	per_subclass	Pvalb
H21.33.016	0	0.8229392761440402	gf_random_v2_104m_cls	per_subclass	Pvalb
H21.33.017	1	0.8839870641754235	gf_random_v2_104m_cls	per_subclass	Pvalb
H21.33.018	0	0.839182669945794	gf_random_v2_104m_cls	per_subclass	Pvalb
H21.33.019	0	0.5613449169182363	gf_random_v2_104m_cls	per_subclass	Pvalb
H21.33.021	1	0.8438057899483832	gf_random_v2_104m_cls	per_subclass	Pvalb
H21.33.022	1	0.8134508130860796	gf_random_v2_104m_cls	per_subclass	Pvalb
H21.33.023	0	0.7185874217242108	gf_random_v2_104m_cls	per_subclass	Pvalb
H21.33.025	1	0.9195019419104078	gf_random_v2_104m_cls	per_subclass	Pvalb
H21.33.026	1	0.8962499499603991	gf_random_v2_104m_cls	per_subclass	Pvalb
H21.33.027	1	0.4826253572952995	gf_random_v2_104m_cls	per_subclass	Pvalb
H21.33.028	0	0.6750435909740327	gf_random_v2_104m_cls	per_subclass	Pvalb
H21.33.029	1	0.789021493609037	gf_random_v2_104m_cls	per_subclass	Pvalb
H21.33.030	1	0.6641918409372618	gf_random_v2_104m_cls	per_subclass	Pvalb
H21.33.031	1	0.8107317715494344	gf_random_v2_104m_cls	per_subclass	Pvalb
H21.33.032	0	0.7358635325659694	gf_random_v2_104m_cls	per_subclass	Pvalb
H21.33.033	1	0.9699112290359851	gf_random_v2_104m_cls	per_subclass	Pvalb
H21.33.034	1	0.9987498758791921	gf_random_v2_104m_cls	per_subclass	Pvalb
H21.33.035	1	0.7665007680575302	gf_random_v2_104m_cls	per_subclass	Pvalb
H21.33.036	1	0.8118915745985508	gf_random_v2_104m_cls	per_subclass	Pvalb
H21.33.037	0	0.6367905477653608	gf_random_v2_104m_cls	per_subclass	Pvalb
H21.33.038	0	0.8314107359848253	gf_random_v2_104m_cls	per_subclass	Pvalb
H21.33.039	1	0.9438255337485438	gf_random_v2_104m_cls	per_subclass	Pvalb
H21.33.040	1	0.8415585157760997	gf_random_v2_104m_cls	per_subclass	Pvalb
H21.33.041	0	0.5642564315971217	gf_random_v2_104m_cls	per_subclass	Pvalb
H21.33.042	1	0.6987410492908293	gf_random_v2_104m_cls	per_subclass	Pvalb
H21.33.043	0	0.6540679573191667	gf_random_v2_104m_cls	per_subclass	Pvalb
H21.33.044	1	0.9821345460396689	gf_random_v2_104m_cls	per_subclass	Pvalb
H21.33.045	1	0.9498369901375485	gf_random_v2_104m_cls	per_subclass	Pvalb
H21.33.046	1	0.7487141973941803	gf_random_v2_104m_cls	per_subclass	Pvalb
H21.33.047	1	0.7763465502560475	gf_random_v2_104m_cls	per_subclass	Pvalb
H19.33.004	0	0.9521097613296474	gf_random_v2_104m_cls	per_subclass	Sncg
H20.33.001	0	0.6247868073593807	gf_random_v2_104m_cls	per_subclass	Sncg
H20.33.002	0	0.6003155570705401	gf_random_v2_104m_cls	per_subclass	Sncg
H20.33.004	1	0.6861263585717772	gf_random_v2_104m_cls	per_subclass	Sncg
H20.33.005	1	0.8889191019807636	gf_random_v2_104m_cls	per_subclass	Sncg
H20.33.008	1	0.9350173779010011	gf_random_v2_104m_cls	per_subclass	Sncg
H20.33.011	1	0.7950271906077985	gf_random_v2_104m_cls	per_subclass	Sncg
H20.33.012	0	0.8058102491804616	gf_random_v2_104m_cls	per_subclass	Sncg
H20.33.013	1	0.559819956766513	gf_random_v2_104m_cls	per_subclass	Sncg
H20.33.014	1	0.7625235628903845	gf_random_v2_104m_cls	per_subclass	Sncg
H20.33.015	1	0.8738556676591511	gf_random_v2_104m_cls	per_subclass	Sncg
H20.33.016	1	0.6170301443950095	gf_random_v2_104m_cls	per_subclass	Sncg
H20.33.017	1	0.9209010742773941	gf_random_v2_104m_cls	per_subclass	Sncg
H20.33.018	1	0.617576426867384	gf_random_v2_104m_cls	per_subclass	Sncg
H20.33.019	1	0.8979870497884817	gf_random_v2_104m_cls	per_subclass	Sncg
H20.33.020	1	0.8149004683483059	gf_random_v2_104m_cls	per_subclass	Sncg
H20.33.024	1	0.7268147574539119	gf_random_v2_104m_cls	per_subclass	Sncg
H20.33.025	1	0.6856717172878091	gf_random_v2_104m_cls	per_subclass	Sncg
H20.33.026	1	0.5557538940278988	gf_random_v2_104m_cls	per_subclass	Sncg
H20.33.027	1	0.7503194562389781	gf_random_v2_104m_cls	per_subclass	Sncg
H20.33.028	1	0.982977454746184	gf_random_v2_104m_cls	per_subclass	Sncg
H20.33.029	1	0.804104369477978	gf_random_v2_104m_cls	per_subclass	Sncg
H20.33.030	1	0.6703725065201376	gf_random_v2_104m_cls	per_subclass	Sncg
H20.33.031	1	0.6889356024500882	gf_random_v2_104m_cls	per_subclass	Sncg
H20.33.032	1	0.6132882580003354	gf_random_v2_104m_cls	per_subclass	Sncg
H20.33.033	1	0.9425039850207293	gf_random_v2_104m_cls	per_subclass	Sncg
H20.33.034	1	0.7590212010583434	gf_random_v2_104m_cls	per_subclass	Sncg
H20.33.035	0	0.5802767533528115	gf_random_v2_104m_cls	per_subclass	Sncg
H20.33.036	1	0.9587072466114718	gf_random_v2_104m_cls	per_subclass	Sncg
H20.33.037	1	0.7753692754658662	gf_random_v2_104m_cls	per_subclass	Sncg
H20.33.038	1	0.9160010427961467	gf_random_v2_104m_cls	per_subclass	Sncg
H20.33.039	1	0.849829921858419	gf_random_v2_104m_cls	per_subclass	Sncg
H20.33.040	1	0.6879869962458979	gf_random_v2_104m_cls	per_subclass	Sncg
H20.33.041	1	0.6773673408518682	gf_random_v2_104m_cls	per_subclass	Sncg
H20.33.043	1	0.6046467950540144	gf_random_v2_104m_cls	per_subclass	Sncg
H20.33.044	0	0.8415493199497888	gf_random_v2_104m_cls	per_subclass	Sncg
H20.33.045	1	0.8185369952101451	gf_random_v2_104m_cls	per_subclass	Sncg
H20.33.046	1	0.8512188576871698	gf_random_v2_104m_cls	per_subclass	Sncg
H21.33.001	0	0.44596685928537794	gf_random_v2_104m_cls	per_subclass	Sncg
H21.33.002	1	0.6879793048795746	gf_random_v2_104m_cls	per_subclass	Sncg
H21.33.003	0	0.812837656871943	gf_random_v2_104m_cls	per_subclass	Sncg
H21.33.004	0	0.7125215860719397	gf_random_v2_104m_cls	per_subclass	Sncg
H21.33.005	1	0.8718829553611499	gf_random_v2_104m_cls	per_subclass	Sncg
H21.33.006	1	0.8721436374811	gf_random_v2_104m_cls	per_subclass	Sncg
H21.33.007	1	0.8066825532274535	gf_random_v2_104m_cls	per_subclass	Sncg
H21.33.008	1	0.695424820473683	gf_random_v2_104m_cls	per_subclass	Sncg
H21.33.009	1	0.9548313336874067	gf_random_v2_104m_cls	per_subclass	Sncg
H21.33.010	1	0.7431642251969077	gf_random_v2_104m_cls	per_subclass	Sncg
H21.33.011	0	0.684339270825222	gf_random_v2_104m_cls	per_subclass	Sncg
H21.33.012	1	0.5746533186496984	gf_random_v2_104m_cls	per_subclass	Sncg
H21.33.013	1	0.9087307416660353	gf_random_v2_104m_cls	per_subclass	Sncg
H21.33.014	1	0.7828999657312589	gf_random_v2_104m_cls	per_subclass	Sncg
H21.33.015	0	0.6208395495661023	gf_random_v2_104m_cls	per_subclass	Sncg
H21.33.016	0	0.6294009679163144	gf_random_v2_104m_cls	per_subclass	Sncg
H21.33.017	1	0.9012870995920281	gf_random_v2_104m_cls	per_subclass	Sncg
H21.33.018	0	0.8491076119086592	gf_random_v2_104m_cls	per_subclass	Sncg
H21.33.019	0	0.4691185998201082	gf_random_v2_104m_cls	per_subclass	Sncg
H21.33.021	1	0.8124046363888506	gf_random_v2_104m_cls	per_subclass	Sncg
H21.33.022	1	0.6996722693079637	gf_random_v2_104m_cls	per_subclass	Sncg
H21.33.023	0	0.5565053185670362	gf_random_v2_104m_cls	per_subclass	Sncg
H21.33.025	1	0.9703674543076541	gf_random_v2_104m_cls	per_subclass	Sncg
H21.33.026	1	0.7954475528674674	gf_random_v2_104m_cls	per_subclass	Sncg
H21.33.027	1	0.7087234336551766	gf_random_v2_104m_cls	per_subclass	Sncg
H21.33.028	0	0.9189827082206437	gf_random_v2_104m_cls	per_subclass	Sncg
H21.33.029	1	0.8174154702173956	gf_random_v2_104m_cls	per_subclass	Sncg
H21.33.030	1	0.7765250599651187	gf_random_v2_104m_cls	per_subclass	Sncg
H21.33.031	1	0.805064081665296	gf_random_v2_104m_cls	per_subclass	Sncg
H21.33.032	0	0.8080521557617619	gf_random_v2_104m_cls	per_subclass	Sncg
H21.33.033	1	0.9796200300142154	gf_random_v2_104m_cls	per_subclass	Sncg
H21.33.034	1	0.9883477929738118	gf_random_v2_104m_cls	per_subclass	Sncg
H21.33.035	1	0.8772244991571878	gf_random_v2_104m_cls	per_subclass	Sncg
H21.33.036	1	0.6855601211602081	gf_random_v2_104m_cls	per_subclass	Sncg
H21.33.037	0	0.7071511324107526	gf_random_v2_104m_cls	per_subclass	Sncg
H21.33.038	0	0.9162298127142874	gf_random_v2_104m_cls	per_subclass	Sncg
H21.33.039	1	0.9500495105755105	gf_random_v2_104m_cls	per_subclass	Sncg
H21.33.040	1	0.8930619997521847	gf_random_v2_104m_cls	per_subclass	Sncg
H21.33.041	0	0.7559330939572046	gf_random_v2_104m_cls	per_subclass	Sncg
H21.33.042	1	0.895953384084228	gf_random_v2_104m_cls	per_subclass	Sncg
H21.33.043	0	0.7959711447841583	gf_random_v2_104m_cls	per_subclass	Sncg
H21.33.044	1	0.9498959047943956	gf_random_v2_104m_cls	per_subclass	Sncg
H21.33.045	1	0.83239880826344	gf_random_v2_104m_cls	per_subclass	Sncg
H21.33.046	1	0.8406375310862245	gf_random_v2_104m_cls	per_subclass	Sncg
H21.33.047	1	0.7069219285602774	gf_random_v2_104m_cls	per_subclass	Sncg
H19.33.004	0	0.8290705400099236	gf_random_v2_104m_cls	per_subclass	Sst
H20.33.001	0	0.7596081535205583	gf_random_v2_104m_cls	per_subclass	Sst
H20.33.002	0	0.41174381792768255	gf_random_v2_104m_cls	per_subclass	Sst
H20.33.004	1	0.9215036638119978	gf_random_v2_104m_cls	per_subclass	Sst
H20.33.005	1	0.9328182339543177	gf_random_v2_104m_cls	per_subclass	Sst
H20.33.008	1	0.8453458477527122	gf_random_v2_104m_cls	per_subclass	Sst
H20.33.011	1	0.7345178171951335	gf_random_v2_104m_cls	per_subclass	Sst
H20.33.012	0	0.9366315653531038	gf_random_v2_104m_cls	per_subclass	Sst
H20.33.013	1	0.5723482898345906	gf_random_v2_104m_cls	per_subclass	Sst
H20.33.014	1	0.7718434919534333	gf_random_v2_104m_cls	per_subclass	Sst
H20.33.015	1	0.9326270851439196	gf_random_v2_104m_cls	per_subclass	Sst
H20.33.016	1	0.6914963861323677	gf_random_v2_104m_cls	per_subclass	Sst
H20.33.017	1	0.9780517682999857	gf_random_v2_104m_cls	per_subclass	Sst
H20.33.018	1	0.9511064113416271	gf_random_v2_104m_cls	per_subclass	Sst
H20.33.019	1	0.8824867935242017	gf_random_v2_104m_cls	per_subclass	Sst
H20.33.020	1	0.9242039773172761	gf_random_v2_104m_cls	per_subclass	Sst
H20.33.024	1	0.8611840072199668	gf_random_v2_104m_cls	per_subclass	Sst
H20.33.025	1	0.7456778932806539	gf_random_v2_104m_cls	per_subclass	Sst
H20.33.026	1	0.8389987047308523	gf_random_v2_104m_cls	per_subclass	Sst
H20.33.027	1	0.7237130596966302	gf_random_v2_104m_cls	per_subclass	Sst
H20.33.028	1	0.974430049944633	gf_random_v2_104m_cls	per_subclass	Sst
H20.33.029	1	0.7364133826362228	gf_random_v2_104m_cls	per_subclass	Sst
H20.33.030	1	0.8113871306405969	gf_random_v2_104m_cls	per_subclass	Sst
H20.33.031	1	0.6049270817177952	gf_random_v2_104m_cls	per_subclass	Sst
H20.33.032	1	0.6100300235649355	gf_random_v2_104m_cls	per_subclass	Sst
H20.33.033	1	0.917135068583069	gf_random_v2_104m_cls	per_subclass	Sst
H20.33.034	1	0.8796005372583962	gf_random_v2_104m_cls	per_subclass	Sst
H20.33.035	0	0.7909579732655664	gf_random_v2_104m_cls	per_subclass	Sst
H20.33.036	1	0.9186745752708603	gf_random_v2_104m_cls	per_subclass	Sst
H20.33.037	1	0.9118539264558521	gf_random_v2_104m_cls	per_subclass	Sst
H20.33.038	1	0.9244301339974857	gf_random_v2_104m_cls	per_subclass	Sst
H20.33.039	1	0.8560044431621063	gf_random_v2_104m_cls	per_subclass	Sst
H20.33.040	1	0.8820732726890308	gf_random_v2_104m_cls	per_subclass	Sst
H20.33.041	1	0.8565098943598597	gf_random_v2_104m_cls	per_subclass	Sst
H20.33.043	1	0.5521384128238014	gf_random_v2_104m_cls	per_subclass	Sst
H20.33.044	0	0.6882857448587053	gf_random_v2_104m_cls	per_subclass	Sst
H20.33.045	1	0.821548456432722	gf_random_v2_104m_cls	per_subclass	Sst
H20.33.046	1	0.9288152240505069	gf_random_v2_104m_cls	per_subclass	Sst
H21.33.001	0	0.7438887651364139	gf_random_v2_104m_cls	per_subclass	Sst
H21.33.002	1	0.3873010452026794	gf_random_v2_104m_cls	per_subclass	Sst
H21.33.003	0	0.7003107131215122	gf_random_v2_104m_cls	per_subclass	Sst
H21.33.004	0	0.7060229614719788	gf_random_v2_104m_cls	per_subclass	Sst
H21.33.005	1	0.8051917271174703	gf_random_v2_104m_cls	per_subclass	Sst
H21.33.006	1	0.6348149955506772	gf_random_v2_104m_cls	per_subclass	Sst
H21.33.007	1	0.9057340053017654	gf_random_v2_104m_cls	per_subclass	Sst
H21.33.008	1	0.8139038059749106	gf_random_v2_104m_cls	per_subclass	Sst
H21.33.009	1	0.715817629606486	gf_random_v2_104m_cls	per_subclass	Sst
H21.33.010	1	0.9342204293242636	gf_random_v2_104m_cls	per_subclass	Sst
H21.33.011	0	0.5875221250591006	gf_random_v2_104m_cls	per_subclass	Sst
H21.33.012	1	0.973245033287626	gf_random_v2_104m_cls	per_subclass	Sst
H21.33.013	1	0.887675718327991	gf_random_v2_104m_cls	per_subclass	Sst
H21.33.014	1	0.8682216033246097	gf_random_v2_104m_cls	per_subclass	Sst
H21.33.015	0	0.41026290238917457	gf_random_v2_104m_cls	per_subclass	Sst
H21.33.016	0	0.7408074455250792	gf_random_v2_104m_cls	per_subclass	Sst
H21.33.017	1	0.7516993794386979	gf_random_v2_104m_cls	per_subclass	Sst
H21.33.018	0	0.9046719543254484	gf_random_v2_104m_cls	per_subclass	Sst
H21.33.019	0	0.64173185400458	gf_random_v2_104m_cls	per_subclass	Sst
H21.33.021	1	0.9095540075689306	gf_random_v2_104m_cls	per_subclass	Sst
H21.33.022	1	0.8861259360653116	gf_random_v2_104m_cls	per_subclass	Sst
H21.33.023	0	0.7087623558013819	gf_random_v2_104m_cls	per_subclass	Sst
H21.33.025	1	0.8885545436153783	gf_random_v2_104m_cls	per_subclass	Sst
H21.33.026	1	0.6937776412011185	gf_random_v2_104m_cls	per_subclass	Sst
H21.33.027	1	0.6008527425258474	gf_random_v2_104m_cls	per_subclass	Sst
H21.33.028	0	0.7404988391107651	gf_random_v2_104m_cls	per_subclass	Sst
H21.33.029	1	0.8505893099881326	gf_random_v2_104m_cls	per_subclass	Sst
H21.33.030	1	0.4572630653944514	gf_random_v2_104m_cls	per_subclass	Sst
H21.33.031	1	0.6089510904515902	gf_random_v2_104m_cls	per_subclass	Sst
H21.33.032	0	0.6173244847903013	gf_random_v2_104m_cls	per_subclass	Sst
H21.33.033	1	0.9302062403104425	gf_random_v2_104m_cls	per_subclass	Sst
H21.33.034	1	0.5596409651716652	gf_random_v2_104m_cls	per_subclass	Sst
H21.33.035	1	0.8265517936842401	gf_random_v2_104m_cls	per_subclass	Sst
H21.33.036	1	0.8208512940845278	gf_random_v2_104m_cls	per_subclass	Sst
H21.33.037	0	0.49486952865954115	gf_random_v2_104m_cls	per_subclass	Sst
H21.33.038	0	0.5989366812587568	gf_random_v2_104m_cls	per_subclass	Sst
H21.33.039	1	0.8551792506940284	gf_random_v2_104m_cls	per_subclass	Sst
H21.33.040	1	0.9554380003683429	gf_random_v2_104m_cls	per_subclass	Sst
H21.33.041	0	0.819455948916729	gf_random_v2_104m_cls	per_subclass	Sst
H21.33.042	1	0.8356251225182586	gf_random_v2_104m_cls	per_subclass	Sst
H21.33.043	0	0.6714994675256298	gf_random_v2_104m_cls	per_subclass	Sst
H21.33.044	1	0.766485786030551	gf_random_v2_104m_cls	per_subclass	Sst
H21.33.045	1	0.7221261036403737	gf_random_v2_104m_cls	per_subclass	Sst
H21.33.046	1	0.8362272545083694	gf_random_v2_104m_cls	per_subclass	Sst
H21.33.047	1	0.6032614858569845	gf_random_v2_104m_cls	per_subclass	Sst
H19.33.004	0	0.8528196141924737	gf_random_v2_104m_cls	per_subclass	Sst Chodl
H20.33.001	0	0.8040077042912473	gf_random_v2_104m_cls	per_subclass	Sst Chodl
H20.33.002	0	0.4535338914699564	gf_random_v2_104m_cls	per_subclass	Sst Chodl
H20.33.004	1	0.717827837188645	gf_random_v2_104m_cls	per_subclass	Sst Chodl
H20.33.005	1	0.740654930940517	gf_random_v2_104m_cls	per_subclass	Sst Chodl
H20.33.008	1	0.9154643437117643	gf_random_v2_104m_cls	per_subclass	Sst Chodl
H20.33.011	1	0.7260206052882185	gf_random_v2_104m_cls	per_subclass	Sst Chodl
H20.33.013	1	0.7925785166730734	gf_random_v2_104m_cls	per_subclass	Sst Chodl
H20.33.014	1	0.5521228602083241	gf_random_v2_104m_cls	per_subclass	Sst Chodl
H20.33.015	1	0.8960459424243463	gf_random_v2_104m_cls	per_subclass	Sst Chodl
H20.33.016	1	0.7584985741666657	gf_random_v2_104m_cls	per_subclass	Sst Chodl
H20.33.017	1	0.8602463280183166	gf_random_v2_104m_cls	per_subclass	Sst Chodl
H20.33.018	1	0.8515794059145314	gf_random_v2_104m_cls	per_subclass	Sst Chodl
H20.33.019	1	0.8251946835132922	gf_random_v2_104m_cls	per_subclass	Sst Chodl
H20.33.020	1	0.735016964730886	gf_random_v2_104m_cls	per_subclass	Sst Chodl
H20.33.024	1	0.785420546632033	gf_random_v2_104m_cls	per_subclass	Sst Chodl
H20.33.025	1	0.7050725372834943	gf_random_v2_104m_cls	per_subclass	Sst Chodl
H20.33.026	1	0.8710307078122892	gf_random_v2_104m_cls	per_subclass	Sst Chodl
H20.33.027	1	0.71195139414141	gf_random_v2_104m_cls	per_subclass	Sst Chodl
H20.33.029	1	0.6861261280024731	gf_random_v2_104m_cls	per_subclass	Sst Chodl
H20.33.030	1	0.8156788259215718	gf_random_v2_104m_cls	per_subclass	Sst Chodl
H20.33.031	1	0.7330883865775029	gf_random_v2_104m_cls	per_subclass	Sst Chodl
H20.33.032	1	0.7328431400658796	gf_random_v2_104m_cls	per_subclass	Sst Chodl
H20.33.034	1	0.7222023432824656	gf_random_v2_104m_cls	per_subclass	Sst Chodl
H20.33.035	0	0.7105776360439832	gf_random_v2_104m_cls	per_subclass	Sst Chodl
H20.33.039	1	0.796651431631296	gf_random_v2_104m_cls	per_subclass	Sst Chodl
H20.33.040	1	0.39782950917604865	gf_random_v2_104m_cls	per_subclass	Sst Chodl
H20.33.041	1	0.7257501100982215	gf_random_v2_104m_cls	per_subclass	Sst Chodl
H20.33.043	1	0.8055231919098574	gf_random_v2_104m_cls	per_subclass	Sst Chodl
H20.33.044	0	0.5753661067784996	gf_random_v2_104m_cls	per_subclass	Sst Chodl
H21.33.001	0	0.8561679586861768	gf_random_v2_104m_cls	per_subclass	Sst Chodl
H21.33.002	1	0.6542622801639787	gf_random_v2_104m_cls	per_subclass	Sst Chodl
H21.33.003	0	0.7147683140142813	gf_random_v2_104m_cls	per_subclass	Sst Chodl
H21.33.004	0	0.6806635533044787	gf_random_v2_104m_cls	per_subclass	Sst Chodl
H21.33.006	1	0.6110654105219273	gf_random_v2_104m_cls	per_subclass	Sst Chodl
H21.33.007	1	0.8410447592726346	gf_random_v2_104m_cls	per_subclass	Sst Chodl
H21.33.008	1	0.9805127481676411	gf_random_v2_104m_cls	per_subclass	Sst Chodl
H21.33.010	1	0.8003717502895542	gf_random_v2_104m_cls	per_subclass	Sst Chodl
H21.33.011	0	0.7317761085197075	gf_random_v2_104m_cls	per_subclass	Sst Chodl
H21.33.012	1	0.8597876507401564	gf_random_v2_104m_cls	per_subclass	Sst Chodl
H21.33.013	1	0.7772462205219365	gf_random_v2_104m_cls	per_subclass	Sst Chodl
H21.33.014	1	0.7223710629761066	gf_random_v2_104m_cls	per_subclass	Sst Chodl
H21.33.015	0	0.7538442142965287	gf_random_v2_104m_cls	per_subclass	Sst Chodl
H21.33.016	0	0.7843444043831534	gf_random_v2_104m_cls	per_subclass	Sst Chodl
H21.33.018	0	0.6986906201212142	gf_random_v2_104m_cls	per_subclass	Sst Chodl
H21.33.019	0	0.8150377978607285	gf_random_v2_104m_cls	per_subclass	Sst Chodl
H21.33.021	1	0.8259529864548153	gf_random_v2_104m_cls	per_subclass	Sst Chodl
H21.33.022	1	0.7397803370338158	gf_random_v2_104m_cls	per_subclass	Sst Chodl
H21.33.023	0	0.7563198068012656	gf_random_v2_104m_cls	per_subclass	Sst Chodl
H21.33.025	1	0.903656236432772	gf_random_v2_104m_cls	per_subclass	Sst Chodl
H21.33.026	1	0.24345633025202082	gf_random_v2_104m_cls	per_subclass	Sst Chodl
H21.33.027	1	0.6421957606572171	gf_random_v2_104m_cls	per_subclass	Sst Chodl
H21.33.028	0	0.41558634593401667	gf_random_v2_104m_cls	per_subclass	Sst Chodl
H21.33.030	1	0.7122802200877468	gf_random_v2_104m_cls	per_subclass	Sst Chodl
H21.33.031	1	0.4178063790769955	gf_random_v2_104m_cls	per_subclass	Sst Chodl
H21.33.032	0	0.710705187578661	gf_random_v2_104m_cls	per_subclass	Sst Chodl
H21.33.035	1	0.9053554343995929	gf_random_v2_104m_cls	per_subclass	Sst Chodl
H21.33.040	1	0.7570714195062166	gf_random_v2_104m_cls	per_subclass	Sst Chodl
H21.33.041	0	0.6599977302097706	gf_random_v2_104m_cls	per_subclass	Sst Chodl
H21.33.042	1	0.6722652060469942	gf_random_v2_104m_cls	per_subclass	Sst Chodl
H21.33.043	0	0.6885574313921083	gf_random_v2_104m_cls	per_subclass	Sst Chodl
H21.33.047	1	0.5482686959872884	gf_random_v2_104m_cls	per_subclass	Sst Chodl
H19.33.004	0	0.7331756874038128	gf_random_v2_104m_cls	per_subclass	VLMC & Perivascular
H20.33.001	0	0.758481078017007	gf_random_v2_104m_cls	per_subclass	VLMC & Perivascular
H20.33.002	0	0.8420945913914736	gf_random_v2_104m_cls	per_subclass	VLMC & Perivascular
H20.33.004	1	0.8557654717716799	gf_random_v2_104m_cls	per_subclass	VLMC & Perivascular
H20.33.005	1	0.8881190416933391	gf_random_v2_104m_cls	per_subclass	VLMC & Perivascular
H20.33.008	1	0.8421554542904014	gf_random_v2_104m_cls	per_subclass	VLMC & Perivascular
H20.33.011	1	0.6369829774970416	gf_random_v2_104m_cls	per_subclass	VLMC & Perivascular
H20.33.012	0	0.798740958481811	gf_random_v2_104m_cls	per_subclass	VLMC & Perivascular
H20.33.013	1	0.635969185195097	gf_random_v2_104m_cls	per_subclass	VLMC & Perivascular
H20.33.014	1	0.7532372081158905	gf_random_v2_104m_cls	per_subclass	VLMC & Perivascular
H20.33.015	1	0.6215896197046147	gf_random_v2_104m_cls	per_subclass	VLMC & Perivascular
H20.33.016	1	0.7813284777112507	gf_random_v2_104m_cls	per_subclass	VLMC & Perivascular
H20.33.017	1	0.7936423661959291	gf_random_v2_104m_cls	per_subclass	VLMC & Perivascular
H20.33.018	1	0.750995541296191	gf_random_v2_104m_cls	per_subclass	VLMC & Perivascular
H20.33.019	1	0.8909129161040585	gf_random_v2_104m_cls	per_subclass	VLMC & Perivascular
H20.33.020	1	0.8106957388644039	gf_random_v2_104m_cls	per_subclass	VLMC & Perivascular
H20.33.024	1	0.7082462859612065	gf_random_v2_104m_cls	per_subclass	VLMC & Perivascular
H20.33.025	1	0.7922171803006623	gf_random_v2_104m_cls	per_subclass	VLMC & Perivascular
H20.33.026	1	0.8444768997673814	gf_random_v2_104m_cls	per_subclass	VLMC & Perivascular
H20.33.027	1	0.8152512711722922	gf_random_v2_104m_cls	per_subclass	VLMC & Perivascular
H20.33.028	1	0.8814684350749259	gf_random_v2_104m_cls	per_subclass	VLMC & Perivascular
H20.33.029	1	0.859049618495904	gf_random_v2_104m_cls	per_subclass	VLMC & Perivascular
H20.33.030	1	0.7758204279190466	gf_random_v2_104m_cls	per_subclass	VLMC & Perivascular
H20.33.031	1	0.5521906708090192	gf_random_v2_104m_cls	per_subclass	VLMC & Perivascular
H20.33.032	1	0.7505952212423794	gf_random_v2_104m_cls	per_subclass	VLMC & Perivascular
H20.33.033	1	0.6757959907350837	gf_random_v2_104m_cls	per_subclass	VLMC & Perivascular
H20.33.034	1	0.8074291383408377	gf_random_v2_104m_cls	per_subclass	VLMC & Perivascular
H20.33.035	0	0.4813618791589942	gf_random_v2_104m_cls	per_subclass	VLMC & Perivascular
H20.33.036	1	0.961257227547436	gf_random_v2_104m_cls	per_subclass	VLMC & Perivascular
H20.33.037	1	0.917096277215526	gf_random_v2_104m_cls	per_subclass	VLMC & Perivascular
H20.33.038	1	0.6995580605574723	gf_random_v2_104m_cls	per_subclass	VLMC & Perivascular
H20.33.039	1	0.8753191487778305	gf_random_v2_104m_cls	per_subclass	VLMC & Perivascular
H20.33.040	1	0.8931032563058281	gf_random_v2_104m_cls	per_subclass	VLMC & Perivascular
H20.33.041	1	0.7394748209032012	gf_random_v2_104m_cls	per_subclass	VLMC & Perivascular
H20.33.043	1	0.6490706295245062	gf_random_v2_104m_cls	per_subclass	VLMC & Perivascular
H20.33.044	0	0.8173205653324663	gf_random_v2_104m_cls	per_subclass	VLMC & Perivascular
H20.33.045	1	0.9002561648943445	gf_random_v2_104m_cls	per_subclass	VLMC & Perivascular
H20.33.046	1	0.8446964379793828	gf_random_v2_104m_cls	per_subclass	VLMC & Perivascular
H21.33.001	0	0.6954687503259812	gf_random_v2_104m_cls	per_subclass	VLMC & Perivascular
H21.33.002	1	0.9022354473425246	gf_random_v2_104m_cls	per_subclass	VLMC & Perivascular
H21.33.003	0	0.7907327916040959	gf_random_v2_104m_cls	per_subclass	VLMC & Perivascular
H21.33.004	0	0.783275653048066	gf_random_v2_104m_cls	per_subclass	VLMC & Perivascular
H21.33.005	1	0.907272924354495	gf_random_v2_104m_cls	per_subclass	VLMC & Perivascular
H21.33.006	1	0.7552711381199996	gf_random_v2_104m_cls	per_subclass	VLMC & Perivascular
H21.33.007	1	0.8526378132162223	gf_random_v2_104m_cls	per_subclass	VLMC & Perivascular
H21.33.008	1	0.8757512634710976	gf_random_v2_104m_cls	per_subclass	VLMC & Perivascular
H21.33.009	1	0.6277655016230737	gf_random_v2_104m_cls	per_subclass	VLMC & Perivascular
H21.33.010	1	0.8597843417628109	gf_random_v2_104m_cls	per_subclass	VLMC & Perivascular
H21.33.011	0	0.2759592196988918	gf_random_v2_104m_cls	per_subclass	VLMC & Perivascular
H21.33.012	1	0.8151256056947638	gf_random_v2_104m_cls	per_subclass	VLMC & Perivascular
H21.33.013	1	0.722967211917022	gf_random_v2_104m_cls	per_subclass	VLMC & Perivascular
H21.33.014	1	0.5254395473256712	gf_random_v2_104m_cls	per_subclass	VLMC & Perivascular
H21.33.015	0	0.7163861371612501	gf_random_v2_104m_cls	per_subclass	VLMC & Perivascular
H21.33.016	0	0.18219916606130004	gf_random_v2_104m_cls	per_subclass	VLMC & Perivascular
H21.33.017	1	0.6529910677449725	gf_random_v2_104m_cls	per_subclass	VLMC & Perivascular
H21.33.018	0	0.663009462967187	gf_random_v2_104m_cls	per_subclass	VLMC & Perivascular
H21.33.019	0	0.7959841002343506	gf_random_v2_104m_cls	per_subclass	VLMC & Perivascular
H21.33.020	1	0.8039958852844526	gf_random_v2_104m_cls	per_subclass	VLMC & Perivascular
H21.33.021	1	0.9144373621989196	gf_random_v2_104m_cls	per_subclass	VLMC & Perivascular
H21.33.022	1	0.6994687125480122	gf_random_v2_104m_cls	per_subclass	VLMC & Perivascular
H21.33.023	0	0.7837145399949365	gf_random_v2_104m_cls	per_subclass	VLMC & Perivascular
H21.33.025	1	0.7752456267727286	gf_random_v2_104m_cls	per_subclass	VLMC & Perivascular
H21.33.026	1	0.6004672587323512	gf_random_v2_104m_cls	per_subclass	VLMC & Perivascular
H21.33.027	1	0.7719031500304695	gf_random_v2_104m_cls	per_subclass	VLMC & Perivascular
H21.33.028	0	0.7661152282867499	gf_random_v2_104m_cls	per_subclass	VLMC & Perivascular
H21.33.029	1	0.9499649651098316	gf_random_v2_104m_cls	per_subclass	VLMC & Perivascular
H21.33.030	1	0.887343585929465	gf_random_v2_104m_cls	per_subclass	VLMC & Perivascular
H21.33.031	1	0.7459492119569349	gf_random_v2_104m_cls	per_subclass	VLMC & Perivascular
H21.33.032	0	0.8113828816693784	gf_random_v2_104m_cls	per_subclass	VLMC & Perivascular
H21.33.033	1	0.7413454181769762	gf_random_v2_104m_cls	per_subclass	VLMC & Perivascular
H21.33.034	1	0.7221562631176732	gf_random_v2_104m_cls	per_subclass	VLMC & Perivascular
H21.33.035	1	0.6929974352244315	gf_random_v2_104m_cls	per_subclass	VLMC & Perivascular
H21.33.036	1	0.6506598783319084	gf_random_v2_104m_cls	per_subclass	VLMC & Perivascular
H21.33.037	0	0.9730592878360034	gf_random_v2_104m_cls	per_subclass	VLMC & Perivascular
H21.33.038	0	0.7360178323339566	gf_random_v2_104m_cls	per_subclass	VLMC & Perivascular
H21.33.039	1	0.6627164748006227	gf_random_v2_104m_cls	per_subclass	VLMC & Perivascular
H21.33.040	1	0.5684348344609897	gf_random_v2_104m_cls	per_subclass	VLMC & Perivascular
H21.33.041	0	0.6780633736903651	gf_random_v2_104m_cls	per_subclass	VLMC & Perivascular
H21.33.042	1	0.6613783489324204	gf_random_v2_104m_cls	per_subclass	VLMC & Perivascular
H21.33.043	0	0.6480230950452507	gf_random_v2_104m_cls	per_subclass	VLMC & Perivascular
H21.33.044	1	0.6835043824311893	gf_random_v2_104m_cls	per_subclass	VLMC & Perivascular
H21.33.045	1	0.8552518438183407	gf_random_v2_104m_cls	per_subclass	VLMC & Perivascular
H21.33.046	1	0.8059740280638182	gf_random_v2_104m_cls	per_subclass	VLMC & Perivascular
H21.33.047	1	0.689277768854661	gf_random_v2_104m_cls	per_subclass	VLMC & Perivascular
H19.33.004	0	0.80007902681005	gf_random_v2_104m_cls	per_subclass	Vip
H20.33.001	0	0.8722017321341478	gf_random_v2_104m_cls	per_subclass	Vip
H20.33.002	0	0.6746909768771318	gf_random_v2_104m_cls	per_subclass	Vip
H20.33.004	1	0.8348498129365517	gf_random_v2_104m_cls	per_subclass	Vip
H20.33.005	1	0.8405299696861099	gf_random_v2_104m_cls	per_subclass	Vip
H20.33.008	1	0.8372067438969804	gf_random_v2_104m_cls	per_subclass	Vip
H20.33.011	1	0.5008660138017298	gf_random_v2_104m_cls	per_subclass	Vip
H20.33.012	0	0.9408890993778887	gf_random_v2_104m_cls	per_subclass	Vip
H20.33.013	1	0.6442102990454674	gf_random_v2_104m_cls	per_subclass	Vip
H20.33.014	1	0.7352241705960327	gf_random_v2_104m_cls	per_subclass	Vip
H20.33.015	1	0.7695867236942103	gf_random_v2_104m_cls	per_subclass	Vip
H20.33.016	1	0.8448472351465133	gf_random_v2_104m_cls	per_subclass	Vip
H20.33.017	1	0.9580552565991424	gf_random_v2_104m_cls	per_subclass	Vip
H20.33.018	1	0.8708099095303556	gf_random_v2_104m_cls	per_subclass	Vip
H20.33.019	1	0.7931884193399297	gf_random_v2_104m_cls	per_subclass	Vip
H20.33.020	1	0.8371368738866911	gf_random_v2_104m_cls	per_subclass	Vip
H20.33.024	1	0.32069783855457884	gf_random_v2_104m_cls	per_subclass	Vip
H20.33.025	1	0.631614724382444	gf_random_v2_104m_cls	per_subclass	Vip
H20.33.026	1	0.4560990691133381	gf_random_v2_104m_cls	per_subclass	Vip
H20.33.027	1	0.618712497586592	gf_random_v2_104m_cls	per_subclass	Vip
H20.33.028	1	0.9216453019452402	gf_random_v2_104m_cls	per_subclass	Vip
H20.33.029	1	0.7273443942686694	gf_random_v2_104m_cls	per_subclass	Vip
H20.33.030	1	0.6458760410891417	gf_random_v2_104m_cls	per_subclass	Vip
H20.33.031	1	0.7772059777264566	gf_random_v2_104m_cls	per_subclass	Vip
H20.33.032	1	0.6956608589849405	gf_random_v2_104m_cls	per_subclass	Vip
H20.33.033	1	0.9866287293325925	gf_random_v2_104m_cls	per_subclass	Vip
H20.33.034	1	0.7444167457832418	gf_random_v2_104m_cls	per_subclass	Vip
H20.33.035	0	0.570276292182441	gf_random_v2_104m_cls	per_subclass	Vip
H20.33.036	1	0.9408007241883671	gf_random_v2_104m_cls	per_subclass	Vip
H20.33.037	1	0.8919257479572533	gf_random_v2_104m_cls	per_subclass	Vip
H20.33.038	1	0.8854304549358073	gf_random_v2_104m_cls	per_subclass	Vip
H20.33.039	1	0.703117913710656	gf_random_v2_104m_cls	per_subclass	Vip
H20.33.040	1	0.7207134902322874	gf_random_v2_104m_cls	per_subclass	Vip
H20.33.041	1	0.8510433680601086	gf_random_v2_104m_cls	per_subclass	Vip
H20.33.043	1	0.5818611081036116	gf_random_v2_104m_cls	per_subclass	Vip
H20.33.044	0	0.7275670380387843	gf_random_v2_104m_cls	per_subclass	Vip
H20.33.045	1	0.8067081209340181	gf_random_v2_104m_cls	per_subclass	Vip
H20.33.046	1	0.7681692437544999	gf_random_v2_104m_cls	per_subclass	Vip
H21.33.001	0	0.47252736344371477	gf_random_v2_104m_cls	per_subclass	Vip
H21.33.002	1	0.5488497863981835	gf_random_v2_104m_cls	per_subclass	Vip
H21.33.003	0	0.652254533713736	gf_random_v2_104m_cls	per_subclass	Vip
H21.33.004	0	0.49405588032815884	gf_random_v2_104m_cls	per_subclass	Vip
H21.33.005	1	0.9116792715188806	gf_random_v2_104m_cls	per_subclass	Vip
H21.33.006	1	0.8467254544389334	gf_random_v2_104m_cls	per_subclass	Vip
H21.33.007	1	0.5304312108842167	gf_random_v2_104m_cls	per_subclass	Vip
H21.33.008	1	0.7666783556983465	gf_random_v2_104m_cls	per_subclass	Vip
H21.33.009	1	0.9767118135015735	gf_random_v2_104m_cls	per_subclass	Vip
H21.33.010	1	0.8362303031425974	gf_random_v2_104m_cls	per_subclass	Vip
H21.33.011	0	0.7985453855536235	gf_random_v2_104m_cls	per_subclass	Vip
H21.33.012	1	0.7720541166714842	gf_random_v2_104m_cls	per_subclass	Vip
H21.33.013	1	0.9485098394345346	gf_random_v2_104m_cls	per_subclass	Vip
H21.33.014	1	0.4928107944792707	gf_random_v2_104m_cls	per_subclass	Vip
H21.33.015	0	0.66286540853067	gf_random_v2_104m_cls	per_subclass	Vip
H21.33.016	0	0.7232156166122541	gf_random_v2_104m_cls	per_subclass	Vip
H21.33.017	1	0.7038598244350147	gf_random_v2_104m_cls	per_subclass	Vip
H21.33.018	0	0.8809444541124618	gf_random_v2_104m_cls	per_subclass	Vip
H21.33.019	0	0.45028112199748255	gf_random_v2_104m_cls	per_subclass	Vip
H21.33.020	1	0.9865042410577793	gf_random_v2_104m_cls	per_subclass	Vip
H21.33.021	1	0.7611777905830663	gf_random_v2_104m_cls	per_subclass	Vip
H21.33.022	1	0.8041422142472486	gf_random_v2_104m_cls	per_subclass	Vip
H21.33.023	0	0.7123674968163591	gf_random_v2_104m_cls	per_subclass	Vip
H21.33.025	1	0.8826190052573557	gf_random_v2_104m_cls	per_subclass	Vip
H21.33.026	1	0.8598938234809408	gf_random_v2_104m_cls	per_subclass	Vip
H21.33.027	1	0.7357075461765016	gf_random_v2_104m_cls	per_subclass	Vip
H21.33.028	0	0.91252694073568	gf_random_v2_104m_cls	per_subclass	Vip
H21.33.029	1	0.7486033947446176	gf_random_v2_104m_cls	per_subclass	Vip
H21.33.030	1	0.5810540706161293	gf_random_v2_104m_cls	per_subclass	Vip
H21.33.031	1	0.7860402374477322	gf_random_v2_104m_cls	per_subclass	Vip
H21.33.032	0	0.6032391175624763	gf_random_v2_104m_cls	per_subclass	Vip
H21.33.033	1	0.9729169586703621	gf_random_v2_104m_cls	per_subclass	Vip
H21.33.034	1	0.9805273075499248	gf_random_v2_104m_cls	per_subclass	Vip
H21.33.035	1	0.8899876591280572	gf_random_v2_104m_cls	per_subclass	Vip
H21.33.036	1	0.5678523234735329	gf_random_v2_104m_cls	per_subclass	Vip
H21.33.037	0	0.5993613328061403	gf_random_v2_104m_cls	per_subclass	Vip
H21.33.038	0	0.8791157228475832	gf_random_v2_104m_cls	per_subclass	Vip
H21.33.039	1	0.918308940949629	gf_random_v2_104m_cls	per_subclass	Vip
H21.33.040	1	0.7259528909454442	gf_random_v2_104m_cls	per_subclass	Vip
H21.33.041	0	0.7034992235344657	gf_random_v2_104m_cls	per_subclass	Vip
H21.33.042	1	0.8043005248264622	gf_random_v2_104m_cls	per_subclass	Vip
H21.33.043	0	0.8216078856410322	gf_random_v2_104m_cls	per_subclass	Vip
H21.33.044	1	0.927963319450436	gf_random_v2_104m_cls	per_subclass	Vip
H21.33.045	1	0.8732812650763961	gf_random_v2_104m_cls	per_subclass	Vip
H21.33.046	1	0.8996649354902424	gf_random_v2_104m_cls	per_subclass	Vip
H21.33.047	1	0.8090206569558726	gf_random_v2_104m_cls	per_subclass	Vip
H19.33.004	0	0.9231621645677537	gf_random_v2_104m_cls	combined	9 subclasses
H20.33.001	0	0.6638735961487213	gf_random_v2_104m_cls	combined	9 subclasses
H20.33.002	0	0.7820091932848022	gf_random_v2_104m_cls	combined	9 subclasses
H20.33.004	1	0.8179405815293386	gf_random_v2_104m_cls	combined	9 subclasses
H20.33.005	1	0.885853755248134	gf_random_v2_104m_cls	combined	9 subclasses
H20.33.008	1	0.8482494220742327	gf_random_v2_104m_cls	combined	9 subclasses
H20.33.011	1	0.3765483112645073	gf_random_v2_104m_cls	combined	9 subclasses
H20.33.012	0	0.8670377312788136	gf_random_v2_104m_cls	combined	9 subclasses
H20.33.013	1	0.5374122671072845	gf_random_v2_104m_cls	combined	9 subclasses
H20.33.014	1	0.8604032696996923	gf_random_v2_104m_cls	combined	9 subclasses
H20.33.015	1	0.7782148902384713	gf_random_v2_104m_cls	combined	9 subclasses
H20.33.016	1	0.8452437801754845	gf_random_v2_104m_cls	combined	9 subclasses
H20.33.017	1	0.9016798300667179	gf_random_v2_104m_cls	combined	9 subclasses
H20.33.018	1	0.9177228017029908	gf_random_v2_104m_cls	combined	9 subclasses
H20.33.019	1	0.8329025701066456	gf_random_v2_104m_cls	combined	9 subclasses
H20.33.020	1	0.8953098024560049	gf_random_v2_104m_cls	combined	9 subclasses
H20.33.024	1	0.6541647365846962	gf_random_v2_104m_cls	combined	9 subclasses
H20.33.025	1	0.7198893540820052	gf_random_v2_104m_cls	combined	9 subclasses
H20.33.026	1	0.724781580829118	gf_random_v2_104m_cls	combined	9 subclasses
H20.33.027	1	0.7644589654483364	gf_random_v2_104m_cls	combined	9 subclasses
H20.33.028	1	0.9166297802563321	gf_random_v2_104m_cls	combined	9 subclasses
H20.33.029	1	0.7865830856086578	gf_random_v2_104m_cls	combined	9 subclasses
H20.33.030	1	0.7628584193748965	gf_random_v2_104m_cls	combined	9 subclasses
H20.33.031	1	0.5733947610650469	gf_random_v2_104m_cls	combined	9 subclasses
H20.33.032	1	0.7310468222371475	gf_random_v2_104m_cls	combined	9 subclasses
H20.33.033	1	0.9289894789276947	gf_random_v2_104m_cls	combined	9 subclasses
H20.33.034	1	0.7349443263377899	gf_random_v2_104m_cls	combined	9 subclasses
H20.33.035	0	0.4972118703430114	gf_random_v2_104m_cls	combined	9 subclasses
H20.33.036	1	0.9814634591328627	gf_random_v2_104m_cls	combined	9 subclasses
H20.33.037	1	0.9696594589522787	gf_random_v2_104m_cls	combined	9 subclasses
H20.33.038	1	0.9462937698302243	gf_random_v2_104m_cls	combined	9 subclasses
H20.33.039	1	0.6615458434613002	gf_random_v2_104m_cls	combined	9 subclasses
H20.33.040	1	0.774387116585333	gf_random_v2_104m_cls	combined	9 subclasses
H20.33.041	1	0.6965358940203296	gf_random_v2_104m_cls	combined	9 subclasses
H20.33.043	1	0.49731668684099706	gf_random_v2_104m_cls	combined	9 subclasses
H20.33.044	0	0.8415164995869743	gf_random_v2_104m_cls	combined	9 subclasses
H20.33.045	1	0.9881918119459332	gf_random_v2_104m_cls	combined	9 subclasses
H20.33.046	1	0.8751320630165523	gf_random_v2_104m_cls	combined	9 subclasses
H21.33.001	0	0.8253171456684374	gf_random_v2_104m_cls	combined	9 subclasses
H21.33.002	1	0.6772702873658557	gf_random_v2_104m_cls	combined	9 subclasses
H21.33.003	0	0.7320640120422598	gf_random_v2_104m_cls	combined	9 subclasses
H21.33.004	0	0.4974708661551553	gf_random_v2_104m_cls	combined	9 subclasses
H21.33.005	1	0.8561123757972366	gf_random_v2_104m_cls	combined	9 subclasses
H21.33.006	1	0.7065083497314608	gf_random_v2_104m_cls	combined	9 subclasses
H21.33.007	1	0.8712715847451419	gf_random_v2_104m_cls	combined	9 subclasses
H21.33.008	1	0.9142127901207658	gf_random_v2_104m_cls	combined	9 subclasses
H21.33.009	1	0.9187425283557236	gf_random_v2_104m_cls	combined	9 subclasses
H21.33.010	1	0.7925994072242686	gf_random_v2_104m_cls	combined	9 subclasses
H21.33.011	0	0.3905498034218514	gf_random_v2_104m_cls	combined	9 subclasses
H21.33.012	1	0.7049298664556943	gf_random_v2_104m_cls	combined	9 subclasses
H21.33.013	1	0.8961319879429313	gf_random_v2_104m_cls	combined	9 subclasses
H21.33.014	1	0.6679188357295037	gf_random_v2_104m_cls	combined	9 subclasses
H21.33.015	0	0.722637410608695	gf_random_v2_104m_cls	combined	9 subclasses
H21.33.016	0	0.3261857133090285	gf_random_v2_104m_cls	combined	9 subclasses
H21.33.017	1	0.7955496274737357	gf_random_v2_104m_cls	combined	9 subclasses
H21.33.018	0	0.8662497270004877	gf_random_v2_104m_cls	combined	9 subclasses
H21.33.019	0	0.8637739119421208	gf_random_v2_104m_cls	combined	9 subclasses
H21.33.020	1	0.8402779931889459	gf_random_v2_104m_cls	combined	9 subclasses
H21.33.021	1	0.9380655984638262	gf_random_v2_104m_cls	combined	9 subclasses
H21.33.022	1	0.571283183035348	gf_random_v2_104m_cls	combined	9 subclasses
H21.33.023	0	0.7949137640673118	gf_random_v2_104m_cls	combined	9 subclasses
H21.33.025	1	0.818186993094342	gf_random_v2_104m_cls	combined	9 subclasses
H21.33.026	1	0.5316777011797499	gf_random_v2_104m_cls	combined	9 subclasses
H21.33.027	1	0.6825560289865102	gf_random_v2_104m_cls	combined	9 subclasses
H21.33.028	0	0.8192144555289012	gf_random_v2_104m_cls	combined	9 subclasses
H21.33.029	1	0.8830738311993673	gf_random_v2_104m_cls	combined	9 subclasses
H21.33.030	1	0.7348799415712113	gf_random_v2_104m_cls	combined	9 subclasses
H21.33.031	1	0.7380214061649479	gf_random_v2_104m_cls	combined	9 subclasses
H21.33.032	0	0.7980610798959722	gf_random_v2_104m_cls	combined	9 subclasses
H21.33.033	1	0.9389931355127418	gf_random_v2_104m_cls	combined	9 subclasses
H21.33.034	1	0.9635250755827723	gf_random_v2_104m_cls	combined	9 subclasses
H21.33.035	1	0.8916734985305504	gf_random_v2_104m_cls	combined	9 subclasses
H21.33.036	1	0.7525934120634383	gf_random_v2_104m_cls	combined	9 subclasses
H21.33.037	0	0.8587262204921762	gf_random_v2_104m_cls	combined	9 subclasses
H21.33.038	0	0.8458556186080785	gf_random_v2_104m_cls	combined	9 subclasses
H21.33.039	1	0.8767420676272983	gf_random_v2_104m_cls	combined	9 subclasses
H21.33.040	1	0.8249584055214754	gf_random_v2_104m_cls	combined	9 subclasses
H21.33.041	0	0.8239639848776983	gf_random_v2_104m_cls	combined	9 subclasses
H21.33.042	1	0.5326619037824273	gf_random_v2_104m_cls	combined	9 subclasses
H21.33.043	0	0.8712262540114832	gf_random_v2_104m_cls	combined	9 subclasses
H21.33.044	1	0.9502285223387805	gf_random_v2_104m_cls	combined	9 subclasses
H21.33.045	1	0.9431752592075773	gf_random_v2_104m_cls	combined	9 subclasses
H21.33.046	1	0.8991078430875413	gf_random_v2_104m_cls	combined	9 subclasses
H21.33.047	1	0.8656594368303205	gf_random_v2_104m_cls	combined	9 subclasses
H19.33.004	0	0.907661638050002	gf_random_v2_104m_cls	combined+cov	9 subclasses
H20.33.001	0	0.6261922466086415	gf_random_v2_104m_cls	combined+cov	9 subclasses
H20.33.002	0	0.8122908300187806	gf_random_v2_104m_cls	combined+cov	9 subclasses
H20.33.004	1	0.8630615104518933	gf_random_v2_104m_cls	combined+cov	9 subclasses
H20.33.005	1	0.8845400013622855	gf_random_v2_104m_cls	combined+cov	9 subclasses
H20.33.008	1	0.9363342660222942	gf_random_v2_104m_cls	combined+cov	9 subclasses
H20.33.011	1	0.5050363332455957	gf_random_v2_104m_cls	combined+cov	9 subclasses
H20.33.012	0	0.8585282986876951	gf_random_v2_104m_cls	combined+cov	9 subclasses
H20.33.013	1	0.5255860695367429	gf_random_v2_104m_cls	combined+cov	9 subclasses
H20.33.014	1	0.838182034540627	gf_random_v2_104m_cls	combined+cov	9 subclasses
H20.33.015	1	0.6895184331533244	gf_random_v2_104m_cls	combined+cov	9 subclasses
H20.33.016	1	0.8305635055468606	gf_random_v2_104m_cls	combined+cov	9 subclasses
H20.33.017	1	0.8603569309875253	gf_random_v2_104m_cls	combined+cov	9 subclasses
H20.33.018	1	0.9350156975139917	gf_random_v2_104m_cls	combined+cov	9 subclasses
H20.33.019	1	0.8797311813553831	gf_random_v2_104m_cls	combined+cov	9 subclasses
H20.33.020	1	0.966860751620856	gf_random_v2_104m_cls	combined+cov	9 subclasses
H20.33.024	1	0.6119856733551504	gf_random_v2_104m_cls	combined+cov	9 subclasses
H20.33.025	1	0.7202368915350803	gf_random_v2_104m_cls	combined+cov	9 subclasses
H20.33.026	1	0.8784619113623403	gf_random_v2_104m_cls	combined+cov	9 subclasses
H20.33.027	1	0.7570547228368477	gf_random_v2_104m_cls	combined+cov	9 subclasses
H20.33.028	1	0.9093969078109554	gf_random_v2_104m_cls	combined+cov	9 subclasses
H20.33.029	1	0.7496103784930339	gf_random_v2_104m_cls	combined+cov	9 subclasses
H20.33.030	1	0.8198980422577755	gf_random_v2_104m_cls	combined+cov	9 subclasses
H20.33.031	1	0.50109502418269	gf_random_v2_104m_cls	combined+cov	9 subclasses
H20.33.032	1	0.6952179392586921	gf_random_v2_104m_cls	combined+cov	9 subclasses
H20.33.033	1	0.9161860243341508	gf_random_v2_104m_cls	combined+cov	9 subclasses
H20.33.034	1	0.6659714064002887	gf_random_v2_104m_cls	combined+cov	9 subclasses
H20.33.035	0	0.49773582318529874	gf_random_v2_104m_cls	combined+cov	9 subclasses
H20.33.036	1	0.9698569894838046	gf_random_v2_104m_cls	combined+cov	9 subclasses
H20.33.037	1	0.9525061140681796	gf_random_v2_104m_cls	combined+cov	9 subclasses
H20.33.038	1	0.9512037791539175	gf_random_v2_104m_cls	combined+cov	9 subclasses
H20.33.039	1	0.6027905344027035	gf_random_v2_104m_cls	combined+cov	9 subclasses
H20.33.040	1	0.7377953120872655	gf_random_v2_104m_cls	combined+cov	9 subclasses
H20.33.041	1	0.6656613100114444	gf_random_v2_104m_cls	combined+cov	9 subclasses
H20.33.043	1	0.763003447109674	gf_random_v2_104m_cls	combined+cov	9 subclasses
H20.33.044	0	0.8023779639314489	gf_random_v2_104m_cls	combined+cov	9 subclasses
H20.33.045	1	0.9966589467339168	gf_random_v2_104m_cls	combined+cov	9 subclasses
H20.33.046	1	0.8219083239733553	gf_random_v2_104m_cls	combined+cov	9 subclasses
H21.33.001	0	0.7988986947264625	gf_random_v2_104m_cls	combined+cov	9 subclasses
H21.33.002	1	0.7821840660669571	gf_random_v2_104m_cls	combined+cov	9 subclasses
H21.33.003	0	0.620554764090857	gf_random_v2_104m_cls	combined+cov	9 subclasses
H21.33.004	0	0.44191669202647504	gf_random_v2_104m_cls	combined+cov	9 subclasses
H21.33.005	1	0.8067315900895494	gf_random_v2_104m_cls	combined+cov	9 subclasses
H21.33.006	1	0.7592646289461336	gf_random_v2_104m_cls	combined+cov	9 subclasses
H21.33.007	1	0.8236846353312781	gf_random_v2_104m_cls	combined+cov	9 subclasses
H21.33.008	1	0.9076286305129384	gf_random_v2_104m_cls	combined+cov	9 subclasses
H21.33.009	1	0.9728386449068676	gf_random_v2_104m_cls	combined+cov	9 subclasses
H21.33.010	1	0.7318167064781947	gf_random_v2_104m_cls	combined+cov	9 subclasses
H21.33.011	0	0.3846558377590052	gf_random_v2_104m_cls	combined+cov	9 subclasses
H21.33.012	1	0.7690084657360001	gf_random_v2_104m_cls	combined+cov	9 subclasses
H21.33.013	1	0.9341650542832619	gf_random_v2_104m_cls	combined+cov	9 subclasses
H21.33.014	1	0.6178125990462362	gf_random_v2_104m_cls	combined+cov	9 subclasses
H21.33.015	0	0.6960070234917815	gf_random_v2_104m_cls	combined+cov	9 subclasses
H21.33.016	0	0.30802914844213597	gf_random_v2_104m_cls	combined+cov	9 subclasses
H21.33.017	1	0.7748482392918318	gf_random_v2_104m_cls	combined+cov	9 subclasses
H21.33.018	0	0.8099300513689787	gf_random_v2_104m_cls	combined+cov	9 subclasses
H21.33.019	0	0.8524491643139566	gf_random_v2_104m_cls	combined+cov	9 subclasses
H21.33.020	1	0.8168453613395098	gf_random_v2_104m_cls	combined+cov	9 subclasses
H21.33.021	1	0.928121314018898	gf_random_v2_104m_cls	combined+cov	9 subclasses
H21.33.022	1	0.5329146690157065	gf_random_v2_104m_cls	combined+cov	9 subclasses
H21.33.023	0	0.7909145130769127	gf_random_v2_104m_cls	combined+cov	9 subclasses
H21.33.025	1	0.7374700970365053	gf_random_v2_104m_cls	combined+cov	9 subclasses
H21.33.026	1	0.6960097445835852	gf_random_v2_104m_cls	combined+cov	9 subclasses
H21.33.027	1	0.785636504273788	gf_random_v2_104m_cls	combined+cov	9 subclasses
H21.33.028	0	0.740553435996028	gf_random_v2_104m_cls	combined+cov	9 subclasses
H21.33.029	1	0.8977440942695004	gf_random_v2_104m_cls	combined+cov	9 subclasses
H21.33.030	1	0.8188712845125025	gf_random_v2_104m_cls	combined+cov	9 subclasses
H21.33.031	1	0.8027282194792276	gf_random_v2_104m_cls	combined+cov	9 subclasses
H21.33.032	0	0.8021012154147293	gf_random_v2_104m_cls	combined+cov	9 subclasses
H21.33.033	1	0.954647276896748	gf_random_v2_104m_cls	combined+cov	9 subclasses
H21.33.034	1	0.9749641546613403	gf_random_v2_104m_cls	combined+cov	9 subclasses
H21.33.035	1	0.8793998912012737	gf_random_v2_104m_cls	combined+cov	9 subclasses
H21.33.036	1	0.7074271940013744	gf_random_v2_104m_cls	combined+cov	9 subclasses
H21.33.037	0	0.828531706942458	gf_random_v2_104m_cls	combined+cov	9 subclasses
H21.33.038	0	0.755440567541385	gf_random_v2_104m_cls	combined+cov	9 subclasses
H21.33.039	1	0.8551056561238963	gf_random_v2_104m_cls	combined+cov	9 subclasses
H21.33.040	1	0.8917722616626348	gf_random_v2_104m_cls	combined+cov	9 subclasses
H21.33.041	0	0.7972364593376227	gf_random_v2_104m_cls	combined+cov	9 subclasses
H21.33.042	1	0.7752488048561286	gf_random_v2_104m_cls	combined+cov	9 subclasses
H21.33.043	0	0.8625994005368952	gf_random_v2_104m_cls	combined+cov	9 subclasses
H21.33.044	1	0.9394437523671069	gf_random_v2_104m_cls	combined+cov	9 subclasses
H21.33.045	1	0.9681981553524432	gf_random_v2_104m_cls	combined+cov	9 subclasses
H21.33.046	1	0.865606142537005	gf_random_v2_104m_cls	combined+cov	9 subclasses
H21.33.047	1	0.8342593606307565	gf_random_v2_104m_cls	combined+cov	9 subclasses
H19.33.004	0	0.9843119217019728	gf_v2_104m_cls	per_subclass	Astrocyte
H20.33.001	0	0.7962984068599673	gf_v2_104m_cls	per_subclass	Astrocyte
H20.33.002	0	0.7784081092234529	gf_v2_104m_cls	per_subclass	Astrocyte
H20.33.004	1	0.7697605523824997	gf_v2_104m_cls	per_subclass	Astrocyte
H20.33.005	1	0.7416371559534695	gf_v2_104m_cls	per_subclass	Astrocyte
H20.33.008	1	0.8055392154851451	gf_v2_104m_cls	per_subclass	Astrocyte
H20.33.011	1	0.5516622475938082	gf_v2_104m_cls	per_subclass	Astrocyte
H20.33.012	0	0.8278350663056943	gf_v2_104m_cls	per_subclass	Astrocyte
H20.33.013	1	0.7377089776330641	gf_v2_104m_cls	per_subclass	Astrocyte
H20.33.014	1	0.7891161736920846	gf_v2_104m_cls	per_subclass	Astrocyte
H20.33.015	1	0.9228499203075954	gf_v2_104m_cls	per_subclass	Astrocyte
H20.33.016	1	0.7097940194237293	gf_v2_104m_cls	per_subclass	Astrocyte
H20.33.017	1	0.8827057824722553	gf_v2_104m_cls	per_subclass	Astrocyte
H20.33.018	1	0.9331725103912556	gf_v2_104m_cls	per_subclass	Astrocyte
H20.33.019	1	0.7908830511950439	gf_v2_104m_cls	per_subclass	Astrocyte
H20.33.020	1	0.895839811852458	gf_v2_104m_cls	per_subclass	Astrocyte
H20.33.024	1	0.4148406556551019	gf_v2_104m_cls	per_subclass	Astrocyte
H20.33.025	1	0.6572226669083998	gf_v2_104m_cls	per_subclass	Astrocyte
H20.33.026	1	0.5945469515815828	gf_v2_104m_cls	per_subclass	Astrocyte
H20.33.027	1	0.9044862251037953	gf_v2_104m_cls	per_subclass	Astrocyte
H20.33.028	1	0.8687580394702558	gf_v2_104m_cls	per_subclass	Astrocyte
H20.33.029	1	0.4809743509503289	gf_v2_104m_cls	per_subclass	Astrocyte
H20.33.030	1	0.7140188004057733	gf_v2_104m_cls	per_subclass	Astrocyte
H20.33.031	1	0.5036503016647531	gf_v2_104m_cls	per_subclass	Astrocyte
H20.33.032	1	0.3163435019068938	gf_v2_104m_cls	per_subclass	Astrocyte
H20.33.033	1	0.9511221322273388	gf_v2_104m_cls	per_subclass	Astrocyte
H20.33.034	1	0.8207365207805711	gf_v2_104m_cls	per_subclass	Astrocyte
H20.33.035	0	0.4021284642983525	gf_v2_104m_cls	per_subclass	Astrocyte
H20.33.036	1	0.8812370626115845	gf_v2_104m_cls	per_subclass	Astrocyte
H20.33.037	1	0.8677621263514691	gf_v2_104m_cls	per_subclass	Astrocyte
H20.33.038	1	0.892168042847293	gf_v2_104m_cls	per_subclass	Astrocyte
H20.33.039	1	0.6911013219907657	gf_v2_104m_cls	per_subclass	Astrocyte
H20.33.040	1	0.6933128602028661	gf_v2_104m_cls	per_subclass	Astrocyte
H20.33.041	1	0.6325799989441263	gf_v2_104m_cls	per_subclass	Astrocyte
H20.33.043	1	0.7191349003660078	gf_v2_104m_cls	per_subclass	Astrocyte
H20.33.044	0	0.6148499322490869	gf_v2_104m_cls	per_subclass	Astrocyte
H20.33.045	1	0.8321753228277137	gf_v2_104m_cls	per_subclass	Astrocyte
H20.33.046	1	0.8802750990356735	gf_v2_104m_cls	per_subclass	Astrocyte
H21.33.001	0	0.9613533373562259	gf_v2_104m_cls	per_subclass	Astrocyte
H21.33.002	1	0.8319702932275879	gf_v2_104m_cls	per_subclass	Astrocyte
H21.33.003	0	0.8916494056653169	gf_v2_104m_cls	per_subclass	Astrocyte
H21.33.004	0	0.6240512624407388	gf_v2_104m_cls	per_subclass	Astrocyte
H21.33.005	1	0.7855451533670592	gf_v2_104m_cls	per_subclass	Astrocyte
H21.33.006	1	0.8286444722175232	gf_v2_104m_cls	per_subclass	Astrocyte
H21.33.007	1	0.807915305741661	gf_v2_104m_cls	per_subclass	Astrocyte
H21.33.008	1	0.5598761364331265	gf_v2_104m_cls	per_subclass	Astrocyte
H21.33.009	1	0.9441728800001826	gf_v2_104m_cls	per_subclass	Astrocyte
H21.33.010	1	0.6226498079194107	gf_v2_104m_cls	per_subclass	Astrocyte
H21.33.011	0	0.5764309327888741	gf_v2_104m_cls	per_subclass	Astrocyte
H21.33.012	1	0.5760334682235635	gf_v2_104m_cls	per_subclass	Astrocyte
H21.33.013	1	0.8661720399786328	gf_v2_104m_cls	per_subclass	Astrocyte
H21.33.014	1	0.8806772058208014	gf_v2_104m_cls	per_subclass	Astrocyte
H21.33.015	0	0.7449967575073184	gf_v2_104m_cls	per_subclass	Astrocyte
H21.33.016	0	0.795230431579188	gf_v2_104m_cls	per_subclass	Astrocyte
H21.33.017	1	0.6157610305235279	gf_v2_104m_cls	per_subclass	Astrocyte
H21.33.018	0	0.8420368557632834	gf_v2_104m_cls	per_subclass	Astrocyte
H21.33.019	0	0.9404578670441351	gf_v2_104m_cls	per_subclass	Astrocyte
H21.33.020	1	0.9600762066762212	gf_v2_104m_cls	per_subclass	Astrocyte
H21.33.021	1	0.7003621461371357	gf_v2_104m_cls	per_subclass	Astrocyte
H21.33.022	1	0.902067439508175	gf_v2_104m_cls	per_subclass	Astrocyte
H21.33.023	0	0.6197830423269843	gf_v2_104m_cls	per_subclass	Astrocyte
H21.33.025	1	0.6080602098980746	gf_v2_104m_cls	per_subclass	Astrocyte
H21.33.026	1	0.5818147022126523	gf_v2_104m_cls	per_subclass	Astrocyte
H21.33.027	1	0.5970209148113994	gf_v2_104m_cls	per_subclass	Astrocyte
H21.33.028	0	0.8811710068327041	gf_v2_104m_cls	per_subclass	Astrocyte
H21.33.029	1	0.7800738823217961	gf_v2_104m_cls	per_subclass	Astrocyte
H21.33.030	1	0.7319067439969292	gf_v2_104m_cls	per_subclass	Astrocyte
H21.33.031	1	0.6796429597330358	gf_v2_104m_cls	per_subclass	Astrocyte
H21.33.032	0	0.7605818250732632	gf_v2_104m_cls	per_subclass	Astrocyte
H21.33.033	1	0.5382457158278271	gf_v2_104m_cls	per_subclass	Astrocyte
H21.33.034	1	0.9734710287136673	gf_v2_104m_cls	per_subclass	Astrocyte
H21.33.035	1	0.8323585546161061	gf_v2_104m_cls	per_subclass	Astrocyte
H21.33.036	1	0.5440251988152742	gf_v2_104m_cls	per_subclass	Astrocyte
H21.33.037	0	0.4692017648850551	gf_v2_104m_cls	per_subclass	Astrocyte
H21.33.038	0	0.66332711807328	gf_v2_104m_cls	per_subclass	Astrocyte
H21.33.039	1	0.8915289337497354	gf_v2_104m_cls	per_subclass	Astrocyte
H21.33.040	1	0.9239972071743134	gf_v2_104m_cls	per_subclass	Astrocyte
H21.33.041	0	0.8432128040360933	gf_v2_104m_cls	per_subclass	Astrocyte
H21.33.042	1	0.6561121021233767	gf_v2_104m_cls	per_subclass	Astrocyte
H21.33.043	0	0.7989851737892906	gf_v2_104m_cls	per_subclass	Astrocyte
H21.33.044	1	0.822786136994262	gf_v2_104m_cls	per_subclass	Astrocyte
H21.33.045	1	0.9004495271374674	gf_v2_104m_cls	per_subclass	Astrocyte
H21.33.046	1	0.7401989376325222	gf_v2_104m_cls	per_subclass	Astrocyte
H21.33.047	1	0.605102355343824	gf_v2_104m_cls	per_subclass	Astrocyte
H19.33.004	0	0.9314683417956795	gf_v2_104m_cls	per_subclass	Chandelier
H20.33.001	0	0.7713119523675223	gf_v2_104m_cls	per_subclass	Chandelier
H20.33.002	0	0.5612900930970783	gf_v2_104m_cls	per_subclass	Chandelier
H20.33.004	1	0.41233855952047127	gf_v2_104m_cls	per_subclass	Chandelier
H20.33.005	1	0.8667199668242451	gf_v2_104m_cls	per_subclass	Chandelier
H20.33.008	1	0.7289876812309526	gf_v2_104m_cls	per_subclass	Chandelier
H20.33.011	1	0.48332128033586763	gf_v2_104m_cls	per_subclass	Chandelier
H20.33.012	0	0.6438862362355964	gf_v2_104m_cls	per_subclass	Chandelier
H20.33.013	1	0.6255908254388697	gf_v2_104m_cls	per_subclass	Chandelier
H20.33.014	1	0.48712874689220503	gf_v2_104m_cls	per_subclass	Chandelier
H20.33.015	1	0.8778157727580236	gf_v2_104m_cls	per_subclass	Chandelier
H20.33.016	1	0.7665479088207444	gf_v2_104m_cls	per_subclass	Chandelier
H20.33.017	1	0.8540587883281727	gf_v2_104m_cls	per_subclass	Chandelier
H20.33.018	1	0.8796504078372921	gf_v2_104m_cls	per_subclass	Chandelier
H20.33.019	1	0.8905401761264636	gf_v2_104m_cls	per_subclass	Chandelier
H20.33.020	1	0.8940266030853335	gf_v2_104m_cls	per_subclass	Chandelier
H20.33.024	1	0.4592488518379991	gf_v2_104m_cls	per_subclass	Chandelier
H20.33.025	1	0.4386730775572052	gf_v2_104m_cls	per_subclass	Chandelier
H20.33.026	1	0.5211521956867493	gf_v2_104m_cls	per_subclass	Chandelier
H20.33.027	1	0.8655744172469777	gf_v2_104m_cls	per_subclass	Chandelier
H20.33.028	1	0.9722380219410939	gf_v2_104m_cls	per_subclass	Chandelier
H20.33.029	1	0.6297174770856443	gf_v2_104m_cls	per_subclass	Chandelier
H20.33.030	1	0.9190228228994464	gf_v2_104m_cls	per_subclass	Chandelier
H20.33.031	1	0.6345276940475544	gf_v2_104m_cls	per_subclass	Chandelier
H20.33.032	1	0.5793435126860288	gf_v2_104m_cls	per_subclass	Chandelier
H20.33.033	1	0.741358786009964	gf_v2_104m_cls	per_subclass	Chandelier
H20.33.034	1	0.808952979106045	gf_v2_104m_cls	per_subclass	Chandelier
H20.33.035	0	0.8791863783362844	gf_v2_104m_cls	per_subclass	Chandelier
H20.33.036	1	0.9611532014777253	gf_v2_104m_cls	per_subclass	Chandelier
H20.33.037	1	0.8524742429585002	gf_v2_104m_cls	per_subclass	Chandelier
H20.33.039	1	0.18325163583991308	gf_v2_104m_cls	per_subclass	Chandelier
H20.33.040	1	0.7313439136346642	gf_v2_104m_cls	per_subclass	Chandelier
H20.33.041	1	0.7385431651766458	gf_v2_104m_cls	per_subclass	Chandelier
H20.33.043	1	0.5569946171757032	gf_v2_104m_cls	per_subclass	Chandelier
H20.33.044	0	0.696592018539673	gf_v2_104m_cls	per_subclass	Chandelier
H20.33.045	1	0.9893879551040785	gf_v2_104m_cls	per_subclass	Chandelier
H20.33.046	1	0.9607656284344314	gf_v2_104m_cls	per_subclass	Chandelier
H21.33.001	0	0.3449102775869818	gf_v2_104m_cls	per_subclass	Chandelier
H21.33.002	1	0.7270979514684447	gf_v2_104m_cls	per_subclass	Chandelier
H21.33.003	0	0.7730934572739147	gf_v2_104m_cls	per_subclass	Chandelier
H21.33.004	0	0.6441742012997265	gf_v2_104m_cls	per_subclass	Chandelier
H21.33.005	1	0.8868225868326846	gf_v2_104m_cls	per_subclass	Chandelier
H21.33.006	1	0.6541990042951703	gf_v2_104m_cls	per_subclass	Chandelier
H21.33.007	1	0.6248763280099773	gf_v2_104m_cls	per_subclass	Chandelier
H21.33.008	1	0.8480735083092161	gf_v2_104m_cls	per_subclass	Chandelier
H21.33.009	1	0.988427489631903	gf_v2_104m_cls	per_subclass	Chandelier
H21.33.010	1	0.9342128003673222	gf_v2_104m_cls	per_subclass	Chandelier
H21.33.011	0	0.3366017522413124	gf_v2_104m_cls	per_subclass	Chandelier
H21.33.012	1	0.5176025045819663	gf_v2_104m_cls	per_subclass	Chandelier
H21.33.013	1	0.9548815561014148	gf_v2_104m_cls	per_subclass	Chandelier
H21.33.014	1	0.7632890517018864	gf_v2_104m_cls	per_subclass	Chandelier
H21.33.015	0	0.7412673411104013	gf_v2_104m_cls	per_subclass	Chandelier
H21.33.016	0	0.7090532994345417	gf_v2_104m_cls	per_subclass	Chandelier
H21.33.017	1	0.5912974681871179	gf_v2_104m_cls	per_subclass	Chandelier
H21.33.018	0	0.6669076223785945	gf_v2_104m_cls	per_subclass	Chandelier
H21.33.019	0	0.518311772248937	gf_v2_104m_cls	per_subclass	Chandelier
H21.33.021	1	0.7868766872543519	gf_v2_104m_cls	per_subclass	Chandelier
H21.33.022	1	0.8385943472999063	gf_v2_104m_cls	per_subclass	Chandelier
H21.33.023	0	0.6950711390354198	gf_v2_104m_cls	per_subclass	Chandelier
H21.33.025	1	0.9403309875509646	gf_v2_104m_cls	per_subclass	Chandelier
H21.33.026	1	0.8918235681776976	gf_v2_104m_cls	per_subclass	Chandelier
H21.33.027	1	0.6694677616550135	gf_v2_104m_cls	per_subclass	Chandelier
H21.33.028	0	0.8642043491512824	gf_v2_104m_cls	per_subclass	Chandelier
H21.33.029	1	0.7956361838091155	gf_v2_104m_cls	per_subclass	Chandelier
H21.33.030	1	0.5696937061238301	gf_v2_104m_cls	per_subclass	Chandelier
H21.33.031	1	0.8169495126074698	gf_v2_104m_cls	per_subclass	Chandelier
H21.33.032	0	0.676207592490677	gf_v2_104m_cls	per_subclass	Chandelier
H21.33.033	1	0.9449452612767282	gf_v2_104m_cls	per_subclass	Chandelier
H21.33.035	1	0.8533571636664232	gf_v2_104m_cls	per_subclass	Chandelier
H21.33.036	1	0.7072334088126382	gf_v2_104m_cls	per_subclass	Chandelier
H21.33.037	0	0.6432521502048016	gf_v2_104m_cls	per_subclass	Chandelier
H21.33.038	0	0.9378295357097086	gf_v2_104m_cls	per_subclass	Chandelier
H21.33.039	1	0.9412795685785067	gf_v2_104m_cls	per_subclass	Chandelier
H21.33.040	1	0.7319588140685772	gf_v2_104m_cls	per_subclass	Chandelier
H21.33.041	0	0.8233598756852188	gf_v2_104m_cls	per_subclass	Chandelier
H21.33.042	1	0.8663467501721787	gf_v2_104m_cls	per_subclass	Chandelier
H21.33.043	0	0.8779604691431955	gf_v2_104m_cls	per_subclass	Chandelier
H21.33.044	1	0.9394331554957261	gf_v2_104m_cls	per_subclass	Chandelier
H21.33.045	1	0.9937871801724139	gf_v2_104m_cls	per_subclass	Chandelier
H21.33.046	1	0.9060666002931832	gf_v2_104m_cls	per_subclass	Chandelier
H21.33.047	1	0.5667582254337317	gf_v2_104m_cls	per_subclass	Chandelier
H19.33.004	0	0.8746033532646887	gf_v2_104m_cls	per_subclass	Endothelial
H20.33.001	0	0.7632129925086695	gf_v2_104m_cls	per_subclass	Endothelial
H20.33.002	0	0.9362426429311675	gf_v2_104m_cls	per_subclass	Endothelial
H20.33.004	1	0.7168376357906185	gf_v2_104m_cls	per_subclass	Endothelial
H20.33.005	1	0.7304998410121509	gf_v2_104m_cls	per_subclass	Endothelial
H20.33.008	1	0.5512281925720687	gf_v2_104m_cls	per_subclass	Endothelial
H20.33.011	1	0.6910017851725601	gf_v2_104m_cls	per_subclass	Endothelial
H20.33.012	0	0.8087297726241566	gf_v2_104m_cls	per_subclass	Endothelial
H20.33.013	1	0.4635367231226043	gf_v2_104m_cls	per_subclass	Endothelial
H20.33.014	1	0.658459221825472	gf_v2_104m_cls	per_subclass	Endothelial
H20.33.015	1	0.7878107467309647	gf_v2_104m_cls	per_subclass	Endothelial
H20.33.016	1	0.838670499675817	gf_v2_104m_cls	per_subclass	Endothelial
H20.33.017	1	0.8537836260715064	gf_v2_104m_cls	per_subclass	Endothelial
H20.33.018	1	0.9308050537031575	gf_v2_104m_cls	per_subclass	Endothelial
H20.33.019	1	0.598304165400142	gf_v2_104m_cls	per_subclass	Endothelial
H20.33.020	1	0.8580772229148128	gf_v2_104m_cls	per_subclass	Endothelial
H20.33.025	1	0.4810619775488497	gf_v2_104m_cls	per_subclass	Endothelial
H20.33.027	1	0.8842282675325933	gf_v2_104m_cls	per_subclass	Endothelial
H20.33.028	1	0.9580638180613331	gf_v2_104m_cls	per_subclass	Endothelial
H20.33.030	1	0.765403878023075	gf_v2_104m_cls	per_subclass	Endothelial
H20.33.032	1	0.39607762164439275	gf_v2_104m_cls	per_subclass	Endothelial
H20.33.033	1	0.9298921473196092	gf_v2_104m_cls	per_subclass	Endothelial
H20.33.034	1	0.8520565185150237	gf_v2_104m_cls	per_subclass	Endothelial
H20.33.035	0	0.3593709072938233	gf_v2_104m_cls	per_subclass	Endothelial
H20.33.036	1	0.9652065747596199	gf_v2_104m_cls	per_subclass	Endothelial
H20.33.037	1	0.9321969049392707	gf_v2_104m_cls	per_subclass	Endothelial
H20.33.038	1	0.8651634389956463	gf_v2_104m_cls	per_subclass	Endothelial
H20.33.039	1	0.39064352666212077	gf_v2_104m_cls	per_subclass	Endothelial
H20.33.040	1	0.7639779865343679	gf_v2_104m_cls	per_subclass	Endothelial
H20.33.041	1	0.7359755472180298	gf_v2_104m_cls	per_subclass	Endothelial
H20.33.043	1	0.7257219120471268	gf_v2_104m_cls	per_subclass	Endothelial
H20.33.044	0	0.7251784395985094	gf_v2_104m_cls	per_subclass	Endothelial
H20.33.045	1	0.9588408841170082	gf_v2_104m_cls	per_subclass	Endothelial
H20.33.046	1	0.8035950135212658	gf_v2_104m_cls	per_subclass	Endothelial
H21.33.001	0	0.7833182097645697	gf_v2_104m_cls	per_subclass	Endothelial
H21.33.002	1	0.7988144610851181	gf_v2_104m_cls	per_subclass	Endothelial
H21.33.003	0	0.8308503372574784	gf_v2_104m_cls	per_subclass	Endothelial
H21.33.004	0	0.4802179408717507	gf_v2_104m_cls	per_subclass	Endothelial
H21.33.005	1	0.798507060079481	gf_v2_104m_cls	per_subclass	Endothelial
H21.33.007	1	0.9262059888509292	gf_v2_104m_cls	per_subclass	Endothelial
H21.33.009	1	0.33898651931555274	gf_v2_104m_cls	per_subclass	Endothelial
H21.33.010	1	0.7503878437661544	gf_v2_104m_cls	per_subclass	Endothelial
H21.33.011	0	0.31300126123168026	gf_v2_104m_cls	per_subclass	Endothelial
H21.33.012	1	0.7347442615440095	gf_v2_104m_cls	per_subclass	Endothelial
H21.33.013	1	0.7696215110768989	gf_v2_104m_cls	per_subclass	Endothelial
H21.33.015	0	0.681541870111323	gf_v2_104m_cls	per_subclass	Endothelial
H21.33.017	1	0.7299370119966596	gf_v2_104m_cls	per_subclass	Endothelial
H21.33.018	0	0.8957119901571344	gf_v2_104m_cls	per_subclass	Endothelial
H21.33.019	0	0.8461291416976338	gf_v2_104m_cls	per_subclass	Endothelial
H21.33.020	1	0.9458022555672982	gf_v2_104m_cls	per_subclass	Endothelial
H21.33.021	1	0.6322332814701516	gf_v2_104m_cls	per_subclass	Endothelial
H21.33.022	1	0.8221588747962241	gf_v2_104m_cls	per_subclass	Endothelial
H21.33.023	0	0.8326907128975727	gf_v2_104m_cls	per_subclass	Endothelial
H21.33.025	1	0.8620376243859207	gf_v2_104m_cls	per_subclass	Endothelial
H21.33.026	1	0.6435378561505772	gf_v2_104m_cls	per_subclass	Endothelial
H21.33.027	1	0.43511847461820674	gf_v2_104m_cls	per_subclass	Endothelial
H21.33.028	0	0.5495770019606133	gf_v2_104m_cls	per_subclass	Endothelial
H21.33.029	1	0.46822986305794434	gf_v2_104m_cls	per_subclass	Endothelial
H21.33.030	1	0.8087783652942846	gf_v2_104m_cls	per_subclass	Endothelial
H21.33.031	1	0.41245294608409644	gf_v2_104m_cls	per_subclass	Endothelial
H21.33.032	0	0.3247101648565021	gf_v2_104m_cls	per_subclass	Endothelial
H21.33.033	1	0.8382210150601285	gf_v2_104m_cls	per_subclass	Endothelial
H21.33.034	1	0.9702882133976466	gf_v2_104m_cls	per_subclass	Endothelial
H21.33.035	1	0.7802973853956063	gf_v2_104m_cls	per_subclass	Endothelial
H21.33.037	0	0.4918484612989378	gf_v2_104m_cls	per_subclass	Endothelial
H21.33.038	0	0.7209619670870111	gf_v2_104m_cls	per_subclass	Endothelial
H21.33.040	1	0.7631455213354827	gf_v2_104m_cls	per_subclass	Endothelial
H21.33.041	0	0.2952963449646398	gf_v2_104m_cls	per_subclass	Endothelial
H21.33.043	0	0.8509395356806364	gf_v2_104m_cls	per_subclass	Endothelial
H21.33.044	1	0.8537462313191284	gf_v2_104m_cls	per_subclass	Endothelial
H21.33.045	1	0.7767124881925096	gf_v2_104m_cls	per_subclass	Endothelial
H21.33.046	1	0.5430680183138208	gf_v2_104m_cls	per_subclass	Endothelial
H21.33.047	1	0.7816758823190864	gf_v2_104m_cls	per_subclass	Endothelial
H19.33.004	0	0.8992457755396481	gf_v2_104m_cls	per_subclass	Immune
H20.33.001	0	0.5403694320811318	gf_v2_104m_cls	per_subclass	Immune
H20.33.002	0	0.710254930335141	gf_v2_104m_cls	per_subclass	Immune
H20.33.004	1	0.978963533553347	gf_v2_104m_cls	per_subclass	Immune
H20.33.005	1	0.868862204681033	gf_v2_104m_cls	per_subclass	Immune
H20.33.008	1	0.7092304691238787	gf_v2_104m_cls	per_subclass	Immune
H20.33.011	1	0.7136354909644387	gf_v2_104m_cls	per_subclass	Immune
H20.33.012	0	0.800598389712925	gf_v2_104m_cls	per_subclass	Immune
H20.33.013	1	0.7115447101855737	gf_v2_104m_cls	per_subclass	Immune
H20.33.014	1	0.5061692547104629	gf_v2_104m_cls	per_subclass	Immune
H20.33.015	1	0.8932370814207499	gf_v2_104m_cls	per_subclass	Immune
H20.33.016	1	0.826431090886099	gf_v2_104m_cls	per_subclass	Immune
H20.33.017	1	0.8280901443897584	gf_v2_104m_cls	per_subclass	Immune
H20.33.018	1	0.9688138741809101	gf_v2_104m_cls	per_subclass	Immune
H20.33.019	1	0.867907997504102	gf_v2_104m_cls	per_subclass	Immune
H20.33.020	1	0.9552186951664552	gf_v2_104m_cls	per_subclass	Immune
H20.33.024	1	0.1707879628579564	gf_v2_104m_cls	per_subclass	Immune
H20.33.025	1	0.577740015816677	gf_v2_104m_cls	per_subclass	Immune
H20.33.026	1	0.7752128106338129	gf_v2_104m_cls	per_subclass	Immune
H20.33.027	1	0.9825430259696526	gf_v2_104m_cls	per_subclass	Immune
H20.33.028	1	0.9855049867604248	gf_v2_104m_cls	per_subclass	Immune
H20.33.029	1	0.6583666419519955	gf_v2_104m_cls	per_subclass	Immune
H20.33.030	1	0.8399677630704929	gf_v2_104m_cls	per_subclass	Immune
H20.33.031	1	0.5416464778557152	gf_v2_104m_cls	per_subclass	Immune
H20.33.032	1	0.5479353713843014	gf_v2_104m_cls	per_subclass	Immune
H20.33.033	1	0.8001578601237632	gf_v2_104m_cls	per_subclass	Immune
H20.33.034	1	0.9537816735176182	gf_v2_104m_cls	per_subclass	Immune
H20.33.035	0	0.6465347599167772	gf_v2_104m_cls	per_subclass	Immune
H20.33.036	1	0.9649251020304741	gf_v2_104m_cls	per_subclass	Immune
H20.33.037	1	0.996541888175887	gf_v2_104m_cls	per_subclass	Immune
H20.33.038	1	0.994091121404886	gf_v2_104m_cls	per_subclass	Immune
H20.33.039	1	0.7874502266501675	gf_v2_104m_cls	per_subclass	Immune
H20.33.040	1	0.9696855324612358	gf_v2_104m_cls	per_subclass	Immune
H20.33.041	1	0.72077493199682	gf_v2_104m_cls	per_subclass	Immune
H20.33.043	1	0.44235857736237144	gf_v2_104m_cls	per_subclass	Immune
H20.33.044	0	0.4866215267756301	gf_v2_104m_cls	per_subclass	Immune
H20.33.045	1	0.9967381309026614	gf_v2_104m_cls	per_subclass	Immune
H20.33.046	1	0.9480257176152753	gf_v2_104m_cls	per_subclass	Immune
H21.33.001	0	0.8644619312163222	gf_v2_104m_cls	per_subclass	Immune
H21.33.002	1	0.7395853743906835	gf_v2_104m_cls	per_subclass	Immune
H21.33.003	0	0.41138746284978395	gf_v2_104m_cls	per_subclass	Immune
H21.33.004	0	0.22170667331154972	gf_v2_104m_cls	per_subclass	Immune
H21.33.005	1	0.6479384455148864	gf_v2_104m_cls	per_subclass	Immune
H21.33.006	1	0.6203726815012817	gf_v2_104m_cls	per_subclass	Immune
H21.33.007	1	0.9334040357160905	gf_v2_104m_cls	per_subclass	Immune
H21.33.008	1	0.6916910851657915	gf_v2_104m_cls	per_subclass	Immune
H21.33.009	1	0.9174788819314896	gf_v2_104m_cls	per_subclass	Immune
H21.33.010	1	0.7650634644457284	gf_v2_104m_cls	per_subclass	Immune
H21.33.011	0	0.43418125697231813	gf_v2_104m_cls	per_subclass	Immune
H21.33.012	1	0.7112082573449419	gf_v2_104m_cls	per_subclass	Immune
H21.33.013	1	0.891253988353381	gf_v2_104m_cls	per_subclass	Immune
H21.33.014	1	0.9072079509109422	gf_v2_104m_cls	per_subclass	Immune
H21.33.015	0	0.8458674683925407	gf_v2_104m_cls	per_subclass	Immune
H21.33.016	0	0.2197572196470745	gf_v2_104m_cls	per_subclass	Immune
H21.33.017	1	0.9439815509156068	gf_v2_104m_cls	per_subclass	Immune
H21.33.018	0	0.8399144061931534	gf_v2_104m_cls	per_subclass	Immune
H21.33.019	0	0.5726213436277989	gf_v2_104m_cls	per_subclass	Immune
H21.33.020	1	0.9921773117017378	gf_v2_104m_cls	per_subclass	Immune
H21.33.021	1	0.7676041122903859	gf_v2_104m_cls	per_subclass	Immune
H21.33.022	1	0.5252730619399247	gf_v2_104m_cls	per_subclass	Immune
H21.33.023	0	0.9302830222895878	gf_v2_104m_cls	per_subclass	Immune
H21.33.025	1	0.6210207942251916	gf_v2_104m_cls	per_subclass	Immune
H21.33.026	1	0.5742807704647032	gf_v2_104m_cls	per_subclass	Immune
H21.33.027	1	0.5612833437497091	gf_v2_104m_cls	per_subclass	Immune
H21.33.028	0	0.8226966400666228	gf_v2_104m_cls	per_subclass	Immune
H21.33.029	1	0.9012094026361815	gf_v2_104m_cls	per_subclass	Immune
H21.33.030	1	0.8766489401282896	gf_v2_104m_cls	per_subclass	Immune
H21.33.031	1	0.7584259231655774	gf_v2_104m_cls	per_subclass	Immune
H21.33.032	0	0.8154949211096628	gf_v2_104m_cls	per_subclass	Immune
H21.33.033	1	0.9511741880250592	gf_v2_104m_cls	per_subclass	Immune
H21.33.034	1	0.9758905878002825	gf_v2_104m_cls	per_subclass	Immune
H21.33.035	1	0.9450571964312733	gf_v2_104m_cls	per_subclass	Immune
H21.33.036	1	0.5606236567098183	gf_v2_104m_cls	per_subclass	Immune
H21.33.037	0	0.764922521046819	gf_v2_104m_cls	per_subclass	Immune
H21.33.038	0	0.8749287738993156	gf_v2_104m_cls	per_subclass	Immune
H21.33.039	1	0.8792628594765267	gf_v2_104m_cls	per_subclass	Immune
H21.33.040	1	0.8851865448586054	gf_v2_104m_cls	per_subclass	Immune
H21.33.041	0	0.6384272453781046	gf_v2_104m_cls	per_subclass	Immune
H21.33.042	1	0.042190474280203484	gf_v2_104m_cls	per_subclass	Immune
H21.33.043	0	0.39279639242567066	gf_v2_104m_cls	per_subclass	Immune
H21.33.044	1	0.8907739636383812	gf_v2_104m_cls	per_subclass	Immune
H21.33.045	1	0.9804952452648206	gf_v2_104m_cls	per_subclass	Immune
H21.33.046	1	0.939354208508869	gf_v2_104m_cls	per_subclass	Immune
H21.33.047	1	0.8243312456795954	gf_v2_104m_cls	per_subclass	Immune
H19.33.004	0	0.9623699098877374	gf_v2_104m_cls	per_subclass	L2/3 IT
H20.33.001	0	0.5534613761742236	gf_v2_104m_cls	per_subclass	L2/3 IT
H20.33.002	0	0.9008371855705619	gf_v2_104m_cls	per_subclass	L2/3 IT
H20.33.004	1	0.7723934309248399	gf_v2_104m_cls	per_subclass	L2/3 IT
H20.33.005	1	0.7469503987520237	gf_v2_104m_cls	per_subclass	L2/3 IT
H20.33.008	1	0.9845341630618571	gf_v2_104m_cls	per_subclass	L2/3 IT
H20.33.011	1	0.09084971483766999	gf_v2_104m_cls	per_subclass	L2/3 IT
H20.33.012	0	0.506642378769993	gf_v2_104m_cls	per_subclass	L2/3 IT
H20.33.013	1	0.760590587600918	gf_v2_104m_cls	per_subclass	L2/3 IT
H20.33.014	1	0.8307808078536801	gf_v2_104m_cls	per_subclass	L2/3 IT
H20.33.015	1	0.5940601674967224	gf_v2_104m_cls	per_subclass	L2/3 IT
H20.33.016	1	0.9649280461869972	gf_v2_104m_cls	per_subclass	L2/3 IT
H20.33.017	1	0.8970707849204012	gf_v2_104m_cls	per_subclass	L2/3 IT
H20.33.018	1	0.8500525731767065	gf_v2_104m_cls	per_subclass	L2/3 IT
H20.33.019	1	0.9643415383074713	gf_v2_104m_cls	per_subclass	L2/3 IT
H20.33.020	1	0.9663129557990457	gf_v2_104m_cls	per_subclass	L2/3 IT
H20.33.024	1	0.6263462800960791	gf_v2_104m_cls	per_subclass	L2/3 IT
H20.33.025	1	0.6034797790366082	gf_v2_104m_cls	per_subclass	L2/3 IT
H20.33.026	1	0.6665342991883693	gf_v2_104m_cls	per_subclass	L2/3 IT
H20.33.027	1	0.9530719369355376	gf_v2_104m_cls	per_subclass	L2/3 IT
H20.33.028	1	0.9731690491977819	gf_v2_104m_cls	per_subclass	L2/3 IT
H20.33.029	1	0.5938123538392398	gf_v2_104m_cls	per_subclass	L2/3 IT
H20.33.030	1	0.8000828766759946	gf_v2_104m_cls	per_subclass	L2/3 IT
H20.33.031	1	0.535548561162696	gf_v2_104m_cls	per_subclass	L2/3 IT
H20.33.032	1	0.5096192754075365	gf_v2_104m_cls	per_subclass	L2/3 IT
H20.33.033	1	0.9614058333558541	gf_v2_104m_cls	per_subclass	L2/3 IT
H20.33.034	1	0.8818296309802738	gf_v2_104m_cls	per_subclass	L2/3 IT
H20.33.035	0	0.7605065955523298	gf_v2_104m_cls	per_subclass	L2/3 IT
H20.33.036	1	0.9666291800301472	gf_v2_104m_cls	per_subclass	L2/3 IT
H20.33.037	1	0.986024922523761	gf_v2_104m_cls	per_subclass	L2/3 IT
H20.33.038	1	0.9890955619080852	gf_v2_104m_cls	per_subclass	L2/3 IT
H20.33.039	1	0.2588513345685918	gf_v2_104m_cls	per_subclass	L2/3 IT
H20.33.040	1	0.8030248053776667	gf_v2_104m_cls	per_subclass	L2/3 IT
H20.33.041	1	0.6815777081944601	gf_v2_104m_cls	per_subclass	L2/3 IT
H20.33.043	1	0.6353362277283601	gf_v2_104m_cls	per_subclass	L2/3 IT
H20.33.044	0	0.5487458955546101	gf_v2_104m_cls	per_subclass	L2/3 IT
H20.33.045	1	0.9971651500478591	gf_v2_104m_cls	per_subclass	L2/3 IT
H20.33.046	1	0.9803627762485305	gf_v2_104m_cls	per_subclass	L2/3 IT
H21.33.001	0	0.25666846991948467	gf_v2_104m_cls	per_subclass	L2/3 IT
H21.33.002	1	0.84832987935754	gf_v2_104m_cls	per_subclass	L2/3 IT
H21.33.003	0	0.903728623674605	gf_v2_104m_cls	per_subclass	L2/3 IT
H21.33.004	0	0.3008022170572989	gf_v2_104m_cls	per_subclass	L2/3 IT
H21.33.005	1	0.9506403246754347	gf_v2_104m_cls	per_subclass	L2/3 IT
H21.33.006	1	0.3956442103661292	gf_v2_104m_cls	per_subclass	L2/3 IT
H21.33.007	1	0.6040966535509956	gf_v2_104m_cls	per_subclass	L2/3 IT
H21.33.008	1	0.9593059384185707	gf_v2_104m_cls	per_subclass	L2/3 IT
H21.33.009	1	0.9801071298028425	gf_v2_104m_cls	per_subclass	L2/3 IT
H21.33.010	1	0.9587797507678392	gf_v2_104m_cls	per_subclass	L2/3 IT
H21.33.011	0	0.23742808245218683	gf_v2_104m_cls	per_subclass	L2/3 IT
H21.33.012	1	0.7722713890909583	gf_v2_104m_cls	per_subclass	L2/3 IT
H21.33.013	1	0.9896689234403334	gf_v2_104m_cls	per_subclass	L2/3 IT
H21.33.014	1	0.6429889708609005	gf_v2_104m_cls	per_subclass	L2/3 IT
H21.33.015	0	0.6502324777427295	gf_v2_104m_cls	per_subclass	L2/3 IT
H21.33.016	0	0.7816629033803538	gf_v2_104m_cls	per_subclass	L2/3 IT
H21.33.017	1	0.8218840601450854	gf_v2_104m_cls	per_subclass	L2/3 IT
H21.33.018	0	0.5755501049971843	gf_v2_104m_cls	per_subclass	L2/3 IT
H21.33.019	0	0.3908041216231548	gf_v2_104m_cls	per_subclass	L2/3 IT
H21.33.020	1	0.9892845941984894	gf_v2_104m_cls	per_subclass	L2/3 IT
H21.33.021	1	0.9316151249681681	gf_v2_104m_cls	per_subclass	L2/3 IT
H21.33.022	1	0.9060139425421891	gf_v2_104m_cls	per_subclass	L2/3 IT
H21.33.023	0	0.3721957065519802	gf_v2_104m_cls	per_subclass	L2/3 IT
H21.33.025	1	0.8006700883561203	gf_v2_104m_cls	per_subclass	L2/3 IT
H21.33.026	1	0.9262606641255525	gf_v2_104m_cls	per_subclass	L2/3 IT
H21.33.027	1	0.6433097821533453	gf_v2_104m_cls	per_subclass	L2/3 IT
H21.33.028	0	0.25859442156989865	gf_v2_104m_cls	per_subclass	L2/3 IT
H21.33.029	1	0.8789273370380404	gf_v2_104m_cls	per_subclass	L2/3 IT
H21.33.030	1	0.8199477228914992	gf_v2_104m_cls	per_subclass	L2/3 IT
H21.33.031	1	0.850880480850963	gf_v2_104m_cls	per_subclass	L2/3 IT
H21.33.032	0	0.3697151577137484	gf_v2_104m_cls	per_subclass	L2/3 IT
H21.33.033	1	0.9747410290418387	gf_v2_104m_cls	per_subclass	L2/3 IT
H21.33.034	1	0.9911330095416286	gf_v2_104m_cls	per_subclass	L2/3 IT
H21.33.035	1	0.8700429811187973	gf_v2_104m_cls	per_subclass	L2/3 IT
H21.33.036	1	0.6767515088011231	gf_v2_104m_cls	per_subclass	L2/3 IT
H21.33.037	0	0.5262158943088753	gf_v2_104m_cls	per_subclass	L2/3 IT
H21.33.038	0	0.8207508781823222	gf_v2_104m_cls	per_subclass	L2/3 IT
H21.33.039	1	0.9528807184842618	gf_v2_104m_cls	per_subclass	L2/3 IT
H21.33.040	1	0.7930414090834739	gf_v2_104m_cls	per_subclass	L2/3 IT
H21.33.041	0	0.8302693180379166	gf_v2_104m_cls	per_subclass	L2/3 IT
H21.33.042	1	0.7439065563126538	gf_v2_104m_cls	per_subclass	L2/3 IT
H21.33.043	0	0.9491974244863016	gf_v2_104m_cls	per_subclass	L2/3 IT
H21.33.044	1	0.9764244952322014	gf_v2_104m_cls	per_subclass	L2/3 IT
H21.33.045	1	0.994620932506422	gf_v2_104m_cls	per_subclass	L2/3 IT
H21.33.046	1	0.841862779832628	gf_v2_104m_cls	per_subclass	L2/3 IT
H21.33.047	1	0.8977224912959091	gf_v2_104m_cls	per_subclass	L2/3 IT
H19.33.004	0	0.9168038014966952	gf_v2_104m_cls	per_subclass	L4 IT
H20.33.001	0	0.679036204712548	gf_v2_104m_cls	per_subclass	L4 IT
H20.33.002	0	0.9308232477614208	gf_v2_104m_cls	per_subclass	L4 IT
H20.33.004	1	0.8518596477319308	gf_v2_104m_cls	per_subclass	L4 IT
H20.33.005	1	0.6370395093971882	gf_v2_104m_cls	per_subclass	L4 IT
H20.33.008	1	0.9745361495004564	gf_v2_104m_cls	per_subclass	L4 IT
H20.33.011	1	0.6311325427974838	gf_v2_104m_cls	per_subclass	L4 IT
H20.33.012	0	0.7360940889960494	gf_v2_104m_cls	per_subclass	L4 IT
H20.33.013	1	0.6848431140107302	gf_v2_104m_cls	per_subclass	L4 IT
H20.33.014	1	0.39324507356290644	gf_v2_104m_cls	per_subclass	L4 IT
H20.33.015	1	0.7750331868119563	gf_v2_104m_cls	per_subclass	L4 IT
H20.33.016	1	0.8536437101994417	gf_v2_104m_cls	per_subclass	L4 IT
H20.33.017	1	0.9313692666917035	gf_v2_104m_cls	per_subclass	L4 IT
H20.33.018	1	0.7736568885367447	gf_v2_104m_cls	per_subclass	L4 IT
H20.33.019	1	0.9016814168251266	gf_v2_104m_cls	per_subclass	L4 IT
H20.33.020	1	0.9474677238722513	gf_v2_104m_cls	per_subclass	L4 IT
H20.33.024	1	0.9714616443681366	gf_v2_104m_cls	per_subclass	L4 IT
H20.33.025	1	0.8177975738073726	gf_v2_104m_cls	per_subclass	L4 IT
H20.33.026	1	0.6168158877405585	gf_v2_104m_cls	per_subclass	L4 IT
H20.33.027	1	0.9911105337166747	gf_v2_104m_cls	per_subclass	L4 IT
H20.33.028	1	0.9835728677886966	gf_v2_104m_cls	per_subclass	L4 IT
H20.33.029	1	0.4014073416430639	gf_v2_104m_cls	per_subclass	L4 IT
H20.33.030	1	0.8790472017921844	gf_v2_104m_cls	per_subclass	L4 IT
H20.33.031	1	0.1627823271425906	gf_v2_104m_cls	per_subclass	L4 IT
H20.33.032	1	0.5617779356508534	gf_v2_104m_cls	per_subclass	L4 IT
H20.33.033	1	0.9549007799131717	gf_v2_104m_cls	per_subclass	L4 IT
H20.33.034	1	0.9250759751196181	gf_v2_104m_cls	per_subclass	L4 IT
H20.33.035	0	0.3889542543779377	gf_v2_104m_cls	per_subclass	L4 IT
H20.33.036	1	0.9818219423402983	gf_v2_104m_cls	per_subclass	L4 IT
H20.33.037	1	0.971560464967695	gf_v2_104m_cls	per_subclass	L4 IT
H20.33.038	1	0.9865438590434822	gf_v2_104m_cls	per_subclass	L4 IT
H20.33.039	1	0.564751951724195	gf_v2_104m_cls	per_subclass	L4 IT
H20.33.040	1	0.6882957774916059	gf_v2_104m_cls	per_subclass	L4 IT
H20.33.041	1	0.7118329682865615	gf_v2_104m_cls	per_subclass	L4 IT
H20.33.043	1	0.6484345209322179	gf_v2_104m_cls	per_subclass	L4 IT
H20.33.044	0	0.8269880724594193	gf_v2_104m_cls	per_subclass	L4 IT
H20.33.045	1	0.9967453403012131	gf_v2_104m_cls	per_subclass	L4 IT
H20.33.046	1	0.9155964673887954	gf_v2_104m_cls	per_subclass	L4 IT
H21.33.001	0	0.5612173718564308	gf_v2_104m_cls	per_subclass	L4 IT
H21.33.002	1	0.8510645409238704	gf_v2_104m_cls	per_subclass	L4 IT
H21.33.003	0	0.6125874315568676	gf_v2_104m_cls	per_subclass	L4 IT
H21.33.004	0	0.4933263610282843	gf_v2_104m_cls	per_subclass	L4 IT
H21.33.005	1	0.8630508450306159	gf_v2_104m_cls	per_subclass	L4 IT
H21.33.006	1	0.49929069945147164	gf_v2_104m_cls	per_subclass	L4 IT
H21.33.007	1	0.6310338971615053	gf_v2_104m_cls	per_subclass	L4 IT
H21.33.008	1	0.9670824921539471	gf_v2_104m_cls	per_subclass	L4 IT
H21.33.009	1	0.9921896866946476	gf_v2_104m_cls	per_subclass	L4 IT
H21.33.010	1	0.8226437024643728	gf_v2_104m_cls	per_subclass	L4 IT
H21.33.011	0	0.14441850043505408	gf_v2_104m_cls	per_subclass	L4 IT
H21.33.012	1	0.5426009481721022	gf_v2_104m_cls	per_subclass	L4 IT
H21.33.013	1	0.9742193661343089	gf_v2_104m_cls	per_subclass	L4 IT
H21.33.014	1	0.9795569555413369	gf_v2_104m_cls	per_subclass	L4 IT
H21.33.015	0	0.6569572725573742	gf_v2_104m_cls	per_subclass	L4 IT
H21.33.016	0	0.611839831831833	gf_v2_104m_cls	per_subclass	L4 IT
H21.33.017	1	0.7627528585212907	gf_v2_104m_cls	per_subclass	L4 IT
H21.33.018	0	0.809211188245533	gf_v2_104m_cls	per_subclass	L4 IT
H21.33.019	0	0.5348863358142563	gf_v2_104m_cls	per_subclass	L4 IT
H21.33.020	1	0.9490431667028167	gf_v2_104m_cls	per_subclass	L4 IT
H21.33.021	1	0.8270074184322173	gf_v2_104m_cls	per_subclass	L4 IT
H21.33.022	1	0.7000566713937989	gf_v2_104m_cls	per_subclass	L4 IT
H21.33.023	0	0.29395219467097433	gf_v2_104m_cls	per_subclass	L4 IT
H21.33.025	1	0.7667796741370289	gf_v2_104m_cls	per_subclass	L4 IT
H21.33.026	1	0.5940708382941636	gf_v2_104m_cls	per_subclass	L4 IT
H21.33.027	1	0.29326876864260887	gf_v2_104m_cls	per_subclass	L4 IT
H21.33.028	0	0.786437212369185	gf_v2_104m_cls	per_subclass	L4 IT
H21.33.029	1	0.8374335068561288	gf_v2_104m_cls	per_subclass	L4 IT
H21.33.030	1	0.8831086814905745	gf_v2_104m_cls	per_subclass	L4 IT
H21.33.031	1	0.8817042392060841	gf_v2_104m_cls	per_subclass	L4 IT
H21.33.032	0	0.4796269346860374	gf_v2_104m_cls	per_subclass	L4 IT
H21.33.033	1	0.9537482408902855	gf_v2_104m_cls	per_subclass	L4 IT
H21.33.034	1	0.9688861395982611	gf_v2_104m_cls	per_subclass	L4 IT
H21.33.035	1	0.8127639983974907	gf_v2_104m_cls	per_subclass	L4 IT
H21.33.036	1	0.7059079096666923	gf_v2_104m_cls	per_subclass	L4 IT
H21.33.037	0	0.6987839666984582	gf_v2_104m_cls	per_subclass	L4 IT
H21.33.038	0	0.778551225584127	gf_v2_104m_cls	per_subclass	L4 IT
H21.33.039	1	0.9211935413252395	gf_v2_104m_cls	per_subclass	L4 IT
H21.33.040	1	0.8803667559579379	gf_v2_104m_cls	per_subclass	L4 IT
H21.33.041	0	0.6729006252181071	gf_v2_104m_cls	per_subclass	L4 IT
H21.33.042	1	0.5854353429449309	gf_v2_104m_cls	per_subclass	L4 IT
H21.33.043	0	0.9390046871717559	gf_v2_104m_cls	per_subclass	L4 IT
H21.33.044	1	0.9083370864401286	gf_v2_104m_cls	per_subclass	L4 IT
H21.33.045	1	0.9947717005089448	gf_v2_104m_cls	per_subclass	L4 IT
H21.33.046	1	0.8948028019829823	gf_v2_104m_cls	per_subclass	L4 IT
H21.33.047	1	0.8743845179783525	gf_v2_104m_cls	per_subclass	L4 IT
H19.33.004	0	0.821115722555227	gf_v2_104m_cls	per_subclass	L5 ET
H20.33.001	0	0.484470936724912	gf_v2_104m_cls	per_subclass	L5 ET
H20.33.002	0	0.6696736649878667	gf_v2_104m_cls	per_subclass	L5 ET
H20.33.004	1	0.8194721401758297	gf_v2_104m_cls	per_subclass	L5 ET
H20.33.005	1	0.8274396062258509	gf_v2_104m_cls	per_subclass	L5 ET
H20.33.008	1	0.988160350988883	gf_v2_104m_cls	per_subclass	L5 ET
H20.33.011	1	0.5523265880348998	gf_v2_104m_cls	per_subclass	L5 ET
H20.33.012	0	0.7683234893849751	gf_v2_104m_cls	per_subclass	L5 ET
H20.33.013	1	0.41285564760655147	gf_v2_104m_cls	per_subclass	L5 ET
H20.33.014	1	0.671242833300656	gf_v2_104m_cls	per_subclass	L5 ET
H20.33.015	1	0.8227454392291346	gf_v2_104m_cls	per_subclass	L5 ET
H20.33.016	1	0.30999143400863066	gf_v2_104m_cls	per_subclass	L5 ET
H20.33.017	1	0.8928795699479066	gf_v2_104m_cls	per_subclass	L5 ET
H20.33.018	1	0.9101365750798951	gf_v2_104m_cls	per_subclass	L5 ET
H20.33.019	1	0.804383907758706	gf_v2_104m_cls	per_subclass	L5 ET
H20.33.020	1	0.9303898365196288	gf_v2_104m_cls	per_subclass	L5 ET
H20.33.024	1	0.8441338289265401	gf_v2_104m_cls	per_subclass	L5 ET
H20.33.025	1	0.9162024358673502	gf_v2_104m_cls	per_subclass	L5 ET
H20.33.026	1	0.3594970628706159	gf_v2_104m_cls	per_subclass	L5 ET
H20.33.027	1	0.974686313189688	gf_v2_104m_cls	per_subclass	L5 ET
H20.33.028	1	0.9919552601438572	gf_v2_104m_cls	per_subclass	L5 ET
H20.33.029	1	0.16241600846793008	gf_v2_104m_cls	per_subclass	L5 ET
H20.33.030	1	0.8911275116668886	gf_v2_104m_cls	per_subclass	L5 ET
H20.33.031	1	0.5201087858039222	gf_v2_104m_cls	per_subclass	L5 ET
H20.33.032	1	0.8924319200562071	gf_v2_104m_cls	per_subclass	L5 ET
H20.33.034	1	0.8489812862763326	gf_v2_104m_cls	per_subclass	L5 ET
H20.33.035	0	0.699759567449322	gf_v2_104m_cls	per_subclass	L5 ET
H20.33.039	1	0.5912865889176446	gf_v2_104m_cls	per_subclass	L5 ET
H20.33.040	1	0.6087863854526938	gf_v2_104m_cls	per_subclass	L5 ET
H20.33.041	1	0.8316227196666036	gf_v2_104m_cls	per_subclass	L5 ET
H20.33.043	1	0.5224927095295943	gf_v2_104m_cls	per_subclass	L5 ET
H20.33.044	0	0.8029125456974633	gf_v2_104m_cls	per_subclass	L5 ET
H20.33.046	1	0.9310559310784509	gf_v2_104m_cls	per_subclass	L5 ET
H21.33.001	0	0.9512442391600903	gf_v2_104m_cls	per_subclass	L5 ET
H21.33.002	1	0.7620410529127191	gf_v2_104m_cls	per_subclass	L5 ET
H21.33.003	0	0.7492401674305313	gf_v2_104m_cls	per_subclass	L5 ET
H21.33.004	0	0.4171050218253135	gf_v2_104m_cls	per_subclass	L5 ET
H21.33.005	1	0.8886436743414778	gf_v2_104m_cls	per_subclass	L5 ET
H21.33.006	1	0.58151460384904	gf_v2_104m_cls	per_subclass	L5 ET
H21.33.007	1	0.7801923803388675	gf_v2_104m_cls	per_subclass	L5 ET
H21.33.010	1	0.9012890584493984	gf_v2_104m_cls	per_subclass	L5 ET
H21.33.011	0	0.29373455656685404	gf_v2_104m_cls	per_subclass	L5 ET
H21.33.012	1	0.7807823543913985	gf_v2_104m_cls	per_subclass	L5 ET
H21.33.013	1	0.872336214279678	gf_v2_104m_cls	per_subclass	L5 ET
H21.33.014	1	0.886728499110157	gf_v2_104m_cls	per_subclass	L5 ET
H21.33.015	0	0.6432530522638229	gf_v2_104m_cls	per_subclass	L5 ET
H21.33.016	0	0.09721693692617253	gf_v2_104m_cls	per_subclass	L5 ET
H21.33.017	1	0.8537073509297898	gf_v2_104m_cls	per_subclass	L5 ET
H21.33.018	0	0.8573662607528562	gf_v2_104m_cls	per_subclass	L5 ET
H21.33.019	0	0.45972594977539477	gf_v2_104m_cls	per_subclass	L5 ET
H21.33.022	1	0.6181152940394832	gf_v2_104m_cls	per_subclass	L5 ET
H21.33.023	0	0.774765698743874	gf_v2_104m_cls	per_subclass	L5 ET
H21.33.025	1	0.851581158292937	gf_v2_104m_cls	per_subclass	L5 ET
H21.33.027	1	0.5571575741640382	gf_v2_104m_cls	per_subclass	L5 ET
H21.33.028	0	0.5607471959410547	gf_v2_104m_cls	per_subclass	L5 ET
H21.33.029	1	0.7321022912928707	gf_v2_104m_cls	per_subclass	L5 ET
H21.33.030	1	0.8649649327271385	gf_v2_104m_cls	per_subclass	L5 ET
H21.33.031	1	0.9619736321341023	gf_v2_104m_cls	per_subclass	L5 ET
H21.33.032	0	0.4420502147526092	gf_v2_104m_cls	per_subclass	L5 ET
H21.33.033	1	0.9479033329613136	gf_v2_104m_cls	per_subclass	L5 ET
H21.33.035	1	0.7905770987125661	gf_v2_104m_cls	per_subclass	L5 ET
H21.33.036	1	0.8603218798526159	gf_v2_104m_cls	per_subclass	L5 ET
H21.33.038	0	0.7768078439912323	gf_v2_104m_cls	per_subclass	L5 ET
H21.33.039	1	0.9394943711711484	gf_v2_104m_cls	per_subclass	L5 ET
H21.33.040	1	0.7526267606891602	gf_v2_104m_cls	per_subclass	L5 ET
H21.33.041	0	0.9154458484140526	gf_v2_104m_cls	per_subclass	L5 ET
H21.33.042	1	0.5378272536369508	gf_v2_104m_cls	per_subclass	L5 ET
H21.33.043	0	0.9506344555075034	gf_v2_104m_cls	per_subclass	L5 ET
H21.33.044	1	0.9995324277385992	gf_v2_104m_cls	per_subclass	L5 ET
H21.33.046	1	0.9922169195541162	gf_v2_104m_cls	per_subclass	L5 ET
H19.33.004	0	0.9345592986853845	gf_v2_104m_cls	per_subclass	L5 IT
H20.33.001	0	0.854097786627045	gf_v2_104m_cls	per_subclass	L5 IT
H20.33.002	0	0.9501351906882392	gf_v2_104m_cls	per_subclass	L5 IT
H20.33.004	1	0.5972532987988494	gf_v2_104m_cls	per_subclass	L5 IT
H20.33.005	1	0.7197960563427339	gf_v2_104m_cls	per_subclass	L5 IT
H20.33.008	1	0.9527646471269324	gf_v2_104m_cls	per_subclass	L5 IT
H20.33.011	1	0.5288925460369887	gf_v2_104m_cls	per_subclass	L5 IT
H20.33.012	0	0.553565766494764	gf_v2_104m_cls	per_subclass	L5 IT
H20.33.013	1	0.5157038603487057	gf_v2_104m_cls	per_subclass	L5 IT
H20.33.014	1	0.6284609130197648	gf_v2_104m_cls	per_subclass	L5 IT
H20.33.015	1	0.5540130134850652	gf_v2_104m_cls	per_subclass	L5 IT
H20.33.016	1	0.6574062530420177	gf_v2_104m_cls	per_subclass	L5 IT
H20.33.017	1	0.8814159302922648	gf_v2_104m_cls	per_subclass	L5 IT
H20.33.018	1	0.926859271353627	gf_v2_104m_cls	per_subclass	L5 IT
H20.33.019	1	0.84978478750445	gf_v2_104m_cls	per_subclass	L5 IT
H20.33.020	1	0.9662707761553107	gf_v2_104m_cls	per_subclass	L5 IT
H20.33.024	1	0.8426628637450501	gf_v2_104m_cls	per_subclass	L5 IT
H20.33.025	1	0.742708193042368	gf_v2_104m_cls	per_subclass	L5 IT
H20.33.026	1	0.8031475266922241	gf_v2_104m_cls	per_subclass	L5 IT
H20.33.027	1	0.9772079903915565	gf_v2_104m_cls	per_subclass	L5 IT
H20.33.028	1	0.8990020417813603	gf_v2_104m_cls	per_subclass	L5 IT
H20.33.029	1	0.7761855114948929	gf_v2_104m_cls	per_subclass	L5 IT
H20.33.030	1	0.7843261547310656	gf_v2_104m_cls	per_subclass	L5 IT
H20.33.031	1	0.6626373175847793	gf_v2_104m_cls	per_subclass	L5 IT
H20.33.032	1	0.6851758665854867	gf_v2_104m_cls	per_subclass	L5 IT
H20.33.033	1	0.9504329730310188	gf_v2_104m_cls	per_subclass	L5 IT
H20.33.034	1	0.6884964440486049	gf_v2_104m_cls	per_subclass	L5 IT
H20.33.035	0	0.6740056035141256	gf_v2_104m_cls	per_subclass	L5 IT
H20.33.036	1	0.9602276983922599	gf_v2_104m_cls	per_subclass	L5 IT
H20.33.037	1	0.9465504545112726	gf_v2_104m_cls	per_subclass	L5 IT
H20.33.038	1	0.952743691343468	gf_v2_104m_cls	per_subclass	L5 IT
H20.33.039	1	0.30228977801385964	gf_v2_104m_cls	per_subclass	L5 IT
H20.33.040	1	0.4856672116797725	gf_v2_104m_cls	per_subclass	L5 IT
H20.33.041	1	0.38718128041381494	gf_v2_104m_cls	per_subclass	L5 IT
H20.33.043	1	0.1999397970125376	gf_v2_104m_cls	per_subclass	L5 IT
H20.33.044	0	0.3941639778239222	gf_v2_104m_cls	per_subclass	L5 IT
H20.33.045	1	0.989883375845228	gf_v2_104m_cls	per_subclass	L5 IT
H20.33.046	1	0.9356824693791455	gf_v2_104m_cls	per_subclass	L5 IT
H21.33.001	0	0.9254178401902984	gf_v2_104m_cls	per_subclass	L5 IT
H21.33.002	1	0.9214588723549889	gf_v2_104m_cls	per_subclass	L5 IT
H21.33.003	0	0.9153604121081168	gf_v2_104m_cls	per_subclass	L5 IT
H21.33.004	0	0.20450536254878612	gf_v2_104m_cls	per_subclass	L5 IT
H21.33.005	1	0.8967543594703091	gf_v2_104m_cls	per_subclass	L5 IT
H21.33.006	1	0.6979944658740409	gf_v2_104m_cls	per_subclass	L5 IT
H21.33.007	1	0.5950804191827095	gf_v2_104m_cls	per_subclass	L5 IT
H21.33.008	1	0.9870449260327205	gf_v2_104m_cls	per_subclass	L5 IT
H21.33.009	1	0.9859992405563955	gf_v2_104m_cls	per_subclass	L5 IT
H21.33.010	1	0.806689512478721	gf_v2_104m_cls	per_subclass	L5 IT
H21.33.011	0	0.17057940762739388	gf_v2_104m_cls	per_subclass	L5 IT
H21.33.012	1	0.7154145679727881	gf_v2_104m_cls	per_subclass	L5 IT
H21.33.013	1	0.9462853117854614	gf_v2_104m_cls	per_subclass	L5 IT
H21.33.014	1	0.8401178886671541	gf_v2_104m_cls	per_subclass	L5 IT
H21.33.015	0	0.44272029741503627	gf_v2_104m_cls	per_subclass	L5 IT
H21.33.016	0	0.5484498927539704	gf_v2_104m_cls	per_subclass	L5 IT
H21.33.017	1	0.7651733701542565	gf_v2_104m_cls	per_subclass	L5 IT
H21.33.018	0	0.5135905769820245	gf_v2_104m_cls	per_subclass	L5 IT
H21.33.019	0	0.8493222178222416	gf_v2_104m_cls	per_subclass	L5 IT
H21.33.020	1	0.8710092220523098	gf_v2_104m_cls	per_subclass	L5 IT
H21.33.021	1	0.9426168001239279	gf_v2_104m_cls	per_subclass	L5 IT
H21.33.022	1	0.7672410557557287	gf_v2_104m_cls	per_subclass	L5 IT
H21.33.023	0	0.5047716418267978	gf_v2_104m_cls	per_subclass	L5 IT
H21.33.025	1	0.8068855518741941	gf_v2_104m_cls	per_subclass	L5 IT
H21.33.026	1	0.8833953149836127	gf_v2_104m_cls	per_subclass	L5 IT
H21.33.027	1	0.7875218175810457	gf_v2_104m_cls	per_subclass	L5 IT
H21.33.028	0	0.5845757874856903	gf_v2_104m_cls	per_subclass	L5 IT
H21.33.029	1	0.46438818162835405	gf_v2_104m_cls	per_subclass	L5 IT
H21.33.030	1	0.825632076396575	gf_v2_104m_cls	per_subclass	L5 IT
H21.33.031	1	0.9576043887014771	gf_v2_104m_cls	per_subclass	L5 IT
H21.33.032	0	0.6238010827555788	gf_v2_104m_cls	per_subclass	L5 IT
H21.33.033	1	0.9643551000745308	gf_v2_104m_cls	per_subclass	L5 IT
H21.33.034	1	0.887857652294356	gf_v2_104m_cls	per_subclass	L5 IT
H21.33.035	1	0.9283584701252376	gf_v2_104m_cls	per_subclass	L5 IT
H21.33.036	1	0.7799238296309644	gf_v2_104m_cls	per_subclass	L5 IT
H21.33.037	0	0.43095289839237133	gf_v2_104m_cls	per_subclass	L5 IT
H21.33.038	0	0.8814747853328291	gf_v2_104m_cls	per_subclass	L5 IT
H21.33.039	1	0.8943870733427687	gf_v2_104m_cls	per_subclass	L5 IT
H21.33.040	1	0.9026902966641595	gf_v2_104m_cls	per_subclass	L5 IT
H21.33.041	0	0.576057434184612	gf_v2_104m_cls	per_subclass	L5 IT
H21.33.042	1	0.653419967859259	gf_v2_104m_cls	per_subclass	L5 IT
H21.33.043	0	0.9675469697329323	gf_v2_104m_cls	per_subclass	L5 IT
H21.33.044	1	0.9166829323918281	gf_v2_104m_cls	per_subclass	L5 IT
H21.33.045	1	0.989269706305332	gf_v2_104m_cls	per_subclass	L5 IT
H21.33.046	1	0.942010683257684	gf_v2_104m_cls	per_subclass	L5 IT
H21.33.047	1	0.8911133902151311	gf_v2_104m_cls	per_subclass	L5 IT
H19.33.004	0	0.9380587759110861	gf_v2_104m_cls	per_subclass	L5/6 NP
H20.33.001	0	0.8153028208269728	gf_v2_104m_cls	per_subclass	L5/6 NP
H20.33.002	0	0.8830623127962246	gf_v2_104m_cls	per_subclass	L5/6 NP
H20.33.004	1	0.9613752722251843	gf_v2_104m_cls	per_subclass	L5/6 NP
H20.33.005	1	0.7785683903472467	gf_v2_104m_cls	per_subclass	L5/6 NP
H20.33.008	1	0.9587873802826931	gf_v2_104m_cls	per_subclass	L5/6 NP
H20.33.011	1	0.3872331358523762	gf_v2_104m_cls	per_subclass	L5/6 NP
H20.33.012	0	0.7238113581550077	gf_v2_104m_cls	per_subclass	L5/6 NP
H20.33.013	1	0.6649188953766945	gf_v2_104m_cls	per_subclass	L5/6 NP
H20.33.014	1	0.628279277729191	gf_v2_104m_cls	per_subclass	L5/6 NP
H20.33.015	1	0.8686050515002013	gf_v2_104m_cls	per_subclass	L5/6 NP
H20.33.016	1	0.8529649860045174	gf_v2_104m_cls	per_subclass	L5/6 NP
H20.33.017	1	0.9338333495758722	gf_v2_104m_cls	per_subclass	L5/6 NP
H20.33.018	1	0.8865709184603755	gf_v2_104m_cls	per_subclass	L5/6 NP
H20.33.019	1	0.9602321035800433	gf_v2_104m_cls	per_subclass	L5/6 NP
H20.33.020	1	0.9229670653029961	gf_v2_104m_cls	per_subclass	L5/6 NP
H20.33.024	1	0.9574532746500749	gf_v2_104m_cls	per_subclass	L5/6 NP
H20.33.025	1	0.787889160310657	gf_v2_104m_cls	per_subclass	L5/6 NP
H20.33.026	1	0.3533729472012255	gf_v2_104m_cls	per_subclass	L5/6 NP
H20.33.027	1	0.9887209165432541	gf_v2_104m_cls	per_subclass	L5/6 NP
H20.33.028	1	0.7501382315868058	gf_v2_104m_cls	per_subclass	L5/6 NP
H20.33.029	1	0.20005411753222577	gf_v2_104m_cls	per_subclass	L5/6 NP
H20.33.030	1	0.944701852228755	gf_v2_104m_cls	per_subclass	L5/6 NP
H20.33.031	1	0.4829349631611203	gf_v2_104m_cls	per_subclass	L5/6 NP
H20.33.032	1	0.44017188273392893	gf_v2_104m_cls	per_subclass	L5/6 NP
H20.33.033	1	0.7933754541419422	gf_v2_104m_cls	per_subclass	L5/6 NP
H20.33.034	1	0.9279779971219296	gf_v2_104m_cls	per_subclass	L5/6 NP
H20.33.035	0	0.18441568378693846	gf_v2_104m_cls	per_subclass	L5/6 NP
H20.33.036	1	0.944099330738363	gf_v2_104m_cls	per_subclass	L5/6 NP
H20.33.037	1	0.9603138658690848	gf_v2_104m_cls	per_subclass	L5/6 NP
H20.33.039	1	0.3985722478260171	gf_v2_104m_cls	per_subclass	L5/6 NP
H20.33.040	1	0.6908787698910878	gf_v2_104m_cls	per_subclass	L5/6 NP
H20.33.041	1	0.865348968660124	gf_v2_104m_cls	per_subclass	L5/6 NP
H20.33.043	1	0.7314339516568372	gf_v2_104m_cls	per_subclass	L5/6 NP
H20.33.044	0	0.7767245421168798	gf_v2_104m_cls	per_subclass	L5/6 NP
H20.33.045	1	0.988520592523478	gf_v2_104m_cls	per_subclass	L5/6 NP
H20.33.046	1	0.9813238721647757	gf_v2_104m_cls	per_subclass	L5/6 NP
H21.33.001	0	0.9343782357250158	gf_v2_104m_cls	per_subclass	L5/6 NP
H21.33.002	1	0.9285065503752605	gf_v2_104m_cls	per_subclass	L5/6 NP
H21.33.003	0	0.6760468230923393	gf_v2_104m_cls	per_subclass	L5/6 NP
H21.33.004	0	0.1754995445713739	gf_v2_104m_cls	per_subclass	L5/6 NP
H21.33.005	1	0.9011939283945969	gf_v2_104m_cls	per_subclass	L5/6 NP
H21.33.006	1	0.773794841628175	gf_v2_104m_cls	per_subclass	L5/6 NP
H21.33.007	1	0.3889616035479166	gf_v2_104m_cls	per_subclass	L5/6 NP
H21.33.008	1	0.9735780858751021	gf_v2_104m_cls	per_subclass	L5/6 NP
H21.33.009	1	0.9954821441506769	gf_v2_104m_cls	per_subclass	L5/6 NP
H21.33.010	1	0.8406670383175132	gf_v2_104m_cls	per_subclass	L5/6 NP
H21.33.011	0	0.12030731201685171	gf_v2_104m_cls	per_subclass	L5/6 NP
H21.33.012	1	0.7015146486329302	gf_v2_104m_cls	per_subclass	L5/6 NP
H21.33.013	1	0.9629141084148538	gf_v2_104m_cls	per_subclass	L5/6 NP
H21.33.014	1	0.8976357549607	gf_v2_104m_cls	per_subclass	L5/6 NP
H21.33.015	0	0.6212486552287352	gf_v2_104m_cls	per_subclass	L5/6 NP
H21.33.016	0	0.604931606127462	gf_v2_104m_cls	per_subclass	L5/6 NP
H21.33.017	1	0.7108554288853952	gf_v2_104m_cls	per_subclass	L5/6 NP
H21.33.018	0	0.68889339036542	gf_v2_104m_cls	per_subclass	L5/6 NP
H21.33.019	0	0.2276182364323879	gf_v2_104m_cls	per_subclass	L5/6 NP
H21.33.021	1	0.8073513868755191	gf_v2_104m_cls	per_subclass	L5/6 NP
H21.33.022	1	0.8971065266434749	gf_v2_104m_cls	per_subclass	L5/6 NP
H21.33.023	0	0.7302805683607342	gf_v2_104m_cls	per_subclass	L5/6 NP
H21.33.025	1	0.7765655213661061	gf_v2_104m_cls	per_subclass	L5/6 NP
H21.33.026	1	0.766354157930177	gf_v2_104m_cls	per_subclass	L5/6 NP
H21.33.027	1	0.5121882410274962	gf_v2_104m_cls	per_subclass	L5/6 NP
H21.33.028	0	0.7788541204645159	gf_v2_104m_cls	per_subclass	L5/6 NP
H21.33.029	1	0.9221976381183634	gf_v2_104m_cls	per_subclass	L5/6 NP
H21.33.030	1	0.8383196950548317	gf_v2_104m_cls	per_subclass	L5/6 NP
H21.33.031	1	0.8774714645058455	gf_v2_104m_cls	per_subclass	L5/6 NP
H21.33.032	0	0.45691289894647513	gf_v2_104m_cls	per_subclass	L5/6 NP
H21.33.033	1	0.8054337255762152	gf_v2_104m_cls	per_subclass	L5/6 NP
H21.33.034	1	0.9811540385159528	gf_v2_104m_cls	per_subclass	L5/6 NP
H21.33.035	1	0.8333329727058093	gf_v2_104m_cls	per_subclass	L5/6 NP
H21.33.036	1	0.8335615274026642	gf_v2_104m_cls	per_subclass	L5/6 NP
H21.33.037	0	0.19048044033266026	gf_v2_104m_cls	per_subclass	L5/6 NP
H21.33.038	0	0.8553126448926873	gf_v2_104m_cls	per_subclass	L5/6 NP
H21.33.039	1	0.9340848730899521	gf_v2_104m_cls	per_subclass	L5/6 NP
H21.33.040	1	0.7687236297775538	gf_v2_104m_cls	per_subclass	L5/6 NP
H21.33.041	0	0.4897723611668859	gf_v2_104m_cls	per_subclass	L5/6 NP
H21.33.042	1	0.7937710657269124	gf_v2_104m_cls	per_subclass	L5/6 NP
H21.33.043	0	0.9480324585866073	gf_v2_104m_cls	per_subclass	L5/6 NP
H21.33.044	1	0.9616301833703744	gf_v2_104m_cls	per_subclass	L5/6 NP
H21.33.045	1	0.9967792260220737	gf_v2_104m_cls	per_subclass	L5/6 NP
H21.33.046	1	0.8288979667135237	gf_v2_104m_cls	per_subclass	L5/6 NP
H21.33.047	1	0.4471392033406447	gf_v2_104m_cls	per_subclass	L5/6 NP
H19.33.004	0	0.9624174223259985	gf_v2_104m_cls	per_subclass	L6 CT
H20.33.001	0	0.7366826576790774	gf_v2_104m_cls	per_subclass	L6 CT
H20.33.002	0	0.896332468825037	gf_v2_104m_cls	per_subclass	L6 CT
H20.33.004	1	0.8256864243020836	gf_v2_104m_cls	per_subclass	L6 CT
H20.33.005	1	0.6975103222871774	gf_v2_104m_cls	per_subclass	L6 CT
H20.33.008	1	0.8993985017257422	gf_v2_104m_cls	per_subclass	L6 CT
H20.33.011	1	0.361672431163462	gf_v2_104m_cls	per_subclass	L6 CT
H20.33.012	0	0.6208508152499231	gf_v2_104m_cls	per_subclass	L6 CT
H20.33.013	1	0.6152776521245799	gf_v2_104m_cls	per_subclass	L6 CT
H20.33.014	1	0.5607675232077755	gf_v2_104m_cls	per_subclass	L6 CT
H20.33.015	1	0.9634606043491732	gf_v2_104m_cls	per_subclass	L6 CT
H20.33.016	1	0.42337741463886286	gf_v2_104m_cls	per_subclass	L6 CT
H20.33.017	1	0.8434234184751184	gf_v2_104m_cls	per_subclass	L6 CT
H20.33.018	1	0.9599903708201601	gf_v2_104m_cls	per_subclass	L6 CT
H20.33.019	1	0.7636459045872904	gf_v2_104m_cls	per_subclass	L6 CT
H20.33.020	1	0.925026936913077	gf_v2_104m_cls	per_subclass	L6 CT
H20.33.024	1	0.8392112726708236	gf_v2_104m_cls	per_subclass	L6 CT
H20.33.025	1	0.6040993599524163	gf_v2_104m_cls	per_subclass	L6 CT
H20.33.026	1	0.9328176450732476	gf_v2_104m_cls	per_subclass	L6 CT
H20.33.027	1	0.8541156648329341	gf_v2_104m_cls	per_subclass	L6 CT
H20.33.028	1	0.8825437007414468	gf_v2_104m_cls	per_subclass	L6 CT
H20.33.029	1	0.5014172522830581	gf_v2_104m_cls	per_subclass	L6 CT
H20.33.030	1	0.8017824952912435	gf_v2_104m_cls	per_subclass	L6 CT
H20.33.031	1	0.4166309711820914	gf_v2_104m_cls	per_subclass	L6 CT
H20.33.032	1	0.622052836025081	gf_v2_104m_cls	per_subclass	L6 CT
H20.33.033	1	0.929524570956907	gf_v2_104m_cls	per_subclass	L6 CT
H20.33.034	1	0.842528817003671	gf_v2_104m_cls	per_subclass	L6 CT
H20.33.035	0	0.8126862653147164	gf_v2_104m_cls	per_subclass	L6 CT
H20.33.036	1	0.9779720205878142	gf_v2_104m_cls	per_subclass	L6 CT
H20.33.037	1	0.9601309610459584	gf_v2_104m_cls	per_subclass	L6 CT
H20.33.039	1	0.4952942899136451	gf_v2_104m_cls	per_subclass	L6 CT
H20.33.040	1	0.6896916045383421	gf_v2_104m_cls	per_subclass	L6 CT
H20.33.041	1	0.6573704733441442	gf_v2_104m_cls	per_subclass	L6 CT
H20.33.043	1	0.4924658703989026	gf_v2_104m_cls	per_subclass	L6 CT
H20.33.044	0	0.658013875653212	gf_v2_104m_cls	per_subclass	L6 CT
H20.33.045	1	0.9662648256505765	gf_v2_104m_cls	per_subclass	L6 CT
H20.33.046	1	0.93276177857805	gf_v2_104m_cls	per_subclass	L6 CT
H21.33.001	0	0.9823486536993681	gf_v2_104m_cls	per_subclass	L6 CT
H21.33.002	1	0.9010062351530322	gf_v2_104m_cls	per_subclass	L6 CT
H21.33.003	0	0.7152955987676615	gf_v2_104m_cls	per_subclass	L6 CT
H21.33.004	0	0.39871303903013755	gf_v2_104m_cls	per_subclass	L6 CT
H21.33.005	1	0.8046432118190247	gf_v2_104m_cls	per_subclass	L6 CT
H21.33.006	1	0.5048875710187859	gf_v2_104m_cls	per_subclass	L6 CT
H21.33.007	1	0.7753203150007989	gf_v2_104m_cls	per_subclass	L6 CT
H21.33.008	1	0.9801282218995638	gf_v2_104m_cls	per_subclass	L6 CT
H21.33.009	1	0.9870586892832213	gf_v2_104m_cls	per_subclass	L6 CT
H21.33.010	1	0.9154159962367533	gf_v2_104m_cls	per_subclass	L6 CT
H21.33.011	0	0.44862885518215895	gf_v2_104m_cls	per_subclass	L6 CT
H21.33.012	1	0.7628945774727609	gf_v2_104m_cls	per_subclass	L6 CT
H21.33.013	1	0.9587121565944969	gf_v2_104m_cls	per_subclass	L6 CT
H21.33.014	1	0.9436025533692682	gf_v2_104m_cls	per_subclass	L6 CT
H21.33.015	0	0.5395655639544072	gf_v2_104m_cls	per_subclass	L6 CT
H21.33.016	0	0.7421418520403481	gf_v2_104m_cls	per_subclass	L6 CT
H21.33.017	1	0.33369854117871645	gf_v2_104m_cls	per_subclass	L6 CT
H21.33.018	0	0.8156938191222298	gf_v2_104m_cls	per_subclass	L6 CT
H21.33.019	0	0.6640894987622575	gf_v2_104m_cls	per_subclass	L6 CT
H21.33.021	1	0.8993960260642154	gf_v2_104m_cls	per_subclass	L6 CT
H21.33.022	1	0.6600021571060571	gf_v2_104m_cls	per_subclass	L6 CT
H21.33.023	0	0.6207363195824919	gf_v2_104m_cls	per_subclass	L6 CT
H21.33.025	1	0.3987757533600219	gf_v2_104m_cls	per_subclass	L6 CT
H21.33.026	1	0.8491494428206323	gf_v2_104m_cls	per_subclass	L6 CT
H21.33.027	1	0.7029253742959539	gf_v2_104m_cls	per_subclass	L6 CT
H21.33.028	0	0.5401329451069227	gf_v2_104m_cls	per_subclass	L6 CT
H21.33.029	1	0.7818128390120871	gf_v2_104m_cls	per_subclass	L6 CT
H21.33.030	1	0.7459107576904566	gf_v2_104m_cls	per_subclass	L6 CT
H21.33.031	1	0.3600161693742983	gf_v2_104m_cls	per_subclass	L6 CT
H21.33.032	0	0.4554100254441905	gf_v2_104m_cls	per_subclass	L6 CT
H21.33.033	1	0.7490386042217907	gf_v2_104m_cls	per_subclass	L6 CT
H21.33.035	1	0.8288797837299888	gf_v2_104m_cls	per_subclass	L6 CT
H21.33.036	1	0.7799967699733236	gf_v2_104m_cls	per_subclass	L6 CT
H21.33.037	0	0.5620413237965021	gf_v2_104m_cls	per_subclass	L6 CT
H21.33.038	0	0.7625022536531763	gf_v2_104m_cls	per_subclass	L6 CT
H21.33.039	1	0.9259618607844571	gf_v2_104m_cls	per_subclass	L6 CT
H21.33.040	1	0.8028312182957084	gf_v2_104m_cls	per_subclass	L6 CT
H21.33.041	0	0.7524063632232247	gf_v2_104m_cls	per_subclass	L6 CT
H21.33.042	1	0.8358471427157426	gf_v2_104m_cls	per_subclass	L6 CT
H21.33.043	0	0.8620382610991936	gf_v2_104m_cls	per_subclass	L6 CT
H21.33.044	1	0.9494620132485032	gf_v2_104m_cls	per_subclass	L6 CT
H21.33.045	1	0.9762277896557657	gf_v2_104m_cls	per_subclass	L6 CT
H21.33.046	1	0.806142301346604	gf_v2_104m_cls	per_subclass	L6 CT
H21.33.047	1	0.7083004881890672	gf_v2_104m_cls	per_subclass	L6 CT
H19.33.004	0	0.8687407681657964	gf_v2_104m_cls	per_subclass	L6 IT
H20.33.001	0	0.5523894730393508	gf_v2_104m_cls	per_subclass	L6 IT
H20.33.002	0	0.857761826939678	gf_v2_104m_cls	per_subclass	L6 IT
H20.33.004	1	0.8496079170375961	gf_v2_104m_cls	per_subclass	L6 IT
H20.33.005	1	0.8135359197434594	gf_v2_104m_cls	per_subclass	L6 IT
H20.33.008	1	0.8106062514914913	gf_v2_104m_cls	per_subclass	L6 IT
H20.33.011	1	0.33559834728792665	gf_v2_104m_cls	per_subclass	L6 IT
H20.33.012	0	0.7396583281724622	gf_v2_104m_cls	per_subclass	L6 IT
H20.33.013	1	0.5664164285780894	gf_v2_104m_cls	per_subclass	L6 IT
H20.33.014	1	0.5929884767313253	gf_v2_104m_cls	per_subclass	L6 IT
H20.33.015	1	0.9255196668547387	gf_v2_104m_cls	per_subclass	L6 IT
H20.33.016	1	0.5427909394739922	gf_v2_104m_cls	per_subclass	L6 IT
H20.33.017	1	0.8232246888013212	gf_v2_104m_cls	per_subclass	L6 IT
H20.33.018	1	0.9452585924983605	gf_v2_104m_cls	per_subclass	L6 IT
H20.33.019	1	0.8610686680763917	gf_v2_104m_cls	per_subclass	L6 IT
H20.33.020	1	0.9435915520959309	gf_v2_104m_cls	per_subclass	L6 IT
H20.33.024	1	0.8101896147145469	gf_v2_104m_cls	per_subclass	L6 IT
H20.33.025	1	0.629550861618378	gf_v2_104m_cls	per_subclass	L6 IT
H20.33.026	1	0.6774544229721802	gf_v2_104m_cls	per_subclass	L6 IT
H20.33.027	1	0.6872345597310083	gf_v2_104m_cls	per_subclass	L6 IT
H20.33.028	1	0.9857031607937877	gf_v2_104m_cls	per_subclass	L6 IT
H20.33.029	1	0.3689349398976571	gf_v2_104m_cls	per_subclass	L6 IT
H20.33.030	1	0.9054183365274471	gf_v2_104m_cls	per_subclass	L6 IT
H20.33.031	1	0.48773290520113255	gf_v2_104m_cls	per_subclass	L6 IT
H20.33.032	1	0.7291253179099673	gf_v2_104m_cls	per_subclass	L6 IT
H20.33.033	1	0.9836187989538809	gf_v2_104m_cls	per_subclass	L6 IT
H20.33.034	1	0.8614141317640073	gf_v2_104m_cls	per_subclass	L6 IT
H20.33.035	0	0.8301625671594708	gf_v2_104m_cls	per_subclass	L6 IT
H20.33.036	1	0.9476132511687215	gf_v2_104m_cls	per_subclass	L6 IT
H20.33.037	1	0.9719162560879584	gf_v2_104m_cls	per_subclass	L6 IT
H20.33.039	1	0.6717372111868426	gf_v2_104m_cls	per_subclass	L6 IT
H20.33.040	1	0.5806111598532326	gf_v2_104m_cls	per_subclass	L6 IT
H20.33.041	1	0.5913762867357129	gf_v2_104m_cls	per_subclass	L6 IT
H20.33.043	1	0.40039010353095283	gf_v2_104m_cls	per_subclass	L6 IT
H20.33.044	0	0.7675625566223575	gf_v2_104m_cls	per_subclass	L6 IT
H20.33.045	1	0.9547180631687908	gf_v2_104m_cls	per_subclass	L6 IT
H20.33.046	1	0.9631477895346187	gf_v2_104m_cls	per_subclass	L6 IT
H21.33.001	0	0.9634730678553514	gf_v2_104m_cls	per_subclass	L6 IT
H21.33.002	1	0.8066617888117278	gf_v2_104m_cls	per_subclass	L6 IT
H21.33.003	0	0.7053194517305232	gf_v2_104m_cls	per_subclass	L6 IT
H21.33.004	0	0.374785397143665	gf_v2_104m_cls	per_subclass	L6 IT
H21.33.005	1	0.9032926601130005	gf_v2_104m_cls	per_subclass	L6 IT
H21.33.006	1	0.3860996723647542	gf_v2_104m_cls	per_subclass	L6 IT
H21.33.007	1	0.8151468179946665	gf_v2_104m_cls	per_subclass	L6 IT
H21.33.008	1	0.9746691022735003	gf_v2_104m_cls	per_subclass	L6 IT
H21.33.009	1	0.9804474537728434	gf_v2_104m_cls	per_subclass	L6 IT
H21.33.010	1	0.8556606602144787	gf_v2_104m_cls	per_subclass	L6 IT
H21.33.011	0	0.26830525841139863	gf_v2_104m_cls	per_subclass	L6 IT
H21.33.012	1	0.5858239125379977	gf_v2_104m_cls	per_subclass	L6 IT
H21.33.013	1	0.9025896592203791	gf_v2_104m_cls	per_subclass	L6 IT
H21.33.014	1	0.7346273134801741	gf_v2_104m_cls	per_subclass	L6 IT
H21.33.015	0	0.35638956834066826	gf_v2_104m_cls	per_subclass	L6 IT
H21.33.016	0	0.6610094737252703	gf_v2_104m_cls	per_subclass	L6 IT
H21.33.017	1	0.6433959880673367	gf_v2_104m_cls	per_subclass	L6 IT
H21.33.018	0	0.7442848017851025	gf_v2_104m_cls	per_subclass	L6 IT
H21.33.019	0	0.8375917547085155	gf_v2_104m_cls	per_subclass	L6 IT
H21.33.021	1	0.9493610165034451	gf_v2_104m_cls	per_subclass	L6 IT
H21.33.022	1	0.8447783029983679	gf_v2_104m_cls	per_subclass	L6 IT
H21.33.023	0	0.8287397578817892	gf_v2_104m_cls	per_subclass	L6 IT
H21.33.025	1	0.7630524065449281	gf_v2_104m_cls	per_subclass	L6 IT
H21.33.026	1	0.7797984508099962	gf_v2_104m_cls	per_subclass	L6 IT
H21.33.027	1	0.6126383217243486	gf_v2_104m_cls	per_subclass	L6 IT
H21.33.028	0	0.6976593240650291	gf_v2_104m_cls	per_subclass	L6 IT
H21.33.029	1	0.8125526281683332	gf_v2_104m_cls	per_subclass	L6 IT
H21.33.030	1	0.5541293768500524	gf_v2_104m_cls	per_subclass	L6 IT
H21.33.031	1	0.8107166496341529	gf_v2_104m_cls	per_subclass	L6 IT
H21.33.032	0	0.685345037873662	gf_v2_104m_cls	per_subclass	L6 IT
H21.33.033	1	0.9524028515535526	gf_v2_104m_cls	per_subclass	L6 IT
H21.33.034	1	0.9611343114502111	gf_v2_104m_cls	per_subclass	L6 IT
H21.33.035	1	0.8594739792707985	gf_v2_104m_cls	per_subclass	L6 IT
H21.33.036	1	0.6641539642875046	gf_v2_104m_cls	per_subclass	L6 IT
H21.33.037	0	0.47141715713332	gf_v2_104m_cls	per_subclass	L6 IT
H21.33.038	0	0.9120364679997387	gf_v2_104m_cls	per_subclass	L6 IT
H21.33.039	1	0.8460428105914263	gf_v2_104m_cls	per_subclass	L6 IT
H21.33.040	1	0.8389103778036648	gf_v2_104m_cls	per_subclass	L6 IT
H21.33.041	0	0.6759889620342948	gf_v2_104m_cls	per_subclass	L6 IT
H21.33.042	1	0.8223326055867292	gf_v2_104m_cls	per_subclass	L6 IT
H21.33.043	0	0.8775671525941808	gf_v2_104m_cls	per_subclass	L6 IT
H21.33.044	1	0.960133506357932	gf_v2_104m_cls	per_subclass	L6 IT
H21.33.045	1	0.9529212205857818	gf_v2_104m_cls	per_subclass	L6 IT
H21.33.046	1	0.8128677180712078	gf_v2_104m_cls	per_subclass	L6 IT
H21.33.047	1	0.5217818613268793	gf_v2_104m_cls	per_subclass	L6 IT
H19.33.004	0	0.9553314535768649	gf_v2_104m_cls	per_subclass	L6 IT Car3
H20.33.001	0	0.7946772440626082	gf_v2_104m_cls	per_subclass	L6 IT Car3
H20.33.002	0	0.8264850061352208	gf_v2_104m_cls	per_subclass	L6 IT Car3
H20.33.004	1	0.8410245624686518	gf_v2_104m_cls	per_subclass	L6 IT Car3
H20.33.005	1	0.516033341325252	gf_v2_104m_cls	per_subclass	L6 IT Car3
H20.33.008	1	0.784765257805787	gf_v2_104m_cls	per_subclass	L6 IT Car3
H20.33.011	1	0.5986498205714754	gf_v2_104m_cls	per_subclass	L6 IT Car3
H20.33.012	0	0.8062756661001778	gf_v2_104m_cls	per_subclass	L6 IT Car3
H20.33.013	1	0.6339021914031924	gf_v2_104m_cls	per_subclass	L6 IT Car3
H20.33.014	1	0.7149690466749796	gf_v2_104m_cls	per_subclass	L6 IT Car3
H20.33.015	1	0.8253009582356006	gf_v2_104m_cls	per_subclass	L6 IT Car3
H20.33.016	1	0.5108795409024004	gf_v2_104m_cls	per_subclass	L6 IT Car3
H20.33.017	1	0.9110641499696653	gf_v2_104m_cls	per_subclass	L6 IT Car3
H20.33.018	1	0.9144459600432622	gf_v2_104m_cls	per_subclass	L6 IT Car3
H20.33.019	1	0.8474148849186518	gf_v2_104m_cls	per_subclass	L6 IT Car3
H20.33.020	1	0.7384847187082186	gf_v2_104m_cls	per_subclass	L6 IT Car3
H20.33.024	1	0.6639881963347817	gf_v2_104m_cls	per_subclass	L6 IT Car3
H20.33.025	1	0.5474320193750941	gf_v2_104m_cls	per_subclass	L6 IT Car3
H20.33.026	1	0.8032480409891953	gf_v2_104m_cls	per_subclass	L6 IT Car3
H20.33.027	1	0.7571445075274698	gf_v2_104m_cls	per_subclass	L6 IT Car3
H20.33.028	1	0.9419779065298162	gf_v2_104m_cls	per_subclass	L6 IT Car3
H20.33.029	1	0.7750806192745607	gf_v2_104m_cls	per_subclass	L6 IT Car3
H20.33.030	1	0.8820213456754106	gf_v2_104m_cls	per_subclass	L6 IT Car3
H20.33.031	1	0.6376984766083702	gf_v2_104m_cls	per_subclass	L6 IT Car3
H20.33.032	1	0.7564313516962768	gf_v2_104m_cls	per_subclass	L6 IT Car3
H20.33.033	1	0.9399486467641529	gf_v2_104m_cls	per_subclass	L6 IT Car3
H20.33.034	1	0.7561926032631894	gf_v2_104m_cls	per_subclass	L6 IT Car3
H20.33.035	0	0.7730858389193295	gf_v2_104m_cls	per_subclass	L6 IT Car3
H20.33.036	1	0.8737125543959519	gf_v2_104m_cls	per_subclass	L6 IT Car3
H20.33.037	1	0.882571538869259	gf_v2_104m_cls	per_subclass	L6 IT Car3
H20.33.038	1	0.9504855744848373	gf_v2_104m_cls	per_subclass	L6 IT Car3
H20.33.039	1	0.39252919426429844	gf_v2_104m_cls	per_subclass	L6 IT Car3
H20.33.040	1	0.7830680484790474	gf_v2_104m_cls	per_subclass	L6 IT Car3
H20.33.041	1	0.598618744911502	gf_v2_104m_cls	per_subclass	L6 IT Car3
H20.33.043	1	0.5143360380374328	gf_v2_104m_cls	per_subclass	L6 IT Car3
H20.33.044	0	0.7935934979619514	gf_v2_104m_cls	per_subclass	L6 IT Car3
H20.33.045	1	0.8893969443840671	gf_v2_104m_cls	per_subclass	L6 IT Car3
H20.33.046	1	0.8741316087146769	gf_v2_104m_cls	per_subclass	L6 IT Car3
H21.33.001	0	0.9975354254695198	gf_v2_104m_cls	per_subclass	L6 IT Car3
H21.33.002	1	0.6442898139327637	gf_v2_104m_cls	per_subclass	L6 IT Car3
H21.33.003	0	0.8099769043669112	gf_v2_104m_cls	per_subclass	L6 IT Car3
H21.33.004	0	0.6000158531129499	gf_v2_104m_cls	per_subclass	L6 IT Car3
H21.33.005	1	0.7526472356105061	gf_v2_104m_cls	per_subclass	L6 IT Car3
H21.33.006	1	0.3654352634077299	gf_v2_104m_cls	per_subclass	L6 IT Car3
H21.33.007	1	0.8712271109855874	gf_v2_104m_cls	per_subclass	L6 IT Car3
H21.33.008	1	0.8309169417913431	gf_v2_104m_cls	per_subclass	L6 IT Car3
H21.33.009	1	0.9527383817367081	gf_v2_104m_cls	per_subclass	L6 IT Car3
H21.33.010	1	0.9023148642419665	gf_v2_104m_cls	per_subclass	L6 IT Car3
H21.33.011	0	0.1743254955020221	gf_v2_104m_cls	per_subclass	L6 IT Car3
H21.33.012	1	0.7385151817544051	gf_v2_104m_cls	per_subclass	L6 IT Car3
H21.33.013	1	0.9232115323671035	gf_v2_104m_cls	per_subclass	L6 IT Car3
H21.33.014	1	0.7048668373588313	gf_v2_104m_cls	per_subclass	L6 IT Car3
H21.33.015	0	0.38449282817920144	gf_v2_104m_cls	per_subclass	L6 IT Car3
H21.33.016	0	0.6020679688747281	gf_v2_104m_cls	per_subclass	L6 IT Car3
H21.33.017	1	0.6911454875861966	gf_v2_104m_cls	per_subclass	L6 IT Car3
H21.33.018	0	0.815201988160289	gf_v2_104m_cls	per_subclass	L6 IT Car3
H21.33.019	0	0.8338951011590549	gf_v2_104m_cls	per_subclass	L6 IT Car3
H21.33.021	1	0.48714278592738375	gf_v2_104m_cls	per_subclass	L6 IT Car3
H21.33.022	1	0.7814176678741507	gf_v2_104m_cls	per_subclass	L6 IT Car3
H21.33.023	0	0.4953162369638379	gf_v2_104m_cls	per_subclass	L6 IT Car3
H21.33.025	1	0.7737461903174084	gf_v2_104m_cls	per_subclass	L6 IT Car3
H21.33.026	1	0.6185294644333215	gf_v2_104m_cls	per_subclass	L6 IT Car3
H21.33.027	1	0.6012796373081044	gf_v2_104m_cls	per_subclass	L6 IT Car3
H21.33.028	0	0.6230601693500583	gf_v2_104m_cls	per_subclass	L6 IT Car3
H21.33.029	1	0.7917878541389325	gf_v2_104m_cls	per_subclass	L6 IT Car3
H21.33.030	1	0.6504779930356575	gf_v2_104m_cls	per_subclass	L6 IT Car3
H21.33.031	1	0.835928849916366	gf_v2_104m_cls	per_subclass	L6 IT Car3
H21.33.032	0	0.7066298881559223	gf_v2_104m_cls	per_subclass	L6 IT Car3
H21.33.033	1	0.8732370737928854	gf_v2_104m_cls	per_subclass	L6 IT Car3
H21.33.034	1	0.9459778483909673	gf_v2_104m_cls	per_subclass	L6 IT Car3
H21.33.035	1	0.8959319260576762	gf_v2_104m_cls	per_subclass	L6 IT Car3
H21.33.036	1	0.7648741452812908	gf_v2_104m_cls	per_subclass	L6 IT Car3
H21.33.037	0	0.647228806249023	gf_v2_104m_cls	per_subclass	L6 IT Car3
H21.33.038	0	0.7489547540336196	gf_v2_104m_cls	per_subclass	L6 IT Car3
H21.33.039	1	0.9138533979206465	gf_v2_104m_cls	per_subclass	L6 IT Car3
H21.33.040	1	0.8820022381159875	gf_v2_104m_cls	per_subclass	L6 IT Car3
H21.33.041	0	0.7564042583339996	gf_v2_104m_cls	per_subclass	L6 IT Car3
H21.33.042	1	0.8018266613644807	gf_v2_104m_cls	per_subclass	L6 IT Car3
H21.33.043	0	0.8903846877620303	gf_v2_104m_cls	per_subclass	L6 IT Car3
H21.33.044	1	0.9435099995473987	gf_v2_104m_cls	per_subclass	L6 IT Car3
H21.33.045	1	0.948392889160058	gf_v2_104m_cls	per_subclass	L6 IT Car3
H21.33.046	1	0.9252304861188243	gf_v2_104m_cls	per_subclass	L6 IT Car3
H21.33.047	1	0.8067888813370349	gf_v2_104m_cls	per_subclass	L6 IT Car3
H19.33.004	0	0.9140390372602137	gf_v2_104m_cls	per_subclass	L6b
H20.33.001	0	0.6084595000637083	gf_v2_104m_cls	per_subclass	L6b
H20.33.002	0	0.9132097316471585	gf_v2_104m_cls	per_subclass	L6b
H20.33.004	1	0.8862025636397035	gf_v2_104m_cls	per_subclass	L6b
H20.33.005	1	0.6745156785084461	gf_v2_104m_cls	per_subclass	L6b
H20.33.008	1	0.8297910208164814	gf_v2_104m_cls	per_subclass	L6b
H20.33.011	1	0.6701675865685004	gf_v2_104m_cls	per_subclass	L6b
H20.33.012	0	0.6920422158789099	gf_v2_104m_cls	per_subclass	L6b
H20.33.013	1	0.57239593573066	gf_v2_104m_cls	per_subclass	L6b
H20.33.014	1	0.522369926713233	gf_v2_104m_cls	per_subclass	L6b
H20.33.015	1	0.8609959948034973	gf_v2_104m_cls	per_subclass	L6b
H20.33.016	1	0.2332881518679307	gf_v2_104m_cls	per_subclass	L6b
H20.33.017	1	0.9105870362220024	gf_v2_104m_cls	per_subclass	L6b
H20.33.018	1	0.8713799116172595	gf_v2_104m_cls	per_subclass	L6b
H20.33.019	1	0.6949325288457067	gf_v2_104m_cls	per_subclass	L6b
H20.33.020	1	0.9390454908816537	gf_v2_104m_cls	per_subclass	L6b
H20.33.024	1	0.7588256660653089	gf_v2_104m_cls	per_subclass	L6b
H20.33.025	1	0.7415591187455245	gf_v2_104m_cls	per_subclass	L6b
H20.33.026	1	0.7817368394009441	gf_v2_104m_cls	per_subclass	L6b
H20.33.027	1	0.8300135997714191	gf_v2_104m_cls	per_subclass	L6b
H20.33.028	1	0.9383461051669071	gf_v2_104m_cls	per_subclass	L6b
H20.33.029	1	0.4658832511352	gf_v2_104m_cls	per_subclass	L6b
H20.33.030	1	0.8926224380949268	gf_v2_104m_cls	per_subclass	L6b
H20.33.031	1	0.7785250992995796	gf_v2_104m_cls	per_subclass	L6b
H20.33.032	1	0.689830985966662	gf_v2_104m_cls	per_subclass	L6b
H20.33.033	1	0.8999659938319405	gf_v2_104m_cls	per_subclass	L6b
H20.33.034	1	0.9376671801377793	gf_v2_104m_cls	per_subclass	L6b
H20.33.035	0	0.630919172516916	gf_v2_104m_cls	per_subclass	L6b
H20.33.036	1	0.9619311922253401	gf_v2_104m_cls	per_subclass	L6b
H20.33.037	1	0.9291934426052405	gf_v2_104m_cls	per_subclass	L6b
H20.33.039	1	0.6239886505594197	gf_v2_104m_cls	per_subclass	L6b
H20.33.040	1	0.5655545533244553	gf_v2_104m_cls	per_subclass	L6b
H20.33.041	1	0.565796947066748	gf_v2_104m_cls	per_subclass	L6b
H20.33.043	1	0.2468310012870815	gf_v2_104m_cls	per_subclass	L6b
H20.33.044	0	0.482387774176568	gf_v2_104m_cls	per_subclass	L6b
H20.33.045	1	0.9861014855331348	gf_v2_104m_cls	per_subclass	L6b
H20.33.046	1	0.9755337951208732	gf_v2_104m_cls	per_subclass	L6b
H21.33.001	0	0.9634643765318591	gf_v2_104m_cls	per_subclass	L6b
H21.33.002	1	0.7415797849157617	gf_v2_104m_cls	per_subclass	L6b
H21.33.003	0	0.8089348633335243	gf_v2_104m_cls	per_subclass	L6b
H21.33.004	0	0.3487546352172636	gf_v2_104m_cls	per_subclass	L6b
H21.33.005	1	0.9347646039644497	gf_v2_104m_cls	per_subclass	L6b
H21.33.006	1	0.4964655367119072	gf_v2_104m_cls	per_subclass	L6b
H21.33.007	1	0.8345973126874476	gf_v2_104m_cls	per_subclass	L6b
H21.33.008	1	0.9792832066162568	gf_v2_104m_cls	per_subclass	L6b
H21.33.009	1	0.9649444224398801	gf_v2_104m_cls	per_subclass	L6b
H21.33.010	1	0.7689920032399796	gf_v2_104m_cls	per_subclass	L6b
H21.33.011	0	0.17169467919219297	gf_v2_104m_cls	per_subclass	L6b
H21.33.012	1	0.8655184634749606	gf_v2_104m_cls	per_subclass	L6b
H21.33.013	1	0.8748804650864003	gf_v2_104m_cls	per_subclass	L6b
H21.33.014	1	0.8541798643468258	gf_v2_104m_cls	per_subclass	L6b
H21.33.015	0	0.4581886201645017	gf_v2_104m_cls	per_subclass	L6b
H21.33.016	0	0.47250454652313423	gf_v2_104m_cls	per_subclass	L6b
H21.33.017	1	0.36442715596990394	gf_v2_104m_cls	per_subclass	L6b
H21.33.018	0	0.9089316434559148	gf_v2_104m_cls	per_subclass	L6b
H21.33.019	0	0.5929953597586881	gf_v2_104m_cls	per_subclass	L6b
H21.33.021	1	0.8941327408228241	gf_v2_104m_cls	per_subclass	L6b
H21.33.022	1	0.8030576459526104	gf_v2_104m_cls	per_subclass	L6b
H21.33.023	0	0.6330703107334348	gf_v2_104m_cls	per_subclass	L6b
H21.33.025	1	0.6797374345762591	gf_v2_104m_cls	per_subclass	L6b
H21.33.026	1	0.9315688909969569	gf_v2_104m_cls	per_subclass	L6b
H21.33.027	1	0.7250079490634733	gf_v2_104m_cls	per_subclass	L6b
H21.33.028	0	0.7141085029339695	gf_v2_104m_cls	per_subclass	L6b
H21.33.029	1	0.47503336692923587	gf_v2_104m_cls	per_subclass	L6b
H21.33.030	1	0.6744458527336789	gf_v2_104m_cls	per_subclass	L6b
H21.33.031	1	0.8623937018161316	gf_v2_104m_cls	per_subclass	L6b
H21.33.032	0	0.47664578310427197	gf_v2_104m_cls	per_subclass	L6b
H21.33.033	1	0.9560320125491855	gf_v2_104m_cls	per_subclass	L6b
H21.33.034	1	0.937693151376833	gf_v2_104m_cls	per_subclass	L6b
H21.33.035	1	0.7851485280614392	gf_v2_104m_cls	per_subclass	L6b
H21.33.036	1	0.8213705157686606	gf_v2_104m_cls	per_subclass	L6b
H21.33.037	0	0.4034347514654134	gf_v2_104m_cls	per_subclass	L6b
H21.33.038	0	0.8477693345069783	gf_v2_104m_cls	per_subclass	L6b
H21.33.039	1	0.8416679679252116	gf_v2_104m_cls	per_subclass	L6b
H21.33.040	1	0.9501565954521671	gf_v2_104m_cls	per_subclass	L6b
H21.33.041	0	0.7579983079001762	gf_v2_104m_cls	per_subclass	L6b
H21.33.042	1	0.8223457949869774	gf_v2_104m_cls	per_subclass	L6b
H21.33.043	0	0.9625548235504684	gf_v2_104m_cls	per_subclass	L6b
H21.33.044	1	0.9686659793461011	gf_v2_104m_cls	per_subclass	L6b
H21.33.045	1	0.9824437982234084	gf_v2_104m_cls	per_subclass	L6b
H21.33.046	1	0.9471177914663063	gf_v2_104m_cls	per_subclass	L6b
H21.33.047	1	0.8134478786320081	gf_v2_104m_cls	per_subclass	L6b
H19.33.004	0	0.9559676117783968	gf_v2_104m_cls	per_subclass	Lamp5
H20.33.001	0	0.861345683935807	gf_v2_104m_cls	per_subclass	Lamp5
H20.33.002	0	0.8933962964496451	gf_v2_104m_cls	per_subclass	Lamp5
H20.33.004	1	0.884750431271527	gf_v2_104m_cls	per_subclass	Lamp5
H20.33.005	1	0.6452833767207873	gf_v2_104m_cls	per_subclass	Lamp5
H20.33.008	1	0.8137844644036543	gf_v2_104m_cls	per_subclass	Lamp5
H20.33.011	1	0.2299900853310088	gf_v2_104m_cls	per_subclass	Lamp5
H20.33.012	0	0.573850365728519	gf_v2_104m_cls	per_subclass	Lamp5
H20.33.013	1	0.6066145125609725	gf_v2_104m_cls	per_subclass	Lamp5
H20.33.014	1	0.6259091936457933	gf_v2_104m_cls	per_subclass	Lamp5
H20.33.015	1	0.8366905450768914	gf_v2_104m_cls	per_subclass	Lamp5
H20.33.016	1	0.8807871721423783	gf_v2_104m_cls	per_subclass	Lamp5
H20.33.017	1	0.8723350511463168	gf_v2_104m_cls	per_subclass	Lamp5
H20.33.018	1	0.923020401812314	gf_v2_104m_cls	per_subclass	Lamp5
H20.33.019	1	0.8940068967521537	gf_v2_104m_cls	per_subclass	Lamp5
H20.33.020	1	0.6710495608468934	gf_v2_104m_cls	per_subclass	Lamp5
H20.33.024	1	0.3508422668773408	gf_v2_104m_cls	per_subclass	Lamp5
H20.33.025	1	0.5824548539482926	gf_v2_104m_cls	per_subclass	Lamp5
H20.33.026	1	0.21358842640131043	gf_v2_104m_cls	per_subclass	Lamp5
H20.33.027	1	0.8198758612477445	gf_v2_104m_cls	per_subclass	Lamp5
H20.33.028	1	0.8502448202313696	gf_v2_104m_cls	per_subclass	Lamp5
H20.33.029	1	0.7640406223263739	gf_v2_104m_cls	per_subclass	Lamp5
H20.33.030	1	0.8462551588332833	gf_v2_104m_cls	per_subclass	Lamp5
H20.33.031	1	0.7827869819747599	gf_v2_104m_cls	per_subclass	Lamp5
H20.33.032	1	0.7018859155093385	gf_v2_104m_cls	per_subclass	Lamp5
H20.33.033	1	0.9592389316403512	gf_v2_104m_cls	per_subclass	Lamp5
H20.33.034	1	0.7853487400959297	gf_v2_104m_cls	per_subclass	Lamp5
H20.33.035	0	0.7602648182839358	gf_v2_104m_cls	per_subclass	Lamp5
H20.33.036	1	0.9590244579287559	gf_v2_104m_cls	per_subclass	Lamp5
H20.33.037	1	0.9866738928893273	gf_v2_104m_cls	per_subclass	Lamp5
H20.33.038	1	0.9141262261692346	gf_v2_104m_cls	per_subclass	Lamp5
H20.33.039	1	0.2276959748501398	gf_v2_104m_cls	per_subclass	Lamp5
H20.33.040	1	0.8775336855056455	gf_v2_104m_cls	per_subclass	Lamp5
H20.33.041	1	0.9603238418101668	gf_v2_104m_cls	per_subclass	Lamp5
H20.33.043	1	0.4167015711242594	gf_v2_104m_cls	per_subclass	Lamp5
H20.33.044	0	0.5104027562812989	gf_v2_104m_cls	per_subclass	Lamp5
H20.33.045	1	0.9877711986612381	gf_v2_104m_cls	per_subclass	Lamp5
H20.33.046	1	0.954693907994803	gf_v2_104m_cls	per_subclass	Lamp5
H21.33.001	0	0.25073031530523776	gf_v2_104m_cls	per_subclass	Lamp5
H21.33.002	1	0.6525728809764184	gf_v2_104m_cls	per_subclass	Lamp5
H21.33.003	0	0.7052875340974362	gf_v2_104m_cls	per_subclass	Lamp5
H21.33.004	0	0.554905010996954	gf_v2_104m_cls	per_subclass	Lamp5
H21.33.005	1	0.8430739158950604	gf_v2_104m_cls	per_subclass	Lamp5
H21.33.006	1	0.7609381014852892	gf_v2_104m_cls	per_subclass	Lamp5
H21.33.007	1	0.5602374020013751	gf_v2_104m_cls	per_subclass	Lamp5
H21.33.008	1	0.391094544001595	gf_v2_104m_cls	per_subclass	Lamp5
H21.33.009	1	0.9866657107617147	gf_v2_104m_cls	per_subclass	Lamp5
H21.33.010	1	0.8691235993058083	gf_v2_104m_cls	per_subclass	Lamp5
H21.33.011	0	0.23861357890806484	gf_v2_104m_cls	per_subclass	Lamp5
H21.33.012	1	0.7896302699716699	gf_v2_104m_cls	per_subclass	Lamp5
H21.33.013	1	0.9641640176362287	gf_v2_104m_cls	per_subclass	Lamp5
H21.33.014	1	0.7375821493964374	gf_v2_104m_cls	per_subclass	Lamp5
H21.33.015	0	0.4089807921998913	gf_v2_104m_cls	per_subclass	Lamp5
H21.33.016	0	0.7760026417594759	gf_v2_104m_cls	per_subclass	Lamp5
H21.33.017	1	0.7567340434423213	gf_v2_104m_cls	per_subclass	Lamp5
H21.33.018	0	0.43742204320863254	gf_v2_104m_cls	per_subclass	Lamp5
H21.33.019	0	0.5140086061454364	gf_v2_104m_cls	per_subclass	Lamp5
H21.33.021	1	0.5719262228201387	gf_v2_104m_cls	per_subclass	Lamp5
H21.33.022	1	0.7870574052054314	gf_v2_104m_cls	per_subclass	Lamp5
H21.33.023	0	0.6903177470095742	gf_v2_104m_cls	per_subclass	Lamp5
H21.33.025	1	0.844541637259271	gf_v2_104m_cls	per_subclass	Lamp5
H21.33.026	1	0.918029071825573	gf_v2_104m_cls	per_subclass	Lamp5
H21.33.027	1	0.6544045652141887	gf_v2_104m_cls	per_subclass	Lamp5
H21.33.028	0	0.932853044934151	gf_v2_104m_cls	per_subclass	Lamp5
H21.33.029	1	0.9202815660271293	gf_v2_104m_cls	per_subclass	Lamp5
H21.33.030	1	0.8378805847130082	gf_v2_104m_cls	per_subclass	Lamp5
H21.33.031	1	0.8721159127453886	gf_v2_104m_cls	per_subclass	Lamp5
H21.33.032	0	0.2614788606372418	gf_v2_104m_cls	per_subclass	Lamp5
H21.33.033	1	0.9618022616107341	gf_v2_104m_cls	per_subclass	Lamp5
H21.33.034	1	0.989994787485794	gf_v2_104m_cls	per_subclass	Lamp5
H21.33.035	1	0.8695322546473789	gf_v2_104m_cls	per_subclass	Lamp5
H21.33.036	1	0.8616304810826676	gf_v2_104m_cls	per_subclass	Lamp5
H21.33.037	0	0.6486767547963707	gf_v2_104m_cls	per_subclass	Lamp5
H21.33.038	0	0.8160707119317212	gf_v2_104m_cls	per_subclass	Lamp5
H21.33.039	1	0.9232481713423134	gf_v2_104m_cls	per_subclass	Lamp5
H21.33.040	1	0.9608819796602802	gf_v2_104m_cls	per_subclass	Lamp5
H21.33.041	0	0.6751222515006201	gf_v2_104m_cls	per_subclass	Lamp5
H21.33.042	1	0.8285716315949332	gf_v2_104m_cls	per_subclass	Lamp5
H21.33.043	0	0.8999231393688557	gf_v2_104m_cls	per_subclass	Lamp5
H21.33.044	1	0.9374397148269397	gf_v2_104m_cls	per_subclass	Lamp5
H21.33.045	1	0.9470827948121153	gf_v2_104m_cls	per_subclass	Lamp5
H21.33.046	1	0.9401058326182176	gf_v2_104m_cls	per_subclass	Lamp5
H21.33.047	1	0.3198781641635738	gf_v2_104m_cls	per_subclass	Lamp5
H19.33.004	0	0.9466076401874736	gf_v2_104m_cls	per_subclass	Lamp5 Lhx6
H20.33.001	0	0.869014515945074	gf_v2_104m_cls	per_subclass	Lamp5 Lhx6
H20.33.002	0	0.8478046008652875	gf_v2_104m_cls	per_subclass	Lamp5 Lhx6
H20.33.004	1	0.8645045885068013	gf_v2_104m_cls	per_subclass	Lamp5 Lhx6
H20.33.005	1	0.7801444742948385	gf_v2_104m_cls	per_subclass	Lamp5 Lhx6
H20.33.008	1	0.880121824994877	gf_v2_104m_cls	per_subclass	Lamp5 Lhx6
H20.33.011	1	0.6173786166225994	gf_v2_104m_cls	per_subclass	Lamp5 Lhx6
H20.33.012	0	0.7171992718552986	gf_v2_104m_cls	per_subclass	Lamp5 Lhx6
H20.33.013	1	0.6368927645325597	gf_v2_104m_cls	per_subclass	Lamp5 Lhx6
H20.33.014	1	0.6352928704929216	gf_v2_104m_cls	per_subclass	Lamp5 Lhx6
H20.33.015	1	0.9386083260065256	gf_v2_104m_cls	per_subclass	Lamp5 Lhx6
H20.33.016	1	0.8401643055289503	gf_v2_104m_cls	per_subclass	Lamp5 Lhx6
H20.33.017	1	0.8673064813265704	gf_v2_104m_cls	per_subclass	Lamp5 Lhx6
H20.33.018	1	0.7569562353222585	gf_v2_104m_cls	per_subclass	Lamp5 Lhx6
H20.33.019	1	0.954692597206235	gf_v2_104m_cls	per_subclass	Lamp5 Lhx6
H20.33.020	1	0.869164179550735	gf_v2_104m_cls	per_subclass	Lamp5 Lhx6
H20.33.024	1	0.609335319997473	gf_v2_104m_cls	per_subclass	Lamp5 Lhx6
H20.33.025	1	0.6839432605841289	gf_v2_104m_cls	per_subclass	Lamp5 Lhx6
H20.33.026	1	0.5958681329407706	gf_v2_104m_cls	per_subclass	Lamp5 Lhx6
H20.33.027	1	0.8463223072500174	gf_v2_104m_cls	per_subclass	Lamp5 Lhx6
H20.33.028	1	0.7440013590621561	gf_v2_104m_cls	per_subclass	Lamp5 Lhx6
H20.33.029	1	0.33664555550556613	gf_v2_104m_cls	per_subclass	Lamp5 Lhx6
H20.33.030	1	0.9319272646448334	gf_v2_104m_cls	per_subclass	Lamp5 Lhx6
H20.33.031	1	0.5052054090927954	gf_v2_104m_cls	per_subclass	Lamp5 Lhx6
H20.33.032	1	0.5414599724809925	gf_v2_104m_cls	per_subclass	Lamp5 Lhx6
H20.33.033	1	0.9713584810929332	gf_v2_104m_cls	per_subclass	Lamp5 Lhx6
H20.33.034	1	0.8695827265407393	gf_v2_104m_cls	per_subclass	Lamp5 Lhx6
H20.33.035	0	0.2896782642177519	gf_v2_104m_cls	per_subclass	Lamp5 Lhx6
H20.33.036	1	0.8613387250297888	gf_v2_104m_cls	per_subclass	Lamp5 Lhx6
H20.33.037	1	0.8764622364365204	gf_v2_104m_cls	per_subclass	Lamp5 Lhx6
H20.33.039	1	0.6153130470379482	gf_v2_104m_cls	per_subclass	Lamp5 Lhx6
H20.33.040	1	0.6816058828439677	gf_v2_104m_cls	per_subclass	Lamp5 Lhx6
H20.33.041	1	0.791520317501586	gf_v2_104m_cls	per_subclass	Lamp5 Lhx6
H20.33.043	1	0.7043059923980082	gf_v2_104m_cls	per_subclass	Lamp5 Lhx6
H20.33.044	0	0.32353257485482445	gf_v2_104m_cls	per_subclass	Lamp5 Lhx6
H20.33.045	1	0.9650654469966268	gf_v2_104m_cls	per_subclass	Lamp5 Lhx6
H20.33.046	1	0.8933881574386259	gf_v2_104m_cls	per_subclass	Lamp5 Lhx6
H21.33.001	0	0.6300574948380276	gf_v2_104m_cls	per_subclass	Lamp5 Lhx6
H21.33.002	1	0.6012485862219932	gf_v2_104m_cls	per_subclass	Lamp5 Lhx6
H21.33.003	0	0.798996829366102	gf_v2_104m_cls	per_subclass	Lamp5 Lhx6
H21.33.004	0	0.486101049182341	gf_v2_104m_cls	per_subclass	Lamp5 Lhx6
H21.33.005	1	0.9472145725864094	gf_v2_104m_cls	per_subclass	Lamp5 Lhx6
H21.33.006	1	0.7651050550642398	gf_v2_104m_cls	per_subclass	Lamp5 Lhx6
H21.33.007	1	0.7041207088067962	gf_v2_104m_cls	per_subclass	Lamp5 Lhx6
H21.33.008	1	0.8535083567784053	gf_v2_104m_cls	per_subclass	Lamp5 Lhx6
H21.33.009	1	0.9763619458533693	gf_v2_104m_cls	per_subclass	Lamp5 Lhx6
H21.33.010	1	0.8738165017237133	gf_v2_104m_cls	per_subclass	Lamp5 Lhx6
H21.33.011	0	0.4563814349329148	gf_v2_104m_cls	per_subclass	Lamp5 Lhx6
H21.33.012	1	0.7654694604795685	gf_v2_104m_cls	per_subclass	Lamp5 Lhx6
H21.33.013	1	0.9223648546567524	gf_v2_104m_cls	per_subclass	Lamp5 Lhx6
H21.33.014	1	0.8867129334383375	gf_v2_104m_cls	per_subclass	Lamp5 Lhx6
H21.33.015	0	0.626315294911062	gf_v2_104m_cls	per_subclass	Lamp5 Lhx6
H21.33.016	0	0.7277421381257578	gf_v2_104m_cls	per_subclass	Lamp5 Lhx6
H21.33.017	1	0.6501801662507013	gf_v2_104m_cls	per_subclass	Lamp5 Lhx6
H21.33.018	0	0.7433152880915138	gf_v2_104m_cls	per_subclass	Lamp5 Lhx6
H21.33.019	0	0.35651115625444474	gf_v2_104m_cls	per_subclass	Lamp5 Lhx6
H21.33.021	1	0.4467159248299305	gf_v2_104m_cls	per_subclass	Lamp5 Lhx6
H21.33.022	1	0.8620044655214965	gf_v2_104m_cls	per_subclass	Lamp5 Lhx6
H21.33.023	0	0.7230429153892896	gf_v2_104m_cls	per_subclass	Lamp5 Lhx6
H21.33.025	1	0.7777979176078642	gf_v2_104m_cls	per_subclass	Lamp5 Lhx6
H21.33.026	1	0.8453281731538873	gf_v2_104m_cls	per_subclass	Lamp5 Lhx6
H21.33.027	1	0.41339335660436943	gf_v2_104m_cls	per_subclass	Lamp5 Lhx6
H21.33.028	0	0.8709612012828629	gf_v2_104m_cls	per_subclass	Lamp5 Lhx6
H21.33.029	1	0.6652971769918983	gf_v2_104m_cls	per_subclass	Lamp5 Lhx6
H21.33.030	1	0.7936810956332648	gf_v2_104m_cls	per_subclass	Lamp5 Lhx6
H21.33.031	1	0.8944907944664203	gf_v2_104m_cls	per_subclass	Lamp5 Lhx6
H21.33.032	0	0.6730772103191389	gf_v2_104m_cls	per_subclass	Lamp5 Lhx6
H21.33.033	1	0.9353950923247357	gf_v2_104m_cls	per_subclass	Lamp5 Lhx6
H21.33.034	1	0.894587430337993	gf_v2_104m_cls	per_subclass	Lamp5 Lhx6
H21.33.035	1	0.7846602239233962	gf_v2_104m_cls	per_subclass	Lamp5 Lhx6
H21.33.036	1	0.6873711219632431	gf_v2_104m_cls	per_subclass	Lamp5 Lhx6
H21.33.037	0	0.6682746955665326	gf_v2_104m_cls	per_subclass	Lamp5 Lhx6
H21.33.038	0	0.9167771201970314	gf_v2_104m_cls	per_subclass	Lamp5 Lhx6
H21.33.039	1	0.8851628999448978	gf_v2_104m_cls	per_subclass	Lamp5 Lhx6
H21.33.040	1	0.9018819619625791	gf_v2_104m_cls	per_subclass	Lamp5 Lhx6
H21.33.041	0	0.6426026542384263	gf_v2_104m_cls	per_subclass	Lamp5 Lhx6
H21.33.042	1	0.8303296276050895	gf_v2_104m_cls	per_subclass	Lamp5 Lhx6
H21.33.043	0	0.9371913879767961	gf_v2_104m_cls	per_subclass	Lamp5 Lhx6
H21.33.044	1	0.9605826577550125	gf_v2_104m_cls	per_subclass	Lamp5 Lhx6
H21.33.045	1	0.9616182567852402	gf_v2_104m_cls	per_subclass	Lamp5 Lhx6
H21.33.046	1	0.869886877395	gf_v2_104m_cls	per_subclass	Lamp5 Lhx6
H21.33.047	1	0.5392183902603802	gf_v2_104m_cls	per_subclass	Lamp5 Lhx6
H19.33.004	0	0.9485351716668953	gf_v2_104m_cls	per_subclass	OPC
H20.33.001	0	0.44758372550217995	gf_v2_104m_cls	per_subclass	OPC
H20.33.002	0	0.9165479252638213	gf_v2_104m_cls	per_subclass	OPC
H20.33.004	1	0.6746647895629364	gf_v2_104m_cls	per_subclass	OPC
H20.33.005	1	0.7199491163666518	gf_v2_104m_cls	per_subclass	OPC
H20.33.008	1	0.8732490368854305	gf_v2_104m_cls	per_subclass	OPC
H20.33.011	1	0.6440407171918284	gf_v2_104m_cls	per_subclass	OPC
H20.33.012	0	0.7122037442545723	gf_v2_104m_cls	per_subclass	OPC
H20.33.013	1	0.8634291358161233	gf_v2_104m_cls	per_subclass	OPC
H20.33.014	1	0.8463461698968858	gf_v2_104m_cls	per_subclass	OPC
H20.33.015	1	0.8746057007005815	gf_v2_104m_cls	per_subclass	OPC
H20.33.016	1	0.831934552265863	gf_v2_104m_cls	per_subclass	OPC
H20.33.017	1	0.8569595331428976	gf_v2_104m_cls	per_subclass	OPC
H20.33.018	1	0.9245654700006263	gf_v2_104m_cls	per_subclass	OPC
H20.33.019	1	0.8234024364436939	gf_v2_104m_cls	per_subclass	OPC
H20.33.020	1	0.7586949772723885	gf_v2_104m_cls	per_subclass	OPC
H20.33.024	1	0.1567323664729571	gf_v2_104m_cls	per_subclass	OPC
H20.33.025	1	0.5925192699329249	gf_v2_104m_cls	per_subclass	OPC
H20.33.026	1	0.5511785356552918	gf_v2_104m_cls	per_subclass	OPC
H20.33.027	1	0.9710735946316614	gf_v2_104m_cls	per_subclass	OPC
H20.33.028	1	0.8721862315108524	gf_v2_104m_cls	per_subclass	OPC
H20.33.029	1	0.6976300465331985	gf_v2_104m_cls	per_subclass	OPC
H20.33.030	1	0.7868029578301042	gf_v2_104m_cls	per_subclass	OPC
H20.33.031	1	0.5927738998269518	gf_v2_104m_cls	per_subclass	OPC
H20.33.032	1	0.5491750410426711	gf_v2_104m_cls	per_subclass	OPC
H20.33.033	1	0.9514273502141604	gf_v2_104m_cls	per_subclass	OPC
H20.33.034	1	0.9670188182885247	gf_v2_104m_cls	per_subclass	OPC
H20.33.035	0	0.7603784859728387	gf_v2_104m_cls	per_subclass	OPC
H20.33.036	1	0.9379053930845662	gf_v2_104m_cls	per_subclass	OPC
H20.33.037	1	0.9908263308708305	gf_v2_104m_cls	per_subclass	OPC
H20.33.038	1	0.6652265961251331	gf_v2_104m_cls	per_subclass	OPC
H20.33.039	1	0.6880353368989598	gf_v2_104m_cls	per_subclass	OPC
H20.33.040	1	0.7191299221281552	gf_v2_104m_cls	per_subclass	OPC
H20.33.041	1	0.9658785384047184	gf_v2_104m_cls	per_subclass	OPC
H20.33.043	1	0.5718750252311067	gf_v2_104m_cls	per_subclass	OPC
H20.33.044	0	0.5426479887473235	gf_v2_104m_cls	per_subclass	OPC
H20.33.045	1	0.9812665095545686	gf_v2_104m_cls	per_subclass	OPC
H20.33.046	1	0.7307957093664311	gf_v2_104m_cls	per_subclass	OPC
H21.33.001	0	0.8101592398536234	gf_v2_104m_cls	per_subclass	OPC
H21.33.002	1	0.8586192988834274	gf_v2_104m_cls	per_subclass	OPC
H21.33.003	0	0.870986527129069	gf_v2_104m_cls	per_subclass	OPC
H21.33.004	0	0.42311700611879016	gf_v2_104m_cls	per_subclass	OPC
H21.33.005	1	0.9037486335999251	gf_v2_104m_cls	per_subclass	OPC
H21.33.006	1	0.5528242800126607	gf_v2_104m_cls	per_subclass	OPC
H21.33.007	1	0.9320928924378759	gf_v2_104m_cls	per_subclass	OPC
H21.33.008	1	0.8071429513868178	gf_v2_104m_cls	per_subclass	OPC
H21.33.009	1	0.9254410685324089	gf_v2_104m_cls	per_subclass	OPC
H21.33.010	1	0.7136238134267813	gf_v2_104m_cls	per_subclass	OPC
H21.33.011	0	0.17240733298351935	gf_v2_104m_cls	per_subclass	OPC
H21.33.012	1	0.6215598187432908	gf_v2_104m_cls	per_subclass	OPC
H21.33.013	1	0.9081238887729493	gf_v2_104m_cls	per_subclass	OPC
H21.33.014	1	0.6845763775276705	gf_v2_104m_cls	per_subclass	OPC
H21.33.015	0	0.47445647108684286	gf_v2_104m_cls	per_subclass	OPC
H21.33.016	0	0.33083504312013523	gf_v2_104m_cls	per_subclass	OPC
H21.33.017	1	0.8853771414284942	gf_v2_104m_cls	per_subclass	OPC
H21.33.018	0	0.941360685511957	gf_v2_104m_cls	per_subclass	OPC
H21.33.019	0	0.6078951540999598	gf_v2_104m_cls	per_subclass	OPC
H21.33.020	1	0.9701269570196647	gf_v2_104m_cls	per_subclass	OPC
H21.33.021	1	0.7731057465783986	gf_v2_104m_cls	per_subclass	OPC
H21.33.022	1	0.7394849290344245	gf_v2_104m_cls	per_subclass	OPC
H21.33.023	0	0.7413004380015653	gf_v2_104m_cls	per_subclass	OPC
H21.33.025	1	0.9393532031932109	gf_v2_104m_cls	per_subclass	OPC
H21.33.026	1	0.7118713036055806	gf_v2_104m_cls	per_subclass	OPC
H21.33.027	1	0.7988899566398716	gf_v2_104m_cls	per_subclass	OPC
H21.33.028	0	0.5523640547360565	gf_v2_104m_cls	per_subclass	OPC
H21.33.029	1	0.8343797671122498	gf_v2_104m_cls	per_subclass	OPC
H21.33.030	1	0.868884673125437	gf_v2_104m_cls	per_subclass	OPC
H21.33.031	1	0.8131596016114896	gf_v2_104m_cls	per_subclass	OPC
H21.33.032	0	0.7368887254803628	gf_v2_104m_cls	per_subclass	OPC
H21.33.033	1	0.7637311089883463	gf_v2_104m_cls	per_subclass	OPC
H21.33.034	1	0.9859959933625964	gf_v2_104m_cls	per_subclass	OPC
H21.33.035	1	0.956080181297378	gf_v2_104m_cls	per_subclass	OPC
H21.33.036	1	0.24581768286018257	gf_v2_104m_cls	per_subclass	OPC
H21.33.037	0	0.7875606482174874	gf_v2_104m_cls	per_subclass	OPC
H21.33.038	0	0.8429821290607402	gf_v2_104m_cls	per_subclass	OPC
H21.33.039	1	0.9434627561940955	gf_v2_104m_cls	per_subclass	OPC
H21.33.040	1	0.9382579961882304	gf_v2_104m_cls	per_subclass	OPC
H21.33.041	0	0.5577643561614423	gf_v2_104m_cls	per_subclass	OPC
H21.33.042	1	0.37523087813286465	gf_v2_104m_cls	per_subclass	OPC
H21.33.043	0	0.8548203917383507	gf_v2_104m_cls	per_subclass	OPC
H21.33.044	1	0.8797529413891212	gf_v2_104m_cls	per_subclass	OPC
H21.33.045	1	0.9780169165870027	gf_v2_104m_cls	per_subclass	OPC
H21.33.046	1	0.8534350221781812	gf_v2_104m_cls	per_subclass	OPC
H21.33.047	1	0.6735516810204109	gf_v2_104m_cls	per_subclass	OPC
H19.33.004	0	0.9274943926278103	gf_v2_104m_cls	per_subclass	Oligodendrocyte
H20.33.001	0	0.5400449321995323	gf_v2_104m_cls	per_subclass	Oligodendrocyte
H20.33.002	0	0.8156708220618454	gf_v2_104m_cls	per_subclass	Oligodendrocyte
H20.33.004	1	0.5319279451147464	gf_v2_104m_cls	per_subclass	Oligodendrocyte
H20.33.005	1	0.8536072317364491	gf_v2_104m_cls	per_subclass	Oligodendrocyte
H20.33.008	1	0.6230127474700432	gf_v2_104m_cls	per_subclass	Oligodendrocyte
H20.33.011	1	0.8002150898109324	gf_v2_104m_cls	per_subclass	Oligodendrocyte
H20.33.012	0	0.8408618792429781	gf_v2_104m_cls	per_subclass	Oligodendrocyte
H20.33.013	1	0.7190966118436792	gf_v2_104m_cls	per_subclass	Oligodendrocyte
H20.33.014	1	0.7854103645352943	gf_v2_104m_cls	per_subclass	Oligodendrocyte
H20.33.015	1	0.8389014327691431	gf_v2_104m_cls	per_subclass	Oligodendrocyte
H20.33.016	1	0.6455616666419213	gf_v2_104m_cls	per_subclass	Oligodendrocyte
H20.33.017	1	0.7817906677468758	gf_v2_104m_cls	per_subclass	Oligodendrocyte
H20.33.018	1	0.9738320299518357	gf_v2_104m_cls	per_subclass	Oligodendrocyte
H20.33.019	1	0.7724723035288543	gf_v2_104m_cls	per_subclass	Oligodendrocyte
H20.33.020	1	0.92061889809594	gf_v2_104m_cls	per_subclass	Oligodendrocyte
H20.33.024	1	0.22978384532535379	gf_v2_104m_cls	per_subclass	Oligodendrocyte
H20.33.025	1	0.40023815754875997	gf_v2_104m_cls	per_subclass	Oligodendrocyte
H20.33.026	1	0.8127715994775055	gf_v2_104m_cls	per_subclass	Oligodendrocyte
H20.33.027	1	0.9187415948071367	gf_v2_104m_cls	per_subclass	Oligodendrocyte
H20.33.028	1	0.9145371952312846	gf_v2_104m_cls	per_subclass	Oligodendrocyte
H20.33.029	1	0.7580578111766351	gf_v2_104m_cls	per_subclass	Oligodendrocyte
H20.33.030	1	0.6756252344538148	gf_v2_104m_cls	per_subclass	Oligodendrocyte
H20.33.031	1	0.4035187556923372	gf_v2_104m_cls	per_subclass	Oligodendrocyte
H20.33.032	1	0.7168351223277831	gf_v2_104m_cls	per_subclass	Oligodendrocyte
H20.33.033	1	0.8844104190385653	gf_v2_104m_cls	per_subclass	Oligodendrocyte
H20.33.034	1	0.8716720918549367	gf_v2_104m_cls	per_subclass	Oligodendrocyte
H20.33.035	0	0.2332588482433393	gf_v2_104m_cls	per_subclass	Oligodendrocyte
H20.33.036	1	0.9407008332282529	gf_v2_104m_cls	per_subclass	Oligodendrocyte
H20.33.037	1	0.9921723843727432	gf_v2_104m_cls	per_subclass	Oligodendrocyte
H20.33.038	1	0.7162349732948796	gf_v2_104m_cls	per_subclass	Oligodendrocyte
H20.33.039	1	0.7809504305032733	gf_v2_104m_cls	per_subclass	Oligodendrocyte
H20.33.040	1	0.9507229598974007	gf_v2_104m_cls	per_subclass	Oligodendrocyte
H20.33.041	1	0.9387509833378154	gf_v2_104m_cls	per_subclass	Oligodendrocyte
H20.33.043	1	0.48110063446486295	gf_v2_104m_cls	per_subclass	Oligodendrocyte
H20.33.044	0	0.7659061058631378	gf_v2_104m_cls	per_subclass	Oligodendrocyte
H20.33.045	1	0.9854021617797162	gf_v2_104m_cls	per_subclass	Oligodendrocyte
H20.33.046	1	0.8663963461314689	gf_v2_104m_cls	per_subclass	Oligodendrocyte
H21.33.001	0	0.9634728099468193	gf_v2_104m_cls	per_subclass	Oligodendrocyte
H21.33.002	1	0.9061693367295577	gf_v2_104m_cls	per_subclass	Oligodendrocyte
H21.33.003	0	0.7190548438651578	gf_v2_104m_cls	per_subclass	Oligodendrocyte
H21.33.004	0	0.18354941957855836	gf_v2_104m_cls	per_subclass	Oligodendrocyte
H21.33.005	1	0.7620857048679581	gf_v2_104m_cls	per_subclass	Oligodendrocyte
H21.33.006	1	0.9144535907823588	gf_v2_104m_cls	per_subclass	Oligodendrocyte
H21.33.007	1	0.979298223160107	gf_v2_104m_cls	per_subclass	Oligodendrocyte
H21.33.008	1	0.85500752029906	gf_v2_104m_cls	per_subclass	Oligodendrocyte
H21.33.009	1	0.983516600536935	gf_v2_104m_cls	per_subclass	Oligodendrocyte
H21.33.010	1	0.7046509175433229	gf_v2_104m_cls	per_subclass	Oligodendrocyte
H21.33.011	0	0.22708385681638746	gf_v2_104m_cls	per_subclass	Oligodendrocyte
H21.33.012	1	0.7435395957438821	gf_v2_104m_cls	per_subclass	Oligodendrocyte
H21.33.013	1	0.9462990038143866	gf_v2_104m_cls	per_subclass	Oligodendrocyte
H21.33.014	1	0.8615461528081321	gf_v2_104m_cls	per_subclass	Oligodendrocyte
H21.33.015	0	0.4434427885131044	gf_v2_104m_cls	per_subclass	Oligodendrocyte
H21.33.016	0	0.5150638672619473	gf_v2_104m_cls	per_subclass	Oligodendrocyte
H21.33.017	1	0.8278051410377589	gf_v2_104m_cls	per_subclass	Oligodendrocyte
H21.33.018	0	0.7396485121609351	gf_v2_104m_cls	per_subclass	Oligodendrocyte
H21.33.019	0	0.7634059065567292	gf_v2_104m_cls	per_subclass	Oligodendrocyte
H21.33.020	1	0.9703004205900371	gf_v2_104m_cls	per_subclass	Oligodendrocyte
H21.33.021	1	0.8223674547486597	gf_v2_104m_cls	per_subclass	Oligodendrocyte
H21.33.022	1	0.6166138115122832	gf_v2_104m_cls	per_subclass	Oligodendrocyte
H21.33.023	0	0.5418667440196074	gf_v2_104m_cls	per_subclass	Oligodendrocyte
H21.33.025	1	0.8836053419049492	gf_v2_104m_cls	per_subclass	Oligodendrocyte
H21.33.026	1	0.3065586979884585	gf_v2_104m_cls	per_subclass	Oligodendrocyte
H21.33.027	1	0.5591768466120828	gf_v2_104m_cls	per_subclass	Oligodendrocyte
H21.33.028	0	0.7920932275413091	gf_v2_104m_cls	per_subclass	Oligodendrocyte
H21.33.029	1	0.829565776699041	gf_v2_104m_cls	per_subclass	Oligodendrocyte
H21.33.030	1	0.7325909781395673	gf_v2_104m_cls	per_subclass	Oligodendrocyte
H21.33.031	1	0.8582220636533304	gf_v2_104m_cls	per_subclass	Oligodendrocyte
H21.33.032	0	0.47417181788651613	gf_v2_104m_cls	per_subclass	Oligodendrocyte
H21.33.033	1	0.8726389234665654	gf_v2_104m_cls	per_subclass	Oligodendrocyte
H21.33.034	1	0.9920652113680892	gf_v2_104m_cls	per_subclass	Oligodendrocyte
H21.33.035	1	0.9301084242918229	gf_v2_104m_cls	per_subclass	Oligodendrocyte
H21.33.036	1	0.2127579928136804	gf_v2_104m_cls	per_subclass	Oligodendrocyte
H21.33.037	0	0.829944517437557	gf_v2_104m_cls	per_subclass	Oligodendrocyte
H21.33.038	0	0.6871963183042519	gf_v2_104m_cls	per_subclass	Oligodendrocyte
H21.33.039	1	0.8183950563451697	gf_v2_104m_cls	per_subclass	Oligodendrocyte
H21.33.040	1	0.5062114632766113	gf_v2_104m_cls	per_subclass	Oligodendrocyte
H21.33.041	0	0.6918188708410715	gf_v2_104m_cls	per_subclass	Oligodendrocyte
H21.33.042	1	0.6488071564612403	gf_v2_104m_cls	per_subclass	Oligodendrocyte
H21.33.043	0	0.8117008368906404	gf_v2_104m_cls	per_subclass	Oligodendrocyte
H21.33.044	1	0.9329731188293733	gf_v2_104m_cls	per_subclass	Oligodendrocyte
H21.33.045	1	0.9816764429719538	gf_v2_104m_cls	per_subclass	Oligodendrocyte
H21.33.046	1	0.9541512256239162	gf_v2_104m_cls	per_subclass	Oligodendrocyte
H21.33.047	1	0.8558866219601056	gf_v2_104m_cls	per_subclass	Oligodendrocyte
H19.33.004	0	0.7011403375967304	gf_v2_104m_cls	per_subclass	Pax6
H20.33.001	0	0.7650558423335803	gf_v2_104m_cls	per_subclass	Pax6
H20.33.002	0	0.711910310902254	gf_v2_104m_cls	per_subclass	Pax6
H20.33.004	1	0.9135416693476419	gf_v2_104m_cls	per_subclass	Pax6
H20.33.005	1	0.8520501455409313	gf_v2_104m_cls	per_subclass	Pax6
H20.33.008	1	0.9173271059920424	gf_v2_104m_cls	per_subclass	Pax6
H20.33.011	1	0.44523401096746573	gf_v2_104m_cls	per_subclass	Pax6
H20.33.012	0	0.6741249924899998	gf_v2_104m_cls	per_subclass	Pax6
H20.33.013	1	0.6180903434640211	gf_v2_104m_cls	per_subclass	Pax6
H20.33.014	1	0.3655258052138158	gf_v2_104m_cls	per_subclass	Pax6
H20.33.015	1	0.8011303304838577	gf_v2_104m_cls	per_subclass	Pax6
H20.33.016	1	0.7624125601146474	gf_v2_104m_cls	per_subclass	Pax6
H20.33.017	1	0.9228953186541249	gf_v2_104m_cls	per_subclass	Pax6
H20.33.018	1	0.8809031895867996	gf_v2_104m_cls	per_subclass	Pax6
H20.33.019	1	0.8247979699472522	gf_v2_104m_cls	per_subclass	Pax6
H20.33.020	1	0.9003241237808897	gf_v2_104m_cls	per_subclass	Pax6
H20.33.024	1	0.09425840355195389	gf_v2_104m_cls	per_subclass	Pax6
H20.33.025	1	0.8584241134626325	gf_v2_104m_cls	per_subclass	Pax6
H20.33.026	1	0.7706384145829773	gf_v2_104m_cls	per_subclass	Pax6
H20.33.027	1	0.8543706641200979	gf_v2_104m_cls	per_subclass	Pax6
H20.33.028	1	0.9868254545410853	gf_v2_104m_cls	per_subclass	Pax6
H20.33.029	1	0.530658621586485	gf_v2_104m_cls	per_subclass	Pax6
H20.33.030	1	0.9006252299011726	gf_v2_104m_cls	per_subclass	Pax6
H20.33.031	1	0.6243155812897135	gf_v2_104m_cls	per_subclass	Pax6
H20.33.032	1	0.798198234948875	gf_v2_104m_cls	per_subclass	Pax6
H20.33.033	1	0.9605450211560271	gf_v2_104m_cls	per_subclass	Pax6
H20.33.034	1	0.6266868710510576	gf_v2_104m_cls	per_subclass	Pax6
H20.33.035	0	0.39742118283639044	gf_v2_104m_cls	per_subclass	Pax6
H20.33.036	1	0.9083628198759752	gf_v2_104m_cls	per_subclass	Pax6
H20.33.037	1	0.9786079261588873	gf_v2_104m_cls	per_subclass	Pax6
H20.33.039	1	0.6887196893259713	gf_v2_104m_cls	per_subclass	Pax6
H20.33.040	1	0.7861259545861365	gf_v2_104m_cls	per_subclass	Pax6
H20.33.041	1	0.6559562129470585	gf_v2_104m_cls	per_subclass	Pax6
H20.33.043	1	0.5364593612547945	gf_v2_104m_cls	per_subclass	Pax6
H20.33.044	0	0.7340536211924349	gf_v2_104m_cls	per_subclass	Pax6
H20.33.045	1	0.883797796559229	gf_v2_104m_cls	per_subclass	Pax6
H20.33.046	1	0.9110885569810838	gf_v2_104m_cls	per_subclass	Pax6
H21.33.001	0	0.3839855037693236	gf_v2_104m_cls	per_subclass	Pax6
H21.33.002	1	0.549638688579334	gf_v2_104m_cls	per_subclass	Pax6
H21.33.003	0	0.7578660629893909	gf_v2_104m_cls	per_subclass	Pax6
H21.33.004	0	0.3070107375539604	gf_v2_104m_cls	per_subclass	Pax6
H21.33.005	1	0.8585399557331612	gf_v2_104m_cls	per_subclass	Pax6
H21.33.006	1	0.7309941979477514	gf_v2_104m_cls	per_subclass	Pax6
H21.33.007	1	0.7010939547025226	gf_v2_104m_cls	per_subclass	Pax6
H21.33.008	1	0.6993737494911231	gf_v2_104m_cls	per_subclass	Pax6
H21.33.009	1	0.9821372969341278	gf_v2_104m_cls	per_subclass	Pax6
H21.33.010	1	0.8403637590442571	gf_v2_104m_cls	per_subclass	Pax6
H21.33.011	0	0.11358561345389022	gf_v2_104m_cls	per_subclass	Pax6
H21.33.012	1	0.9138114978715347	gf_v2_104m_cls	per_subclass	Pax6
H21.33.013	1	0.962496126831048	gf_v2_104m_cls	per_subclass	Pax6
H21.33.014	1	0.7431131109758734	gf_v2_104m_cls	per_subclass	Pax6
H21.33.015	0	0.2419204951816587	gf_v2_104m_cls	per_subclass	Pax6
H21.33.016	0	0.47071144935380776	gf_v2_104m_cls	per_subclass	Pax6
H21.33.017	1	0.6498897565078325	gf_v2_104m_cls	per_subclass	Pax6
H21.33.018	0	0.8028323409644033	gf_v2_104m_cls	per_subclass	Pax6
H21.33.019	0	0.7135927110507294	gf_v2_104m_cls	per_subclass	Pax6
H21.33.021	1	0.7010146424472558	gf_v2_104m_cls	per_subclass	Pax6
H21.33.022	1	0.7037915717258624	gf_v2_104m_cls	per_subclass	Pax6
H21.33.023	0	0.5775252489711831	gf_v2_104m_cls	per_subclass	Pax6
H21.33.025	1	0.8151296399443074	gf_v2_104m_cls	per_subclass	Pax6
H21.33.026	1	0.8783629114862203	gf_v2_104m_cls	per_subclass	Pax6
H21.33.027	1	0.5950839031095357	gf_v2_104m_cls	per_subclass	Pax6
H21.33.028	0	0.9363600922138181	gf_v2_104m_cls	per_subclass	Pax6
H21.33.029	1	0.8769177208393903	gf_v2_104m_cls	per_subclass	Pax6
H21.33.030	1	0.5543306534691625	gf_v2_104m_cls	per_subclass	Pax6
H21.33.031	1	0.7355027936108641	gf_v2_104m_cls	per_subclass	Pax6
H21.33.032	0	0.27945354936850164	gf_v2_104m_cls	per_subclass	Pax6
H21.33.033	1	0.9944445685131484	gf_v2_104m_cls	per_subclass	Pax6
H21.33.034	1	0.7907502980034439	gf_v2_104m_cls	per_subclass	Pax6
H21.33.035	1	0.9328509542471327	gf_v2_104m_cls	per_subclass	Pax6
H21.33.036	1	0.8780172513829445	gf_v2_104m_cls	per_subclass	Pax6
H21.33.037	0	0.5252395220591435	gf_v2_104m_cls	per_subclass	Pax6
H21.33.038	0	0.8813202558736588	gf_v2_104m_cls	per_subclass	Pax6
H21.33.039	1	0.9748551415946596	gf_v2_104m_cls	per_subclass	Pax6
H21.33.040	1	0.9399836100528038	gf_v2_104m_cls	per_subclass	Pax6
H21.33.041	0	0.9403248095419714	gf_v2_104m_cls	per_subclass	Pax6
H21.33.042	1	0.8946025519570096	gf_v2_104m_cls	per_subclass	Pax6
H21.33.043	0	0.946630563185456	gf_v2_104m_cls	per_subclass	Pax6
H21.33.044	1	0.9902128570114451	gf_v2_104m_cls	per_subclass	Pax6
H21.33.045	1	0.9539829462699749	gf_v2_104m_cls	per_subclass	Pax6
H21.33.046	1	0.8913473665151999	gf_v2_104m_cls	per_subclass	Pax6
H21.33.047	1	0.8748517752101164	gf_v2_104m_cls	per_subclass	Pax6
H19.33.004	0	0.9425592319658854	gf_v2_104m_cls	per_subclass	Pvalb
H20.33.001	0	0.4868590723224438	gf_v2_104m_cls	per_subclass	Pvalb
H20.33.002	0	0.8301285356340804	gf_v2_104m_cls	per_subclass	Pvalb
H20.33.004	1	0.7405084928261598	gf_v2_104m_cls	per_subclass	Pvalb
H20.33.005	1	0.9061309970976235	gf_v2_104m_cls	per_subclass	Pvalb
H20.33.008	1	0.47413362345717464	gf_v2_104m_cls	per_subclass	Pvalb
H20.33.011	1	0.5307792782617741	gf_v2_104m_cls	per_subclass	Pvalb
H20.33.012	0	0.6886178164407685	gf_v2_104m_cls	per_subclass	Pvalb
H20.33.013	1	0.6832330393718644	gf_v2_104m_cls	per_subclass	Pvalb
H20.33.014	1	0.4476971006195212	gf_v2_104m_cls	per_subclass	Pvalb
H20.33.015	1	0.9434699929566749	gf_v2_104m_cls	per_subclass	Pvalb
H20.33.016	1	0.8223514127003313	gf_v2_104m_cls	per_subclass	Pvalb
H20.33.017	1	0.763315137951165	gf_v2_104m_cls	per_subclass	Pvalb
H20.33.018	1	0.70842632228017	gf_v2_104m_cls	per_subclass	Pvalb
H20.33.019	1	0.9591514705661407	gf_v2_104m_cls	per_subclass	Pvalb
H20.33.020	1	0.9427221070614291	gf_v2_104m_cls	per_subclass	Pvalb
H20.33.024	1	0.7509095478300336	gf_v2_104m_cls	per_subclass	Pvalb
H20.33.025	1	0.2775532593827547	gf_v2_104m_cls	per_subclass	Pvalb
H20.33.026	1	0.5254050804819755	gf_v2_104m_cls	per_subclass	Pvalb
H20.33.027	1	0.9463774679621364	gf_v2_104m_cls	per_subclass	Pvalb
H20.33.028	1	0.9537129639823952	gf_v2_104m_cls	per_subclass	Pvalb
H20.33.029	1	0.373318622324316	gf_v2_104m_cls	per_subclass	Pvalb
H20.33.030	1	0.7289828769503155	gf_v2_104m_cls	per_subclass	Pvalb
H20.33.031	1	0.49427448568222826	gf_v2_104m_cls	per_subclass	Pvalb
H20.33.032	1	0.42618189453968114	gf_v2_104m_cls	per_subclass	Pvalb
H20.33.033	1	0.9950796544625167	gf_v2_104m_cls	per_subclass	Pvalb
H20.33.034	1	0.8636110622737437	gf_v2_104m_cls	per_subclass	Pvalb
H20.33.035	0	0.7997787790980858	gf_v2_104m_cls	per_subclass	Pvalb
H20.33.036	1	0.7404435788624614	gf_v2_104m_cls	per_subclass	Pvalb
H20.33.037	1	0.9786165033218118	gf_v2_104m_cls	per_subclass	Pvalb
H20.33.038	1	0.9249400468178874	gf_v2_104m_cls	per_subclass	Pvalb
H20.33.039	1	0.7080206425505606	gf_v2_104m_cls	per_subclass	Pvalb
H20.33.040	1	0.6003550301666697	gf_v2_104m_cls	per_subclass	Pvalb
H20.33.041	1	0.578306218975529	gf_v2_104m_cls	per_subclass	Pvalb
H20.33.043	1	0.39872545113247976	gf_v2_104m_cls	per_subclass	Pvalb
H20.33.044	0	0.774253763796307	gf_v2_104m_cls	per_subclass	Pvalb
H20.33.045	1	0.9848400548147108	gf_v2_104m_cls	per_subclass	Pvalb
H20.33.046	1	0.8618146145215497	gf_v2_104m_cls	per_subclass	Pvalb
H21.33.001	0	0.817144609197008	gf_v2_104m_cls	per_subclass	Pvalb
H21.33.002	1	0.37613670933697263	gf_v2_104m_cls	per_subclass	Pvalb
H21.33.003	0	0.820708222479982	gf_v2_104m_cls	per_subclass	Pvalb
H21.33.004	0	0.7508974512378901	gf_v2_104m_cls	per_subclass	Pvalb
H21.33.005	1	0.8964973840670648	gf_v2_104m_cls	per_subclass	Pvalb
H21.33.006	1	0.6168038021414236	gf_v2_104m_cls	per_subclass	Pvalb
H21.33.007	1	0.7994022419461818	gf_v2_104m_cls	per_subclass	Pvalb
H21.33.008	1	0.8262750115769821	gf_v2_104m_cls	per_subclass	Pvalb
H21.33.009	1	0.9710966980941315	gf_v2_104m_cls	per_subclass	Pvalb
H21.33.010	1	0.7289967167012185	gf_v2_104m_cls	per_subclass	Pvalb
H21.33.011	0	0.266963827979769	gf_v2_104m_cls	per_subclass	Pvalb
H21.33.012	1	0.8482030787372302	gf_v2_104m_cls	per_subclass	Pvalb
H21.33.013	1	0.9509453983978166	gf_v2_104m_cls	per_subclass	Pvalb
H21.33.014	1	0.8691311408339211	gf_v2_104m_cls	per_subclass	Pvalb
H21.33.015	0	0.692385218075352	gf_v2_104m_cls	per_subclass	Pvalb
H21.33.016	0	0.7993162564496777	gf_v2_104m_cls	per_subclass	Pvalb
H21.33.017	1	0.8380483509903793	gf_v2_104m_cls	per_subclass	Pvalb
H21.33.018	0	0.6935097222524	gf_v2_104m_cls	per_subclass	Pvalb
H21.33.019	0	0.5772749700405714	gf_v2_104m_cls	per_subclass	Pvalb
H21.33.021	1	0.5593801582996751	gf_v2_104m_cls	per_subclass	Pvalb
H21.33.022	1	0.848707648786901	gf_v2_104m_cls	per_subclass	Pvalb
H21.33.023	0	0.6895090026611662	gf_v2_104m_cls	per_subclass	Pvalb
H21.33.025	1	0.8824905371195065	gf_v2_104m_cls	per_subclass	Pvalb
H21.33.026	1	0.8892997152651227	gf_v2_104m_cls	per_subclass	Pvalb
H21.33.027	1	0.5068832284362232	gf_v2_104m_cls	per_subclass	Pvalb
H21.33.028	0	0.7754892011453272	gf_v2_104m_cls	per_subclass	Pvalb
H21.33.029	1	0.9093533739327982	gf_v2_104m_cls	per_subclass	Pvalb
H21.33.030	1	0.7977585474706717	gf_v2_104m_cls	per_subclass	Pvalb
H21.33.031	1	0.8705736799750955	gf_v2_104m_cls	per_subclass	Pvalb
H21.33.032	0	0.44931824860249403	gf_v2_104m_cls	per_subclass	Pvalb
H21.33.033	1	0.9838936746682627	gf_v2_104m_cls	per_subclass	Pvalb
H21.33.034	1	0.9938769171431799	gf_v2_104m_cls	per_subclass	Pvalb
H21.33.035	1	0.8834685535421419	gf_v2_104m_cls	per_subclass	Pvalb
H21.33.036	1	0.678624541991581	gf_v2_104m_cls	per_subclass	Pvalb
H21.33.037	0	0.5003315602166812	gf_v2_104m_cls	per_subclass	Pvalb
H21.33.038	0	0.7665105867072113	gf_v2_104m_cls	per_subclass	Pvalb
H21.33.039	1	0.9446374493537132	gf_v2_104m_cls	per_subclass	Pvalb
H21.33.040	1	0.8496475657604444	gf_v2_104m_cls	per_subclass	Pvalb
H21.33.041	0	0.5596463997454988	gf_v2_104m_cls	per_subclass	Pvalb
H21.33.042	1	0.8898511387500039	gf_v2_104m_cls	per_subclass	Pvalb
H21.33.043	0	0.8602731642511501	gf_v2_104m_cls	per_subclass	Pvalb
H21.33.044	1	0.9944517701676052	gf_v2_104m_cls	per_subclass	Pvalb
H21.33.045	1	0.9855859277272965	gf_v2_104m_cls	per_subclass	Pvalb
H21.33.046	1	0.783741577865001	gf_v2_104m_cls	per_subclass	Pvalb
H21.33.047	1	0.694279861693665	gf_v2_104m_cls	per_subclass	Pvalb
H19.33.004	0	0.965726177097995	gf_v2_104m_cls	per_subclass	Sncg
H20.33.001	0	0.6647635290945408	gf_v2_104m_cls	per_subclass	Sncg
H20.33.002	0	0.7219807595545331	gf_v2_104m_cls	per_subclass	Sncg
H20.33.004	1	0.6344046285180512	gf_v2_104m_cls	per_subclass	Sncg
H20.33.005	1	0.8634368078044867	gf_v2_104m_cls	per_subclass	Sncg
H20.33.008	1	0.5898401140228822	gf_v2_104m_cls	per_subclass	Sncg
H20.33.011	1	0.5386010639245279	gf_v2_104m_cls	per_subclass	Sncg
H20.33.012	0	0.6546895165174369	gf_v2_104m_cls	per_subclass	Sncg
H20.33.013	1	0.5205255504501668	gf_v2_104m_cls	per_subclass	Sncg
H20.33.014	1	0.5955361192692477	gf_v2_104m_cls	per_subclass	Sncg
H20.33.015	1	0.8076833777138603	gf_v2_104m_cls	per_subclass	Sncg
H20.33.016	1	0.7378443990161091	gf_v2_104m_cls	per_subclass	Sncg
H20.33.017	1	0.8455057051240825	gf_v2_104m_cls	per_subclass	Sncg
H20.33.018	1	0.6243359216487759	gf_v2_104m_cls	per_subclass	Sncg
H20.33.019	1	0.5378794408591074	gf_v2_104m_cls	per_subclass	Sncg
H20.33.020	1	0.9339530845827332	gf_v2_104m_cls	per_subclass	Sncg
H20.33.024	1	0.5253023451199954	gf_v2_104m_cls	per_subclass	Sncg
H20.33.025	1	0.77029787279812	gf_v2_104m_cls	per_subclass	Sncg
H20.33.026	1	0.8169109708551681	gf_v2_104m_cls	per_subclass	Sncg
H20.33.027	1	0.8592784269231359	gf_v2_104m_cls	per_subclass	Sncg
H20.33.028	1	0.9681173638065893	gf_v2_104m_cls	per_subclass	Sncg
H20.33.029	1	0.8669823603147717	gf_v2_104m_cls	per_subclass	Sncg
H20.33.030	1	0.8711408849633886	gf_v2_104m_cls	per_subclass	Sncg
H20.33.031	1	0.7805778978795921	gf_v2_104m_cls	per_subclass	Sncg
H20.33.032	1	0.5137179619536527	gf_v2_104m_cls	per_subclass	Sncg
H20.33.033	1	0.9641575353265199	gf_v2_104m_cls	per_subclass	Sncg
H20.33.034	1	0.7624781633745015	gf_v2_104m_cls	per_subclass	Sncg
H20.33.035	0	0.6587597882321077	gf_v2_104m_cls	per_subclass	Sncg
H20.33.036	1	0.920390414467741	gf_v2_104m_cls	per_subclass	Sncg
H20.33.037	1	0.9581737135208638	gf_v2_104m_cls	per_subclass	Sncg
H20.33.038	1	0.958437439871896	gf_v2_104m_cls	per_subclass	Sncg
H20.33.039	1	0.426207766702874	gf_v2_104m_cls	per_subclass	Sncg
H20.33.040	1	0.5097232864428927	gf_v2_104m_cls	per_subclass	Sncg
H20.33.041	1	0.8899721088240785	gf_v2_104m_cls	per_subclass	Sncg
H20.33.043	1	0.3804650153980139	gf_v2_104m_cls	per_subclass	Sncg
H20.33.044	0	0.5081487514702083	gf_v2_104m_cls	per_subclass	Sncg
H20.33.045	1	0.9843962238019458	gf_v2_104m_cls	per_subclass	Sncg
H20.33.046	1	0.9714367497341735	gf_v2_104m_cls	per_subclass	Sncg
H21.33.001	0	0.7650849362159622	gf_v2_104m_cls	per_subclass	Sncg
H21.33.002	1	0.7348488100269823	gf_v2_104m_cls	per_subclass	Sncg
H21.33.003	0	0.7775613372337664	gf_v2_104m_cls	per_subclass	Sncg
H21.33.004	0	0.6329822847111873	gf_v2_104m_cls	per_subclass	Sncg
H21.33.005	1	0.9053528963355291	gf_v2_104m_cls	per_subclass	Sncg
H21.33.006	1	0.7178302494084564	gf_v2_104m_cls	per_subclass	Sncg
H21.33.007	1	0.5557981037185443	gf_v2_104m_cls	per_subclass	Sncg
H21.33.008	1	0.2820154874651206	gf_v2_104m_cls	per_subclass	Sncg
H21.33.009	1	0.9447659605075396	gf_v2_104m_cls	per_subclass	Sncg
H21.33.010	1	0.9207343527884355	gf_v2_104m_cls	per_subclass	Sncg
H21.33.011	0	0.38940387833510093	gf_v2_104m_cls	per_subclass	Sncg
H21.33.012	1	0.6785608692346837	gf_v2_104m_cls	per_subclass	Sncg
H21.33.013	1	0.9042931592609401	gf_v2_104m_cls	per_subclass	Sncg
H21.33.014	1	0.6566776093339087	gf_v2_104m_cls	per_subclass	Sncg
H21.33.015	0	0.2768808616856317	gf_v2_104m_cls	per_subclass	Sncg
H21.33.016	0	0.9000534558782866	gf_v2_104m_cls	per_subclass	Sncg
H21.33.017	1	0.783304415220124	gf_v2_104m_cls	per_subclass	Sncg
H21.33.018	0	0.6414731728688101	gf_v2_104m_cls	per_subclass	Sncg
H21.33.019	0	0.45636322789436906	gf_v2_104m_cls	per_subclass	Sncg
H21.33.021	1	0.642775510679394	gf_v2_104m_cls	per_subclass	Sncg
H21.33.022	1	0.8499566512632762	gf_v2_104m_cls	per_subclass	Sncg
H21.33.023	0	0.4222476474294782	gf_v2_104m_cls	per_subclass	Sncg
H21.33.025	1	0.9336521772445652	gf_v2_104m_cls	per_subclass	Sncg
H21.33.026	1	0.749598469230288	gf_v2_104m_cls	per_subclass	Sncg
H21.33.027	1	0.5691918997510119	gf_v2_104m_cls	per_subclass	Sncg
H21.33.028	0	0.8558495392818564	gf_v2_104m_cls	per_subclass	Sncg
H21.33.029	1	0.7421814424019791	gf_v2_104m_cls	per_subclass	Sncg
H21.33.030	1	0.8199264828663171	gf_v2_104m_cls	per_subclass	Sncg
H21.33.031	1	0.5398461459337636	gf_v2_104m_cls	per_subclass	Sncg
H21.33.032	0	0.7610614839670007	gf_v2_104m_cls	per_subclass	Sncg
H21.33.033	1	0.9847245166787898	gf_v2_104m_cls	per_subclass	Sncg
H21.33.034	1	0.9968307653285114	gf_v2_104m_cls	per_subclass	Sncg
H21.33.035	1	0.7312708766390491	gf_v2_104m_cls	per_subclass	Sncg
H21.33.036	1	0.5121216211731368	gf_v2_104m_cls	per_subclass	Sncg
H21.33.037	0	0.9092617261973135	gf_v2_104m_cls	per_subclass	Sncg
H21.33.038	0	0.7290234783647952	gf_v2_104m_cls	per_subclass	Sncg
H21.33.039	1	0.9334082010879323	gf_v2_104m_cls	per_subclass	Sncg
H21.33.040	1	0.9224756860486533	gf_v2_104m_cls	per_subclass	Sncg
H21.33.041	0	0.8827295757597973	gf_v2_104m_cls	per_subclass	Sncg
H21.33.042	1	0.8880956895688644	gf_v2_104m_cls	per_subclass	Sncg
H21.33.043	0	0.8914329852801075	gf_v2_104m_cls	per_subclass	Sncg
H21.33.044	1	0.9059174846581917	gf_v2_104m_cls	per_subclass	Sncg
H21.33.045	1	0.9889168191100441	gf_v2_104m_cls	per_subclass	Sncg
H21.33.046	1	0.9679842476607311	gf_v2_104m_cls	per_subclass	Sncg
H21.33.047	1	0.621711414977028	gf_v2_104m_cls	per_subclass	Sncg
H19.33.004	0	0.9329038763153067	gf_v2_104m_cls	per_subclass	Sst
H20.33.001	0	0.6799383265119548	gf_v2_104m_cls	per_subclass	Sst
H20.33.002	0	0.09599681437627072	gf_v2_104m_cls	per_subclass	Sst
H20.33.004	1	0.9708458468384746	gf_v2_104m_cls	per_subclass	Sst
H20.33.005	1	0.8520161368726512	gf_v2_104m_cls	per_subclass	Sst
H20.33.008	1	0.818820386506698	gf_v2_104m_cls	per_subclass	Sst
H20.33.011	1	0.2879768492292813	gf_v2_104m_cls	per_subclass	Sst
H20.33.012	0	0.8086430545660658	gf_v2_104m_cls	per_subclass	Sst
H20.33.013	1	0.4659686269833457	gf_v2_104m_cls	per_subclass	Sst
H20.33.014	1	0.8677030424232924	gf_v2_104m_cls	per_subclass	Sst
H20.33.015	1	0.7144247683983806	gf_v2_104m_cls	per_subclass	Sst
H20.33.016	1	0.7538185789512303	gf_v2_104m_cls	per_subclass	Sst
H20.33.017	1	0.9830297554632021	gf_v2_104m_cls	per_subclass	Sst
H20.33.018	1	0.9304594323260389	gf_v2_104m_cls	per_subclass	Sst
H20.33.019	1	0.8975968227063109	gf_v2_104m_cls	per_subclass	Sst
H20.33.020	1	0.88455805984312	gf_v2_104m_cls	per_subclass	Sst
H20.33.024	1	0.9027834765286331	gf_v2_104m_cls	per_subclass	Sst
H20.33.025	1	0.701194572358407	gf_v2_104m_cls	per_subclass	Sst
H20.33.026	1	0.7298514871929542	gf_v2_104m_cls	per_subclass	Sst
H20.33.027	1	0.919323031100362	gf_v2_104m_cls	per_subclass	Sst
H20.33.028	1	0.8866522041769889	gf_v2_104m_cls	per_subclass	Sst
H20.33.029	1	0.5177558623209751	gf_v2_104m_cls	per_subclass	Sst
H20.33.030	1	0.8880283518956762	gf_v2_104m_cls	per_subclass	Sst
H20.33.031	1	0.5884173494168611	gf_v2_104m_cls	per_subclass	Sst
H20.33.032	1	0.854340689626607	gf_v2_104m_cls	per_subclass	Sst
H20.33.033	1	0.9943269834178802	gf_v2_104m_cls	per_subclass	Sst
H20.33.034	1	0.9429134436600988	gf_v2_104m_cls	per_subclass	Sst
H20.33.035	0	0.22202176367335472	gf_v2_104m_cls	per_subclass	Sst
H20.33.036	1	0.8917555954839453	gf_v2_104m_cls	per_subclass	Sst
H20.33.037	1	0.9399763712431574	gf_v2_104m_cls	per_subclass	Sst
H20.33.038	1	0.9654177608290017	gf_v2_104m_cls	per_subclass	Sst
H20.33.039	1	0.954926352913364	gf_v2_104m_cls	per_subclass	Sst
H20.33.040	1	0.7304699121093969	gf_v2_104m_cls	per_subclass	Sst
H20.33.041	1	0.9656346471827725	gf_v2_104m_cls	per_subclass	Sst
H20.33.043	1	0.563351694827847	gf_v2_104m_cls	per_subclass	Sst
H20.33.044	0	0.509585447663391	gf_v2_104m_cls	per_subclass	Sst
H20.33.045	1	0.9188742471714951	gf_v2_104m_cls	per_subclass	Sst
H20.33.046	1	0.9783023709574106	gf_v2_104m_cls	per_subclass	Sst
H21.33.001	0	0.969779796287893	gf_v2_104m_cls	per_subclass	Sst
H21.33.002	1	0.33352708016803867	gf_v2_104m_cls	per_subclass	Sst
H21.33.003	0	0.8699293137860217	gf_v2_104m_cls	per_subclass	Sst
H21.33.004	0	0.5243464278510654	gf_v2_104m_cls	per_subclass	Sst
H21.33.005	1	0.7827101152211198	gf_v2_104m_cls	per_subclass	Sst
H21.33.006	1	0.5565652830468932	gf_v2_104m_cls	per_subclass	Sst
H21.33.007	1	0.9165026858127477	gf_v2_104m_cls	per_subclass	Sst
H21.33.008	1	0.9607524126959055	gf_v2_104m_cls	per_subclass	Sst
H21.33.009	1	0.9554295002574129	gf_v2_104m_cls	per_subclass	Sst
H21.33.010	1	0.8236692043197806	gf_v2_104m_cls	per_subclass	Sst
H21.33.011	0	0.42926457965317777	gf_v2_104m_cls	per_subclass	Sst
H21.33.012	1	0.957833055768695	gf_v2_104m_cls	per_subclass	Sst
H21.33.013	1	0.9719747587970377	gf_v2_104m_cls	per_subclass	Sst
H21.33.014	1	0.7580333844689388	gf_v2_104m_cls	per_subclass	Sst
H21.33.015	0	0.3242177358040125	gf_v2_104m_cls	per_subclass	Sst
H21.33.016	0	0.9636043379243636	gf_v2_104m_cls	per_subclass	Sst
H21.33.017	1	0.30662068528226394	gf_v2_104m_cls	per_subclass	Sst
H21.33.018	0	0.7670314230525904	gf_v2_104m_cls	per_subclass	Sst
H21.33.019	0	0.6055704540608146	gf_v2_104m_cls	per_subclass	Sst
H21.33.021	1	0.877937142363184	gf_v2_104m_cls	per_subclass	Sst
H21.33.022	1	0.8624947465644761	gf_v2_104m_cls	per_subclass	Sst
H21.33.023	0	0.4822061229397425	gf_v2_104m_cls	per_subclass	Sst
H21.33.025	1	0.9174161939630734	gf_v2_104m_cls	per_subclass	Sst
H21.33.026	1	0.8253116756188715	gf_v2_104m_cls	per_subclass	Sst
H21.33.027	1	0.17631881990513232	gf_v2_104m_cls	per_subclass	Sst
H21.33.028	0	0.6248969693876013	gf_v2_104m_cls	per_subclass	Sst
H21.33.029	1	0.9291565520845634	gf_v2_104m_cls	per_subclass	Sst
H21.33.030	1	0.8103272699996941	gf_v2_104m_cls	per_subclass	Sst
H21.33.031	1	0.6086502216259223	gf_v2_104m_cls	per_subclass	Sst
H21.33.032	0	0.4689698999677045	gf_v2_104m_cls	per_subclass	Sst
H21.33.033	1	0.9758114528375437	gf_v2_104m_cls	per_subclass	Sst
H21.33.034	1	0.9575189137648223	gf_v2_104m_cls	per_subclass	Sst
H21.33.035	1	0.9677590309989433	gf_v2_104m_cls	per_subclass	Sst
H21.33.036	1	0.8461982019768837	gf_v2_104m_cls	per_subclass	Sst
H21.33.037	0	0.11651132732034342	gf_v2_104m_cls	per_subclass	Sst
H21.33.038	0	0.915744529043884	gf_v2_104m_cls	per_subclass	Sst
H21.33.039	1	0.9156561970592432	gf_v2_104m_cls	per_subclass	Sst
H21.33.040	1	0.9527705676582305	gf_v2_104m_cls	per_subclass	Sst
H21.33.041	0	0.8552730515601106	gf_v2_104m_cls	per_subclass	Sst
H21.33.042	1	0.9457642441601936	gf_v2_104m_cls	per_subclass	Sst
H21.33.043	0	0.7283714768630407	gf_v2_104m_cls	per_subclass	Sst
H21.33.044	1	0.9375023862779128	gf_v2_104m_cls	per_subclass	Sst
H21.33.045	1	0.9762653379095063	gf_v2_104m_cls	per_subclass	Sst
H21.33.046	1	0.394655971131291	gf_v2_104m_cls	per_subclass	Sst
H21.33.047	1	0.6061564170517684	gf_v2_104m_cls	per_subclass	Sst
H19.33.004	0	0.8412089638146446	gf_v2_104m_cls	per_subclass	Sst Chodl
H20.33.001	0	0.7984323489311007	gf_v2_104m_cls	per_subclass	Sst Chodl
H20.33.002	0	0.3141791091271625	gf_v2_104m_cls	per_subclass	Sst Chodl
H20.33.004	1	0.9372488747075709	gf_v2_104m_cls	per_subclass	Sst Chodl
H20.33.005	1	0.9806420528711849	gf_v2_104m_cls	per_subclass	Sst Chodl
H20.33.008	1	0.906370827757755	gf_v2_104m_cls	per_subclass	Sst Chodl
H20.33.011	1	0.32587584193036895	gf_v2_104m_cls	per_subclass	Sst Chodl
H20.33.013	1	0.326346514115857	gf_v2_104m_cls	per_subclass	Sst Chodl
H20.33.014	1	0.6308099174230927	gf_v2_104m_cls	per_subclass	Sst Chodl
H20.33.015	1	0.7108556770350061	gf_v2_104m_cls	per_subclass	Sst Chodl
H20.33.016	1	0.7846562044561434	gf_v2_104m_cls	per_subclass	Sst Chodl
H20.33.017	1	0.9082476395622802	gf_v2_104m_cls	per_subclass	Sst Chodl
H20.33.018	1	0.8665133010551568	gf_v2_104m_cls	per_subclass	Sst Chodl
H20.33.019	1	0.696226202177217	gf_v2_104m_cls	per_subclass	Sst Chodl
H20.33.020	1	0.6375709019546653	gf_v2_104m_cls	per_subclass	Sst Chodl
H20.33.024	1	0.8951727115756485	gf_v2_104m_cls	per_subclass	Sst Chodl
H20.33.025	1	0.8201224205270703	gf_v2_104m_cls	per_subclass	Sst Chodl
H20.33.026	1	0.8978067461620167	gf_v2_104m_cls	per_subclass	Sst Chodl
H20.33.027	1	0.8820288906259244	gf_v2_104m_cls	per_subclass	Sst Chodl
H20.33.029	1	0.3936078307941035	gf_v2_104m_cls	per_subclass	Sst Chodl
H20.33.030	1	0.9320213433364815	gf_v2_104m_cls	per_subclass	Sst Chodl
H20.33.031	1	0.8487975174854787	gf_v2_104m_cls	per_subclass	Sst Chodl
H20.33.032	1	0.8429786743117532	gf_v2_104m_cls	per_subclass	Sst Chodl
H20.33.034	1	0.7968038893709878	gf_v2_104m_cls	per_subclass	Sst Chodl
H20.33.035	0	0.3199541253083383	gf_v2_104m_cls	per_subclass	Sst Chodl
H20.33.039	1	0.8589784397791164	gf_v2_104m_cls	per_subclass	Sst Chodl
H20.33.040	1	0.5300280901358797	gf_v2_104m_cls	per_subclass	Sst Chodl
H20.33.041	1	0.8079387519377523	gf_v2_104m_cls	per_subclass	Sst Chodl
H20.33.043	1	0.8628221373633449	gf_v2_104m_cls	per_subclass	Sst Chodl
H20.33.044	0	0.5396691760225961	gf_v2_104m_cls	per_subclass	Sst Chodl
H21.33.001	0	0.5282154206053203	gf_v2_104m_cls	per_subclass	Sst Chodl
H21.33.002	1	0.7994115865467086	gf_v2_104m_cls	per_subclass	Sst Chodl
H21.33.003	0	0.405468031444297	gf_v2_104m_cls	per_subclass	Sst Chodl
H21.33.004	0	0.592997643016763	gf_v2_104m_cls	per_subclass	Sst Chodl
H21.33.006	1	0.5183729821675905	gf_v2_104m_cls	per_subclass	Sst Chodl
H21.33.007	1	0.8562040811714622	gf_v2_104m_cls	per_subclass	Sst Chodl
H21.33.008	1	0.9925172747495056	gf_v2_104m_cls	per_subclass	Sst Chodl
H21.33.010	1	0.9369430115987866	gf_v2_104m_cls	per_subclass	Sst Chodl
H21.33.011	0	0.18472350768945658	gf_v2_104m_cls	per_subclass	Sst Chodl
H21.33.012	1	0.48400275534924636	gf_v2_104m_cls	per_subclass	Sst Chodl
H21.33.013	1	0.9566057726160482	gf_v2_104m_cls	per_subclass	Sst Chodl
H21.33.014	1	0.50699800282036	gf_v2_104m_cls	per_subclass	Sst Chodl
H21.33.015	0	0.6272868720944756	gf_v2_104m_cls	per_subclass	Sst Chodl
H21.33.016	0	0.720427012198898	gf_v2_104m_cls	per_subclass	Sst Chodl
H21.33.018	0	0.9767229019993167	gf_v2_104m_cls	per_subclass	Sst Chodl
H21.33.019	0	0.6919998796450446	gf_v2_104m_cls	per_subclass	Sst Chodl
H21.33.021	1	0.9234256612559582	gf_v2_104m_cls	per_subclass	Sst Chodl
H21.33.022	1	0.854776604378318	gf_v2_104m_cls	per_subclass	Sst Chodl
H21.33.023	0	0.7657925922810529	gf_v2_104m_cls	per_subclass	Sst Chodl
H21.33.025	1	0.906782958802208	gf_v2_104m_cls	per_subclass	Sst Chodl
H21.33.026	1	0.09713057168806391	gf_v2_104m_cls	per_subclass	Sst Chodl
H21.33.027	1	0.39159271291413594	gf_v2_104m_cls	per_subclass	Sst Chodl
H21.33.028	0	0.4497886053582404	gf_v2_104m_cls	per_subclass	Sst Chodl
H21.33.030	1	0.7114671266898471	gf_v2_104m_cls	per_subclass	Sst Chodl
H21.33.031	1	0.8410574046118476	gf_v2_104m_cls	per_subclass	Sst Chodl
H21.33.032	0	0.5890674338163139	gf_v2_104m_cls	per_subclass	Sst Chodl
H21.33.035	1	0.7662510228557595	gf_v2_104m_cls	per_subclass	Sst Chodl
H21.33.040	1	0.8171856736487841	gf_v2_104m_cls	per_subclass	Sst Chodl
H21.33.041	0	0.8252878855773325	gf_v2_104m_cls	per_subclass	Sst Chodl
H21.33.042	1	0.7622131380530184	gf_v2_104m_cls	per_subclass	Sst Chodl
H21.33.043	0	0.819627769518086	gf_v2_104m_cls	per_subclass	Sst Chodl
H21.33.047	1	0.5572594651069733	gf_v2_104m_cls	per_subclass	Sst Chodl
H19.33.004	0	0.9315493500687028	gf_v2_104m_cls	per_subclass	VLMC & Perivascular
H20.33.001	0	0.6355788041542205	gf_v2_104m_cls	per_subclass	VLMC & Perivascular
H20.33.002	0	0.786240271931464	gf_v2_104m_cls	per_subclass	VLMC & Perivascular
H20.33.004	1	0.8420146875096478	gf_v2_104m_cls	per_subclass	VLMC & Perivascular
H20.33.005	1	0.602979122009462	gf_v2_104m_cls	per_subclass	VLMC & Perivascular
H20.33.008	1	0.8900699200332228	gf_v2_104m_cls	per_subclass	VLMC & Perivascular
H20.33.011	1	0.5870354971323246	gf_v2_104m_cls	per_subclass	VLMC & Perivascular
H20.33.012	0	0.8355460379988655	gf_v2_104m_cls	per_subclass	VLMC & Perivascular
H20.33.013	1	0.4071065212608397	gf_v2_104m_cls	per_subclass	VLMC & Perivascular
H20.33.014	1	0.7616201986148564	gf_v2_104m_cls	per_subclass	VLMC & Perivascular
H20.33.015	1	0.7023260158535207	gf_v2_104m_cls	per_subclass	VLMC & Perivascular
H20.33.016	1	0.826425738174116	gf_v2_104m_cls	per_subclass	VLMC & Perivascular
H20.33.017	1	0.9218963078445295	gf_v2_104m_cls	per_subclass	VLMC & Perivascular
H20.33.018	1	0.9485331460855656	gf_v2_104m_cls	per_subclass	VLMC & Perivascular
H20.33.019	1	0.7676667761592607	gf_v2_104m_cls	per_subclass	VLMC & Perivascular
H20.33.020	1	0.9238460508259909	gf_v2_104m_cls	per_subclass	VLMC & Perivascular
H20.33.024	1	0.10879260813022082	gf_v2_104m_cls	per_subclass	VLMC & Perivascular
H20.33.025	1	0.46885735085040886	gf_v2_104m_cls	per_subclass	VLMC & Perivascular
H20.33.026	1	0.9509794544767042	gf_v2_104m_cls	per_subclass	VLMC & Perivascular
H20.33.027	1	0.8884431344870668	gf_v2_104m_cls	per_subclass	VLMC & Perivascular
H20.33.028	1	0.8195558906321738	gf_v2_104m_cls	per_subclass	VLMC & Perivascular
H20.33.029	1	0.8780656657450285	gf_v2_104m_cls	per_subclass	VLMC & Perivascular
H20.33.030	1	0.8997782282183728	gf_v2_104m_cls	per_subclass	VLMC & Perivascular
H20.33.031	1	0.6850765741453059	gf_v2_104m_cls	per_subclass	VLMC & Perivascular
H20.33.032	1	0.7202130257915611	gf_v2_104m_cls	per_subclass	VLMC & Perivascular
H20.33.033	1	0.7729605853008424	gf_v2_104m_cls	per_subclass	VLMC & Perivascular
H20.33.034	1	0.879206521210602	gf_v2_104m_cls	per_subclass	VLMC & Perivascular
H20.33.035	0	0.16779551423998182	gf_v2_104m_cls	per_subclass	VLMC & Perivascular
H20.33.036	1	0.9816117797715093	gf_v2_104m_cls	per_subclass	VLMC & Perivascular
H20.33.037	1	0.9943601799199155	gf_v2_104m_cls	per_subclass	VLMC & Perivascular
H20.33.038	1	0.9345473717681196	gf_v2_104m_cls	per_subclass	VLMC & Perivascular
H20.33.039	1	0.8614526931981225	gf_v2_104m_cls	per_subclass	VLMC & Perivascular
H20.33.040	1	0.9454739002854359	gf_v2_104m_cls	per_subclass	VLMC & Perivascular
H20.33.041	1	0.8880824285540975	gf_v2_104m_cls	per_subclass	VLMC & Perivascular
H20.33.043	1	0.24188603627669028	gf_v2_104m_cls	per_subclass	VLMC & Perivascular
H20.33.044	0	0.8267324345905506	gf_v2_104m_cls	per_subclass	VLMC & Perivascular
H20.33.045	1	0.9824856081631719	gf_v2_104m_cls	per_subclass	VLMC & Perivascular
H20.33.046	1	0.9256720225322368	gf_v2_104m_cls	per_subclass	VLMC & Perivascular
H21.33.001	0	0.694195495868339	gf_v2_104m_cls	per_subclass	VLMC & Perivascular
H21.33.002	1	0.8875200766483144	gf_v2_104m_cls	per_subclass	VLMC & Perivascular
H21.33.003	0	0.703528200548017	gf_v2_104m_cls	per_subclass	VLMC & Perivascular
H21.33.004	0	0.4481032798578612	gf_v2_104m_cls	per_subclass	VLMC & Perivascular
H21.33.005	1	0.9113486341650733	gf_v2_104m_cls	per_subclass	VLMC & Perivascular
H21.33.006	1	0.5698677522579465	gf_v2_104m_cls	per_subclass	VLMC & Perivascular
H21.33.007	1	0.9054261864600601	gf_v2_104m_cls	per_subclass	VLMC & Perivascular
H21.33.008	1	0.9545553884744002	gf_v2_104m_cls	per_subclass	VLMC & Perivascular
H21.33.009	1	0.7577637680116521	gf_v2_104m_cls	per_subclass	VLMC & Perivascular
H21.33.010	1	0.7462745887367122	gf_v2_104m_cls	per_subclass	VLMC & Perivascular
H21.33.011	0	0.4024369770291341	gf_v2_104m_cls	per_subclass	VLMC & Perivascular
H21.33.012	1	0.9676814633946019	gf_v2_104m_cls	per_subclass	VLMC & Perivascular
H21.33.013	1	0.71499176763225	gf_v2_104m_cls	per_subclass	VLMC & Perivascular
H21.33.014	1	0.12892260109321638	gf_v2_104m_cls	per_subclass	VLMC & Perivascular
H21.33.015	0	0.7158310439360981	gf_v2_104m_cls	per_subclass	VLMC & Perivascular
H21.33.016	0	0.15210404303917777	gf_v2_104m_cls	per_subclass	VLMC & Perivascular
H21.33.017	1	0.4874767305857134	gf_v2_104m_cls	per_subclass	VLMC & Perivascular
H21.33.018	0	0.8816524087477416	gf_v2_104m_cls	per_subclass	VLMC & Perivascular
H21.33.019	0	0.6571998504341691	gf_v2_104m_cls	per_subclass	VLMC & Perivascular
H21.33.020	1	0.9423115041351668	gf_v2_104m_cls	per_subclass	VLMC & Perivascular
H21.33.021	1	0.8265982575307371	gf_v2_104m_cls	per_subclass	VLMC & Perivascular
H21.33.022	1	0.6713742610329991	gf_v2_104m_cls	per_subclass	VLMC & Perivascular
H21.33.023	0	0.5841863528266302	gf_v2_104m_cls	per_subclass	VLMC & Perivascular
H21.33.025	1	0.7857631300907912	gf_v2_104m_cls	per_subclass	VLMC & Perivascular
H21.33.026	1	0.6282770820167514	gf_v2_104m_cls	per_subclass	VLMC & Perivascular
H21.33.027	1	0.8318343746847109	gf_v2_104m_cls	per_subclass	VLMC & Perivascular
H21.33.028	0	0.8838664552024351	gf_v2_104m_cls	per_subclass	VLMC & Perivascular
H21.33.029	1	0.984039833135151	gf_v2_104m_cls	per_subclass	VLMC & Perivascular
H21.33.030	1	0.8980480654192394	gf_v2_104m_cls	per_subclass	VLMC & Perivascular
H21.33.031	1	0.8266525944926899	gf_v2_104m_cls	per_subclass	VLMC & Perivascular
H21.33.032	0	0.43353555591489973	gf_v2_104m_cls	per_subclass	VLMC & Perivascular
H21.33.033	1	0.975545261282674	gf_v2_104m_cls	per_subclass	VLMC & Perivascular
H21.33.034	1	0.9085978210652229	gf_v2_104m_cls	per_subclass	VLMC & Perivascular
H21.33.035	1	0.8640216489212502	gf_v2_104m_cls	per_subclass	VLMC & Perivascular
H21.33.036	1	0.21013547499141788	gf_v2_104m_cls	per_subclass	VLMC & Perivascular
H21.33.037	0	0.8758712780309057	gf_v2_104m_cls	per_subclass	VLMC & Perivascular
H21.33.038	0	0.7976125540195389	gf_v2_104m_cls	per_subclass	VLMC & Perivascular
H21.33.039	1	0.8959046166231703	gf_v2_104m_cls	per_subclass	VLMC & Perivascular
H21.33.040	1	0.7646745352417732	gf_v2_104m_cls	per_subclass	VLMC & Perivascular
H21.33.041	0	0.6851090695319952	gf_v2_104m_cls	per_subclass	VLMC & Perivascular
H21.33.042	1	0.7843569257813447	gf_v2_104m_cls	per_subclass	VLMC & Perivascular
H21.33.043	0	0.7015280456459335	gf_v2_104m_cls	per_subclass	VLMC & Perivascular
H21.33.044	1	0.6240563975377904	gf_v2_104m_cls	per_subclass	VLMC & Perivascular
H21.33.045	1	0.9856206949670774	gf_v2_104m_cls	per_subclass	VLMC & Perivascular
H21.33.046	1	0.9051925929884093	gf_v2_104m_cls	per_subclass	VLMC & Perivascular
H21.33.047	1	0.9313576911211264	gf_v2_104m_cls	per_subclass	VLMC & Perivascular
H19.33.004	0	0.9783564329854079	gf_v2_104m_cls	per_subclass	Vip
H20.33.001	0	0.7559143951321566	gf_v2_104m_cls	per_subclass	Vip
H20.33.002	0	0.6856920982958092	gf_v2_104m_cls	per_subclass	Vip
H20.33.004	1	0.6709232498118756	gf_v2_104m_cls	per_subclass	Vip
H20.33.005	1	0.9069778911176571	gf_v2_104m_cls	per_subclass	Vip
H20.33.008	1	0.7625455034703176	gf_v2_104m_cls	per_subclass	Vip
H20.33.011	1	0.4034968249261525	gf_v2_104m_cls	per_subclass	Vip
H20.33.012	0	0.8853580487022217	gf_v2_104m_cls	per_subclass	Vip
H20.33.013	1	0.47353288276882494	gf_v2_104m_cls	per_subclass	Vip
H20.33.014	1	0.7538183715431865	gf_v2_104m_cls	per_subclass	Vip
H20.33.015	1	0.9056651244738946	gf_v2_104m_cls	per_subclass	Vip
H20.33.016	1	0.724833206345224	gf_v2_104m_cls	per_subclass	Vip
H20.33.017	1	0.7952684379156267	gf_v2_104m_cls	per_subclass	Vip
H20.33.018	1	0.751083032983532	gf_v2_104m_cls	per_subclass	Vip
H20.33.019	1	0.8848447056985641	gf_v2_104m_cls	per_subclass	Vip
H20.33.020	1	0.8972264082604173	gf_v2_104m_cls	per_subclass	Vip
H20.33.024	1	0.6200258305341974	gf_v2_104m_cls	per_subclass	Vip
H20.33.025	1	0.5504044781520894	gf_v2_104m_cls	per_subclass	Vip
H20.33.026	1	0.49355828529565676	gf_v2_104m_cls	per_subclass	Vip
H20.33.027	1	0.9457580387472418	gf_v2_104m_cls	per_subclass	Vip
H20.33.028	1	0.9447042197186123	gf_v2_104m_cls	per_subclass	Vip
H20.33.029	1	0.7632291284737636	gf_v2_104m_cls	per_subclass	Vip
H20.33.030	1	0.6081145282463108	gf_v2_104m_cls	per_subclass	Vip
H20.33.031	1	0.40899978029405143	gf_v2_104m_cls	per_subclass	Vip
H20.33.032	1	0.39568476057041363	gf_v2_104m_cls	per_subclass	Vip
H20.33.033	1	0.9581923599621174	gf_v2_104m_cls	per_subclass	Vip
H20.33.034	1	0.7937043240660622	gf_v2_104m_cls	per_subclass	Vip
H20.33.035	0	0.782626824271893	gf_v2_104m_cls	per_subclass	Vip
H20.33.036	1	0.8205940333271993	gf_v2_104m_cls	per_subclass	Vip
H20.33.037	1	0.8618642998181132	gf_v2_104m_cls	per_subclass	Vip
H20.33.038	1	0.9321429421409027	gf_v2_104m_cls	per_subclass	Vip
H20.33.039	1	0.6758130865940817	gf_v2_104m_cls	per_subclass	Vip
H20.33.040	1	0.8222019934889977	gf_v2_104m_cls	per_subclass	Vip
H20.33.041	1	0.7324714334018527	gf_v2_104m_cls	per_subclass	Vip
H20.33.043	1	0.6119102239058979	gf_v2_104m_cls	per_subclass	Vip
H20.33.044	0	0.48608625681416784	gf_v2_104m_cls	per_subclass	Vip
H20.33.045	1	0.9478620291361741	gf_v2_104m_cls	per_subclass	Vip
H20.33.046	1	0.8571022770713469	gf_v2_104m_cls	per_subclass	Vip
H21.33.001	0	0.6023956751210219	gf_v2_104m_cls	per_subclass	Vip
H21.33.002	1	0.45663095695340317	gf_v2_104m_cls	per_subclass	Vip
H21.33.003	0	0.7406239005355724	gf_v2_104m_cls	per_subclass	Vip
H21.33.004	0	0.6615232583199835	gf_v2_104m_cls	per_subclass	Vip
H21.33.005	1	0.8955641078304183	gf_v2_104m_cls	per_subclass	Vip
H21.33.006	1	0.7384161408273158	gf_v2_104m_cls	per_subclass	Vip
H21.33.007	1	0.3104903670236513	gf_v2_104m_cls	per_subclass	Vip
H21.33.008	1	0.8302655884774938	gf_v2_104m_cls	per_subclass	Vip
H21.33.009	1	0.9613286963610508	gf_v2_104m_cls	per_subclass	Vip
H21.33.010	1	0.8648579733743199	gf_v2_104m_cls	per_subclass	Vip
H21.33.011	0	0.5483917852343482	gf_v2_104m_cls	per_subclass	Vip
H21.33.012	1	0.7499984259915433	gf_v2_104m_cls	per_subclass	Vip
H21.33.013	1	0.952732369274582	gf_v2_104m_cls	per_subclass	Vip
H21.33.014	1	0.9252238573868728	gf_v2_104m_cls	per_subclass	Vip
H21.33.015	0	0.7139930680062139	gf_v2_104m_cls	per_subclass	Vip
H21.33.016	0	0.7932519400940977	gf_v2_104m_cls	per_subclass	Vip
H21.33.017	1	0.703925258274509	gf_v2_104m_cls	per_subclass	Vip
H21.33.018	0	0.77626422657335	gf_v2_104m_cls	per_subclass	Vip
H21.33.019	0	0.7824987943236943	gf_v2_104m_cls	per_subclass	Vip
H21.33.020	1	0.9902197211551869	gf_v2_104m_cls	per_subclass	Vip
H21.33.021	1	0.4971948240050456	gf_v2_104m_cls	per_subclass	Vip
H21.33.022	1	0.8115629605566067	gf_v2_104m_cls	per_subclass	Vip
H21.33.023	0	0.5691314683008675	gf_v2_104m_cls	per_subclass	Vip
H21.33.025	1	0.9084751237086477	gf_v2_104m_cls	per_subclass	Vip
H21.33.026	1	0.794655646225791	gf_v2_104m_cls	per_subclass	Vip
H21.33.027	1	0.7774469935322839	gf_v2_104m_cls	per_subclass	Vip
H21.33.028	0	0.8833058492125987	gf_v2_104m_cls	per_subclass	Vip
H21.33.029	1	0.804470961253083	gf_v2_104m_cls	per_subclass	Vip
H21.33.030	1	0.3110663371378527	gf_v2_104m_cls	per_subclass	Vip
H21.33.031	1	0.9530771328512238	gf_v2_104m_cls	per_subclass	Vip
H21.33.032	0	0.659820882762362	gf_v2_104m_cls	per_subclass	Vip
H21.33.033	1	0.926471885697865	gf_v2_104m_cls	per_subclass	Vip
H21.33.034	1	0.963162319656294	gf_v2_104m_cls	per_subclass	Vip
H21.33.035	1	0.8959345369302636	gf_v2_104m_cls	per_subclass	Vip
H21.33.036	1	0.6190521818429272	gf_v2_104m_cls	per_subclass	Vip
H21.33.037	0	0.6145234022226312	gf_v2_104m_cls	per_subclass	Vip
H21.33.038	0	0.8756165446790881	gf_v2_104m_cls	per_subclass	Vip
H21.33.039	1	0.9255003359216442	gf_v2_104m_cls	per_subclass	Vip
H21.33.040	1	0.9333974426518156	gf_v2_104m_cls	per_subclass	Vip
H21.33.041	0	0.6296905044685465	gf_v2_104m_cls	per_subclass	Vip
H21.33.042	1	0.877268496104166	gf_v2_104m_cls	per_subclass	Vip
H21.33.043	0	0.9121041501379048	gf_v2_104m_cls	per_subclass	Vip
H21.33.044	1	0.9322241016001598	gf_v2_104m_cls	per_subclass	Vip
H21.33.045	1	0.9168326457639552	gf_v2_104m_cls	per_subclass	Vip
H21.33.046	1	0.9362816185895836	gf_v2_104m_cls	per_subclass	Vip
H21.33.047	1	0.42867950950361705	gf_v2_104m_cls	per_subclass	Vip
H19.33.004	0	0.9507567962100613	gf_v2_104m_cls	combined	9 subclasses
H20.33.001	0	0.5458248965311571	gf_v2_104m_cls	combined	9 subclasses
H20.33.002	0	0.8829947727711753	gf_v2_104m_cls	combined	9 subclasses
H20.33.004	1	0.7577996334347562	gf_v2_104m_cls	combined	9 subclasses
H20.33.005	1	0.7225302033564184	gf_v2_104m_cls	combined	9 subclasses
H20.33.008	1	0.974291469297491	gf_v2_104m_cls	combined	9 subclasses
H20.33.011	1	0.4244418285256823	gf_v2_104m_cls	combined	9 subclasses
H20.33.012	0	0.728946906101509	gf_v2_104m_cls	combined	9 subclasses
H20.33.013	1	0.6106326724280475	gf_v2_104m_cls	combined	9 subclasses
H20.33.014	1	0.9092985558384756	gf_v2_104m_cls	combined	9 subclasses
H20.33.015	1	0.8351914423652496	gf_v2_104m_cls	combined	9 subclasses
H20.33.016	1	0.8784064895763486	gf_v2_104m_cls	combined	9 subclasses
H20.33.017	1	0.9101615974293281	gf_v2_104m_cls	combined	9 subclasses
H20.33.018	1	0.9524118836305628	gf_v2_104m_cls	combined	9 subclasses
H20.33.019	1	0.9615318794448283	gf_v2_104m_cls	combined	9 subclasses
H20.33.020	1	0.9498455470821259	gf_v2_104m_cls	combined	9 subclasses
H20.33.024	1	0.41930569639015475	gf_v2_104m_cls	combined	9 subclasses
H20.33.025	1	0.5367686310252834	gf_v2_104m_cls	combined	9 subclasses
H20.33.026	1	0.7582242284835695	gf_v2_104m_cls	combined	9 subclasses
H20.33.027	1	0.9941209671085416	gf_v2_104m_cls	combined	9 subclasses
H20.33.028	1	0.9636959084670549	gf_v2_104m_cls	combined	9 subclasses
H20.33.029	1	0.8216059974536206	gf_v2_104m_cls	combined	9 subclasses
H20.33.030	1	0.8266486572838765	gf_v2_104m_cls	combined	9 subclasses
H20.33.031	1	0.3800489724256721	gf_v2_104m_cls	combined	9 subclasses
H20.33.032	1	0.5361533274836965	gf_v2_104m_cls	combined	9 subclasses
H20.33.033	1	0.7765537140099052	gf_v2_104m_cls	combined	9 subclasses
H20.33.034	1	0.9478857453124692	gf_v2_104m_cls	combined	9 subclasses
H20.33.035	0	0.46689184915824844	gf_v2_104m_cls	combined	9 subclasses
H20.33.036	1	0.9765886315223946	gf_v2_104m_cls	combined	9 subclasses
H20.33.037	1	0.988393252980314	gf_v2_104m_cls	combined	9 subclasses
H20.33.038	1	0.9687814587885434	gf_v2_104m_cls	combined	9 subclasses
H20.33.039	1	0.6606645743029126	gf_v2_104m_cls	combined	9 subclasses
H20.33.040	1	0.9351361535486553	gf_v2_104m_cls	combined	9 subclasses
H20.33.041	1	0.7638442057601944	gf_v2_104m_cls	combined	9 subclasses
H20.33.043	1	0.4066740356107049	gf_v2_104m_cls	combined	9 subclasses
H20.33.044	0	0.6275516858144936	gf_v2_104m_cls	combined	9 subclasses
H20.33.045	1	0.9971851921831707	gf_v2_104m_cls	combined	9 subclasses
H20.33.046	1	0.8998474472426151	gf_v2_104m_cls	combined	9 subclasses
H21.33.001	0	0.8399043296406166	gf_v2_104m_cls	combined	9 subclasses
H21.33.002	1	0.8684846417754863	gf_v2_104m_cls	combined	9 subclasses
H21.33.003	0	0.7060093976466311	gf_v2_104m_cls	combined	9 subclasses
H21.33.004	0	0.3109154080394347	gf_v2_104m_cls	combined	9 subclasses
H21.33.005	1	0.8551493329032857	gf_v2_104m_cls	combined	9 subclasses
H21.33.006	1	0.7454129651914607	gf_v2_104m_cls	combined	9 subclasses
H21.33.007	1	0.8405469956701047	gf_v2_104m_cls	combined	9 subclasses
H21.33.008	1	0.9609155733940037	gf_v2_104m_cls	combined	9 subclasses
H21.33.009	1	0.978324041065304	gf_v2_104m_cls	combined	9 subclasses
H21.33.010	1	0.7864794349987325	gf_v2_104m_cls	combined	9 subclasses
H21.33.011	0	0.11268153743140512	gf_v2_104m_cls	combined	9 subclasses
H21.33.012	1	0.857996841360402	gf_v2_104m_cls	combined	9 subclasses
H21.33.013	1	0.9761150009146216	gf_v2_104m_cls	combined	9 subclasses
H21.33.014	1	0.9078816853171112	gf_v2_104m_cls	combined	9 subclasses
H21.33.015	0	0.7001310151754107	gf_v2_104m_cls	combined	9 subclasses
H21.33.016	0	0.4917475108566127	gf_v2_104m_cls	combined	9 subclasses
H21.33.017	1	0.8554031582347079	gf_v2_104m_cls	combined	9 subclasses
H21.33.018	0	0.7551314358455894	gf_v2_104m_cls	combined	9 subclasses
H21.33.019	0	0.6460430469729357	gf_v2_104m_cls	combined	9 subclasses
H21.33.020	1	0.9578155461127679	gf_v2_104m_cls	combined	9 subclasses
H21.33.021	1	0.8947558826008526	gf_v2_104m_cls	combined	9 subclasses
H21.33.022	1	0.604280641729543	gf_v2_104m_cls	combined	9 subclasses
H21.33.023	0	0.5197362661852017	gf_v2_104m_cls	combined	9 subclasses
H21.33.025	1	0.7278865745891898	gf_v2_104m_cls	combined	9 subclasses
H21.33.026	1	0.6250020724649029	gf_v2_104m_cls	combined	9 subclasses
H21.33.027	1	0.7404962191704679	gf_v2_104m_cls	combined	9 subclasses
H21.33.028	0	0.6038309976206291	gf_v2_104m_cls	combined	9 subclasses
H21.33.029	1	0.9255294647351061	gf_v2_104m_cls	combined	9 subclasses
H21.33.030	1	0.9136295321458107	gf_v2_104m_cls	combined	9 subclasses
H21.33.031	1	0.9500175650466016	gf_v2_104m_cls	combined	9 subclasses
H21.33.032	0	0.462646070934296	gf_v2_104m_cls	combined	9 subclasses
H21.33.033	1	0.9861520979411738	gf_v2_104m_cls	combined	9 subclasses
H21.33.034	1	0.9800122127189959	gf_v2_104m_cls	combined	9 subclasses
H21.33.035	1	0.956727611810044	gf_v2_104m_cls	combined	9 subclasses
H21.33.036	1	0.3109310983564081	gf_v2_104m_cls	combined	9 subclasses
H21.33.037	0	0.707745776890919	gf_v2_104m_cls	combined	9 subclasses
H21.33.038	0	0.9343049454814569	gf_v2_104m_cls	combined	9 subclasses
H21.33.039	1	0.8440007216013685	gf_v2_104m_cls	combined	9 subclasses
H21.33.040	1	0.835284240809551	gf_v2_104m_cls	combined	9 subclasses
H21.33.041	0	0.6969074884261901	gf_v2_104m_cls	combined	9 subclasses
H21.33.042	1	0.4122811811055033	gf_v2_104m_cls	combined	9 subclasses
H21.33.043	0	0.9027322098510817	gf_v2_104m_cls	combined	9 subclasses
H21.33.044	1	0.8276852247846902	gf_v2_104m_cls	combined	9 subclasses
H21.33.045	1	0.9964506579513813	gf_v2_104m_cls	combined	9 subclasses
H21.33.046	1	0.9593537457326621	gf_v2_104m_cls	combined	9 subclasses
H21.33.047	1	0.8780363852460887	gf_v2_104m_cls	combined	9 subclasses
H19.33.004	0	0.944804914783367	gf_v2_104m_cls	combined+cov	9 subclasses
H20.33.001	0	0.5547253137962237	gf_v2_104m_cls	combined+cov	9 subclasses
H20.33.002	0	0.8861310419466302	gf_v2_104m_cls	combined+cov	9 subclasses
H20.33.004	1	0.8031188845063548	gf_v2_104m_cls	combined+cov	9 subclasses
H20.33.005	1	0.6948293824725781	gf_v2_104m_cls	combined+cov	9 subclasses
H20.33.008	1	0.9872841429255483	gf_v2_104m_cls	combined+cov	9 subclasses
H20.33.011	1	0.5440277114188296	gf_v2_104m_cls	combined+cov	9 subclasses
H20.33.012	0	0.7167742513852813	gf_v2_104m_cls	combined+cov	9 subclasses
H20.33.013	1	0.6174537854392727	gf_v2_104m_cls	combined+cov	9 subclasses
H20.33.014	1	0.8731276051802205	gf_v2_104m_cls	combined+cov	9 subclasses
H20.33.015	1	0.7663414031104681	gf_v2_104m_cls	combined+cov	9 subclasses
H20.33.016	1	0.8692012251881074	gf_v2_104m_cls	combined+cov	9 subclasses
H20.33.017	1	0.9023056417468271	gf_v2_104m_cls	combined+cov	9 subclasses
H20.33.018	1	0.9691906990219099	gf_v2_104m_cls	combined+cov	9 subclasses
H20.33.019	1	0.9729798828140177	gf_v2_104m_cls	combined+cov	9 subclasses
H20.33.020	1	0.9830821542495276	gf_v2_104m_cls	combined+cov	9 subclasses
H20.33.024	1	0.41264781457076294	gf_v2_104m_cls	combined+cov	9 subclasses
H20.33.025	1	0.5638520316410931	gf_v2_104m_cls	combined+cov	9 subclasses
H20.33.026	1	0.8605617337148057	gf_v2_104m_cls	combined+cov	9 subclasses
H20.33.027	1	0.9915508207706123	gf_v2_104m_cls	combined+cov	9 subclasses
H20.33.028	1	0.9588658097528983	gf_v2_104m_cls	combined+cov	9 subclasses
H20.33.029	1	0.7890195261296402	gf_v2_104m_cls	combined+cov	9 subclasses
H20.33.030	1	0.8605164240176318	gf_v2_104m_cls	combined+cov	9 subclasses
H20.33.031	1	0.2986245357401112	gf_v2_104m_cls	combined+cov	9 subclasses
H20.33.032	1	0.5029297855353533	gf_v2_104m_cls	combined+cov	9 subclasses
H20.33.033	1	0.7374719209692093	gf_v2_104m_cls	combined+cov	9 subclasses
H20.33.034	1	0.9238042757758897	gf_v2_104m_cls	combined+cov	9 subclasses
H20.33.035	0	0.5131017245883875	gf_v2_104m_cls	combined+cov	9 subclasses
H20.33.036	1	0.9707299244206394	gf_v2_104m_cls	combined+cov	9 subclasses
H20.33.037	1	0.9817857034429165	gf_v2_104m_cls	combined+cov	9 subclasses
H20.33.038	1	0.9722615052253332	gf_v2_104m_cls	combined+cov	9 subclasses
H20.33.039	1	0.5572225398779634	gf_v2_104m_cls	combined+cov	9 subclasses
H20.33.040	1	0.9176394010982483	gf_v2_104m_cls	combined+cov	9 subclasses
H20.33.041	1	0.7236298937337111	gf_v2_104m_cls	combined+cov	9 subclasses
H20.33.043	1	0.6282865178525378	gf_v2_104m_cls	combined+cov	9 subclasses
H20.33.044	0	0.6346392205905954	gf_v2_104m_cls	combined+cov	9 subclasses
H20.33.045	1	0.9988083409376444	gf_v2_104m_cls	combined+cov	9 subclasses
H20.33.046	1	0.8732865698954013	gf_v2_104m_cls	combined+cov	9 subclasses
H21.33.001	0	0.7955638036549874	gf_v2_104m_cls	combined+cov	9 subclasses
H21.33.002	1	0.8967833891944782	gf_v2_104m_cls	combined+cov	9 subclasses
H21.33.003	0	0.6133763389155603	gf_v2_104m_cls	combined+cov	9 subclasses
H21.33.004	0	0.3005411044069411	gf_v2_104m_cls	combined+cov	9 subclasses
H21.33.005	1	0.8192924469606171	gf_v2_104m_cls	combined+cov	9 subclasses
H21.33.006	1	0.7712173802963095	gf_v2_104m_cls	combined+cov	9 subclasses
H21.33.007	1	0.7862440822675256	gf_v2_104m_cls	combined+cov	9 subclasses
H21.33.008	1	0.9539082668965883	gf_v2_104m_cls	combined+cov	9 subclasses
H21.33.009	1	0.9904313829525959	gf_v2_104m_cls	combined+cov	9 subclasses
H21.33.010	1	0.7288545241136231	gf_v2_104m_cls	combined+cov	9 subclasses
H21.33.011	0	0.10363694218693828	gf_v2_104m_cls	combined+cov	9 subclasses
H21.33.012	1	0.8906111546851287	gf_v2_104m_cls	combined+cov	9 subclasses
H21.33.013	1	0.9865292834082899	gf_v2_104m_cls	combined+cov	9 subclasses
H21.33.014	1	0.8791708256669833	gf_v2_104m_cls	combined+cov	9 subclasses
H21.33.015	0	0.6559749563113003	gf_v2_104m_cls	combined+cov	9 subclasses
H21.33.016	0	0.44332431097339065	gf_v2_104m_cls	combined+cov	9 subclasses
H21.33.017	1	0.8687511920805615	gf_v2_104m_cls	combined+cov	9 subclasses
H21.33.018	0	0.710395434765356	gf_v2_104m_cls	combined+cov	9 subclasses
H21.33.019	0	0.6340343567844646	gf_v2_104m_cls	combined+cov	9 subclasses
H21.33.020	1	0.9460001980134546	gf_v2_104m_cls	combined+cov	9 subclasses
H21.33.021	1	0.8896318555507816	gf_v2_104m_cls	combined+cov	9 subclasses
H21.33.022	1	0.5735877899539739	gf_v2_104m_cls	combined+cov	9 subclasses
H21.33.023	0	0.5191592410168122	gf_v2_104m_cls	combined+cov	9 subclasses
H21.33.025	1	0.6865882762999996	gf_v2_104m_cls	combined+cov	9 subclasses
H21.33.026	1	0.7445676379343108	gf_v2_104m_cls	combined+cov	9 subclasses
H21.33.027	1	0.8270104083433873	gf_v2_104m_cls	combined+cov	9 subclasses
H21.33.028	0	0.5706261223941069	gf_v2_104m_cls	combined+cov	9 subclasses
H21.33.029	1	0.9434231894189902	gf_v2_104m_cls	combined+cov	9 subclasses
H21.33.030	1	0.9410513355559864	gf_v2_104m_cls	combined+cov	9 subclasses
H21.33.031	1	0.9587665555190915	gf_v2_104m_cls	combined+cov	9 subclasses
H21.33.032	0	0.4686619148994132	gf_v2_104m_cls	combined+cov	9 subclasses
H21.33.033	1	0.9894868855744576	gf_v2_104m_cls	combined+cov	9 subclasses
H21.33.034	1	0.9864304226883535	gf_v2_104m_cls	combined+cov	9 subclasses
H21.33.035	1	0.953220086293751	gf_v2_104m_cls	combined+cov	9 subclasses
H21.33.036	1	0.2569375561346292	gf_v2_104m_cls	combined+cov	9 subclasses
H21.33.037	0	0.6778819209997062	gf_v2_104m_cls	combined+cov	9 subclasses
H21.33.038	0	0.91160970165474	gf_v2_104m_cls	combined+cov	9 subclasses
H21.33.039	1	0.8361012654787748	gf_v2_104m_cls	combined+cov	9 subclasses
H21.33.040	1	0.9068822212501789	gf_v2_104m_cls	combined+cov	9 subclasses
H21.33.041	0	0.6616188108910838	gf_v2_104m_cls	combined+cov	9 subclasses
H21.33.042	1	0.6367467899198604	gf_v2_104m_cls	combined+cov	9 subclasses
H21.33.043	0	0.8924804019773809	gf_v2_104m_cls	combined+cov	9 subclasses
H21.33.044	1	0.8345469411341334	gf_v2_104m_cls	combined+cov	9 subclasses
H21.33.045	1	0.9971939529456314	gf_v2_104m_cls	combined+cov	9 subclasses
H21.33.046	1	0.9507263066265379	gf_v2_104m_cls	combined+cov	9 subclasses
H21.33.047	1	0.8601389201152653	gf_v2_104m_cls	combined+cov	9 subclasses
H19.33.004	0	0.9721239735107178	pca	per_subclass	Astrocyte
H20.33.001	0	0.7082605811614889	pca	per_subclass	Astrocyte
H20.33.002	0	0.8060661637696983	pca	per_subclass	Astrocyte
H20.33.004	1	0.5180162212481202	pca	per_subclass	Astrocyte
H20.33.005	1	0.871344083261107	pca	per_subclass	Astrocyte
H20.33.008	1	0.7554208324785907	pca	per_subclass	Astrocyte
H20.33.011	1	0.8070392185954992	pca	per_subclass	Astrocyte
H20.33.012	0	0.9290226052488979	pca	per_subclass	Astrocyte
H20.33.013	1	0.8717216397853346	pca	per_subclass	Astrocyte
H20.33.014	1	0.6789336931456893	pca	per_subclass	Astrocyte
H20.33.015	1	0.92629542988275	pca	per_subclass	Astrocyte
H20.33.016	1	0.6919047735430949	pca	per_subclass	Astrocyte
H20.33.017	1	0.7988090278552726	pca	per_subclass	Astrocyte
H20.33.018	1	0.9671668977731827	pca	per_subclass	Astrocyte
H20.33.019	1	0.8556943844585545	pca	per_subclass	Astrocyte
H20.33.020	1	0.9452984702629562	pca	per_subclass	Astrocyte
H20.33.024	1	0.3869787745725851	pca	per_subclass	Astrocyte
H20.33.025	1	0.8099295767120104	pca	per_subclass	Astrocyte
H20.33.026	1	0.9219760991999145	pca	per_subclass	Astrocyte
H20.33.027	1	0.9510100315534954	pca	per_subclass	Astrocyte
H20.33.028	1	0.8281929369540053	pca	per_subclass	Astrocyte
H20.33.029	1	0.5719174783234389	pca	per_subclass	Astrocyte
H20.33.030	1	0.5910674311116546	pca	per_subclass	Astrocyte
H20.33.031	1	0.4375350073417323	pca	per_subclass	Astrocyte
H20.33.032	1	0.4282565103944872	pca	per_subclass	Astrocyte
H20.33.033	1	0.9542055640247803	pca	per_subclass	Astrocyte
H20.33.034	1	0.7585940458385965	pca	per_subclass	Astrocyte
H20.33.035	0	0.953810074277811	pca	per_subclass	Astrocyte
H20.33.036	1	0.8962602642639803	pca	per_subclass	Astrocyte
H20.33.037	1	0.9493559461126797	pca	per_subclass	Astrocyte
H20.33.038	1	0.3185076610480933	pca	per_subclass	Astrocyte
H20.33.039	1	0.8020302959798749	pca	per_subclass	Astrocyte
H20.33.040	1	0.7657411266470162	pca	per_subclass	Astrocyte
H20.33.041	1	0.7957577620645476	pca	per_subclass	Astrocyte
H20.33.043	1	0.4660484974548863	pca	per_subclass	Astrocyte
H20.33.044	0	0.6587452173991296	pca	per_subclass	Astrocyte
H20.33.045	1	0.9695921422048427	pca	per_subclass	Astrocyte
H20.33.046	1	0.8643408442350958	pca	per_subclass	Astrocyte
H21.33.001	0	0.8283649525181509	pca	per_subclass	Astrocyte
H21.33.002	1	0.9283220308808209	pca	per_subclass	Astrocyte
H21.33.003	0	0.7135085956960391	pca	per_subclass	Astrocyte
H21.33.004	0	0.5415618128646239	pca	per_subclass	Astrocyte
H21.33.005	1	0.7556341976608911	pca	per_subclass	Astrocyte
H21.33.006	1	0.47715884440887224	pca	per_subclass	Astrocyte
H21.33.007	1	0.958581221073409	pca	per_subclass	Astrocyte
H21.33.008	1	0.592668447453345	pca	per_subclass	Astrocyte
H21.33.009	1	0.8755329619129	pca	per_subclass	Astrocyte
H21.33.010	1	0.8612494698931872	pca	per_subclass	Astrocyte
H21.33.011	0	0.6183015113330097	pca	per_subclass	Astrocyte
H21.33.012	1	0.659428417376046	pca	per_subclass	Astrocyte
H21.33.013	1	0.9831127585157088	pca	per_subclass	Astrocyte
H21.33.014	1	0.7600486277959193	pca	per_subclass	Astrocyte
H21.33.015	0	0.36828904341367696	pca	per_subclass	Astrocyte
H21.33.016	0	0.7628214155829152	pca	per_subclass	Astrocyte
H21.33.017	1	0.8029087510208516	pca	per_subclass	Astrocyte
H21.33.018	0	0.7521141673992757	pca	per_subclass	Astrocyte
H21.33.019	0	0.5342236974714558	pca	per_subclass	Astrocyte
H21.33.020	1	0.952813713980281	pca	per_subclass	Astrocyte
H21.33.021	1	0.6770145147101349	pca	per_subclass	Astrocyte
H21.33.022	1	0.7240626145079442	pca	per_subclass	Astrocyte
H21.33.023	0	0.5638898838025572	pca	per_subclass	Astrocyte
H21.33.025	1	0.6287554706534062	pca	per_subclass	Astrocyte
H21.33.026	1	0.6487690581297634	pca	per_subclass	Astrocyte
H21.33.027	1	0.5495807747195781	pca	per_subclass	Astrocyte
H21.33.028	0	0.917483796876507	pca	per_subclass	Astrocyte
H21.33.029	1	0.9066023105843607	pca	per_subclass	Astrocyte
H21.33.030	1	0.5865193772838522	pca	per_subclass	Astrocyte
H21.33.031	1	0.736260687335138	pca	per_subclass	Astrocyte
H21.33.032	0	0.84772033740988	pca	per_subclass	Astrocyte
H21.33.033	1	0.7644372104882411	pca	per_subclass	Astrocyte
H21.33.034	1	0.7506073798536615	pca	per_subclass	Astrocyte
H21.33.035	1	0.9313992644047833	pca	per_subclass	Astrocyte
H21.33.036	1	0.6152244064175205	pca	per_subclass	Astrocyte
H21.33.037	0	0.6411705588701748	pca	per_subclass	Astrocyte
H21.33.038	0	0.5978852641786957	pca	per_subclass	Astrocyte
H21.33.039	1	0.8891888115433776	pca	per_subclass	Astrocyte
H21.33.040	1	0.8512687559721088	pca	per_subclass	Astrocyte
H21.33.041	0	0.7907201193156759	pca	per_subclass	Astrocyte
H21.33.042	1	0.7614671069005767	pca	per_subclass	Astrocyte
H21.33.043	0	0.7651118869165042	pca	per_subclass	Astrocyte
H21.33.044	1	0.8520697382249178	pca	per_subclass	Astrocyte
H21.33.045	1	0.9321286157121211	pca	per_subclass	Astrocyte
H21.33.046	1	0.8873065036725428	pca	per_subclass	Astrocyte
H21.33.047	1	0.7484621487045834	pca	per_subclass	Astrocyte
H19.33.004	0	0.9822517602241115	pca	per_subclass	Chandelier
H20.33.001	0	0.6909646921290589	pca	per_subclass	Chandelier
H20.33.002	0	0.7299468335140784	pca	per_subclass	Chandelier
H20.33.004	1	0.5534592711557718	pca	per_subclass	Chandelier
H20.33.005	1	0.8947558489270568	pca	per_subclass	Chandelier
H20.33.008	1	0.5334765349563575	pca	per_subclass	Chandelier
H20.33.011	1	0.7043037802653678	pca	per_subclass	Chandelier
H20.33.012	0	0.6621758541175724	pca	per_subclass	Chandelier
H20.33.013	1	0.42280092517061585	pca	per_subclass	Chandelier
H20.33.014	1	0.34749701007146466	pca	per_subclass	Chandelier
H20.33.015	1	0.9854676291057041	pca	per_subclass	Chandelier
H20.33.016	1	0.7777874013181109	pca	per_subclass	Chandelier
H20.33.017	1	0.9284021580110913	pca	per_subclass	Chandelier
H20.33.018	1	0.9329613802874093	pca	per_subclass	Chandelier
H20.33.019	1	0.8639547262039617	pca	per_subclass	Chandelier
H20.33.020	1	0.8693778716562379	pca	per_subclass	Chandelier
H20.33.024	1	0.28087569478525676	pca	per_subclass	Chandelier
H20.33.025	1	0.6784804269747304	pca	per_subclass	Chandelier
H20.33.026	1	0.6401531813387673	pca	per_subclass	Chandelier
H20.33.027	1	0.4585810804747353	pca	per_subclass	Chandelier
H20.33.028	1	0.9930560314928097	pca	per_subclass	Chandelier
H20.33.029	1	0.8302675328604195	pca	per_subclass	Chandelier
H20.33.030	1	0.7933217627544478	pca	per_subclass	Chandelier
H20.33.031	1	0.7381271819989212	pca	per_subclass	Chandelier
H20.33.032	1	0.38143293660655353	pca	per_subclass	Chandelier
H20.33.033	1	0.917165349212055	pca	per_subclass	Chandelier
H20.33.034	1	0.7324920214451422	pca	per_subclass	Chandelier
H20.33.035	0	0.8938879876039474	pca	per_subclass	Chandelier
H20.33.036	1	0.9672589195963244	pca	per_subclass	Chandelier
H20.33.037	1	0.9211156812435941	pca	per_subclass	Chandelier
H20.33.039	1	0.58600031278004	pca	per_subclass	Chandelier
H20.33.040	1	0.7601211228639098	pca	per_subclass	Chandelier
H20.33.041	1	0.8459861154623807	pca	per_subclass	Chandelier
H20.33.043	1	0.47224912221658216	pca	per_subclass	Chandelier
H20.33.044	0	0.9701403110509572	pca	per_subclass	Chandelier
H20.33.045	1	0.9495952972624313	pca	per_subclass	Chandelier
H20.33.046	1	0.8064711910879163	pca	per_subclass	Chandelier
H21.33.001	0	0.3434938100404801	pca	per_subclass	Chandelier
H21.33.002	1	0.7214326385679029	pca	per_subclass	Chandelier
H21.33.003	0	0.6978828365963322	pca	per_subclass	Chandelier
H21.33.004	0	0.7636771516823655	pca	per_subclass	Chandelier
H21.33.005	1	0.9104593226353966	pca	per_subclass	Chandelier
H21.33.006	1	0.6786754154833117	pca	per_subclass	Chandelier
H21.33.007	1	0.8109666021375072	pca	per_subclass	Chandelier
H21.33.008	1	0.9171431007976546	pca	per_subclass	Chandelier
H21.33.009	1	0.9485251650177741	pca	per_subclass	Chandelier
H21.33.010	1	0.9517483208502313	pca	per_subclass	Chandelier
H21.33.011	0	0.45121721264640585	pca	per_subclass	Chandelier
H21.33.012	1	0.6351316367035394	pca	per_subclass	Chandelier
H21.33.013	1	0.9525850072107144	pca	per_subclass	Chandelier
H21.33.014	1	0.8323945272440563	pca	per_subclass	Chandelier
H21.33.015	0	0.5914323091762803	pca	per_subclass	Chandelier
H21.33.016	0	0.7667014825710872	pca	per_subclass	Chandelier
H21.33.017	1	0.7182757367447739	pca	per_subclass	Chandelier
H21.33.018	0	0.7497403631981561	pca	per_subclass	Chandelier
H21.33.019	0	0.6528659399067533	pca	per_subclass	Chandelier
H21.33.021	1	0.878846041641815	pca	per_subclass	Chandelier
H21.33.022	1	0.7726399492005307	pca	per_subclass	Chandelier
H21.33.023	0	0.4659241310765309	pca	per_subclass	Chandelier
H21.33.025	1	0.8023943949417334	pca	per_subclass	Chandelier
H21.33.026	1	0.9348745454612593	pca	per_subclass	Chandelier
H21.33.027	1	0.6260991865514555	pca	per_subclass	Chandelier
H21.33.028	0	0.6601371649453633	pca	per_subclass	Chandelier
H21.33.029	1	0.7420698964883561	pca	per_subclass	Chandelier
H21.33.030	1	0.6883684544539559	pca	per_subclass	Chandelier
H21.33.031	1	0.7952192168473352	pca	per_subclass	Chandelier
H21.33.032	0	0.5366852322724606	pca	per_subclass	Chandelier
H21.33.033	1	0.9316286702309323	pca	per_subclass	Chandelier
H21.33.035	1	0.6600825809797837	pca	per_subclass	Chandelier
H21.33.036	1	0.6615973393964385	pca	per_subclass	Chandelier
H21.33.037	0	0.626677922171073	pca	per_subclass	Chandelier
H21.33.038	0	0.8644126026601795	pca	per_subclass	Chandelier
H21.33.039	1	0.9235859164886794	pca	per_subclass	Chandelier
H21.33.040	1	0.8053202429614921	pca	per_subclass	Chandelier
H21.33.041	0	0.7809479935350812	pca	per_subclass	Chandelier
H21.33.042	1	0.7452219567430067	pca	per_subclass	Chandelier
H21.33.043	0	0.6937720510121608	pca	per_subclass	Chandelier
H21.33.044	1	0.9095004075680524	pca	per_subclass	Chandelier
H21.33.045	1	0.9326090171441981	pca	per_subclass	Chandelier
H21.33.046	1	0.8285926782575584	pca	per_subclass	Chandelier
H21.33.047	1	0.571205880216485	pca	per_subclass	Chandelier
H19.33.004	0	0.7246921269745519	pca	per_subclass	Endothelial
H20.33.001	0	0.7939928986206343	pca	per_subclass	Endothelial
H20.33.002	0	0.9002938035541372	pca	per_subclass	Endothelial
H20.33.004	1	0.8161982421943549	pca	per_subclass	Endothelial
H20.33.005	1	0.6032396841022467	pca	per_subclass	Endothelial
H20.33.008	1	0.8722209830234109	pca	per_subclass	Endothelial
H20.33.011	1	0.8964440596412878	pca	per_subclass	Endothelial
H20.33.012	0	0.8969558029100402	pca	per_subclass	Endothelial
H20.33.013	1	0.4122235961542621	pca	per_subclass	Endothelial
H20.33.014	1	0.7298862383232128	pca	per_subclass	Endothelial
H20.33.015	1	0.6722789345371202	pca	per_subclass	Endothelial
H20.33.016	1	0.9017164600253611	pca	per_subclass	Endothelial
H20.33.017	1	0.9304930953133649	pca	per_subclass	Endothelial
H20.33.018	1	0.8510340480471118	pca	per_subclass	Endothelial
H20.33.019	1	0.8622644428788135	pca	per_subclass	Endothelial
H20.33.020	1	0.9348725035689986	pca	per_subclass	Endothelial
H20.33.025	1	0.48046348981128145	pca	per_subclass	Endothelial
H20.33.027	1	0.9634726631342595	pca	per_subclass	Endothelial
H20.33.028	1	0.9907358452887502	pca	per_subclass	Endothelial
H20.33.030	1	0.6336303382441907	pca	per_subclass	Endothelial
H20.33.032	1	0.5620906947222235	pca	per_subclass	Endothelial
H20.33.033	1	0.7202870260966656	pca	per_subclass	Endothelial
H20.33.034	1	0.7884560436434297	pca	per_subclass	Endothelial
H20.33.035	0	0.702861721927656	pca	per_subclass	Endothelial
H20.33.036	1	0.9162632090964216	pca	per_subclass	Endothelial
H20.33.037	1	0.9584746520633237	pca	per_subclass	Endothelial
H20.33.038	1	0.932961295062739	pca	per_subclass	Endothelial
H20.33.039	1	0.6706116559634364	pca	per_subclass	Endothelial
H20.33.040	1	0.6505797674460669	pca	per_subclass	Endothelial
H20.33.041	1	0.7953729008005126	pca	per_subclass	Endothelial
H20.33.043	1	0.8351385960791641	pca	per_subclass	Endothelial
H20.33.044	0	0.5089042725654507	pca	per_subclass	Endothelial
H20.33.045	1	0.9784119248701121	pca	per_subclass	Endothelial
H20.33.046	1	0.6472200100967666	pca	per_subclass	Endothelial
H21.33.001	0	0.8843022397069753	pca	per_subclass	Endothelial
H21.33.002	1	0.7990776797868853	pca	per_subclass	Endothelial
H21.33.003	0	0.9240300491110369	pca	per_subclass	Endothelial
H21.33.004	0	0.34098383934378346	pca	per_subclass	Endothelial
H21.33.005	1	0.934323138507124	pca	per_subclass	Endothelial
H21.33.007	1	0.897756075918086	pca	per_subclass	Endothelial
H21.33.009	1	0.9764990547169583	pca	per_subclass	Endothelial
H21.33.010	1	0.8002089623437871	pca	per_subclass	Endothelial
H21.33.011	0	0.6057089145546255	pca	per_subclass	Endothelial
H21.33.012	1	0.9319375125108259	pca	per_subclass	Endothelial
H21.33.013	1	0.9746395167328415	pca	per_subclass	Endothelial
H21.33.015	0	0.5846488204655957	pca	per_subclass	Endothelial
H21.33.017	1	0.5195356068246488	pca	per_subclass	Endothelial
H21.33.018	0	0.8995725635481244	pca	per_subclass	Endothelial
H21.33.019	0	0.835267866656584	pca	per_subclass	Endothelial
H21.33.020	1	0.9767513466214861	pca	per_subclass	Endothelial
H21.33.021	1	0.709065510855247	pca	per_subclass	Endothelial
H21.33.022	1	0.7702075270005913	pca	per_subclass	Endothelial
H21.33.023	0	0.5591342790884941	pca	per_subclass	Endothelial
H21.33.025	1	0.8237763259862938	pca	per_subclass	Endothelial
H21.33.026	1	0.5338854745647041	pca	per_subclass	Endothelial
H21.33.027	1	0.48890079424922134	pca	per_subclass	Endothelial
H21.33.028	0	0.1549841374285385	pca	per_subclass	Endothelial
H21.33.029	1	0.6678291210961476	pca	per_subclass	Endothelial
H21.33.030	1	0.7984304347815406	pca	per_subclass	Endothelial
H21.33.031	1	0.5434310683149066	pca	per_subclass	Endothelial
H21.33.032	0	0.16315693007052062	pca	per_subclass	Endothelial
H21.33.033	1	0.7788444121040721	pca	per_subclass	Endothelial
H21.33.034	1	0.9844695864800072	pca	per_subclass	Endothelial
H21.33.035	1	0.74630188350544	pca	per_subclass	Endothelial
H21.33.037	0	0.6192308451592361	pca	per_subclass	Endothelial
H21.33.038	0	0.35026096959631137	pca	per_subclass	Endothelial
H21.33.040	1	0.8615571126701171	pca	per_subclass	Endothelial
H21.33.041	0	0.0797881311389077	pca	per_subclass	Endothelial
H21.33.043	0	0.9312742706948237	pca	per_subclass	Endothelial
H21.33.044	1	0.5684272105534958	pca	per_subclass	Endothelial
H21.33.045	1	0.9163283468786034	pca	per_subclass	Endothelial
H21.33.046	1	0.7399432804332617	pca	per_subclass	Endothelial
H21.33.047	1	0.8804582478436584	pca	per_subclass	Endothelial
H19.33.004	0	0.9850182143624913	pca	per_subclass	Immune
H20.33.001	0	0.6499865899478282	pca	per_subclass	Immune
H20.33.002	0	0.7826545718149881	pca	per_subclass	Immune
H20.33.004	1	0.923456571685272	pca	per_subclass	Immune
H20.33.005	1	0.9741775784747441	pca	per_subclass	Immune
H20.33.008	1	0.5959139170609464	pca	per_subclass	Immune
H20.33.011	1	0.5990110683519828	pca	per_subclass	Immune
H20.33.012	0	0.7753124053953977	pca	per_subclass	Immune
H20.33.013	1	0.6014122230549236	pca	per_subclass	Immune
H20.33.014	1	0.8532980612540773	pca	per_subclass	Immune
H20.33.015	1	0.8141256767701972	pca	per_subclass	Immune
H20.33.016	1	0.7397235294738136	pca	per_subclass	Immune
H20.33.017	1	0.8414119549379311	pca	per_subclass	Immune
H20.33.018	1	0.9742429414800968	pca	per_subclass	Immune
H20.33.019	1	0.9214331432980728	pca	per_subclass	Immune
H20.33.020	1	0.9247098229857793	pca	per_subclass	Immune
H20.33.024	1	0.0700701147270323	pca	per_subclass	Immune
H20.33.025	1	0.6808351704803421	pca	per_subclass	Immune
H20.33.026	1	0.8499790445766621	pca	per_subclass	Immune
H20.33.027	1	0.8617881173544848	pca	per_subclass	Immune
H20.33.028	1	0.976810704907496	pca	per_subclass	Immune
H20.33.029	1	0.5747414849461088	pca	per_subclass	Immune
H20.33.030	1	0.6815447643031235	pca	per_subclass	Immune
H20.33.031	1	0.6328151505349171	pca	per_subclass	Immune
H20.33.032	1	0.6795531886292888	pca	per_subclass	Immune
H20.33.033	1	0.8210601192621514	pca	per_subclass	Immune
H20.33.034	1	0.9207884585541082	pca	per_subclass	Immune
H20.33.035	0	0.4438475422632694	pca	per_subclass	Immune
H20.33.036	1	0.9271202010605599	pca	per_subclass	Immune
H20.33.037	1	0.9958002026452203	pca	per_subclass	Immune
H20.33.038	1	0.9729107008953439	pca	per_subclass	Immune
H20.33.039	1	0.6222683686203991	pca	per_subclass	Immune
H20.33.040	1	0.8226064609770415	pca	per_subclass	Immune
H20.33.041	1	0.7921286127310673	pca	per_subclass	Immune
H20.33.043	1	0.2785970723589641	pca	per_subclass	Immune
H20.33.044	0	0.7539472510886831	pca	per_subclass	Immune
H20.33.045	1	0.991801858633632	pca	per_subclass	Immune
H20.33.046	1	0.9617819292376588	pca	per_subclass	Immune
H21.33.001	0	0.8404543337297443	pca	per_subclass	Immune
H21.33.002	1	0.9617198830647598	pca	per_subclass	Immune
H21.33.003	0	0.7203950061297227	pca	per_subclass	Immune
H21.33.004	0	0.29583405537560586	pca	per_subclass	Immune
H21.33.005	1	0.8426158886134848	pca	per_subclass	Immune
H21.33.006	1	0.580789290857474	pca	per_subclass	Immune
H21.33.007	1	0.6309918272625566	pca	per_subclass	Immune
H21.33.008	1	0.8133066269651301	pca	per_subclass	Immune
H21.33.009	1	0.9471660551795507	pca	per_subclass	Immune
H21.33.010	1	0.8307227857105236	pca	per_subclass	Immune
H21.33.011	0	0.7909655929258659	pca	per_subclass	Immune
H21.33.012	1	0.48438676111451534	pca	per_subclass	Immune
H21.33.013	1	0.8546070253802138	pca	per_subclass	Immune
H21.33.014	1	0.7986007417940659	pca	per_subclass	Immune
H21.33.015	0	0.6962358896220826	pca	per_subclass	Immune
H21.33.016	0	0.33019604500909516	pca	per_subclass	Immune
H21.33.017	1	0.9239171537976933	pca	per_subclass	Immune
H21.33.018	0	0.744532034253279	pca	per_subclass	Immune
H21.33.019	0	0.7906537797392039	pca	per_subclass	Immune
H21.33.020	1	0.9877725213153485	pca	per_subclass	Immune
H21.33.021	1	0.895073785543653	pca	per_subclass	Immune
H21.33.022	1	0.6873473909160236	pca	per_subclass	Immune
H21.33.023	0	0.8839852140176495	pca	per_subclass	Immune
H21.33.025	1	0.6739477802527414	pca	per_subclass	Immune
H21.33.026	1	0.6574852950990488	pca	per_subclass	Immune
H21.33.027	1	0.7101009331272823	pca	per_subclass	Immune
H21.33.028	0	0.5697111358976871	pca	per_subclass	Immune
H21.33.029	1	0.7547134424489802	pca	per_subclass	Immune
H21.33.030	1	0.6042589716767797	pca	per_subclass	Immune
H21.33.031	1	0.7156970624929951	pca	per_subclass	Immune
H21.33.032	0	0.8639579443281384	pca	per_subclass	Immune
H21.33.033	1	0.9615868281869743	pca	per_subclass	Immune
H21.33.034	1	0.9611009562157748	pca	per_subclass	Immune
H21.33.035	1	0.7985449468627397	pca	per_subclass	Immune
H21.33.036	1	0.5305529690097479	pca	per_subclass	Immune
H21.33.037	0	0.6114917340295156	pca	per_subclass	Immune
H21.33.038	0	0.8168398971749413	pca	per_subclass	Immune
H21.33.039	1	0.7702122014345499	pca	per_subclass	Immune
H21.33.040	1	0.9194670009524053	pca	per_subclass	Immune
H21.33.041	0	0.6312964362747884	pca	per_subclass	Immune
H21.33.042	1	0.18692812134279208	pca	per_subclass	Immune
H21.33.043	0	0.6084912945835145	pca	per_subclass	Immune
H21.33.044	1	0.7636893626342651	pca	per_subclass	Immune
H21.33.045	1	0.9620322455399297	pca	per_subclass	Immune
H21.33.046	1	0.886127363439021	pca	per_subclass	Immune
H21.33.047	1	0.5651599539803306	pca	per_subclass	Immune
H19.33.004	0	0.9854978814083907	pca	per_subclass	L2/3 IT
H20.33.001	0	0.6811358707907413	pca	per_subclass	L2/3 IT
H20.33.002	0	0.7702261630446665	pca	per_subclass	L2/3 IT
H20.33.004	1	0.5509684010464007	pca	per_subclass	L2/3 IT
H20.33.005	1	0.9511175470289339	pca	per_subclass	L2/3 IT
H20.33.008	1	0.468398606095645	pca	per_subclass	L2/3 IT
H20.33.011	1	0.6244578598904624	pca	per_subclass	L2/3 IT
H20.33.012	0	0.8154443508572642	pca	per_subclass	L2/3 IT
H20.33.013	1	0.6000097347603488	pca	per_subclass	L2/3 IT
H20.33.014	1	0.5320915072580346	pca	per_subclass	L2/3 IT
H20.33.015	1	0.6691466832591266	pca	per_subclass	L2/3 IT
H20.33.016	1	0.8275618296506865	pca	per_subclass	L2/3 IT
H20.33.017	1	0.8508890786237627	pca	per_subclass	L2/3 IT
H20.33.018	1	0.9124983640548331	pca	per_subclass	L2/3 IT
H20.33.019	1	0.48152526220972386	pca	per_subclass	L2/3 IT
H20.33.020	1	0.9408985427367105	pca	per_subclass	L2/3 IT
H20.33.024	1	0.24911836566998394	pca	per_subclass	L2/3 IT
H20.33.025	1	0.574275253483189	pca	per_subclass	L2/3 IT
H20.33.026	1	0.9281447139138279	pca	per_subclass	L2/3 IT
H20.33.027	1	0.6513083471452692	pca	per_subclass	L2/3 IT
H20.33.028	1	0.956289018517061	pca	per_subclass	L2/3 IT
H20.33.029	1	0.7914377367209583	pca	per_subclass	L2/3 IT
H20.33.030	1	0.6955741635677771	pca	per_subclass	L2/3 IT
H20.33.031	1	0.40896170159701456	pca	per_subclass	L2/3 IT
H20.33.032	1	0.29074706257906974	pca	per_subclass	L2/3 IT
H20.33.033	1	0.981136868986914	pca	per_subclass	L2/3 IT
H20.33.034	1	0.5533094978220217	pca	per_subclass	L2/3 IT
H20.33.035	0	0.8636054670171726	pca	per_subclass	L2/3 IT
H20.33.036	1	0.9791575020881037	pca	per_subclass	L2/3 IT
H20.33.037	1	0.9856990855985224	pca	per_subclass	L2/3 IT
H20.33.038	1	0.9679602217587459	pca	per_subclass	L2/3 IT
H20.33.039	1	0.3461625183310836	pca	per_subclass	L2/3 IT
H20.33.040	1	0.8905104148335695	pca	per_subclass	L2/3 IT
H20.33.041	1	0.6077302016164384	pca	per_subclass	L2/3 IT
H20.33.043	1	0.662906846642946	pca	per_subclass	L2/3 IT
H20.33.044	0	0.5925949715039994	pca	per_subclass	L2/3 IT
H20.33.045	1	0.969847083606151	pca	per_subclass	L2/3 IT
H20.33.046	1	0.8805340665512442	pca	per_subclass	L2/3 IT
H21.33.001	0	0.9650546721851233	pca	per_subclass	L2/3 IT
H21.33.002	1	0.9270717528929311	pca	per_subclass	L2/3 IT
H21.33.003	0	0.5948454658973396	pca	per_subclass	L2/3 IT
H21.33.004	0	0.7732384319535219	pca	per_subclass	L2/3 IT
H21.33.005	1	0.8125056431672594	pca	per_subclass	L2/3 IT
H21.33.006	1	0.5604218330190939	pca	per_subclass	L2/3 IT
H21.33.007	1	0.8169114738092957	pca	per_subclass	L2/3 IT
H21.33.008	1	0.957100177161075	pca	per_subclass	L2/3 IT
H21.33.009	1	0.9724397879367052	pca	per_subclass	L2/3 IT
H21.33.010	1	0.8969467721492524	pca	per_subclass	L2/3 IT
H21.33.011	0	0.8340458977344387	pca	per_subclass	L2/3 IT
H21.33.012	1	0.7048004294089623	pca	per_subclass	L2/3 IT
H21.33.013	1	0.8993840081569733	pca	per_subclass	L2/3 IT
H21.33.014	1	0.5271662447707391	pca	per_subclass	L2/3 IT
H21.33.015	0	0.8147318167778703	pca	per_subclass	L2/3 IT
H21.33.016	0	0.6310974968061396	pca	per_subclass	L2/3 IT
H21.33.017	1	0.8877453562232318	pca	per_subclass	L2/3 IT
H21.33.018	0	0.8377111974268484	pca	per_subclass	L2/3 IT
H21.33.019	0	0.7306363851188544	pca	per_subclass	L2/3 IT
H21.33.020	1	0.9742110458848154	pca	per_subclass	L2/3 IT
H21.33.021	1	0.9587177859557434	pca	per_subclass	L2/3 IT
H21.33.022	1	0.821676309892724	pca	per_subclass	L2/3 IT
H21.33.023	0	0.7514548315275549	pca	per_subclass	L2/3 IT
H21.33.025	1	0.5837905984082145	pca	per_subclass	L2/3 IT
H21.33.026	1	0.7043803319765106	pca	per_subclass	L2/3 IT
H21.33.027	1	0.8111285240198539	pca	per_subclass	L2/3 IT
H21.33.028	0	0.5651861217182452	pca	per_subclass	L2/3 IT
H21.33.029	1	0.652327461311945	pca	per_subclass	L2/3 IT
H21.33.030	1	0.8005582773576967	pca	per_subclass	L2/3 IT
H21.33.031	1	0.48781363890374063	pca	per_subclass	L2/3 IT
H21.33.032	0	0.626667669183371	pca	per_subclass	L2/3 IT
H21.33.033	1	0.8727416260711788	pca	per_subclass	L2/3 IT
H21.33.034	1	0.9679924175848367	pca	per_subclass	L2/3 IT
H21.33.035	1	0.7756815187880081	pca	per_subclass	L2/3 IT
H21.33.036	1	0.7294434179556843	pca	per_subclass	L2/3 IT
H21.33.037	0	0.8925757685187236	pca	per_subclass	L2/3 IT
H21.33.038	0	0.8084393239902383	pca	per_subclass	L2/3 IT
H21.33.039	1	0.9086484184395012	pca	per_subclass	L2/3 IT
H21.33.040	1	0.9475533328517785	pca	per_subclass	L2/3 IT
H21.33.041	0	0.6288233256280853	pca	per_subclass	L2/3 IT
H21.33.042	1	0.5967296935951791	pca	per_subclass	L2/3 IT
H21.33.043	0	0.7341281950683884	pca	per_subclass	L2/3 IT
H21.33.044	1	0.43176421646713303	pca	per_subclass	L2/3 IT
H21.33.045	1	0.9857335765047448	pca	per_subclass	L2/3 IT
H21.33.046	1	0.8470080508772598	pca	per_subclass	L2/3 IT
H21.33.047	1	0.5829629566281518	pca	per_subclass	L2/3 IT
H19.33.004	0	0.9833242610636997	pca	per_subclass	L4 IT
H20.33.001	0	0.7875271086659519	pca	per_subclass	L4 IT
H20.33.002	0	0.7734266886896343	pca	per_subclass	L4 IT
H20.33.004	1	0.6871143307330206	pca	per_subclass	L4 IT
H20.33.005	1	0.8924797217573157	pca	per_subclass	L4 IT
H20.33.008	1	0.44882425309712143	pca	per_subclass	L4 IT
H20.33.011	1	0.6612832318766949	pca	per_subclass	L4 IT
H20.33.012	0	0.7908112936962906	pca	per_subclass	L4 IT
H20.33.013	1	0.6005680913517661	pca	per_subclass	L4 IT
H20.33.014	1	0.4528224479439009	pca	per_subclass	L4 IT
H20.33.015	1	0.789945844651222	pca	per_subclass	L4 IT
H20.33.016	1	0.6554638574343702	pca	per_subclass	L4 IT
H20.33.017	1	0.8676367386767488	pca	per_subclass	L4 IT
H20.33.018	1	0.932070371706604	pca	per_subclass	L4 IT
H20.33.019	1	0.7446071348103804	pca	per_subclass	L4 IT
H20.33.020	1	0.9347936848853223	pca	per_subclass	L4 IT
H20.33.024	1	0.16636781384673766	pca	per_subclass	L4 IT
H20.33.025	1	0.6053126841596933	pca	per_subclass	L4 IT
H20.33.026	1	0.8664753346605479	pca	per_subclass	L4 IT
H20.33.027	1	0.5930155822833615	pca	per_subclass	L4 IT
H20.33.028	1	0.9630074988809485	pca	per_subclass	L4 IT
H20.33.029	1	0.8610933962416807	pca	per_subclass	L4 IT
H20.33.030	1	0.28749128081441366	pca	per_subclass	L4 IT
H20.33.031	1	0.42629194757461103	pca	per_subclass	L4 IT
H20.33.032	1	0.6395545665488663	pca	per_subclass	L4 IT
H20.33.033	1	0.9824607598012106	pca	per_subclass	L4 IT
H20.33.034	1	0.7115740684897954	pca	per_subclass	L4 IT
H20.33.035	0	0.8240927863358518	pca	per_subclass	L4 IT
H20.33.036	1	0.9525096321675368	pca	per_subclass	L4 IT
H20.33.037	1	0.9924819383752954	pca	per_subclass	L4 IT
H20.33.038	1	0.9149604349831708	pca	per_subclass	L4 IT
H20.33.039	1	0.7365902279630155	pca	per_subclass	L4 IT
H20.33.040	1	0.8813844277567974	pca	per_subclass	L4 IT
H20.33.041	1	0.7258218936274592	pca	per_subclass	L4 IT
H20.33.043	1	0.45136950397729675	pca	per_subclass	L4 IT
H20.33.044	0	0.9277233430328959	pca	per_subclass	L4 IT
H20.33.045	1	0.9932660128367106	pca	per_subclass	L4 IT
H20.33.046	1	0.8411061795877359	pca	per_subclass	L4 IT
H21.33.001	0	0.938655470872234	pca	per_subclass	L4 IT
H21.33.002	1	0.9342485654379449	pca	per_subclass	L4 IT
H21.33.003	0	0.7766204601384572	pca	per_subclass	L4 IT
H21.33.004	0	0.6003001224620009	pca	per_subclass	L4 IT
H21.33.005	1	0.7307921845073858	pca	per_subclass	L4 IT
H21.33.006	1	0.6014363473653224	pca	per_subclass	L4 IT
H21.33.007	1	0.8623628383992396	pca	per_subclass	L4 IT
H21.33.008	1	0.9351787155095804	pca	per_subclass	L4 IT
H21.33.009	1	0.9828701459641038	pca	per_subclass	L4 IT
H21.33.010	1	0.8962194173736725	pca	per_subclass	L4 IT
H21.33.011	0	0.6567985152941058	pca	per_subclass	L4 IT
H21.33.012	1	0.777651228685747	pca	per_subclass	L4 IT
H21.33.013	1	0.821985853359022	pca	per_subclass	L4 IT
H21.33.014	1	0.5721038367288753	pca	per_subclass	L4 IT
H21.33.015	0	0.6798249712175106	pca	per_subclass	L4 IT
H21.33.016	0	0.5125414024276178	pca	per_subclass	L4 IT
H21.33.017	1	0.8527629764057603	pca	per_subclass	L4 IT
H21.33.018	0	0.7944183509554119	pca	per_subclass	L4 IT
H21.33.019	0	0.4196474081203746	pca	per_subclass	L4 IT
H21.33.020	1	0.9749695662878048	pca	per_subclass	L4 IT
H21.33.021	1	0.8657151269690463	pca	per_subclass	L4 IT
H21.33.022	1	0.8592050740238918	pca	per_subclass	L4 IT
H21.33.023	0	0.6777395979951946	pca	per_subclass	L4 IT
H21.33.025	1	0.5482480832815355	pca	per_subclass	L4 IT
H21.33.026	1	0.8249197919206486	pca	per_subclass	L4 IT
H21.33.027	1	0.7274946554861262	pca	per_subclass	L4 IT
H21.33.028	0	0.7432476639776298	pca	per_subclass	L4 IT
H21.33.029	1	0.696955676765325	pca	per_subclass	L4 IT
H21.33.030	1	0.7694389662970476	pca	per_subclass	L4 IT
H21.33.031	1	0.5947187414920634	pca	per_subclass	L4 IT
H21.33.032	0	0.37267072672184176	pca	per_subclass	L4 IT
H21.33.033	1	0.7546761122391203	pca	per_subclass	L4 IT
H21.33.034	1	0.9824764833792546	pca	per_subclass	L4 IT
H21.33.035	1	0.8628612075350466	pca	per_subclass	L4 IT
H21.33.036	1	0.5598370785952759	pca	per_subclass	L4 IT
H21.33.037	0	0.7565945821203093	pca	per_subclass	L4 IT
H21.33.038	0	0.780828637553981	pca	per_subclass	L4 IT
H21.33.039	1	0.7104120641794174	pca	per_subclass	L4 IT
H21.33.040	1	0.939245003114778	pca	per_subclass	L4 IT
H21.33.041	0	0.5933573369494114	pca	per_subclass	L4 IT
H21.33.042	1	0.708331500023179	pca	per_subclass	L4 IT
H21.33.043	0	0.8035480813026604	pca	per_subclass	L4 IT
H21.33.044	1	0.7723299336934065	pca	per_subclass	L4 IT
H21.33.045	1	0.9883025508141395	pca	per_subclass	L4 IT
H21.33.046	1	0.9011421985958089	pca	per_subclass	L4 IT
H21.33.047	1	0.7805877751690043	pca	per_subclass	L4 IT
H19.33.004	0	0.9929110125925324	pca	per_subclass	L5 ET
H20.33.001	0	0.5363527106011948	pca	per_subclass	L5 ET
H20.33.002	0	0.6143445400895622	pca	per_subclass	L5 ET
H20.33.004	1	0.5706707026225285	pca	per_subclass	L5 ET
H20.33.005	1	0.8487531750099805	pca	per_subclass	L5 ET
H20.33.008	1	0.5861364520197846	pca	per_subclass	L5 ET
H20.33.011	1	0.7953349295686959	pca	per_subclass	L5 ET
H20.33.012	0	0.7249692333541157	pca	per_subclass	L5 ET
H20.33.013	1	0.4238566470444655	pca	per_subclass	L5 ET
H20.33.014	1	0.5023081259888522	pca	per_subclass	L5 ET
H20.33.015	1	0.851750939802628	pca	per_subclass	L5 ET
H20.33.016	1	0.6464858946379393	pca	per_subclass	L5 ET
H20.33.017	1	0.8471638362936659	pca	per_subclass	L5 ET
H20.33.018	1	0.9400168556430459	pca	per_subclass	L5 ET
H20.33.019	1	0.5077905459880406	pca	per_subclass	L5 ET
H20.33.020	1	0.887658014696715	pca	per_subclass	L5 ET
H20.33.024	1	0.5327562190456091	pca	per_subclass	L5 ET
H20.33.025	1	0.6012045087562226	pca	per_subclass	L5 ET
H20.33.026	1	0.9492868332412743	pca	per_subclass	L5 ET
H20.33.027	1	0.7565198161562121	pca	per_subclass	L5 ET
H20.33.028	1	0.9730030292483189	pca	per_subclass	L5 ET
H20.33.029	1	0.505371051243847	pca	per_subclass	L5 ET
H20.33.030	1	0.8593099568140625	pca	per_subclass	L5 ET
H20.33.031	1	0.7483304707808051	pca	per_subclass	L5 ET
H20.33.032	1	0.6523886491363571	pca	per_subclass	L5 ET
H20.33.034	1	0.6939552052521449	pca	per_subclass	L5 ET
H20.33.035	0	0.9155948120284343	pca	per_subclass	L5 ET
H20.33.039	1	0.6654551681479193	pca	per_subclass	L5 ET
H20.33.040	1	0.811947036787745	pca	per_subclass	L5 ET
H20.33.041	1	0.7489252761798252	pca	per_subclass	L5 ET
H20.33.043	1	0.35543591256995166	pca	per_subclass	L5 ET
H20.33.044	0	0.7680994420569383	pca	per_subclass	L5 ET
H20.33.046	1	0.9176207476210898	pca	per_subclass	L5 ET
H21.33.001	0	0.9130951065308939	pca	per_subclass	L5 ET
H21.33.002	1	0.9454683658293277	pca	per_subclass	L5 ET
H21.33.003	0	0.6040553912924882	pca	per_subclass	L5 ET
H21.33.004	0	0.5780390000478074	pca	per_subclass	L5 ET
H21.33.005	1	0.7777022627908621	pca	per_subclass	L5 ET
H21.33.006	1	0.5838350360118854	pca	per_subclass	L5 ET
H21.33.007	1	0.9138317265033347	pca	per_subclass	L5 ET
H21.33.010	1	0.9283112369396378	pca	per_subclass	L5 ET
H21.33.011	0	0.4631135874975357	pca	per_subclass	L5 ET
H21.33.012	1	0.7856096195409196	pca	per_subclass	L5 ET
H21.33.013	1	0.7184403478047183	pca	per_subclass	L5 ET
H21.33.014	1	0.8728355967322214	pca	per_subclass	L5 ET
H21.33.015	0	0.6642843762868066	pca	per_subclass	L5 ET
H21.33.016	0	0.42023869527222324	pca	per_subclass	L5 ET
H21.33.017	1	0.7249405849261021	pca	per_subclass	L5 ET
H21.33.018	0	0.9415728068378424	pca	per_subclass	L5 ET
H21.33.019	0	0.497311488336282	pca	per_subclass	L5 ET
H21.33.022	1	0.741259962557403	pca	per_subclass	L5 ET
H21.33.023	0	0.8106460804015254	pca	per_subclass	L5 ET
H21.33.025	1	0.8033661526244483	pca	per_subclass	L5 ET
H21.33.027	1	0.7107442688514751	pca	per_subclass	L5 ET
H21.33.028	0	0.48008104503801513	pca	per_subclass	L5 ET
H21.33.029	1	0.7663993435513096	pca	per_subclass	L5 ET
H21.33.030	1	0.6558245949400985	pca	per_subclass	L5 ET
H21.33.031	1	0.7113203196069154	pca	per_subclass	L5 ET
H21.33.032	0	0.6047517449038733	pca	per_subclass	L5 ET
H21.33.033	1	0.813358814206864	pca	per_subclass	L5 ET
H21.33.035	1	0.8599679220752364	pca	per_subclass	L5 ET
H21.33.036	1	0.7383203476163783	pca	per_subclass	L5 ET
H21.33.038	0	0.397885125974867	pca	per_subclass	L5 ET
H21.33.039	1	0.9068549133349082	pca	per_subclass	L5 ET
H21.33.040	1	0.8910351748425255	pca	per_subclass	L5 ET
H21.33.041	0	0.780749035870354	pca	per_subclass	L5 ET
H21.33.042	1	0.6328704651511327	pca	per_subclass	L5 ET
H21.33.043	0	0.8957733147953636	pca	per_subclass	L5 ET
H21.33.044	1	0.6645149313447007	pca	per_subclass	L5 ET
H21.33.046	1	0.9504138230082957	pca	per_subclass	L5 ET
H19.33.004	0	0.9729745131452775	pca	per_subclass	L5 IT
H20.33.001	0	0.5056489765017	pca	per_subclass	L5 IT
H20.33.002	0	0.7973145766559508	pca	per_subclass	L5 IT
H20.33.004	1	0.35289936655379306	pca	per_subclass	L5 IT
H20.33.005	1	0.9532248491202159	pca	per_subclass	L5 IT
H20.33.008	1	0.46139286106981603	pca	per_subclass	L5 IT
H20.33.011	1	0.7220552340858959	pca	per_subclass	L5 IT
H20.33.012	0	0.6544286201629125	pca	per_subclass	L5 IT
H20.33.013	1	0.7285514761198075	pca	per_subclass	L5 IT
H20.33.014	1	0.36031186354252587	pca	per_subclass	L5 IT
H20.33.015	1	0.7443158452114222	pca	per_subclass	L5 IT
H20.33.016	1	0.545352171911607	pca	per_subclass	L5 IT
H20.33.017	1	0.8306113219208242	pca	per_subclass	L5 IT
H20.33.018	1	0.9589891119147487	pca	per_subclass	L5 IT
H20.33.019	1	0.8119712116092689	pca	per_subclass	L5 IT
H20.33.020	1	0.9514093622701039	pca	per_subclass	L5 IT
H20.33.024	1	0.5874955737951764	pca	per_subclass	L5 IT
H20.33.025	1	0.36708001125336487	pca	per_subclass	L5 IT
H20.33.026	1	0.8202616045932727	pca	per_subclass	L5 IT
H20.33.027	1	0.8538622515573838	pca	per_subclass	L5 IT
H20.33.028	1	0.9850452611456987	pca	per_subclass	L5 IT
H20.33.029	1	0.8941201426718488	pca	per_subclass	L5 IT
H20.33.030	1	0.8924595386686913	pca	per_subclass	L5 IT
H20.33.031	1	0.3581663930814894	pca	per_subclass	L5 IT
H20.33.032	1	0.5201578357863854	pca	per_subclass	L5 IT
H20.33.033	1	0.9904691144113661	pca	per_subclass	L5 IT
H20.33.034	1	0.7235059287431355	pca	per_subclass	L5 IT
H20.33.035	0	0.8942584305739778	pca	per_subclass	L5 IT
H20.33.036	1	0.9168841505492169	pca	per_subclass	L5 IT
H20.33.037	1	0.9484140727715566	pca	per_subclass	L5 IT
H20.33.038	1	0.9801754438652106	pca	per_subclass	L5 IT
H20.33.039	1	0.5303244114896751	pca	per_subclass	L5 IT
H20.33.040	1	0.8124074107353731	pca	per_subclass	L5 IT
H20.33.041	1	0.392076888053036	pca	per_subclass	L5 IT
H20.33.043	1	0.19789867317865278	pca	per_subclass	L5 IT
H20.33.044	0	0.6520718120949937	pca	per_subclass	L5 IT
H20.33.045	1	0.971320484043364	pca	per_subclass	L5 IT
H20.33.046	1	0.8703196740736227	pca	per_subclass	L5 IT
H21.33.001	0	0.9864348363371995	pca	per_subclass	L5 IT
H21.33.002	1	0.8552091439301794	pca	per_subclass	L5 IT
H21.33.003	0	0.3996970714081171	pca	per_subclass	L5 IT
H21.33.004	0	0.690679138779261	pca	per_subclass	L5 IT
H21.33.005	1	0.7842512072075646	pca	per_subclass	L5 IT
H21.33.006	1	0.8351575264890856	pca	per_subclass	L5 IT
H21.33.007	1	0.8904122627730138	pca	per_subclass	L5 IT
H21.33.008	1	0.9152624337057279	pca	per_subclass	L5 IT
H21.33.009	1	0.8681869405512413	pca	per_subclass	L5 IT
H21.33.010	1	0.93580378883312	pca	per_subclass	L5 IT
H21.33.011	0	0.644319937502973	pca	per_subclass	L5 IT
H21.33.012	1	0.6744216615999014	pca	per_subclass	L5 IT
H21.33.013	1	0.9110599001161497	pca	per_subclass	L5 IT
H21.33.014	1	0.27479414993951873	pca	per_subclass	L5 IT
H21.33.015	0	0.6909982467212163	pca	per_subclass	L5 IT
H21.33.016	0	0.7178025597375455	pca	per_subclass	L5 IT
H21.33.017	1	0.8608763713955627	pca	per_subclass	L5 IT
H21.33.018	0	0.8109396725989697	pca	per_subclass	L5 IT
H21.33.019	0	0.45070523419798736	pca	per_subclass	L5 IT
H21.33.020	1	0.9849319056089236	pca	per_subclass	L5 IT
H21.33.021	1	0.9657325531766722	pca	per_subclass	L5 IT
H21.33.022	1	0.6358790745231732	pca	per_subclass	L5 IT
H21.33.023	0	0.6771453570204202	pca	per_subclass	L5 IT
H21.33.025	1	0.6409376220756283	pca	per_subclass	L5 IT
H21.33.026	1	0.7405818737076452	pca	per_subclass	L5 IT
H21.33.027	1	0.755567698753992	pca	per_subclass	L5 IT
H21.33.028	0	0.611560525425934	pca	per_subclass	L5 IT
H21.33.029	1	0.7671019357030314	pca	per_subclass	L5 IT
H21.33.030	1	0.8694378727514221	pca	per_subclass	L5 IT
H21.33.031	1	0.8242563313705278	pca	per_subclass	L5 IT
H21.33.032	0	0.7614444364678135	pca	per_subclass	L5 IT
H21.33.033	1	0.6448156516355935	pca	per_subclass	L5 IT
H21.33.034	1	0.9474109669662637	pca	per_subclass	L5 IT
H21.33.035	1	0.8427332294849672	pca	per_subclass	L5 IT
H21.33.036	1	0.7307997714534753	pca	per_subclass	L5 IT
H21.33.037	0	0.6116857758389596	pca	per_subclass	L5 IT
H21.33.038	0	0.7205690643251594	pca	per_subclass	L5 IT
H21.33.039	1	0.826889227825105	pca	per_subclass	L5 IT
H21.33.040	1	0.9394920288706992	pca	per_subclass	L5 IT
H21.33.041	0	0.6567990205327648	pca	per_subclass	L5 IT
H21.33.042	1	0.6569909773151041	pca	per_subclass	L5 IT
H21.33.043	0	0.9314930210084468	pca	per_subclass	L5 IT
H21.33.044	1	0.7784378159655598	pca	per_subclass	L5 IT
H21.33.045	1	0.965745135341711	pca	per_subclass	L5 IT
H21.33.046	1	0.9305890408541027	pca	per_subclass	L5 IT
H21.33.047	1	0.870667684321672	pca	per_subclass	L5 IT
H19.33.004	0	0.9813908488235807	pca	per_subclass	L5/6 NP
H20.33.001	0	0.864279885511771	pca	per_subclass	L5/6 NP
H20.33.002	0	0.7273220074406005	pca	per_subclass	L5/6 NP
H20.33.004	1	0.4880726303131633	pca	per_subclass	L5/6 NP
H20.33.005	1	0.944301135175901	pca	per_subclass	L5/6 NP
H20.33.008	1	0.8362244163109016	pca	per_subclass	L5/6 NP
H20.33.011	1	0.5962521422135189	pca	per_subclass	L5/6 NP
H20.33.012	0	0.6928696894340873	pca	per_subclass	L5/6 NP
H20.33.013	1	0.6230598466340191	pca	per_subclass	L5/6 NP
H20.33.014	1	0.5850413602492697	pca	per_subclass	L5/6 NP
H20.33.015	1	0.7101419727364989	pca	per_subclass	L5/6 NP
H20.33.016	1	0.5332237024171873	pca	per_subclass	L5/6 NP
H20.33.017	1	0.9445440917936843	pca	per_subclass	L5/6 NP
H20.33.018	1	0.9757632154749072	pca	per_subclass	L5/6 NP
H20.33.019	1	0.6218697815627745	pca	per_subclass	L5/6 NP
H20.33.020	1	0.9340777384698589	pca	per_subclass	L5/6 NP
H20.33.024	1	0.5495704320909056	pca	per_subclass	L5/6 NP
H20.33.025	1	0.7207162702240069	pca	per_subclass	L5/6 NP
H20.33.026	1	0.8393468452972224	pca	per_subclass	L5/6 NP
H20.33.027	1	0.5474069986289115	pca	per_subclass	L5/6 NP
H20.33.028	1	0.9285510498681073	pca	per_subclass	L5/6 NP
H20.33.029	1	0.6456084563190188	pca	per_subclass	L5/6 NP
H20.33.030	1	0.5346153321110159	pca	per_subclass	L5/6 NP
H20.33.031	1	0.6745232131690015	pca	per_subclass	L5/6 NP
H20.33.032	1	0.5804769795359535	pca	per_subclass	L5/6 NP
H20.33.033	1	0.9679320633831908	pca	per_subclass	L5/6 NP
H20.33.034	1	0.8204459940477346	pca	per_subclass	L5/6 NP
H20.33.035	0	0.8234312142087414	pca	per_subclass	L5/6 NP
H20.33.036	1	0.951571616012164	pca	per_subclass	L5/6 NP
H20.33.037	1	0.9908520861474166	pca	per_subclass	L5/6 NP
H20.33.039	1	0.6717448847981998	pca	per_subclass	L5/6 NP
H20.33.040	1	0.8009679104768654	pca	per_subclass	L5/6 NP
H20.33.041	1	0.8648343101764645	pca	per_subclass	L5/6 NP
H20.33.043	1	0.30511647402343417	pca	per_subclass	L5/6 NP
H20.33.044	0	0.7728919886360884	pca	per_subclass	L5/6 NP
H20.33.045	1	0.9865673647770979	pca	per_subclass	L5/6 NP
H20.33.046	1	0.9169969511033026	pca	per_subclass	L5/6 NP
H21.33.001	0	0.9581521031294393	pca	per_subclass	L5/6 NP
H21.33.002	1	0.9289164554803655	pca	per_subclass	L5/6 NP
H21.33.003	0	0.7752235478994135	pca	per_subclass	L5/6 NP
H21.33.004	0	0.37597690319156113	pca	per_subclass	L5/6 NP
H21.33.005	1	0.8870126644687962	pca	per_subclass	L5/6 NP
H21.33.006	1	0.5160432330239892	pca	per_subclass	L5/6 NP
H21.33.007	1	0.8686495445761494	pca	per_subclass	L5/6 NP
H21.33.008	1	0.799188611787924	pca	per_subclass	L5/6 NP
H21.33.009	1	0.9901071393906236	pca	per_subclass	L5/6 NP
H21.33.010	1	0.891993239778451	pca	per_subclass	L5/6 NP
H21.33.011	0	0.5987269766179117	pca	per_subclass	L5/6 NP
H21.33.012	1	0.53743811287076	pca	per_subclass	L5/6 NP
H21.33.013	1	0.8726539990200404	pca	per_subclass	L5/6 NP
H21.33.014	1	0.5886240252218504	pca	per_subclass	L5/6 NP
H21.33.015	0	0.6876914989351292	pca	per_subclass	L5/6 NP
H21.33.016	0	0.5655401251141836	pca	per_subclass	L5/6 NP
H21.33.017	1	0.7590942542230831	pca	per_subclass	L5/6 NP
H21.33.018	0	0.8727907582314393	pca	per_subclass	L5/6 NP
H21.33.019	0	0.6466697620877729	pca	per_subclass	L5/6 NP
H21.33.021	1	0.8885311750086915	pca	per_subclass	L5/6 NP
H21.33.022	1	0.7878249887823857	pca	per_subclass	L5/6 NP
H21.33.023	0	0.7148579542758184	pca	per_subclass	L5/6 NP
H21.33.025	1	0.8538165789870028	pca	per_subclass	L5/6 NP
H21.33.026	1	0.8129630082056828	pca	per_subclass	L5/6 NP
H21.33.027	1	0.6622682266043729	pca	per_subclass	L5/6 NP
H21.33.028	0	0.8113122976174119	pca	per_subclass	L5/6 NP
H21.33.029	1	0.9343625634669595	pca	per_subclass	L5/6 NP
H21.33.030	1	0.6489657075005336	pca	per_subclass	L5/6 NP
H21.33.031	1	0.6983098909880324	pca	per_subclass	L5/6 NP
H21.33.032	0	0.8268237897503681	pca	per_subclass	L5/6 NP
H21.33.033	1	0.858173959265365	pca	per_subclass	L5/6 NP
H21.33.034	1	0.9421165818790739	pca	per_subclass	L5/6 NP
H21.33.035	1	0.7818687969686636	pca	per_subclass	L5/6 NP
H21.33.036	1	0.6081323941891197	pca	per_subclass	L5/6 NP
H21.33.037	0	0.48737680636347347	pca	per_subclass	L5/6 NP
H21.33.038	0	0.657892202436028	pca	per_subclass	L5/6 NP
H21.33.039	1	0.9378311440364241	pca	per_subclass	L5/6 NP
H21.33.040	1	0.8666489330638527	pca	per_subclass	L5/6 NP
H21.33.041	0	0.6112355442024409	pca	per_subclass	L5/6 NP
H21.33.042	1	0.7879529533451103	pca	per_subclass	L5/6 NP
H21.33.043	0	0.8976962199615326	pca	per_subclass	L5/6 NP
H21.33.044	1	0.5755863881499216	pca	per_subclass	L5/6 NP
H21.33.045	1	0.9725749755588998	pca	per_subclass	L5/6 NP
H21.33.046	1	0.6725292451669055	pca	per_subclass	L5/6 NP
H21.33.047	1	0.5540711784221709	pca	per_subclass	L5/6 NP
H19.33.004	0	0.987998722041965	pca	per_subclass	L6 CT
H20.33.001	0	0.6565916372245996	pca	per_subclass	L6 CT
H20.33.002	0	0.6307579695142502	pca	per_subclass	L6 CT
H20.33.004	1	0.6098544231701502	pca	per_subclass	L6 CT
H20.33.005	1	0.8481518606464009	pca	per_subclass	L6 CT
H20.33.008	1	0.2685776745173493	pca	per_subclass	L6 CT
H20.33.011	1	0.560150481864759	pca	per_subclass	L6 CT
H20.33.012	0	0.7920316599238987	pca	per_subclass	L6 CT
H20.33.013	1	0.5184858411773909	pca	per_subclass	L6 CT
H20.33.014	1	0.6710622636619977	pca	per_subclass	L6 CT
H20.33.015	1	0.9099976097737559	pca	per_subclass	L6 CT
H20.33.016	1	0.5419469352067023	pca	per_subclass	L6 CT
H20.33.017	1	0.8303299285438731	pca	per_subclass	L6 CT
H20.33.018	1	0.9647896115011761	pca	per_subclass	L6 CT
H20.33.019	1	0.6111626098588689	pca	per_subclass	L6 CT
H20.33.020	1	0.9351312432381753	pca	per_subclass	L6 CT
H20.33.024	1	0.5929985838987479	pca	per_subclass	L6 CT
H20.33.025	1	0.37107407997834707	pca	per_subclass	L6 CT
H20.33.026	1	0.9663164266430924	pca	per_subclass	L6 CT
H20.33.027	1	0.5098540524381115	pca	per_subclass	L6 CT
H20.33.028	1	0.8689102475809592	pca	per_subclass	L6 CT
H20.33.029	1	0.5880759840924684	pca	per_subclass	L6 CT
H20.33.030	1	0.8353494610862494	pca	per_subclass	L6 CT
H20.33.031	1	0.6011025566823947	pca	per_subclass	L6 CT
H20.33.032	1	0.632564948726292	pca	per_subclass	L6 CT
H20.33.033	1	0.9664061982301246	pca	per_subclass	L6 CT
H20.33.034	1	0.7462310978118643	pca	per_subclass	L6 CT
H20.33.035	0	0.8027950544789595	pca	per_subclass	L6 CT
H20.33.036	1	0.9707717993826155	pca	per_subclass	L6 CT
H20.33.037	1	0.9709745254815072	pca	per_subclass	L6 CT
H20.33.039	1	0.6169900977111903	pca	per_subclass	L6 CT
H20.33.040	1	0.6256031597754038	pca	per_subclass	L6 CT
H20.33.041	1	0.6274309410374167	pca	per_subclass	L6 CT
H20.33.043	1	0.5315881887127842	pca	per_subclass	L6 CT
H20.33.044	0	0.6378297065766284	pca	per_subclass	L6 CT
H20.33.045	1	0.9681666417878869	pca	per_subclass	L6 CT
H20.33.046	1	0.9484861662469608	pca	per_subclass	L6 CT
H21.33.001	0	0.9891311436676562	pca	per_subclass	L6 CT
H21.33.002	1	0.9631146682732596	pca	per_subclass	L6 CT
H21.33.003	0	0.5457335507859657	pca	per_subclass	L6 CT
H21.33.004	0	0.512089512054432	pca	per_subclass	L6 CT
H21.33.005	1	0.6116132616036012	pca	per_subclass	L6 CT
H21.33.006	1	0.41445739933003134	pca	per_subclass	L6 CT
H21.33.007	1	0.8767948581389466	pca	per_subclass	L6 CT
H21.33.008	1	0.9645398323625107	pca	per_subclass	L6 CT
H21.33.009	1	0.96881844414733	pca	per_subclass	L6 CT
H21.33.010	1	0.9402944326914933	pca	per_subclass	L6 CT
H21.33.011	0	0.7958439797642628	pca	per_subclass	L6 CT
H21.33.012	1	0.6895436192752677	pca	per_subclass	L6 CT
H21.33.013	1	0.8461724288535232	pca	per_subclass	L6 CT
H21.33.014	1	0.7943427582083225	pca	per_subclass	L6 CT
H21.33.015	0	0.750320817466524	pca	per_subclass	L6 CT
H21.33.016	0	0.7948586877880143	pca	per_subclass	L6 CT
H21.33.017	1	0.3901948715345802	pca	per_subclass	L6 CT
H21.33.018	0	0.8849539054624047	pca	per_subclass	L6 CT
H21.33.019	0	0.4374060938884181	pca	per_subclass	L6 CT
H21.33.021	1	0.9331502936178998	pca	per_subclass	L6 CT
H21.33.022	1	0.7340224183288943	pca	per_subclass	L6 CT
H21.33.023	0	0.7685461751911644	pca	per_subclass	L6 CT
H21.33.025	1	0.42806681107247124	pca	per_subclass	L6 CT
H21.33.026	1	0.6839010904615155	pca	per_subclass	L6 CT
H21.33.027	1	0.7665113467765746	pca	per_subclass	L6 CT
H21.33.028	0	0.6744805481033603	pca	per_subclass	L6 CT
H21.33.029	1	0.8145900873926646	pca	per_subclass	L6 CT
H21.33.030	1	0.7305663929389704	pca	per_subclass	L6 CT
H21.33.031	1	0.7484701054205636	pca	per_subclass	L6 CT
H21.33.032	0	0.6158415812058375	pca	per_subclass	L6 CT
H21.33.033	1	0.6572424357009818	pca	per_subclass	L6 CT
H21.33.035	1	0.8057404169514564	pca	per_subclass	L6 CT
H21.33.036	1	0.5859653336608758	pca	per_subclass	L6 CT
H21.33.037	0	0.6266201785499822	pca	per_subclass	L6 CT
H21.33.038	0	0.716898010840681	pca	per_subclass	L6 CT
H21.33.039	1	0.8794342529947846	pca	per_subclass	L6 CT
H21.33.040	1	0.8305415328510785	pca	per_subclass	L6 CT
H21.33.041	0	0.6952482404840159	pca	per_subclass	L6 CT
H21.33.042	1	0.7470938215378489	pca	per_subclass	L6 CT
H21.33.043	0	0.8684881177483594	pca	per_subclass	L6 CT
H21.33.044	1	0.7703780664296915	pca	per_subclass	L6 CT
H21.33.045	1	0.9831347643219706	pca	per_subclass	L6 CT
H21.33.046	1	0.880104270139829	pca	per_subclass	L6 CT
H21.33.047	1	0.7352597078048706	pca	per_subclass	L6 CT
H19.33.004	0	0.9824937555482425	pca	per_subclass	L6 IT
H20.33.001	0	0.6270552945458403	pca	per_subclass	L6 IT
H20.33.002	0	0.718281567961902	pca	per_subclass	L6 IT
H20.33.004	1	0.7298239619522814	pca	per_subclass	L6 IT
H20.33.005	1	0.850087933154974	pca	per_subclass	L6 IT
H20.33.008	1	0.4964811639530716	pca	per_subclass	L6 IT
H20.33.011	1	0.43672807290344207	pca	per_subclass	L6 IT
H20.33.012	0	0.7408729694317417	pca	per_subclass	L6 IT
H20.33.013	1	0.6119418670182812	pca	per_subclass	L6 IT
H20.33.014	1	0.42264169547071795	pca	per_subclass	L6 IT
H20.33.015	1	0.5500049435005296	pca	per_subclass	L6 IT
H20.33.016	1	0.6068440448287437	pca	per_subclass	L6 IT
H20.33.017	1	0.8648832309967966	pca	per_subclass	L6 IT
H20.33.018	1	0.938502620383163	pca	per_subclass	L6 IT
H20.33.019	1	0.7728137956381408	pca	per_subclass	L6 IT
H20.33.020	1	0.8839761342554491	pca	per_subclass	L6 IT
H20.33.024	1	0.5784107993967216	pca	per_subclass	L6 IT
H20.33.025	1	0.24587545251080675	pca	per_subclass	L6 IT
H20.33.026	1	0.9219562393813225	pca	per_subclass	L6 IT
H20.33.027	1	0.5493317406689471	pca	per_subclass	L6 IT
H20.33.028	1	0.946204007117186	pca	per_subclass	L6 IT
H20.33.029	1	0.642771872696906	pca	per_subclass	L6 IT
H20.33.030	1	0.8277844667383676	pca	per_subclass	L6 IT
H20.33.031	1	0.48556228652394406	pca	per_subclass	L6 IT
H20.33.032	1	0.7804150962056728	pca	per_subclass	L6 IT
H20.33.033	1	0.9843379778027785	pca	per_subclass	L6 IT
H20.33.034	1	0.7876587323884254	pca	per_subclass	L6 IT
H20.33.035	0	0.783595920702713	pca	per_subclass	L6 IT
H20.33.036	1	0.9298585337668082	pca	per_subclass	L6 IT
H20.33.037	1	0.9884125370957946	pca	per_subclass	L6 IT
H20.33.039	1	0.5917848906832347	pca	per_subclass	L6 IT
H20.33.040	1	0.6116007597818596	pca	per_subclass	L6 IT
H20.33.041	1	0.6316231086404414	pca	per_subclass	L6 IT
H20.33.043	1	0.697072286694126	pca	per_subclass	L6 IT
H20.33.044	0	0.7277219847281223	pca	per_subclass	L6 IT
H20.33.045	1	0.965276211474227	pca	per_subclass	L6 IT
H20.33.046	1	0.9104816915844163	pca	per_subclass	L6 IT
H21.33.001	0	0.9983671183537993	pca	per_subclass	L6 IT
H21.33.002	1	0.8914462698045682	pca	per_subclass	L6 IT
H21.33.003	0	0.5334892631318244	pca	per_subclass	L6 IT
H21.33.004	0	0.4583258680315069	pca	per_subclass	L6 IT
H21.33.005	1	0.8242548811902802	pca	per_subclass	L6 IT
H21.33.006	1	0.6039705980562677	pca	per_subclass	L6 IT
H21.33.007	1	0.8859598924665886	pca	per_subclass	L6 IT
H21.33.008	1	0.9867677014799078	pca	per_subclass	L6 IT
H21.33.009	1	0.9653589676982561	pca	per_subclass	L6 IT
H21.33.010	1	0.8736455872007293	pca	per_subclass	L6 IT
H21.33.011	0	0.7671715815258555	pca	per_subclass	L6 IT
H21.33.012	1	0.7713820607702266	pca	per_subclass	L6 IT
H21.33.013	1	0.7984217999359756	pca	per_subclass	L6 IT
H21.33.014	1	0.5436207635264274	pca	per_subclass	L6 IT
H21.33.015	0	0.34283974200881745	pca	per_subclass	L6 IT
H21.33.016	0	0.6966867040524815	pca	per_subclass	L6 IT
H21.33.017	1	0.77138903294965	pca	per_subclass	L6 IT
H21.33.018	0	0.8091797811878051	pca	per_subclass	L6 IT
H21.33.019	0	0.43975551279217606	pca	per_subclass	L6 IT
H21.33.021	1	0.926276955891914	pca	per_subclass	L6 IT
H21.33.022	1	0.8582914214545067	pca	per_subclass	L6 IT
H21.33.023	0	0.8008596722772741	pca	per_subclass	L6 IT
H21.33.025	1	0.8216894697925898	pca	per_subclass	L6 IT
H21.33.026	1	0.7332201129417311	pca	per_subclass	L6 IT
H21.33.027	1	0.8258736205336572	pca	per_subclass	L6 IT
H21.33.028	0	0.5137038699523719	pca	per_subclass	L6 IT
H21.33.029	1	0.8429900527842813	pca	per_subclass	L6 IT
H21.33.030	1	0.534981562503331	pca	per_subclass	L6 IT
H21.33.031	1	0.8979829663590028	pca	per_subclass	L6 IT
H21.33.032	0	0.6151015856589808	pca	per_subclass	L6 IT
H21.33.033	1	0.6767326461816964	pca	per_subclass	L6 IT
H21.33.034	1	0.9744606966525897	pca	per_subclass	L6 IT
H21.33.035	1	0.8206912841825588	pca	per_subclass	L6 IT
H21.33.036	1	0.5713380741344016	pca	per_subclass	L6 IT
H21.33.037	0	0.6972719759360476	pca	per_subclass	L6 IT
H21.33.038	0	0.7337328126486613	pca	per_subclass	L6 IT
H21.33.039	1	0.8012282294566269	pca	per_subclass	L6 IT
H21.33.040	1	0.8897038981979744	pca	per_subclass	L6 IT
H21.33.041	0	0.5599832418774067	pca	per_subclass	L6 IT
H21.33.042	1	0.7733585350276215	pca	per_subclass	L6 IT
H21.33.043	0	0.882803982130525	pca	per_subclass	L6 IT
H21.33.044	1	0.29598074044560685	pca	per_subclass	L6 IT
H21.33.045	1	0.9736673101992442	pca	per_subclass	L6 IT
H21.33.046	1	0.8839123354702391	pca	per_subclass	L6 IT
H21.33.047	1	0.6120563222232238	pca	per_subclass	L6 IT
H19.33.004	0	0.98417198121907	pca	per_subclass	L6 IT Car3
H20.33.001	0	0.7574776973623305	pca	per_subclass	L6 IT Car3
H20.33.002	0	0.8157941354910957	pca	per_subclass	L6 IT Car3
H20.33.004	1	0.7002736180938166	pca	per_subclass	L6 IT Car3
H20.33.005	1	0.932071432687392	pca	per_subclass	L6 IT Car3
H20.33.008	1	0.19606269235098703	pca	per_subclass	L6 IT Car3
H20.33.011	1	0.5906188531851494	pca	per_subclass	L6 IT Car3
H20.33.012	0	0.8444955355747169	pca	per_subclass	L6 IT Car3
H20.33.013	1	0.731191236428737	pca	per_subclass	L6 IT Car3
H20.33.014	1	0.7805883992600545	pca	per_subclass	L6 IT Car3
H20.33.015	1	0.9697561470344148	pca	per_subclass	L6 IT Car3
H20.33.016	1	0.7460471007699703	pca	per_subclass	L6 IT Car3
H20.33.017	1	0.7308009032546143	pca	per_subclass	L6 IT Car3
H20.33.018	1	0.9300403415443139	pca	per_subclass	L6 IT Car3
H20.33.019	1	0.8846228376221317	pca	per_subclass	L6 IT Car3
H20.33.020	1	0.7206801412515003	pca	per_subclass	L6 IT Car3
H20.33.024	1	0.48046448088324334	pca	per_subclass	L6 IT Car3
H20.33.025	1	0.595426427115517	pca	per_subclass	L6 IT Car3
H20.33.026	1	0.8728516622933646	pca	per_subclass	L6 IT Car3
H20.33.027	1	0.7393350583479397	pca	per_subclass	L6 IT Car3
H20.33.028	1	0.9366558234585469	pca	per_subclass	L6 IT Car3
H20.33.029	1	0.45015685541012707	pca	per_subclass	L6 IT Car3
H20.33.030	1	0.8284687588570204	pca	per_subclass	L6 IT Car3
H20.33.031	1	0.39662913727932325	pca	per_subclass	L6 IT Car3
H20.33.032	1	0.6049908018852821	pca	per_subclass	L6 IT Car3
H20.33.033	1	0.976815631305602	pca	per_subclass	L6 IT Car3
H20.33.034	1	0.6441789640837593	pca	per_subclass	L6 IT Car3
H20.33.035	0	0.7953435131676214	pca	per_subclass	L6 IT Car3
H20.33.036	1	0.8880107295480315	pca	per_subclass	L6 IT Car3
H20.33.037	1	0.9269316592286792	pca	per_subclass	L6 IT Car3
H20.33.038	1	0.8140440381218077	pca	per_subclass	L6 IT Car3
H20.33.039	1	0.7386090907492159	pca	per_subclass	L6 IT Car3
H20.33.040	1	0.7090652093399287	pca	per_subclass	L6 IT Car3
H20.33.041	1	0.8157496644974145	pca	per_subclass	L6 IT Car3
H20.33.043	1	0.5853565936270418	pca	per_subclass	L6 IT Car3
H20.33.044	0	0.8063422211426896	pca	per_subclass	L6 IT Car3
H20.33.045	1	0.8950026398337873	pca	per_subclass	L6 IT Car3
H20.33.046	1	0.8141946541958681	pca	per_subclass	L6 IT Car3
H21.33.001	0	0.9953344531880527	pca	per_subclass	L6 IT Car3
H21.33.002	1	0.6788737236103014	pca	per_subclass	L6 IT Car3
H21.33.003	0	0.5022178990263954	pca	per_subclass	L6 IT Car3
H21.33.004	0	0.45452221136942705	pca	per_subclass	L6 IT Car3
H21.33.005	1	0.569756821648282	pca	per_subclass	L6 IT Car3
H21.33.006	1	0.37062735585624634	pca	per_subclass	L6 IT Car3
H21.33.007	1	0.8737156466701931	pca	per_subclass	L6 IT Car3
H21.33.008	1	0.8521797045615516	pca	per_subclass	L6 IT Car3
H21.33.009	1	0.8719288448275588	pca	per_subclass	L6 IT Car3
H21.33.010	1	0.9280357959278863	pca	per_subclass	L6 IT Car3
H21.33.011	0	0.5081473990868083	pca	per_subclass	L6 IT Car3
H21.33.012	1	0.7635735097334615	pca	per_subclass	L6 IT Car3
H21.33.013	1	0.9289863884070085	pca	per_subclass	L6 IT Car3
H21.33.014	1	0.8496554125471949	pca	per_subclass	L6 IT Car3
H21.33.015	0	0.7234326864763877	pca	per_subclass	L6 IT Car3
H21.33.016	0	0.7961363375571574	pca	per_subclass	L6 IT Car3
H21.33.017	1	0.8554089085434706	pca	per_subclass	L6 IT Car3
H21.33.018	0	0.699928523533911	pca	per_subclass	L6 IT Car3
H21.33.019	0	0.5257459743010703	pca	per_subclass	L6 IT Car3
H21.33.021	1	0.5369546347231278	pca	per_subclass	L6 IT Car3
H21.33.022	1	0.7512894967712473	pca	per_subclass	L6 IT Car3
H21.33.023	0	0.6126141660854578	pca	per_subclass	L6 IT Car3
H21.33.025	1	0.7666620862601474	pca	per_subclass	L6 IT Car3
H21.33.026	1	0.2995593466758432	pca	per_subclass	L6 IT Car3
H21.33.027	1	0.7196282500836755	pca	per_subclass	L6 IT Car3
H21.33.028	0	0.6669156961201322	pca	per_subclass	L6 IT Car3
H21.33.029	1	0.7991164560839324	pca	per_subclass	L6 IT Car3
H21.33.030	1	0.47435250515809146	pca	per_subclass	L6 IT Car3
H21.33.031	1	0.831554372833055	pca	per_subclass	L6 IT Car3
H21.33.032	0	0.6640432859284852	pca	per_subclass	L6 IT Car3
H21.33.033	1	0.7317950828409974	pca	per_subclass	L6 IT Car3
H21.33.034	1	0.7736176781928275	pca	per_subclass	L6 IT Car3
H21.33.035	1	0.9181299380103913	pca	per_subclass	L6 IT Car3
H21.33.036	1	0.603821881184907	pca	per_subclass	L6 IT Car3
H21.33.037	0	0.7062798674357076	pca	per_subclass	L6 IT Car3
H21.33.038	0	0.6242567925835936	pca	per_subclass	L6 IT Car3
H21.33.039	1	0.8952528149763042	pca	per_subclass	L6 IT Car3
H21.33.040	1	0.9475695078471675	pca	per_subclass	L6 IT Car3
H21.33.041	0	0.8270919826623004	pca	per_subclass	L6 IT Car3
H21.33.042	1	0.8480715725161696	pca	per_subclass	L6 IT Car3
H21.33.043	0	0.9129038361649456	pca	per_subclass	L6 IT Car3
H21.33.044	1	0.9245593416683994	pca	per_subclass	L6 IT Car3
H21.33.045	1	0.9446123032189366	pca	per_subclass	L6 IT Car3
H21.33.046	1	0.8852197864329903	pca	per_subclass	L6 IT Car3
H21.33.047	1	0.5094399062522703	pca	per_subclass	L6 IT Car3
H19.33.004	0	0.9871844034442148	pca	per_subclass	L6b
H20.33.001	0	0.49441136065726815	pca	per_subclass	L6b
H20.33.002	0	0.485618797768414	pca	per_subclass	L6b
H20.33.004	1	0.7170654351005048	pca	per_subclass	L6b
H20.33.005	1	0.8545855108237449	pca	per_subclass	L6b
H20.33.008	1	0.07416187169645255	pca	per_subclass	L6b
H20.33.011	1	0.6946863139400407	pca	per_subclass	L6b
H20.33.012	0	0.7676595837873915	pca	per_subclass	L6b
H20.33.013	1	0.5144354811536423	pca	per_subclass	L6b
H20.33.014	1	0.5273464187264126	pca	per_subclass	L6b
H20.33.015	1	0.8557137800458576	pca	per_subclass	L6b
H20.33.016	1	0.7819436010811606	pca	per_subclass	L6b
H20.33.017	1	0.863801387795365	pca	per_subclass	L6b
H20.33.018	1	0.9747138288254416	pca	per_subclass	L6b
H20.33.019	1	0.4692702052287795	pca	per_subclass	L6b
H20.33.020	1	0.9654753225079133	pca	per_subclass	L6b
H20.33.024	1	0.49752085483666997	pca	per_subclass	L6b
H20.33.025	1	0.5833088411335977	pca	per_subclass	L6b
H20.33.026	1	0.972017144259693	pca	per_subclass	L6b
H20.33.027	1	0.6541214495233232	pca	per_subclass	L6b
H20.33.028	1	0.9639648463698931	pca	per_subclass	L6b
H20.33.029	1	0.6594990919283005	pca	per_subclass	L6b
H20.33.030	1	0.8767365671486793	pca	per_subclass	L6b
H20.33.031	1	0.6510974709954882	pca	per_subclass	L6b
H20.33.032	1	0.41990520646310125	pca	per_subclass	L6b
H20.33.033	1	0.9906614871730369	pca	per_subclass	L6b
H20.33.034	1	0.8285788621434038	pca	per_subclass	L6b
H20.33.035	0	0.8733476146669249	pca	per_subclass	L6b
H20.33.036	1	0.8576362894117044	pca	per_subclass	L6b
H20.33.037	1	0.9791916981713797	pca	per_subclass	L6b
H20.33.039	1	0.4989482729211917	pca	per_subclass	L6b
H20.33.040	1	0.7891752788177442	pca	per_subclass	L6b
H20.33.041	1	0.7270039549398749	pca	per_subclass	L6b
H20.33.043	1	0.6795836084848027	pca	per_subclass	L6b
H20.33.044	0	0.6152254932702462	pca	per_subclass	L6b
H20.33.045	1	0.9829950245268384	pca	per_subclass	L6b
H20.33.046	1	0.9661833128208099	pca	per_subclass	L6b
H21.33.001	0	0.629407981443934	pca	per_subclass	L6b
H21.33.002	1	0.9511322665250406	pca	per_subclass	L6b
H21.33.003	0	0.4733863065083728	pca	per_subclass	L6b
H21.33.004	0	0.171615249613385	pca	per_subclass	L6b
H21.33.005	1	0.7690061546408581	pca	per_subclass	L6b
H21.33.006	1	0.6523423760408359	pca	per_subclass	L6b
H21.33.007	1	0.882373110539971	pca	per_subclass	L6b
H21.33.008	1	0.966104292179133	pca	per_subclass	L6b
H21.33.009	1	0.9796486543361222	pca	per_subclass	L6b
H21.33.010	1	0.9451593881680409	pca	per_subclass	L6b
H21.33.011	0	0.6005885786853543	pca	per_subclass	L6b
H21.33.012	1	0.8394447408830155	pca	per_subclass	L6b
H21.33.013	1	0.6896779890941364	pca	per_subclass	L6b
H21.33.014	1	0.5943940219535948	pca	per_subclass	L6b
H21.33.015	0	0.5927573610768688	pca	per_subclass	L6b
H21.33.016	0	0.7912941922387295	pca	per_subclass	L6b
H21.33.017	1	0.7019525066461808	pca	per_subclass	L6b
H21.33.018	0	0.9061380356011884	pca	per_subclass	L6b
H21.33.019	0	0.4088182616618611	pca	per_subclass	L6b
H21.33.021	1	0.8307873703275561	pca	per_subclass	L6b
H21.33.022	1	0.8767549928516181	pca	per_subclass	L6b
H21.33.023	0	0.5919240519010198	pca	per_subclass	L6b
H21.33.025	1	0.8039051070369034	pca	per_subclass	L6b
H21.33.026	1	0.7508573685881463	pca	per_subclass	L6b
H21.33.027	1	0.8268237207331337	pca	per_subclass	L6b
H21.33.028	0	0.8111349530074763	pca	per_subclass	L6b
H21.33.029	1	0.7138310467233828	pca	per_subclass	L6b
H21.33.030	1	0.7748992557768898	pca	per_subclass	L6b
H21.33.031	1	0.88540369550186	pca	per_subclass	L6b
H21.33.032	0	0.6678378275410518	pca	per_subclass	L6b
H21.33.033	1	0.7057316070954774	pca	per_subclass	L6b
H21.33.034	1	0.968742252922396	pca	per_subclass	L6b
H21.33.035	1	0.8088465526086296	pca	per_subclass	L6b
H21.33.036	1	0.7801727792167301	pca	per_subclass	L6b
H21.33.037	0	0.4033352374875082	pca	per_subclass	L6b
H21.33.038	0	0.698542735005823	pca	per_subclass	L6b
H21.33.039	1	0.7492105344014105	pca	per_subclass	L6b
H21.33.040	1	0.7950228204026824	pca	per_subclass	L6b
H21.33.041	0	0.5308244078389792	pca	per_subclass	L6b
H21.33.042	1	0.7863937737148418	pca	per_subclass	L6b
H21.33.043	0	0.897112439090644	pca	per_subclass	L6b
H21.33.044	1	0.2972922459414161	pca	per_subclass	L6b
H21.33.045	1	0.9672910467874039	pca	per_subclass	L6b
H21.33.046	1	0.9139501800856322	pca	per_subclass	L6b
H21.33.047	1	0.8008216464947322	pca	per_subclass	L6b
H19.33.004	0	0.9321802031854496	pca	per_subclass	Lamp5
H20.33.001	0	0.8268221946778642	pca	per_subclass	Lamp5
H20.33.002	0	0.6107254770677609	pca	per_subclass	Lamp5
H20.33.004	1	0.8196590586542019	pca	per_subclass	Lamp5
H20.33.005	1	0.6836030364592002	pca	per_subclass	Lamp5
H20.33.008	1	0.9422175727773169	pca	per_subclass	Lamp5
H20.33.011	1	0.5143307029213118	pca	per_subclass	Lamp5
H20.33.012	0	0.7709974807455818	pca	per_subclass	Lamp5
H20.33.013	1	0.4823664868652858	pca	per_subclass	Lamp5
H20.33.014	1	0.8744881264744512	pca	per_subclass	Lamp5
H20.33.015	1	0.896183187778208	pca	per_subclass	Lamp5
H20.33.016	1	0.9217514708268638	pca	per_subclass	Lamp5
H20.33.017	1	0.942204532101934	pca	per_subclass	Lamp5
H20.33.018	1	0.9662394789010819	pca	per_subclass	Lamp5
H20.33.019	1	0.9053390582940194	pca	per_subclass	Lamp5
H20.33.020	1	0.9096827821232776	pca	per_subclass	Lamp5
H20.33.024	1	0.04796705517248301	pca	per_subclass	Lamp5
H20.33.025	1	0.569447488717734	pca	per_subclass	Lamp5
H20.33.026	1	0.2214474034139236	pca	per_subclass	Lamp5
H20.33.027	1	0.6794716883193066	pca	per_subclass	Lamp5
H20.33.028	1	0.9896380453687591	pca	per_subclass	Lamp5
H20.33.029	1	0.9557097760479378	pca	per_subclass	Lamp5
H20.33.030	1	0.4562392791384939	pca	per_subclass	Lamp5
H20.33.031	1	0.8778428981530432	pca	per_subclass	Lamp5
H20.33.032	1	0.7669948469895765	pca	per_subclass	Lamp5
H20.33.033	1	0.9545159383503048	pca	per_subclass	Lamp5
H20.33.034	1	0.6469554769838554	pca	per_subclass	Lamp5
H20.33.035	0	0.8312225643033472	pca	per_subclass	Lamp5
H20.33.036	1	0.9859137724392975	pca	per_subclass	Lamp5
H20.33.037	1	0.9837731469286813	pca	per_subclass	Lamp5
H20.33.038	1	0.9222332644390594	pca	per_subclass	Lamp5
H20.33.039	1	0.5104587112608046	pca	per_subclass	Lamp5
H20.33.040	1	0.9263032947280024	pca	per_subclass	Lamp5
H20.33.041	1	0.8681805948144419	pca	per_subclass	Lamp5
H20.33.043	1	0.2714983207243137	pca	per_subclass	Lamp5
H20.33.044	0	0.9118911195241317	pca	per_subclass	Lamp5
H20.33.045	1	0.9658642682727565	pca	per_subclass	Lamp5
H20.33.046	1	0.8185837662439109	pca	per_subclass	Lamp5
H21.33.001	0	0.8788959466438288	pca	per_subclass	Lamp5
H21.33.002	1	0.769333987878887	pca	per_subclass	Lamp5
H21.33.003	0	0.5090345668536241	pca	per_subclass	Lamp5
H21.33.004	0	0.4361192472141412	pca	per_subclass	Lamp5
H21.33.005	1	0.8436768109573445	pca	per_subclass	Lamp5
H21.33.006	1	0.6011406081088968	pca	per_subclass	Lamp5
H21.33.007	1	0.8603753419629318	pca	per_subclass	Lamp5
H21.33.008	1	0.6381916862801063	pca	per_subclass	Lamp5
H21.33.009	1	0.9521245570649441	pca	per_subclass	Lamp5
H21.33.010	1	0.8721599680634771	pca	per_subclass	Lamp5
H21.33.011	0	0.476584432744357	pca	per_subclass	Lamp5
H21.33.012	1	0.6090082954146526	pca	per_subclass	Lamp5
H21.33.013	1	0.9714426401877077	pca	per_subclass	Lamp5
H21.33.014	1	0.7183395231007126	pca	per_subclass	Lamp5
H21.33.015	0	0.22464937804596868	pca	per_subclass	Lamp5
H21.33.016	0	0.6104972670798527	pca	per_subclass	Lamp5
H21.33.017	1	0.9313237674484218	pca	per_subclass	Lamp5
H21.33.018	0	0.8229995417328894	pca	per_subclass	Lamp5
H21.33.019	0	0.8988828601067104	pca	per_subclass	Lamp5
H21.33.021	1	0.8117885376938402	pca	per_subclass	Lamp5
H21.33.022	1	0.6053105394542629	pca	per_subclass	Lamp5
H21.33.023	0	0.49391718146339497	pca	per_subclass	Lamp5
H21.33.025	1	0.8920937323012534	pca	per_subclass	Lamp5
H21.33.026	1	0.8110406644390258	pca	per_subclass	Lamp5
H21.33.027	1	0.42287013944370955	pca	per_subclass	Lamp5
H21.33.028	0	0.8457162224707918	pca	per_subclass	Lamp5
H21.33.029	1	0.9117074721014514	pca	per_subclass	Lamp5
H21.33.030	1	0.6645868212140047	pca	per_subclass	Lamp5
H21.33.031	1	0.5563311292027466	pca	per_subclass	Lamp5
H21.33.032	0	0.6291516082285228	pca	per_subclass	Lamp5
H21.33.033	1	0.957501251516903	pca	per_subclass	Lamp5
H21.33.034	1	0.9888994436774288	pca	per_subclass	Lamp5
H21.33.035	1	0.961418573407345	pca	per_subclass	Lamp5
H21.33.036	1	0.6163553933127395	pca	per_subclass	Lamp5
H21.33.037	0	0.5271876493134918	pca	per_subclass	Lamp5
H21.33.038	0	0.9102120356865087	pca	per_subclass	Lamp5
H21.33.039	1	0.8991473626391431	pca	per_subclass	Lamp5
H21.33.040	1	0.918997234679767	pca	per_subclass	Lamp5
H21.33.041	0	0.8454208863750379	pca	per_subclass	Lamp5
H21.33.042	1	0.783000400417469	pca	per_subclass	Lamp5
H21.33.043	0	0.7765004210305092	pca	per_subclass	Lamp5
H21.33.044	1	0.8468063722250267	pca	per_subclass	Lamp5
H21.33.045	1	0.8875188654432679	pca	per_subclass	Lamp5
H21.33.046	1	0.9415127224441381	pca	per_subclass	Lamp5
H21.33.047	1	0.2950544706754409	pca	per_subclass	Lamp5
H19.33.004	0	0.9724436914425842	pca	per_subclass	Lamp5 Lhx6
H20.33.001	0	0.7827031925770769	pca	per_subclass	Lamp5 Lhx6
H20.33.002	0	0.7406819971405618	pca	per_subclass	Lamp5 Lhx6
H20.33.004	1	0.5990670435137019	pca	per_subclass	Lamp5 Lhx6
H20.33.005	1	0.938391713961688	pca	per_subclass	Lamp5 Lhx6
H20.33.008	1	0.4840308352297832	pca	per_subclass	Lamp5 Lhx6
H20.33.011	1	0.6129447108651528	pca	per_subclass	Lamp5 Lhx6
H20.33.012	0	0.8172883896769024	pca	per_subclass	Lamp5 Lhx6
H20.33.013	1	0.7120452344453649	pca	per_subclass	Lamp5 Lhx6
H20.33.014	1	0.7669869504820125	pca	per_subclass	Lamp5 Lhx6
H20.33.015	1	0.9608573867048866	pca	per_subclass	Lamp5 Lhx6
H20.33.016	1	0.6867317356508729	pca	per_subclass	Lamp5 Lhx6
H20.33.017	1	0.8605770922971754	pca	per_subclass	Lamp5 Lhx6
H20.33.018	1	0.847782312616568	pca	per_subclass	Lamp5 Lhx6
H20.33.019	1	0.858376896663626	pca	per_subclass	Lamp5 Lhx6
H20.33.020	1	0.7804026496893798	pca	per_subclass	Lamp5 Lhx6
H20.33.024	1	0.1601958228862536	pca	per_subclass	Lamp5 Lhx6
H20.33.025	1	0.5560845731343298	pca	per_subclass	Lamp5 Lhx6
H20.33.026	1	0.7769053324252859	pca	per_subclass	Lamp5 Lhx6
H20.33.027	1	0.6220820358179002	pca	per_subclass	Lamp5 Lhx6
H20.33.028	1	0.9186066789111773	pca	per_subclass	Lamp5 Lhx6
H20.33.029	1	0.5893566929416133	pca	per_subclass	Lamp5 Lhx6
H20.33.030	1	0.7940880185264277	pca	per_subclass	Lamp5 Lhx6
H20.33.031	1	0.508070627142015	pca	per_subclass	Lamp5 Lhx6
H20.33.032	1	0.5071081036174905	pca	per_subclass	Lamp5 Lhx6
H20.33.033	1	0.9210779632691392	pca	per_subclass	Lamp5 Lhx6
H20.33.034	1	0.8885684233269696	pca	per_subclass	Lamp5 Lhx6
H20.33.035	0	0.8225566754863308	pca	per_subclass	Lamp5 Lhx6
H20.33.036	1	0.8998555055769462	pca	per_subclass	Lamp5 Lhx6
H20.33.037	1	0.8519364941355082	pca	per_subclass	Lamp5 Lhx6
H20.33.039	1	0.6141678417925893	pca	per_subclass	Lamp5 Lhx6
H20.33.040	1	0.6854357036163096	pca	per_subclass	Lamp5 Lhx6
H20.33.041	1	0.8463210159083095	pca	per_subclass	Lamp5 Lhx6
H20.33.043	1	0.5388653227464364	pca	per_subclass	Lamp5 Lhx6
H20.33.044	0	0.77071621699878	pca	per_subclass	Lamp5 Lhx6
H20.33.045	1	0.8489904360115161	pca	per_subclass	Lamp5 Lhx6
H20.33.046	1	0.8463301474391608	pca	per_subclass	Lamp5 Lhx6
H21.33.001	0	0.9602568166376091	pca	per_subclass	Lamp5 Lhx6
H21.33.002	1	0.41484158248297903	pca	per_subclass	Lamp5 Lhx6
H21.33.003	0	0.5784009580952896	pca	per_subclass	Lamp5 Lhx6
H21.33.004	0	0.519250409078205	pca	per_subclass	Lamp5 Lhx6
H21.33.005	1	0.7195490816762298	pca	per_subclass	Lamp5 Lhx6
H21.33.006	1	0.6306143984063717	pca	per_subclass	Lamp5 Lhx6
H21.33.007	1	0.9137774787931792	pca	per_subclass	Lamp5 Lhx6
H21.33.008	1	0.9523470123404436	pca	per_subclass	Lamp5 Lhx6
H21.33.009	1	0.809950516779175	pca	per_subclass	Lamp5 Lhx6
H21.33.010	1	0.9137959370136202	pca	per_subclass	Lamp5 Lhx6
H21.33.011	0	0.7775755397153523	pca	per_subclass	Lamp5 Lhx6
H21.33.012	1	0.7822793054567743	pca	per_subclass	Lamp5 Lhx6
H21.33.013	1	0.8382712125238125	pca	per_subclass	Lamp5 Lhx6
H21.33.014	1	0.7931917666503494	pca	per_subclass	Lamp5 Lhx6
H21.33.015	0	0.7029005478188772	pca	per_subclass	Lamp5 Lhx6
H21.33.016	0	0.6754850922064957	pca	per_subclass	Lamp5 Lhx6
H21.33.017	1	0.8476755302039262	pca	per_subclass	Lamp5 Lhx6
H21.33.018	0	0.8528650647096722	pca	per_subclass	Lamp5 Lhx6
H21.33.019	0	0.6255704722145521	pca	per_subclass	Lamp5 Lhx6
H21.33.021	1	0.7872703350235033	pca	per_subclass	Lamp5 Lhx6
H21.33.022	1	0.8189954631594786	pca	per_subclass	Lamp5 Lhx6
H21.33.023	0	0.7091337443734386	pca	per_subclass	Lamp5 Lhx6
H21.33.025	1	0.7810101955363256	pca	per_subclass	Lamp5 Lhx6
H21.33.026	1	0.7016830332335099	pca	per_subclass	Lamp5 Lhx6
H21.33.027	1	0.5970809836863207	pca	per_subclass	Lamp5 Lhx6
H21.33.028	0	0.8590892394489635	pca	per_subclass	Lamp5 Lhx6
H21.33.029	1	0.7973010248387985	pca	per_subclass	Lamp5 Lhx6
H21.33.030	1	0.6352339303378096	pca	per_subclass	Lamp5 Lhx6
H21.33.031	1	0.5934528633049124	pca	per_subclass	Lamp5 Lhx6
H21.33.032	0	0.7837392170201716	pca	per_subclass	Lamp5 Lhx6
H21.33.033	1	0.85632793232966	pca	per_subclass	Lamp5 Lhx6
H21.33.034	1	0.9602352964657692	pca	per_subclass	Lamp5 Lhx6
H21.33.035	1	0.6903433994433585	pca	per_subclass	Lamp5 Lhx6
H21.33.036	1	0.7135556837346801	pca	per_subclass	Lamp5 Lhx6
H21.33.037	0	0.6781926093209532	pca	per_subclass	Lamp5 Lhx6
H21.33.038	0	0.8680769805276188	pca	per_subclass	Lamp5 Lhx6
H21.33.039	1	0.8474042349846842	pca	per_subclass	Lamp5 Lhx6
H21.33.040	1	0.9414295391310205	pca	per_subclass	Lamp5 Lhx6
H21.33.041	0	0.718205869623035	pca	per_subclass	Lamp5 Lhx6
H21.33.042	1	0.6953313533780217	pca	per_subclass	Lamp5 Lhx6
H21.33.043	0	0.8116968417466917	pca	per_subclass	Lamp5 Lhx6
H21.33.044	1	0.9033908670278954	pca	per_subclass	Lamp5 Lhx6
H21.33.045	1	0.847268760461913	pca	per_subclass	Lamp5 Lhx6
H21.33.046	1	0.8667539788675246	pca	per_subclass	Lamp5 Lhx6
H21.33.047	1	0.3061109484980751	pca	per_subclass	Lamp5 Lhx6
H19.33.004	0	0.9147796037377294	pca	per_subclass	OPC
H20.33.001	0	0.6812829591472178	pca	per_subclass	OPC
H20.33.002	0	0.7427215860429028	pca	per_subclass	OPC
H20.33.004	1	0.7000337698036857	pca	per_subclass	OPC
H20.33.005	1	0.8461598934784049	pca	per_subclass	OPC
H20.33.008	1	0.8238691491603463	pca	per_subclass	OPC
H20.33.011	1	0.7866245321964732	pca	per_subclass	OPC
H20.33.012	0	0.8042878900267254	pca	per_subclass	OPC
H20.33.013	1	0.7380671576826011	pca	per_subclass	OPC
H20.33.014	1	0.5400301735380987	pca	per_subclass	OPC
H20.33.015	1	0.9425076911305398	pca	per_subclass	OPC
H20.33.016	1	0.8475035122737593	pca	per_subclass	OPC
H20.33.017	1	0.9111126102417726	pca	per_subclass	OPC
H20.33.018	1	0.939407771776761	pca	per_subclass	OPC
H20.33.019	1	0.8617029707210675	pca	per_subclass	OPC
H20.33.020	1	0.7948652130347977	pca	per_subclass	OPC
H20.33.024	1	0.3940382919289334	pca	per_subclass	OPC
H20.33.025	1	0.512501375170068	pca	per_subclass	OPC
H20.33.026	1	0.8437679245770597	pca	per_subclass	OPC
H20.33.027	1	0.8322501924853128	pca	per_subclass	OPC
H20.33.028	1	0.9047940153891965	pca	per_subclass	OPC
H20.33.029	1	0.6994913759645266	pca	per_subclass	OPC
H20.33.030	1	0.7528110306766685	pca	per_subclass	OPC
H20.33.031	1	0.35963475644160237	pca	per_subclass	OPC
H20.33.032	1	0.6763974628905093	pca	per_subclass	OPC
H20.33.033	1	0.748784916278033	pca	per_subclass	OPC
H20.33.034	1	0.9587334331256718	pca	per_subclass	OPC
H20.33.035	0	0.5681480356498388	pca	per_subclass	OPC
H20.33.036	1	0.9417048243504695	pca	per_subclass	OPC
H20.33.037	1	0.9271385856873595	pca	per_subclass	OPC
H20.33.038	1	0.6627250122538525	pca	per_subclass	OPC
H20.33.039	1	0.6999180886130996	pca	per_subclass	OPC
H20.33.040	1	0.8912258246807147	pca	per_subclass	OPC
H20.33.041	1	0.9833164067101074	pca	per_subclass	OPC
H20.33.043	1	0.5576734458913052	pca	per_subclass	OPC
H20.33.044	0	0.620739241953212	pca	per_subclass	OPC
H20.33.045	1	0.9708334707581482	pca	per_subclass	OPC
H20.33.046	1	0.8943011747784183	pca	per_subclass	OPC
H21.33.001	0	0.7818494983088552	pca	per_subclass	OPC
H21.33.002	1	0.6434070660225012	pca	per_subclass	OPC
H21.33.003	0	0.7942369447311066	pca	per_subclass	OPC
H21.33.004	0	0.6178860338579811	pca	per_subclass	OPC
H21.33.005	1	0.8545438621177024	pca	per_subclass	OPC
H21.33.006	1	0.7603397224408346	pca	per_subclass	OPC
H21.33.007	1	0.889436691406401	pca	per_subclass	OPC
H21.33.008	1	0.8333628381162355	pca	per_subclass	OPC
H21.33.009	1	0.9037511829995161	pca	per_subclass	OPC
H21.33.010	1	0.7836676387896755	pca	per_subclass	OPC
H21.33.011	0	0.5037056756188648	pca	per_subclass	OPC
H21.33.012	1	0.5460556930630747	pca	per_subclass	OPC
H21.33.013	1	0.8942189379676492	pca	per_subclass	OPC
H21.33.014	1	0.9670309404170432	pca	per_subclass	OPC
H21.33.015	0	0.5718414168319687	pca	per_subclass	OPC
H21.33.016	0	0.6782374087817111	pca	per_subclass	OPC
H21.33.017	1	0.7072786788194744	pca	per_subclass	OPC
H21.33.018	0	0.9646990811192067	pca	per_subclass	OPC
H21.33.019	0	0.6373908327402453	pca	per_subclass	OPC
H21.33.020	1	0.4953418918146643	pca	per_subclass	OPC
H21.33.021	1	0.8972705069733573	pca	per_subclass	OPC
H21.33.022	1	0.8515412528486148	pca	per_subclass	OPC
H21.33.023	0	0.6512886704146099	pca	per_subclass	OPC
H21.33.025	1	0.9556831792660795	pca	per_subclass	OPC
H21.33.026	1	0.7450888357790746	pca	per_subclass	OPC
H21.33.027	1	0.5157512679081343	pca	per_subclass	OPC
H21.33.028	0	0.7178945607631185	pca	per_subclass	OPC
H21.33.029	1	0.9043661760589125	pca	per_subclass	OPC
H21.33.030	1	0.736263053574603	pca	per_subclass	OPC
H21.33.031	1	0.24795289782280922	pca	per_subclass	OPC
H21.33.032	0	0.7494787180533222	pca	per_subclass	OPC
H21.33.033	1	0.8796350034810994	pca	per_subclass	OPC
H21.33.034	1	0.8886980084684545	pca	per_subclass	OPC
H21.33.035	1	0.8909620531219831	pca	per_subclass	OPC
H21.33.036	1	0.36347608998651115	pca	per_subclass	OPC
H21.33.037	0	0.30139511799340624	pca	per_subclass	OPC
H21.33.038	0	0.8233947870355298	pca	per_subclass	OPC
H21.33.039	1	0.9220090662052435	pca	per_subclass	OPC
H21.33.040	1	0.9361944307254181	pca	per_subclass	OPC
H21.33.041	0	0.8331317486159975	pca	per_subclass	OPC
H21.33.042	1	0.6674899602090516	pca	per_subclass	OPC
H21.33.043	0	0.7824554920141359	pca	per_subclass	OPC
H21.33.044	1	0.9321958876384302	pca	per_subclass	OPC
H21.33.045	1	0.960827913193528	pca	per_subclass	OPC
H21.33.046	1	0.8251343222938082	pca	per_subclass	OPC
H21.33.047	1	0.7709979337054305	pca	per_subclass	OPC
H19.33.004	0	0.9441248106040618	pca	per_subclass	Oligodendrocyte
H20.33.001	0	0.6841380041391756	pca	per_subclass	Oligodendrocyte
H20.33.002	0	0.795934607698279	pca	per_subclass	Oligodendrocyte
H20.33.004	1	0.42434012642104635	pca	per_subclass	Oligodendrocyte
H20.33.005	1	0.8655830411492559	pca	per_subclass	Oligodendrocyte
H20.33.008	1	0.2783180146664851	pca	per_subclass	Oligodendrocyte
H20.33.011	1	0.4297768634434802	pca	per_subclass	Oligodendrocyte
H20.33.012	0	0.8296436285159807	pca	per_subclass	Oligodendrocyte
H20.33.013	1	0.7694643249763341	pca	per_subclass	Oligodendrocyte
H20.33.014	1	0.8429485289503083	pca	per_subclass	Oligodendrocyte
H20.33.015	1	0.8344209533767193	pca	per_subclass	Oligodendrocyte
H20.33.016	1	0.7102166054182859	pca	per_subclass	Oligodendrocyte
H20.33.017	1	0.7748868445583851	pca	per_subclass	Oligodendrocyte
H20.33.018	1	0.89269021590735	pca	per_subclass	Oligodendrocyte
H20.33.019	1	0.8232751302440292	pca	per_subclass	Oligodendrocyte
H20.33.020	1	0.7926215386200616	pca	per_subclass	Oligodendrocyte
H20.33.024	1	0.11473677049507218	pca	per_subclass	Oligodendrocyte
H20.33.025	1	0.4555853233218527	pca	per_subclass	Oligodendrocyte
H20.33.026	1	0.7949653632424117	pca	per_subclass	Oligodendrocyte
H20.33.027	1	0.739170120589352	pca	per_subclass	Oligodendrocyte
H20.33.028	1	0.7899678365558076	pca	per_subclass	Oligodendrocyte
H20.33.029	1	0.7473695821938301	pca	per_subclass	Oligodendrocyte
H20.33.030	1	0.8108357846614769	pca	per_subclass	Oligodendrocyte
H20.33.031	1	0.5118317018057497	pca	per_subclass	Oligodendrocyte
H20.33.032	1	0.7357037005310623	pca	per_subclass	Oligodendrocyte
H20.33.033	1	0.952645594039571	pca	per_subclass	Oligodendrocyte
H20.33.034	1	0.9138038495885124	pca	per_subclass	Oligodendrocyte
H20.33.035	0	0.6167094233490055	pca	per_subclass	Oligodendrocyte
H20.33.036	1	0.8956565879918417	pca	per_subclass	Oligodendrocyte
H20.33.037	1	0.9413196755629718	pca	per_subclass	Oligodendrocyte
H20.33.038	1	0.7736444291504834	pca	per_subclass	Oligodendrocyte
H20.33.039	1	0.7963222752484904	pca	per_subclass	Oligodendrocyte
H20.33.040	1	0.8742404462721666	pca	per_subclass	Oligodendrocyte
H20.33.041	1	0.8863322353449854	pca	per_subclass	Oligodendrocyte
H20.33.043	1	0.5641242487739858	pca	per_subclass	Oligodendrocyte
H20.33.044	0	0.8561414637324265	pca	per_subclass	Oligodendrocyte
H20.33.045	1	0.9468940154205241	pca	per_subclass	Oligodendrocyte
H20.33.046	1	0.9338837249365998	pca	per_subclass	Oligodendrocyte
H21.33.001	0	0.9558669907538796	pca	per_subclass	Oligodendrocyte
H21.33.002	1	0.9031312366414701	pca	per_subclass	Oligodendrocyte
H21.33.003	0	0.5439717141237774	pca	per_subclass	Oligodendrocyte
H21.33.004	0	0.3038775460007164	pca	per_subclass	Oligodendrocyte
H21.33.005	1	0.7024927337734972	pca	per_subclass	Oligodendrocyte
H21.33.006	1	0.6602299975888445	pca	per_subclass	Oligodendrocyte
H21.33.007	1	0.9433896924221783	pca	per_subclass	Oligodendrocyte
H21.33.008	1	0.8072039127117	pca	per_subclass	Oligodendrocyte
H21.33.009	1	0.8966392157049426	pca	per_subclass	Oligodendrocyte
H21.33.010	1	0.8822300908646875	pca	per_subclass	Oligodendrocyte
H21.33.011	0	0.8360620677419941	pca	per_subclass	Oligodendrocyte
H21.33.012	1	0.6908709621659368	pca	per_subclass	Oligodendrocyte
H21.33.013	1	0.8465127082339681	pca	per_subclass	Oligodendrocyte
H21.33.014	1	0.7517444411387854	pca	per_subclass	Oligodendrocyte
H21.33.015	0	0.7372793268839537	pca	per_subclass	Oligodendrocyte
H21.33.016	0	0.7915253987336539	pca	per_subclass	Oligodendrocyte
H21.33.017	1	0.7326826812583775	pca	per_subclass	Oligodendrocyte
H21.33.018	0	0.6615145285666684	pca	per_subclass	Oligodendrocyte
H21.33.019	0	0.6639650748144333	pca	per_subclass	Oligodendrocyte
H21.33.020	1	0.897165320170977	pca	per_subclass	Oligodendrocyte
H21.33.021	1	0.7576319221689594	pca	per_subclass	Oligodendrocyte
H21.33.022	1	0.7558869242746168	pca	per_subclass	Oligodendrocyte
H21.33.023	0	0.6160464564920396	pca	per_subclass	Oligodendrocyte
H21.33.025	1	0.7251019711565656	pca	per_subclass	Oligodendrocyte
H21.33.026	1	0.5653048482592876	pca	per_subclass	Oligodendrocyte
H21.33.027	1	0.7001983260965489	pca	per_subclass	Oligodendrocyte
H21.33.028	0	0.87788458818067	pca	per_subclass	Oligodendrocyte
H21.33.029	1	0.7150207025960831	pca	per_subclass	Oligodendrocyte
H21.33.030	1	0.8223148910923135	pca	per_subclass	Oligodendrocyte
H21.33.031	1	0.8985084356622073	pca	per_subclass	Oligodendrocyte
H21.33.032	0	0.7941815492918349	pca	per_subclass	Oligodendrocyte
H21.33.033	1	0.8774264654594202	pca	per_subclass	Oligodendrocyte
H21.33.034	1	0.9572558011378154	pca	per_subclass	Oligodendrocyte
H21.33.035	1	0.8450472332673318	pca	per_subclass	Oligodendrocyte
H21.33.036	1	0.4588683690514791	pca	per_subclass	Oligodendrocyte
H21.33.037	0	0.6886311221899157	pca	per_subclass	Oligodendrocyte
H21.33.038	0	0.6448802861777617	pca	per_subclass	Oligodendrocyte
H21.33.039	1	0.7747437470371652	pca	per_subclass	Oligodendrocyte
H21.33.040	1	0.9368051513156272	pca	per_subclass	Oligodendrocyte
H21.33.041	0	0.7852935028883179	pca	per_subclass	Oligodendrocyte
H21.33.042	1	0.4437659696900648	pca	per_subclass	Oligodendrocyte
H21.33.043	0	0.7537839628819638	pca	per_subclass	Oligodendrocyte
H21.33.044	1	0.9070276598325073	pca	per_subclass	Oligodendrocyte
H21.33.045	1	0.966446734089139	pca	per_subclass	Oligodendrocyte
H21.33.046	1	0.9432749442362178	pca	per_subclass	Oligodendrocyte
H21.33.047	1	0.5948569963322543	pca	per_subclass	Oligodendrocyte
H19.33.004	0	0.942000099922409	pca	per_subclass	Pax6
H20.33.001	0	0.80801565417443	pca	per_subclass	Pax6
H20.33.002	0	0.5967446612617193	pca	per_subclass	Pax6
H20.33.004	1	0.5001209723374543	pca	per_subclass	Pax6
H20.33.005	1	0.842655195764818	pca	per_subclass	Pax6
H20.33.008	1	0.7911745412004647	pca	per_subclass	Pax6
H20.33.011	1	0.7982740287263472	pca	per_subclass	Pax6
H20.33.012	0	0.7797270457927847	pca	per_subclass	Pax6
H20.33.013	1	0.6509335802649906	pca	per_subclass	Pax6
H20.33.014	1	0.52885091562812	pca	per_subclass	Pax6
H20.33.015	1	0.9429679418893084	pca	per_subclass	Pax6
H20.33.016	1	0.6941825644567186	pca	per_subclass	Pax6
H20.33.017	1	0.9763852949049486	pca	per_subclass	Pax6
H20.33.018	1	0.9413872868952481	pca	per_subclass	Pax6
H20.33.019	1	0.9701523999204689	pca	per_subclass	Pax6
H20.33.020	1	0.9357990766605523	pca	per_subclass	Pax6
H20.33.024	1	0.06922764926789607	pca	per_subclass	Pax6
H20.33.025	1	0.8738151810898037	pca	per_subclass	Pax6
H20.33.026	1	0.886277097862379	pca	per_subclass	Pax6
H20.33.027	1	0.6769241286786526	pca	per_subclass	Pax6
H20.33.028	1	0.9651155639638942	pca	per_subclass	Pax6
H20.33.029	1	0.6131344999199639	pca	per_subclass	Pax6
H20.33.030	1	0.8048394781878209	pca	per_subclass	Pax6
H20.33.031	1	0.8625838576034983	pca	per_subclass	Pax6
H20.33.032	1	0.7730604378015478	pca	per_subclass	Pax6
H20.33.033	1	0.899698766054723	pca	per_subclass	Pax6
H20.33.034	1	0.5712767834176724	pca	per_subclass	Pax6
H20.33.035	0	0.483786668152492	pca	per_subclass	Pax6
H20.33.036	1	0.9799631988655652	pca	per_subclass	Pax6
H20.33.037	1	0.9410926176998758	pca	per_subclass	Pax6
H20.33.039	1	0.9561809596116946	pca	per_subclass	Pax6
H20.33.040	1	0.790186402754936	pca	per_subclass	Pax6
H20.33.041	1	0.8168581345853856	pca	per_subclass	Pax6
H20.33.043	1	0.6533896887261144	pca	per_subclass	Pax6
H20.33.044	0	0.7496260642029047	pca	per_subclass	Pax6
H20.33.045	1	0.5535091166344401	pca	per_subclass	Pax6
H20.33.046	1	0.46328143700665736	pca	per_subclass	Pax6
H21.33.001	0	0.8371636868747663	pca	per_subclass	Pax6
H21.33.002	1	0.622682109844502	pca	per_subclass	Pax6
H21.33.003	0	0.6989101515113164	pca	per_subclass	Pax6
H21.33.004	0	0.3517247072137356	pca	per_subclass	Pax6
H21.33.005	1	0.864709619169646	pca	per_subclass	Pax6
H21.33.006	1	0.6394102266887461	pca	per_subclass	Pax6
H21.33.007	1	0.8906307120133127	pca	per_subclass	Pax6
H21.33.008	1	0.9443838353006481	pca	per_subclass	Pax6
H21.33.009	1	0.9623914096022727	pca	per_subclass	Pax6
H21.33.010	1	0.921258637548499	pca	per_subclass	Pax6
H21.33.011	0	0.33509084855768057	pca	per_subclass	Pax6
H21.33.012	1	0.7007111802320299	pca	per_subclass	Pax6
H21.33.013	1	0.9237409764417537	pca	per_subclass	Pax6
H21.33.014	1	0.522047619466016	pca	per_subclass	Pax6
H21.33.015	0	0.19010168296906174	pca	per_subclass	Pax6
H21.33.016	0	0.7465281406634491	pca	per_subclass	Pax6
H21.33.017	1	0.771083382651332	pca	per_subclass	Pax6
H21.33.018	0	0.7104688377945255	pca	per_subclass	Pax6
H21.33.019	0	0.6304950176559492	pca	per_subclass	Pax6
H21.33.021	1	0.931213793988355	pca	per_subclass	Pax6
H21.33.022	1	0.8047871298387831	pca	per_subclass	Pax6
H21.33.023	0	0.5423733165595191	pca	per_subclass	Pax6
H21.33.025	1	0.7717350668412569	pca	per_subclass	Pax6
H21.33.026	1	0.7765019754612922	pca	per_subclass	Pax6
H21.33.027	1	0.7373274938900501	pca	per_subclass	Pax6
H21.33.028	0	0.9024647188011242	pca	per_subclass	Pax6
H21.33.029	1	0.8197691180775312	pca	per_subclass	Pax6
H21.33.030	1	0.6185315252474067	pca	per_subclass	Pax6
H21.33.031	1	0.615327561808438	pca	per_subclass	Pax6
H21.33.032	0	0.30894293759919284	pca	per_subclass	Pax6
H21.33.033	1	0.9880121991987222	pca	per_subclass	Pax6
H21.33.034	1	0.8721265859894067	pca	per_subclass	Pax6
H21.33.035	1	0.7569304537519927	pca	per_subclass	Pax6
H21.33.036	1	0.5680235073069632	pca	per_subclass	Pax6
H21.33.037	0	0.6233342694088078	pca	per_subclass	Pax6
H21.33.038	0	0.769794305467762	pca	per_subclass	Pax6
H21.33.039	1	0.9480020578400017	pca	per_subclass	Pax6
H21.33.040	1	0.9909407746073947	pca	per_subclass	Pax6
H21.33.041	0	0.9328457179968067	pca	per_subclass	Pax6
H21.33.042	1	0.7270052700501289	pca	per_subclass	Pax6
H21.33.043	0	0.7922876115580068	pca	per_subclass	Pax6
H21.33.044	1	0.9171345514649216	pca	per_subclass	Pax6
H21.33.045	1	0.879962630682706	pca	per_subclass	Pax6
H21.33.046	1	0.8519893242187286	pca	per_subclass	Pax6
H21.33.047	1	0.4067713072256513	pca	per_subclass	Pax6
H19.33.004	0	0.9382348514473552	pca	per_subclass	Pvalb
H20.33.001	0	0.4855394951709616	pca	per_subclass	Pvalb
H20.33.002	0	0.6351714964020536	pca	per_subclass	Pvalb
H20.33.004	1	0.7080298834518487	pca	per_subclass	Pvalb
H20.33.005	1	0.9514201537026097	pca	per_subclass	Pvalb
H20.33.008	1	0.8170188269506677	pca	per_subclass	Pvalb
H20.33.011	1	0.6402480012495193	pca	per_subclass	Pvalb
H20.33.012	0	0.9241322596394539	pca	per_subclass	Pvalb
H20.33.013	1	0.24850632689203564	pca	per_subclass	Pvalb
H20.33.014	1	0.48907402797021726	pca	per_subclass	Pvalb
H20.33.015	1	0.9206824086052645	pca	per_subclass	Pvalb
H20.33.016	1	0.812467974902708	pca	per_subclass	Pvalb
H20.33.017	1	0.9599955752155651	pca	per_subclass	Pvalb
H20.33.018	1	0.9216771766325144	pca	per_subclass	Pvalb
H20.33.019	1	0.8751508493805403	pca	per_subclass	Pvalb
H20.33.020	1	0.922422572959406	pca	per_subclass	Pvalb
H20.33.024	1	0.44968116031275984	pca	per_subclass	Pvalb
H20.33.025	1	0.6600885168270618	pca	per_subclass	Pvalb
H20.33.026	1	0.6070173511713528	pca	per_subclass	Pvalb
H20.33.027	1	0.7280620757512182	pca	per_subclass	Pvalb
H20.33.028	1	0.9864647205680352	pca	per_subclass	Pvalb
H20.33.029	1	0.4850697385126269	pca	per_subclass	Pvalb
H20.33.030	1	0.49872888075024757	pca	per_subclass	Pvalb
H20.33.031	1	0.37820334218941254	pca	per_subclass	Pvalb
H20.33.032	1	0.5544220338900328	pca	per_subclass	Pvalb
H20.33.033	1	0.9887870153452962	pca	per_subclass	Pvalb
H20.33.034	1	0.7489279515106013	pca	per_subclass	Pvalb
H20.33.035	0	0.6695163578288221	pca	per_subclass	Pvalb
H20.33.036	1	0.9871736586390393	pca	per_subclass	Pvalb
H20.33.037	1	0.9780423354103256	pca	per_subclass	Pvalb
H20.33.038	1	0.8987634924090686	pca	per_subclass	Pvalb
H20.33.039	1	0.5225592309110151	pca	per_subclass	Pvalb
H20.33.040	1	0.7792997648627523	pca	per_subclass	Pvalb
H20.33.041	1	0.45341039828796503	pca	per_subclass	Pvalb
H20.33.043	1	0.44327615223363	pca	per_subclass	Pvalb
H20.33.044	0	0.8085404852865293	pca	per_subclass	Pvalb
H20.33.045	1	0.8660332484773832	pca	per_subclass	Pvalb
H20.33.046	1	0.9121803991591877	pca	per_subclass	Pvalb
H21.33.001	0	0.9979895750540251	pca	per_subclass	Pvalb
H21.33.002	1	0.7106644697557218	pca	per_subclass	Pvalb
H21.33.003	0	0.7130899482535128	pca	per_subclass	Pvalb
H21.33.004	0	0.6293128395723135	pca	per_subclass	Pvalb
H21.33.005	1	0.8228676629654779	pca	per_subclass	Pvalb
H21.33.006	1	0.7180479460677851	pca	per_subclass	Pvalb
H21.33.007	1	0.9525243484597297	pca	per_subclass	Pvalb
H21.33.008	1	0.8359452459914556	pca	per_subclass	Pvalb
H21.33.009	1	0.9602764818772185	pca	per_subclass	Pvalb
H21.33.010	1	0.8961503039104093	pca	per_subclass	Pvalb
H21.33.011	0	0.6425205988444036	pca	per_subclass	Pvalb
H21.33.012	1	0.7379828990895372	pca	per_subclass	Pvalb
H21.33.013	1	0.8684334803022873	pca	per_subclass	Pvalb
H21.33.014	1	0.7902198220924511	pca	per_subclass	Pvalb
H21.33.015	0	0.5666801817105176	pca	per_subclass	Pvalb
H21.33.016	0	0.728219270185526	pca	per_subclass	Pvalb
H21.33.017	1	0.6562227364715312	pca	per_subclass	Pvalb
H21.33.018	0	0.8667580656688884	pca	per_subclass	Pvalb
H21.33.019	0	0.6662639049210967	pca	per_subclass	Pvalb
H21.33.021	1	0.8718304539571526	pca	per_subclass	Pvalb
H21.33.022	1	0.7216177952180294	pca	per_subclass	Pvalb
H21.33.023	0	0.6501049217440149	pca	per_subclass	Pvalb
H21.33.025	1	0.8692270492585028	pca	per_subclass	Pvalb
H21.33.026	1	0.7688112998975138	pca	per_subclass	Pvalb
H21.33.027	1	0.4697363107356088	pca	per_subclass	Pvalb
H21.33.028	0	0.6585559663194143	pca	per_subclass	Pvalb
H21.33.029	1	0.9041982656005318	pca	per_subclass	Pvalb
H21.33.030	1	0.7925608363436099	pca	per_subclass	Pvalb
H21.33.031	1	0.7401099188669155	pca	per_subclass	Pvalb
H21.33.032	0	0.4991044664405286	pca	per_subclass	Pvalb
H21.33.033	1	0.9323193822811092	pca	per_subclass	Pvalb
H21.33.034	1	0.9909990657948594	pca	per_subclass	Pvalb
H21.33.035	1	0.7299942268960875	pca	per_subclass	Pvalb
H21.33.036	1	0.7604187631636767	pca	per_subclass	Pvalb
H21.33.037	0	0.5942124426140387	pca	per_subclass	Pvalb
H21.33.038	0	0.6095686345710322	pca	per_subclass	Pvalb
H21.33.039	1	0.9218607519312986	pca	per_subclass	Pvalb
H21.33.040	1	0.883406054297956	pca	per_subclass	Pvalb
H21.33.041	0	0.8617120330958802	pca	per_subclass	Pvalb
H21.33.042	1	0.7492710708347324	pca	per_subclass	Pvalb
H21.33.043	0	0.6701680757781429	pca	per_subclass	Pvalb
H21.33.044	1	0.9745028171774985	pca	per_subclass	Pvalb
H21.33.045	1	0.9405761280158625	pca	per_subclass	Pvalb
H21.33.046	1	0.7469123210315182	pca	per_subclass	Pvalb
H21.33.047	1	0.7043100383059828	pca	per_subclass	Pvalb
H19.33.004	0	0.959604525979876	pca	per_subclass	Sncg
H20.33.001	0	0.8899977759579878	pca	per_subclass	Sncg
H20.33.002	0	0.8547293316134498	pca	per_subclass	Sncg
H20.33.004	1	0.8237005043550164	pca	per_subclass	Sncg
H20.33.005	1	0.9223421233364807	pca	per_subclass	Sncg
H20.33.008	1	0.6396492005951376	pca	per_subclass	Sncg
H20.33.011	1	0.6133467405785276	pca	per_subclass	Sncg
H20.33.012	0	0.7649329320963579	pca	per_subclass	Sncg
H20.33.013	1	0.7198500925925926	pca	per_subclass	Sncg
H20.33.014	1	0.8005142964130204	pca	per_subclass	Sncg
H20.33.015	1	0.9174261662117026	pca	per_subclass	Sncg
H20.33.016	1	0.7846895754306185	pca	per_subclass	Sncg
H20.33.017	1	0.8695989230610215	pca	per_subclass	Sncg
H20.33.018	1	0.8614456170244817	pca	per_subclass	Sncg
H20.33.019	1	0.7232689512443525	pca	per_subclass	Sncg
H20.33.020	1	0.9519641045836476	pca	per_subclass	Sncg
H20.33.024	1	0.1999915702595663	pca	per_subclass	Sncg
H20.33.025	1	0.6971948575492689	pca	per_subclass	Sncg
H20.33.026	1	0.5456688926378788	pca	per_subclass	Sncg
H20.33.027	1	0.6616164155246171	pca	per_subclass	Sncg
H20.33.028	1	0.900782552214743	pca	per_subclass	Sncg
H20.33.029	1	0.8058073693086586	pca	per_subclass	Sncg
H20.33.030	1	0.6541658661067866	pca	per_subclass	Sncg
H20.33.031	1	0.7828394940144295	pca	per_subclass	Sncg
H20.33.032	1	0.33992788994586143	pca	per_subclass	Sncg
H20.33.033	1	0.97230101397096	pca	per_subclass	Sncg
H20.33.034	1	0.5695737708172743	pca	per_subclass	Sncg
H20.33.035	0	0.8272734258320827	pca	per_subclass	Sncg
H20.33.036	1	0.9698720492911118	pca	per_subclass	Sncg
H20.33.037	1	0.9470211488072525	pca	per_subclass	Sncg
H20.33.038	1	0.8883672953971467	pca	per_subclass	Sncg
H20.33.039	1	0.7281572864895385	pca	per_subclass	Sncg
H20.33.040	1	0.651109223581608	pca	per_subclass	Sncg
H20.33.041	1	0.6957557678480623	pca	per_subclass	Sncg
H20.33.043	1	0.2137929401069744	pca	per_subclass	Sncg
H20.33.044	0	0.9167452134664877	pca	per_subclass	Sncg
H20.33.045	1	0.9302203970957029	pca	per_subclass	Sncg
H20.33.046	1	0.8349069906758396	pca	per_subclass	Sncg
H21.33.001	0	0.9194615404014383	pca	per_subclass	Sncg
H21.33.002	1	0.7906582837321705	pca	per_subclass	Sncg
H21.33.003	0	0.5587537009224276	pca	per_subclass	Sncg
H21.33.004	0	0.6834825119570228	pca	per_subclass	Sncg
H21.33.005	1	0.6534069817380843	pca	per_subclass	Sncg
H21.33.006	1	0.7162235615244809	pca	per_subclass	Sncg
H21.33.007	1	0.9571576153543344	pca	per_subclass	Sncg
H21.33.008	1	0.6620363152908542	pca	per_subclass	Sncg
H21.33.009	1	0.961959159473231	pca	per_subclass	Sncg
H21.33.010	1	0.9321763141316792	pca	per_subclass	Sncg
H21.33.011	0	0.604317518942799	pca	per_subclass	Sncg
H21.33.012	1	0.5296873852667183	pca	per_subclass	Sncg
H21.33.013	1	0.841427579384435	pca	per_subclass	Sncg
H21.33.014	1	0.8653074672703849	pca	per_subclass	Sncg
H21.33.015	0	0.4150927886685367	pca	per_subclass	Sncg
H21.33.016	0	0.6698590018523336	pca	per_subclass	Sncg
H21.33.017	1	0.7557199097914027	pca	per_subclass	Sncg
H21.33.018	0	0.9309057390329514	pca	per_subclass	Sncg
H21.33.019	0	0.8285497496602032	pca	per_subclass	Sncg
H21.33.021	1	0.8983468286041214	pca	per_subclass	Sncg
H21.33.022	1	0.6851849176447222	pca	per_subclass	Sncg
H21.33.023	0	0.650826444757594	pca	per_subclass	Sncg
H21.33.025	1	0.8848751743637371	pca	per_subclass	Sncg
H21.33.026	1	0.8052587036069563	pca	per_subclass	Sncg
H21.33.027	1	0.16725323908089607	pca	per_subclass	Sncg
H21.33.028	0	0.7522103800543611	pca	per_subclass	Sncg
H21.33.029	1	0.7083685618696602	pca	per_subclass	Sncg
H21.33.030	1	0.5607902557072304	pca	per_subclass	Sncg
H21.33.031	1	0.43533221150932	pca	per_subclass	Sncg
H21.33.032	0	0.4802708496315047	pca	per_subclass	Sncg
H21.33.033	1	0.907816237310748	pca	per_subclass	Sncg
H21.33.034	1	0.9717342894575168	pca	per_subclass	Sncg
H21.33.035	1	0.9014730038441506	pca	per_subclass	Sncg
H21.33.036	1	0.507798534516781	pca	per_subclass	Sncg
H21.33.037	0	0.6713956798090149	pca	per_subclass	Sncg
H21.33.038	0	0.6667832823268751	pca	per_subclass	Sncg
H21.33.039	1	0.8136318293964905	pca	per_subclass	Sncg
H21.33.040	1	0.8932569376255148	pca	per_subclass	Sncg
H21.33.041	0	0.7032133112857046	pca	per_subclass	Sncg
H21.33.042	1	0.7841881878717153	pca	per_subclass	Sncg
H21.33.043	0	0.8008214898296842	pca	per_subclass	Sncg
H21.33.044	1	0.7698815806967463	pca	per_subclass	Sncg
H21.33.045	1	0.9180566437909083	pca	per_subclass	Sncg
H21.33.046	1	0.7849250994731118	pca	per_subclass	Sncg
H21.33.047	1	0.6433490777121079	pca	per_subclass	Sncg
H19.33.004	0	0.8571072956394437	pca	per_subclass	Sst
H20.33.001	0	0.8418092975808626	pca	per_subclass	Sst
H20.33.002	0	0.5569481233808202	pca	per_subclass	Sst
H20.33.004	1	0.9534215162130242	pca	per_subclass	Sst
H20.33.005	1	0.8810144465375018	pca	per_subclass	Sst
H20.33.008	1	0.8196003532407673	pca	per_subclass	Sst
H20.33.011	1	0.6595153616373228	pca	per_subclass	Sst
H20.33.012	0	0.9347294070035709	pca	per_subclass	Sst
H20.33.013	1	0.5251395508870408	pca	per_subclass	Sst
H20.33.014	1	0.7769780672378781	pca	per_subclass	Sst
H20.33.015	1	0.9510077388594143	pca	per_subclass	Sst
H20.33.016	1	0.5767316016557203	pca	per_subclass	Sst
H20.33.017	1	0.971741310272894	pca	per_subclass	Sst
H20.33.018	1	0.9784699319709949	pca	per_subclass	Sst
H20.33.019	1	0.8305578203518358	pca	per_subclass	Sst
H20.33.020	1	0.9223505881232341	pca	per_subclass	Sst
H20.33.024	1	0.5907636145951838	pca	per_subclass	Sst
H20.33.025	1	0.6963606782001485	pca	per_subclass	Sst
H20.33.026	1	0.7779368786902005	pca	per_subclass	Sst
H20.33.027	1	0.4073077036033229	pca	per_subclass	Sst
H20.33.028	1	0.9637132256095391	pca	per_subclass	Sst
H20.33.029	1	0.7146902189872775	pca	per_subclass	Sst
H20.33.030	1	0.8211009987272329	pca	per_subclass	Sst
H20.33.031	1	0.4348356407246162	pca	per_subclass	Sst
H20.33.032	1	0.36317978413919183	pca	per_subclass	Sst
H20.33.033	1	0.9386136636212006	pca	per_subclass	Sst
H20.33.034	1	0.6427834433439562	pca	per_subclass	Sst
H20.33.035	0	0.5222597583546222	pca	per_subclass	Sst
H20.33.036	1	0.9786479800326372	pca	per_subclass	Sst
H20.33.037	1	0.9101608424680403	pca	per_subclass	Sst
H20.33.038	1	0.9731605795214511	pca	per_subclass	Sst
H20.33.039	1	0.9194576042350636	pca	per_subclass	Sst
H20.33.040	1	0.8915594633101573	pca	per_subclass	Sst
H20.33.041	1	0.9543049023740174	pca	per_subclass	Sst
H20.33.043	1	0.22333970308225687	pca	per_subclass	Sst
H20.33.044	0	0.7803662737786912	pca	per_subclass	Sst
H20.33.045	1	0.823218780278528	pca	per_subclass	Sst
H20.33.046	1	0.9199803558707484	pca	per_subclass	Sst
H21.33.001	0	0.9694989280558817	pca	per_subclass	Sst
H21.33.002	1	0.14736071569139947	pca	per_subclass	Sst
H21.33.003	0	0.7718192951219914	pca	per_subclass	Sst
H21.33.004	0	0.5439089468801852	pca	per_subclass	Sst
H21.33.005	1	0.7330517196811239	pca	per_subclass	Sst
H21.33.006	1	0.6637767114588071	pca	per_subclass	Sst
H21.33.007	1	0.9739438389065482	pca	per_subclass	Sst
H21.33.008	1	0.9097394345221321	pca	per_subclass	Sst
H21.33.009	1	0.9339277137331182	pca	per_subclass	Sst
H21.33.010	1	0.9050179819525574	pca	per_subclass	Sst
H21.33.011	0	0.5111160475803953	pca	per_subclass	Sst
H21.33.012	1	0.8729853200961906	pca	per_subclass	Sst
H21.33.013	1	0.9433857932123034	pca	per_subclass	Sst
H21.33.014	1	0.8094302563721223	pca	per_subclass	Sst
H21.33.015	0	0.24089586323578951	pca	per_subclass	Sst
H21.33.016	0	0.7764203522058496	pca	per_subclass	Sst
H21.33.017	1	0.8416453742874109	pca	per_subclass	Sst
H21.33.018	0	0.8711903274482543	pca	per_subclass	Sst
H21.33.019	0	0.8458679177143915	pca	per_subclass	Sst
H21.33.021	1	0.8917452403672854	pca	per_subclass	Sst
H21.33.022	1	0.9273477129956605	pca	per_subclass	Sst
H21.33.023	0	0.6584914381360412	pca	per_subclass	Sst
H21.33.025	1	0.8908053697803664	pca	per_subclass	Sst
H21.33.026	1	0.9169387083591796	pca	per_subclass	Sst
H21.33.027	1	0.3067324245834341	pca	per_subclass	Sst
H21.33.028	0	0.6567685872888215	pca	per_subclass	Sst
H21.33.029	1	0.8212533837641225	pca	per_subclass	Sst
H21.33.030	1	0.5450894167673684	pca	per_subclass	Sst
H21.33.031	1	0.886548046303818	pca	per_subclass	Sst
H21.33.032	0	0.5572109172897126	pca	per_subclass	Sst
H21.33.033	1	0.9222277824626526	pca	per_subclass	Sst
H21.33.034	1	0.7159181682303897	pca	per_subclass	Sst
H21.33.035	1	0.9712875567996887	pca	per_subclass	Sst
H21.33.036	1	0.6930041860335046	pca	per_subclass	Sst
H21.33.037	0	0.07844624803242103	pca	per_subclass	Sst
H21.33.038	0	0.8316265553455932	pca	per_subclass	Sst
H21.33.039	1	0.8416164695221809	pca	per_subclass	Sst
H21.33.040	1	0.9402243154619463	pca	per_subclass	Sst
H21.33.041	0	0.9429629513943365	pca	per_subclass	Sst
H21.33.042	1	0.6945909549269474	pca	per_subclass	Sst
H21.33.043	0	0.6604534038285707	pca	per_subclass	Sst
H21.33.044	1	0.8663386714884991	pca	per_subclass	Sst
H21.33.045	1	0.5608950050461763	pca	per_subclass	Sst
H21.33.046	1	0.5887360336236193	pca	per_subclass	Sst
H21.33.047	1	0.7753559639859202	pca	per_subclass	Sst
H19.33.004	0	0.9115594656006103	pca	per_subclass	Sst Chodl
H20.33.001	0	0.7093846408356218	pca	per_subclass	Sst Chodl
H20.33.002	0	0.45217663708735145	pca	per_subclass	Sst Chodl
H20.33.004	1	0.7246007782850593	pca	per_subclass	Sst Chodl
H20.33.005	1	0.9027189838014611	pca	per_subclass	Sst Chodl
H20.33.008	1	0.9035046700385456	pca	per_subclass	Sst Chodl
H20.33.011	1	0.6244759998262956	pca	per_subclass	Sst Chodl
H20.33.013	1	0.4512435342238167	pca	per_subclass	Sst Chodl
H20.33.014	1	0.5711962264457366	pca	per_subclass	Sst Chodl
H20.33.015	1	0.8077344123879371	pca	per_subclass	Sst Chodl
H20.33.016	1	0.7222987664088076	pca	per_subclass	Sst Chodl
H20.33.017	1	0.7117047358917058	pca	per_subclass	Sst Chodl
H20.33.018	1	0.7963114107844205	pca	per_subclass	Sst Chodl
H20.33.019	1	0.9318959154336215	pca	per_subclass	Sst Chodl
H20.33.020	1	0.8005257770403637	pca	per_subclass	Sst Chodl
H20.33.024	1	0.9001694115552515	pca	per_subclass	Sst Chodl
H20.33.025	1	0.7596512462743589	pca	per_subclass	Sst Chodl
H20.33.026	1	0.7184749139777826	pca	per_subclass	Sst Chodl
H20.33.027	1	0.7225119883304787	pca	per_subclass	Sst Chodl
H20.33.029	1	0.6076669808010893	pca	per_subclass	Sst Chodl
H20.33.030	1	0.8815000289022402	pca	per_subclass	Sst Chodl
H20.33.031	1	0.6736441559251645	pca	per_subclass	Sst Chodl
H20.33.032	1	0.7668985299351826	pca	per_subclass	Sst Chodl
H20.33.034	1	0.7370118058941145	pca	per_subclass	Sst Chodl
H20.33.035	0	0.9428725730329054	pca	per_subclass	Sst Chodl
H20.33.039	1	0.9284714736911059	pca	per_subclass	Sst Chodl
H20.33.040	1	0.736378987667105	pca	per_subclass	Sst Chodl
H20.33.041	1	0.7421946708216168	pca	per_subclass	Sst Chodl
H20.33.043	1	0.7924692083622822	pca	per_subclass	Sst Chodl
H20.33.044	0	0.6442179376666853	pca	per_subclass	Sst Chodl
H21.33.001	0	0.9407322979843912	pca	per_subclass	Sst Chodl
H21.33.002	1	0.3004076875225059	pca	per_subclass	Sst Chodl
H21.33.003	0	0.434698189175801	pca	per_subclass	Sst Chodl
H21.33.004	0	0.4989090124572101	pca	per_subclass	Sst Chodl
H21.33.006	1	0.44990026411021694	pca	per_subclass	Sst Chodl
H21.33.007	1	0.9793077523808492	pca	per_subclass	Sst Chodl
H21.33.008	1	0.8794803188607541	pca	per_subclass	Sst Chodl
H21.33.010	1	0.9403437602991049	pca	per_subclass	Sst Chodl
H21.33.011	0	0.8890458612010553	pca	per_subclass	Sst Chodl
H21.33.012	1	0.7876519399796434	pca	per_subclass	Sst Chodl
H21.33.013	1	0.9242776310060684	pca	per_subclass	Sst Chodl
H21.33.014	1	0.7796710078095861	pca	per_subclass	Sst Chodl
H21.33.015	0	0.5676558737072763	pca	per_subclass	Sst Chodl
H21.33.016	0	0.9035190644265816	pca	per_subclass	Sst Chodl
H21.33.018	0	0.7991190909247208	pca	per_subclass	Sst Chodl
H21.33.019	0	0.7150698420061369	pca	per_subclass	Sst Chodl
H21.33.021	1	0.7014920422694407	pca	per_subclass	Sst Chodl
H21.33.022	1	0.8476843311310841	pca	per_subclass	Sst Chodl
H21.33.023	0	0.8134593730721529	pca	per_subclass	Sst Chodl
H21.33.025	1	0.865658300155526	pca	per_subclass	Sst Chodl
H21.33.026	1	0.5088392925049725	pca	per_subclass	Sst Chodl
H21.33.027	1	0.647503961868597	pca	per_subclass	Sst Chodl
H21.33.028	0	0.7469062697193269	pca	per_subclass	Sst Chodl
H21.33.030	1	0.5017803845217397	pca	per_subclass	Sst Chodl
H21.33.031	1	0.31052081860033875	pca	per_subclass	Sst Chodl
H21.33.032	0	0.7145230678196374	pca	per_subclass	Sst Chodl
H21.33.035	1	0.6933876844045177	pca	per_subclass	Sst Chodl
H21.33.040	1	0.730316892126274	pca	per_subclass	Sst Chodl
H21.33.041	0	0.9280299304911399	pca	per_subclass	Sst Chodl
H21.33.042	1	0.9081819395062748	pca	per_subclass	Sst Chodl
H21.33.043	0	0.5627272691932819	pca	per_subclass	Sst Chodl
H21.33.047	1	0.4461266906721656	pca	per_subclass	Sst Chodl
H19.33.004	0	0.9399754715179227	pca	per_subclass	VLMC & Perivascular
H20.33.001	0	0.24136252978232867	pca	per_subclass	VLMC & Perivascular
H20.33.002	0	0.9263661045985178	pca	per_subclass	VLMC & Perivascular
H20.33.004	1	0.5401524103963222	pca	per_subclass	VLMC & Perivascular
H20.33.005	1	0.45959755017045173	pca	per_subclass	VLMC & Perivascular
H20.33.008	1	0.9547973347684356	pca	per_subclass	VLMC & Perivascular
H20.33.011	1	0.8662777621760597	pca	per_subclass	VLMC & Perivascular
H20.33.012	0	0.895744549577363	pca	per_subclass	VLMC & Perivascular
H20.33.013	1	0.5562525357670737	pca	per_subclass	VLMC & Perivascular
H20.33.014	1	0.9066994194900813	pca	per_subclass	VLMC & Perivascular
H20.33.015	1	0.5687301159599896	pca	per_subclass	VLMC & Perivascular
H20.33.016	1	0.9412995508778348	pca	per_subclass	VLMC & Perivascular
H20.33.017	1	0.9448838505633586	pca	per_subclass	VLMC & Perivascular
H20.33.018	1	0.9738596163014803	pca	per_subclass	VLMC & Perivascular
H20.33.019	1	0.7207850680784965	pca	per_subclass	VLMC & Perivascular
H20.33.020	1	0.8276417246256715	pca	per_subclass	VLMC & Perivascular
H20.33.024	1	0.30155220407479744	pca	per_subclass	VLMC & Perivascular
H20.33.025	1	0.49986776858850446	pca	per_subclass	VLMC & Perivascular
H20.33.026	1	0.8815302031989856	pca	per_subclass	VLMC & Perivascular
H20.33.027	1	0.947988398028184	pca	per_subclass	VLMC & Perivascular
H20.33.028	1	0.4125138038871231	pca	per_subclass	VLMC & Perivascular
H20.33.029	1	0.9006694391792969	pca	per_subclass	VLMC & Perivascular
H20.33.030	1	0.9075154429911994	pca	per_subclass	VLMC & Perivascular
H20.33.031	1	0.5487944390427328	pca	per_subclass	VLMC & Perivascular
H20.33.032	1	0.7219735144082557	pca	per_subclass	VLMC & Perivascular
H20.33.033	1	0.608016859779785	pca	per_subclass	VLMC & Perivascular
H20.33.034	1	0.964816437799098	pca	per_subclass	VLMC & Perivascular
H20.33.035	0	0.6691398011793596	pca	per_subclass	VLMC & Perivascular
H20.33.036	1	0.9505826564462506	pca	per_subclass	VLMC & Perivascular
H20.33.037	1	0.9398415380904194	pca	per_subclass	VLMC & Perivascular
H20.33.038	1	0.8552481260715773	pca	per_subclass	VLMC & Perivascular
H20.33.039	1	0.8943516382856627	pca	per_subclass	VLMC & Perivascular
H20.33.040	1	0.9248713229315261	pca	per_subclass	VLMC & Perivascular
H20.33.041	1	0.9390383359353567	pca	per_subclass	VLMC & Perivascular
H20.33.043	1	0.23610688075028188	pca	per_subclass	VLMC & Perivascular
H20.33.044	0	0.5965474882793285	pca	per_subclass	VLMC & Perivascular
H20.33.045	1	0.983659898255345	pca	per_subclass	VLMC & Perivascular
H20.33.046	1	0.9704144195163791	pca	per_subclass	VLMC & Perivascular
H21.33.001	0	0.21912568818845948	pca	per_subclass	VLMC & Perivascular
H21.33.002	1	0.8905313742314807	pca	per_subclass	VLMC & Perivascular
H21.33.003	0	0.8011988195181304	pca	per_subclass	VLMC & Perivascular
H21.33.004	0	0.6207407824138256	pca	per_subclass	VLMC & Perivascular
H21.33.005	1	0.9284599356252597	pca	per_subclass	VLMC & Perivascular
H21.33.006	1	0.673065800366615	pca	per_subclass	VLMC & Perivascular
H21.33.007	1	0.8740696386735614	pca	per_subclass	VLMC & Perivascular
H21.33.008	1	0.9476068415561377	pca	per_subclass	VLMC & Perivascular
H21.33.009	1	0.578196244210065	pca	per_subclass	VLMC & Perivascular
H21.33.010	1	0.5401893663031201	pca	per_subclass	VLMC & Perivascular
H21.33.011	0	0.04422591956737633	pca	per_subclass	VLMC & Perivascular
H21.33.012	1	0.9511561001441855	pca	per_subclass	VLMC & Perivascular
H21.33.013	1	0.7232247059320319	pca	per_subclass	VLMC & Perivascular
H21.33.014	1	0.2738262673920843	pca	per_subclass	VLMC & Perivascular
H21.33.015	0	0.26702529405605235	pca	per_subclass	VLMC & Perivascular
H21.33.016	0	0.3193441201783283	pca	per_subclass	VLMC & Perivascular
H21.33.017	1	0.31187411627372696	pca	per_subclass	VLMC & Perivascular
H21.33.018	0	0.6293052737025959	pca	per_subclass	VLMC & Perivascular
H21.33.019	0	0.7619507269023478	pca	per_subclass	VLMC & Perivascular
H21.33.020	1	0.8879733490425782	pca	per_subclass	VLMC & Perivascular
H21.33.021	1	0.8026161802769665	pca	per_subclass	VLMC & Perivascular
H21.33.022	1	0.80136259878525	pca	per_subclass	VLMC & Perivascular
H21.33.023	0	0.74374395563869	pca	per_subclass	VLMC & Perivascular
H21.33.025	1	0.782215326306572	pca	per_subclass	VLMC & Perivascular
H21.33.026	1	0.49481091795745036	pca	per_subclass	VLMC & Perivascular
H21.33.027	1	0.6127823512386683	pca	per_subclass	VLMC & Perivascular
H21.33.028	0	0.6804125027003151	pca	per_subclass	VLMC & Perivascular
H21.33.029	1	0.9916817837559517	pca	per_subclass	VLMC & Perivascular
H21.33.030	1	0.8310810364467978	pca	per_subclass	VLMC & Perivascular
H21.33.031	1	0.829266923263415	pca	per_subclass	VLMC & Perivascular
H21.33.032	0	0.6678944668013871	pca	per_subclass	VLMC & Perivascular
H21.33.033	1	0.9734776714460279	pca	per_subclass	VLMC & Perivascular
H21.33.034	1	0.9028575777710983	pca	per_subclass	VLMC & Perivascular
H21.33.035	1	0.7598538666766739	pca	per_subclass	VLMC & Perivascular
H21.33.036	1	0.5306666305982721	pca	per_subclass	VLMC & Perivascular
H21.33.037	0	0.8497831010312339	pca	per_subclass	VLMC & Perivascular
H21.33.038	0	0.8599339614484641	pca	per_subclass	VLMC & Perivascular
H21.33.039	1	0.8704695728118791	pca	per_subclass	VLMC & Perivascular
H21.33.040	1	0.9034305211192477	pca	per_subclass	VLMC & Perivascular
H21.33.041	0	0.8327477690149803	pca	per_subclass	VLMC & Perivascular
H21.33.042	1	0.7020361729625968	pca	per_subclass	VLMC & Perivascular
H21.33.043	0	0.8139751979348702	pca	per_subclass	VLMC & Perivascular
H21.33.044	1	0.7780985694630944	pca	per_subclass	VLMC & Perivascular
H21.33.045	1	0.9553809219753683	pca	per_subclass	VLMC & Perivascular
H21.33.046	1	0.9266606586523674	pca	per_subclass	VLMC & Perivascular
H21.33.047	1	0.8746521317474787	pca	per_subclass	VLMC & Perivascular
H19.33.004	0	0.958000458549327	pca	per_subclass	Vip
H20.33.001	0	0.8875138471269783	pca	per_subclass	Vip
H20.33.002	0	0.7154635037703003	pca	per_subclass	Vip
H20.33.004	1	0.5241027398256136	pca	per_subclass	Vip
H20.33.005	1	0.9294821587905554	pca	per_subclass	Vip
H20.33.008	1	0.5675629892846346	pca	per_subclass	Vip
H20.33.011	1	0.6874069897636865	pca	per_subclass	Vip
H20.33.012	0	0.8937567791792821	pca	per_subclass	Vip
H20.33.013	1	0.5302193487070743	pca	per_subclass	Vip
H20.33.014	1	0.72949895604858	pca	per_subclass	Vip
H20.33.015	1	0.6960218175946322	pca	per_subclass	Vip
H20.33.016	1	0.8967271466427542	pca	per_subclass	Vip
H20.33.017	1	0.9219776757616958	pca	per_subclass	Vip
H20.33.018	1	0.9419121326904364	pca	per_subclass	Vip
H20.33.019	1	0.8743643050063289	pca	per_subclass	Vip
H20.33.020	1	0.9612373473078281	pca	per_subclass	Vip
H20.33.024	1	0.1300756426296306	pca	per_subclass	Vip
H20.33.025	1	0.6435743041110071	pca	per_subclass	Vip
H20.33.026	1	0.8089471270332966	pca	per_subclass	Vip
H20.33.027	1	0.46361419546048505	pca	per_subclass	Vip
H20.33.028	1	0.9673749688135642	pca	per_subclass	Vip
H20.33.029	1	0.5639370575580949	pca	per_subclass	Vip
H20.33.030	1	0.6073673555686218	pca	per_subclass	Vip
H20.33.031	1	0.6699437699318656	pca	per_subclass	Vip
H20.33.032	1	0.7352868171484068	pca	per_subclass	Vip
H20.33.033	1	0.9649963003178698	pca	per_subclass	Vip
H20.33.034	1	0.7310494334838045	pca	per_subclass	Vip
H20.33.035	0	0.8492484481335874	pca	per_subclass	Vip
H20.33.036	1	0.9234375072033437	pca	per_subclass	Vip
H20.33.037	1	0.9545655977849229	pca	per_subclass	Vip
H20.33.038	1	0.9242747186942513	pca	per_subclass	Vip
H20.33.039	1	0.7721185774401023	pca	per_subclass	Vip
H20.33.040	1	0.8824972641385859	pca	per_subclass	Vip
H20.33.041	1	0.8796444684614707	pca	per_subclass	Vip
H20.33.043	1	0.5081495687681663	pca	per_subclass	Vip
H20.33.044	0	0.8310076348217669	pca	per_subclass	Vip
H20.33.045	1	0.9665216560125132	pca	per_subclass	Vip
H20.33.046	1	0.7810291537178045	pca	per_subclass	Vip
H21.33.001	0	0.9523013584433919	pca	per_subclass	Vip
H21.33.002	1	0.8532080371472095	pca	per_subclass	Vip
H21.33.003	0	0.6680082053941319	pca	per_subclass	Vip
H21.33.004	0	0.4640965271239826	pca	per_subclass	Vip
H21.33.005	1	0.9071970186343086	pca	per_subclass	Vip
H21.33.006	1	0.6343067791737019	pca	per_subclass	Vip
H21.33.007	1	0.6988133854874765	pca	per_subclass	Vip
H21.33.008	1	0.962664504128797	pca	per_subclass	Vip
H21.33.009	1	0.9860978632644594	pca	per_subclass	Vip
H21.33.010	1	0.8851579679951351	pca	per_subclass	Vip
H21.33.011	0	0.48568801987514254	pca	per_subclass	Vip
H21.33.012	1	0.6928333644615134	pca	per_subclass	Vip
H21.33.013	1	0.9113057510973362	pca	per_subclass	Vip
H21.33.014	1	0.4695835579614359	pca	per_subclass	Vip
H21.33.015	0	0.37122360078729494	pca	per_subclass	Vip
H21.33.016	0	0.782448270250259	pca	per_subclass	Vip
H21.33.017	1	0.9574025011898563	pca	per_subclass	Vip
H21.33.018	0	0.7957439874621002	pca	per_subclass	Vip
H21.33.019	0	0.8787607237543138	pca	per_subclass	Vip
H21.33.020	1	0.9446718212910825	pca	per_subclass	Vip
H21.33.021	1	0.8150994681247307	pca	per_subclass	Vip
H21.33.022	1	0.7981263197153613	pca	per_subclass	Vip
H21.33.023	0	0.8401305988178311	pca	per_subclass	Vip
H21.33.025	1	0.9333880466739528	pca	per_subclass	Vip
H21.33.026	1	0.8505609891050916	pca	per_subclass	Vip
H21.33.027	1	0.842192922101167	pca	per_subclass	Vip
H21.33.028	0	0.6999181915489066	pca	per_subclass	Vip
H21.33.029	1	0.7858679904341623	pca	per_subclass	Vip
H21.33.030	1	0.18868596332186657	pca	per_subclass	Vip
H21.33.031	1	0.796776741471991	pca	per_subclass	Vip
H21.33.032	0	0.3822003688272505	pca	per_subclass	Vip
H21.33.033	1	0.942717584648145	pca	per_subclass	Vip
H21.33.034	1	0.9476372108237985	pca	per_subclass	Vip
H21.33.035	1	0.9252566364358158	pca	per_subclass	Vip
H21.33.036	1	0.5112880773163513	pca	per_subclass	Vip
H21.33.037	0	0.4027950608959414	pca	per_subclass	Vip
H21.33.038	0	0.9062366436589555	pca	per_subclass	Vip
H21.33.039	1	0.8264786506197801	pca	per_subclass	Vip
H21.33.040	1	0.768212944869927	pca	per_subclass	Vip
H21.33.041	0	0.5247644850197023	pca	per_subclass	Vip
H21.33.042	1	0.8885852018181366	pca	per_subclass	Vip
H21.33.043	0	0.8812779959328589	pca	per_subclass	Vip
H21.33.044	1	0.9036551675770743	pca	per_subclass	Vip
H21.33.045	1	0.8977584024553993	pca	per_subclass	Vip
H21.33.046	1	0.7312300807636959	pca	per_subclass	Vip
H21.33.047	1	0.4021636288302842	pca	per_subclass	Vip
H19.33.004	0	0.9545593764401156	pca	combined	9 subclasses
H20.33.001	0	0.44440595883775236	pca	combined	9 subclasses
H20.33.002	0	0.8868769294334241	pca	combined	9 subclasses
H20.33.004	1	0.4771324473780874	pca	combined	9 subclasses
H20.33.005	1	0.8247335623329167	pca	combined	9 subclasses
H20.33.008	1	0.5419366519181027	pca	combined	9 subclasses
H20.33.011	1	0.680012529698582	pca	combined	9 subclasses
H20.33.012	0	0.8644445653118348	pca	combined	9 subclasses
H20.33.013	1	0.6460716538297955	pca	combined	9 subclasses
H20.33.014	1	0.7950049025679926	pca	combined	9 subclasses
H20.33.015	1	0.6946180054506211	pca	combined	9 subclasses
H20.33.016	1	0.887030486205419	pca	combined	9 subclasses
H20.33.017	1	0.9290381265714476	pca	combined	9 subclasses
H20.33.018	1	0.9655496490923043	pca	combined	9 subclasses
H20.33.019	1	0.8833514658368402	pca	combined	9 subclasses
H20.33.020	1	0.9181802694273917	pca	combined	9 subclasses
H20.33.024	1	0.08891377707994583	pca	combined	9 subclasses
H20.33.025	1	0.4324473857465316	pca	combined	9 subclasses
H20.33.026	1	0.8704161430902376	pca	combined	9 subclasses
H20.33.027	1	0.9157495746814179	pca	combined	9 subclasses
H20.33.028	1	0.941977974024821	pca	combined	9 subclasses
H20.33.029	1	0.7601280201260382	pca	combined	9 subclasses
H20.33.030	1	0.658295974312426	pca	combined	9 subclasses
H20.33.031	1	0.30815228346087953	pca	combined	9 subclasses
H20.33.032	1	0.6406844662569119	pca	combined	9 subclasses
H20.33.033	1	0.9774827265032693	pca	combined	9 subclasses
H20.33.034	1	0.9239595900991754	pca	combined	9 subclasses
H20.33.035	0	0.8080549732743195	pca	combined	9 subclasses
H20.33.036	1	0.969844393003527	pca	combined	9 subclasses
H20.33.037	1	0.9810636851555378	pca	combined	9 subclasses
H20.33.038	1	0.9163798106962563	pca	combined	9 subclasses
H20.33.039	1	0.6988453815304115	pca	combined	9 subclasses
H20.33.040	1	0.9642562631086136	pca	combined	9 subclasses
H20.33.041	1	0.9692305689326993	pca	combined	9 subclasses
H20.33.043	1	0.3219125998790831	pca	combined	9 subclasses
H20.33.044	0	0.8476911712009004	pca	combined	9 subclasses
H20.33.045	1	0.9947547216790633	pca	combined	9 subclasses
H20.33.046	1	0.9501706573661434	pca	combined	9 subclasses
H21.33.001	0	0.9634410071629436	pca	combined	9 subclasses
H21.33.002	1	0.8511429759656259	pca	combined	9 subclasses
H21.33.003	0	0.6556417680223936	pca	combined	9 subclasses
H21.33.004	0	0.7189071370030616	pca	combined	9 subclasses
H21.33.005	1	0.9206588301201091	pca	combined	9 subclasses
H21.33.006	1	0.6293661213643075	pca	combined	9 subclasses
H21.33.007	1	0.9038488428417196	pca	combined	9 subclasses
H21.33.008	1	0.9072505740171198	pca	combined	9 subclasses
H21.33.009	1	0.9692258536457473	pca	combined	9 subclasses
H21.33.010	1	0.8161183509968912	pca	combined	9 subclasses
H21.33.011	0	0.551191021520004	pca	combined	9 subclasses
H21.33.012	1	0.7489948187104671	pca	combined	9 subclasses
H21.33.013	1	0.8949202425880889	pca	combined	9 subclasses
H21.33.014	1	0.7493201387681084	pca	combined	9 subclasses
H21.33.015	0	0.5504942291515064	pca	combined	9 subclasses
H21.33.016	0	0.4298510438757214	pca	combined	9 subclasses
H21.33.017	1	0.6978362546014583	pca	combined	9 subclasses
H21.33.018	0	0.7878703955148385	pca	combined	9 subclasses
H21.33.019	0	0.7623750429220395	pca	combined	9 subclasses
H21.33.020	1	0.9887985786986369	pca	combined	9 subclasses
H21.33.021	1	0.9566236443772406	pca	combined	9 subclasses
H21.33.022	1	0.6778406602560224	pca	combined	9 subclasses
H21.33.023	0	0.8230098146069057	pca	combined	9 subclasses
H21.33.025	1	0.6927210393566421	pca	combined	9 subclasses
H21.33.026	1	0.6611129928243805	pca	combined	9 subclasses
H21.33.027	1	0.7169233584921322	pca	combined	9 subclasses
H21.33.028	0	0.6354820653441816	pca	combined	9 subclasses
H21.33.029	1	0.9425453703746565	pca	combined	9 subclasses
H21.33.030	1	0.8100910321336559	pca	combined	9 subclasses
H21.33.031	1	0.7281488454273848	pca	combined	9 subclasses
H21.33.032	0	0.5608920006401057	pca	combined	9 subclasses
H21.33.033	1	0.9665793850600302	pca	combined	9 subclasses
H21.33.034	1	0.9299923009863184	pca	combined	9 subclasses
H21.33.035	1	0.9343360777094281	pca	combined	9 subclasses
H21.33.036	1	0.48792910409259316	pca	combined	9 subclasses
H21.33.037	0	0.4633262062303064	pca	combined	9 subclasses
H21.33.038	0	0.9218610177365674	pca	combined	9 subclasses
H21.33.039	1	0.7664561944196471	pca	combined	9 subclasses
H21.33.040	1	0.9260837186888591	pca	combined	9 subclasses
H21.33.041	0	0.787147047199251	pca	combined	9 subclasses
H21.33.042	1	0.2958011531104896	pca	combined	9 subclasses
H21.33.043	0	0.8008725287874263	pca	combined	9 subclasses
H21.33.044	1	0.7225660908210088	pca	combined	9 subclasses
H21.33.045	1	0.9874289172662507	pca	combined	9 subclasses
H21.33.046	1	0.9502670980487803	pca	combined	9 subclasses
H21.33.047	1	0.934381759133639	pca	combined	9 subclasses
H19.33.004	0	0.9400100290546419	pca	combined+cov	9 subclasses
H20.33.001	0	0.4114892740909615	pca	combined+cov	9 subclasses
H20.33.002	0	0.8807808645496584	pca	combined+cov	9 subclasses
H20.33.004	1	0.5775612233106985	pca	combined+cov	9 subclasses
H20.33.005	1	0.7954928412840251	pca	combined+cov	9 subclasses
H20.33.008	1	0.6918468066677722	pca	combined+cov	9 subclasses
H20.33.011	1	0.7765979223249669	pca	combined+cov	9 subclasses
H20.33.012	0	0.848395847031861	pca	combined+cov	9 subclasses
H20.33.013	1	0.6556775553868948	pca	combined+cov	9 subclasses
H20.33.014	1	0.7640452007014262	pca	combined+cov	9 subclasses
H20.33.015	1	0.647433316682115	pca	combined+cov	9 subclasses
H20.33.016	1	0.8791847079115718	pca	combined+cov	9 subclasses
H20.33.017	1	0.9128201619396379	pca	combined+cov	9 subclasses
H20.33.018	1	0.9754679840419108	pca	combined+cov	9 subclasses
H20.33.019	1	0.9305487459001338	pca	combined+cov	9 subclasses
H20.33.020	1	0.9665636936927271	pca	combined+cov	9 subclasses
H20.33.024	1	0.07454821322507493	pca	combined+cov	9 subclasses
H20.33.025	1	0.41474708655732967	pca	combined+cov	9 subclasses
H20.33.026	1	0.9473919879227786	pca	combined+cov	9 subclasses
H20.33.027	1	0.9097804642221309	pca	combined+cov	9 subclasses
H20.33.028	1	0.9340186437448368	pca	combined+cov	9 subclasses
H20.33.029	1	0.7312422180942093	pca	combined+cov	9 subclasses
H20.33.030	1	0.7585935972214908	pca	combined+cov	9 subclasses
H20.33.031	1	0.25123197892030646	pca	combined+cov	9 subclasses
H20.33.032	1	0.552207921008385	pca	combined+cov	9 subclasses
H20.33.033	1	0.965622805291502	pca	combined+cov	9 subclasses
H20.33.034	1	0.8912785724085934	pca	combined+cov	9 subclasses
H20.33.035	0	0.7947899471823519	pca	combined+cov	9 subclasses
H20.33.036	1	0.9558839821319707	pca	combined+cov	9 subclasses
H20.33.037	1	0.9671870718058461	pca	combined+cov	9 subclasses
H20.33.038	1	0.9423195120842955	pca	combined+cov	9 subclasses
H20.33.039	1	0.6565497399900339	pca	combined+cov	9 subclasses
H20.33.040	1	0.9440156511230509	pca	combined+cov	9 subclasses
H20.33.041	1	0.9531033432535663	pca	combined+cov	9 subclasses
H20.33.043	1	0.6166304958604462	pca	combined+cov	9 subclasses
H20.33.044	0	0.8157684687868241	pca	combined+cov	9 subclasses
H20.33.045	1	0.997939016571135	pca	combined+cov	9 subclasses
H20.33.046	1	0.9352029486253745	pca	combined+cov	9 subclasses
H21.33.001	0	0.9658118915749112	pca	combined+cov	9 subclasses
H21.33.002	1	0.8813308042609679	pca	combined+cov	9 subclasses
H21.33.003	0	0.5737492402497281	pca	combined+cov	9 subclasses
H21.33.004	0	0.6749160398198486	pca	combined+cov	9 subclasses
H21.33.005	1	0.881584845589513	pca	combined+cov	9 subclasses
H21.33.006	1	0.705647171401317	pca	combined+cov	9 subclasses
H21.33.007	1	0.8745568569516923	pca	combined+cov	9 subclasses
H21.33.008	1	0.8990107410444805	pca	combined+cov	9 subclasses
H21.33.009	1	0.9886397414322176	pca	combined+cov	9 subclasses
H21.33.010	1	0.7777595423351402	pca	combined+cov	9 subclasses
H21.33.011	0	0.49623687850979425	pca	combined+cov	9 subclasses
H21.33.012	1	0.8117349615688946	pca	combined+cov	9 subclasses
H21.33.013	1	0.9361907589073253	pca	combined+cov	9 subclasses
H21.33.014	1	0.691190399106443	pca	combined+cov	9 subclasses
H21.33.015	0	0.4726205581955874	pca	combined+cov	9 subclasses
H21.33.016	0	0.3874052016292987	pca	combined+cov	9 subclasses
H21.33.017	1	0.6817834923482666	pca	combined+cov	9 subclasses
H21.33.018	0	0.7295911411801048	pca	combined+cov	9 subclasses
H21.33.019	0	0.7001408804122825	pca	combined+cov	9 subclasses
H21.33.020	1	0.9797346730791123	pca	combined+cov	9 subclasses
H21.33.021	1	0.9317355158530057	pca	combined+cov	9 subclasses
H21.33.022	1	0.6598369603174312	pca	combined+cov	9 subclasses
H21.33.023	0	0.8013722714934957	pca	combined+cov	9 subclasses
H21.33.025	1	0.6003702780496333	pca	combined+cov	9 subclasses
H21.33.026	1	0.7755228936839187	pca	combined+cov	9 subclasses
H21.33.027	1	0.8066350281312473	pca	combined+cov	9 subclasses
H21.33.028	0	0.573214591397869	pca	combined+cov	9 subclasses
H21.33.029	1	0.9538754843342531	pca	combined+cov	9 subclasses
H21.33.030	1	0.8762852500712477	pca	combined+cov	9 subclasses
H21.33.031	1	0.8078216007283405	pca	combined+cov	9 subclasses
H21.33.032	0	0.5529967894435601	pca	combined+cov	9 subclasses
H21.33.033	1	0.9754753316848506	pca	combined+cov	9 subclasses
H21.33.034	1	0.9633811977808296	pca	combined+cov	9 subclasses
H21.33.035	1	0.9191526531812906	pca	combined+cov	9 subclasses
H21.33.036	1	0.43152750594903255	pca	combined+cov	9 subclasses
H21.33.037	0	0.4385794100893328	pca	combined+cov	9 subclasses
H21.33.038	0	0.8919270386298527	pca	combined+cov	9 subclasses
H21.33.039	1	0.7515480837210825	pca	combined+cov	9 subclasses
H21.33.040	1	0.9573742087276278	pca	combined+cov	9 subclasses
H21.33.041	0	0.7464595895134195	pca	combined+cov	9 subclasses
H21.33.042	1	0.5702591320466748	pca	combined+cov	9 subclasses
H21.33.043	0	0.7844241809794276	pca	combined+cov	9 subclasses
H21.33.044	1	0.7249893437466615	pca	combined+cov	9 subclasses
H21.33.045	1	0.990194831325816	pca	combined+cov	9 subclasses
H21.33.046	1	0.9333838757652035	pca	combined+cov	9 subclasses
H21.33.047	1	0.923525780886651	pca	combined+cov	9 subclasses
H19.33.004	0	0.9729135365802485	pca_harmony	per_subclass	Astrocyte
H20.33.001	0	0.7137666331860397	pca_harmony	per_subclass	Astrocyte
H20.33.002	0	0.7991519458495492	pca_harmony	per_subclass	Astrocyte
H20.33.004	1	0.520550574847599	pca_harmony	per_subclass	Astrocyte
H20.33.005	1	0.8637455981180018	pca_harmony	per_subclass	Astrocyte
H20.33.008	1	0.7570286649915579	pca_harmony	per_subclass	Astrocyte
H20.33.011	1	0.8081650203501078	pca_harmony	per_subclass	Astrocyte
H20.33.012	0	0.9285735018898371	pca_harmony	per_subclass	Astrocyte
H20.33.013	1	0.8655471576193918	pca_harmony	per_subclass	Astrocyte
H20.33.014	1	0.6826239598931307	pca_harmony	per_subclass	Astrocyte
H20.33.015	1	0.9231722920141234	pca_harmony	per_subclass	Astrocyte
H20.33.016	1	0.691145480957145	pca_harmony	per_subclass	Astrocyte
H20.33.017	1	0.795942890784685	pca_harmony	per_subclass	Astrocyte
H20.33.018	1	0.9662963545311186	pca_harmony	per_subclass	Astrocyte
H20.33.019	1	0.8537495450907755	pca_harmony	per_subclass	Astrocyte
H20.33.020	1	0.945023842443606	pca_harmony	per_subclass	Astrocyte
H20.33.024	1	0.39222873855147206	pca_harmony	per_subclass	Astrocyte
H20.33.025	1	0.8013916692334933	pca_harmony	per_subclass	Astrocyte
H20.33.026	1	0.9258474427001222	pca_harmony	per_subclass	Astrocyte
H20.33.027	1	0.952604390645839	pca_harmony	per_subclass	Astrocyte
H20.33.028	1	0.827495993417922	pca_harmony	per_subclass	Astrocyte
H20.33.029	1	0.5764747459715295	pca_harmony	per_subclass	Astrocyte
H20.33.030	1	0.5882647829672185	pca_harmony	per_subclass	Astrocyte
H20.33.031	1	0.44615383950846577	pca_harmony	per_subclass	Astrocyte
H20.33.032	1	0.4299005063251736	pca_harmony	per_subclass	Astrocyte
H20.33.033	1	0.9530340659780849	pca_harmony	per_subclass	Astrocyte
H20.33.034	1	0.7673726655220949	pca_harmony	per_subclass	Astrocyte
H20.33.035	0	0.9545340357105585	pca_harmony	per_subclass	Astrocyte
H20.33.036	1	0.8943029562237662	pca_harmony	per_subclass	Astrocyte
H20.33.037	1	0.9503013738804658	pca_harmony	per_subclass	Astrocyte
H20.33.038	1	0.3429285528364646	pca_harmony	per_subclass	Astrocyte
H20.33.039	1	0.8038606015227717	pca_harmony	per_subclass	Astrocyte
H20.33.040	1	0.7649192732569171	pca_harmony	per_subclass	Astrocyte
H20.33.041	1	0.7949634805429218	pca_harmony	per_subclass	Astrocyte
H20.33.043	1	0.47073860585128025	pca_harmony	per_subclass	Astrocyte
H20.33.044	0	0.6554100181064395	pca_harmony	per_subclass	Astrocyte
H20.33.045	1	0.9689434433135956	pca_harmony	per_subclass	Astrocyte
H20.33.046	1	0.8628222842699168	pca_harmony	per_subclass	Astrocyte
H21.33.001	0	0.810020874320427	pca_harmony	per_subclass	Astrocyte
H21.33.002	1	0.9318909053514493	pca_harmony	per_subclass	Astrocyte
H21.33.003	0	0.7193729187145395	pca_harmony	per_subclass	Astrocyte
H21.33.004	0	0.5454435593747732	pca_harmony	per_subclass	Astrocyte
H21.33.005	1	0.7669481817165764	pca_harmony	per_subclass	Astrocyte
H21.33.006	1	0.4793947157791919	pca_harmony	per_subclass	Astrocyte
H21.33.007	1	0.9593598386613651	pca_harmony	per_subclass	Astrocyte
H21.33.008	1	0.5831954630682005	pca_harmony	per_subclass	Astrocyte
H21.33.009	1	0.8792991192343994	pca_harmony	per_subclass	Astrocyte
H21.33.010	1	0.8614378938718816	pca_harmony	per_subclass	Astrocyte
H21.33.011	0	0.6202899055194442	pca_harmony	per_subclass	Astrocyte
H21.33.012	1	0.6624651909748833	pca_harmony	per_subclass	Astrocyte
H21.33.013	1	0.9827567241430056	pca_harmony	per_subclass	Astrocyte
H21.33.014	1	0.7627822675838782	pca_harmony	per_subclass	Astrocyte
H21.33.015	0	0.3645620786864818	pca_harmony	per_subclass	Astrocyte
H21.33.016	0	0.7924370121693494	pca_harmony	per_subclass	Astrocyte
H21.33.017	1	0.8047608571944155	pca_harmony	per_subclass	Astrocyte
H21.33.018	0	0.7596516284490864	pca_harmony	per_subclass	Astrocyte
H21.33.019	0	0.5293647868221145	pca_harmony	per_subclass	Astrocyte
H21.33.020	1	0.9532335664884709	pca_harmony	per_subclass	Astrocyte
H21.33.021	1	0.6657779340021227	pca_harmony	per_subclass	Astrocyte
H21.33.022	1	0.723884403284565	pca_harmony	per_subclass	Astrocyte
H21.33.023	0	0.557254752765605	pca_harmony	per_subclass	Astrocyte
H21.33.025	1	0.6284121615125022	pca_harmony	per_subclass	Astrocyte
H21.33.026	1	0.6562833472684138	pca_harmony	per_subclass	Astrocyte
H21.33.027	1	0.5419222032248625	pca_harmony	per_subclass	Astrocyte
H21.33.028	0	0.9257351846859289	pca_harmony	per_subclass	Astrocyte
H21.33.029	1	0.9086133280820248	pca_harmony	per_subclass	Astrocyte
H21.33.030	1	0.5927552037961368	pca_harmony	per_subclass	Astrocyte
H21.33.031	1	0.7370078613569658	pca_harmony	per_subclass	Astrocyte
H21.33.032	0	0.8460136743132768	pca_harmony	per_subclass	Astrocyte
H21.33.033	1	0.7748034187621335	pca_harmony	per_subclass	Astrocyte
H21.33.034	1	0.7452108694443133	pca_harmony	per_subclass	Astrocyte
H21.33.035	1	0.9330799796002566	pca_harmony	per_subclass	Astrocyte
H21.33.036	1	0.6215879669179667	pca_harmony	per_subclass	Astrocyte
H21.33.037	0	0.6462042164623156	pca_harmony	per_subclass	Astrocyte
H21.33.038	0	0.5914601143201688	pca_harmony	per_subclass	Astrocyte
H21.33.039	1	0.8895960851166993	pca_harmony	per_subclass	Astrocyte
H21.33.040	1	0.8533005237606218	pca_harmony	per_subclass	Astrocyte
H21.33.041	0	0.7887796762733629	pca_harmony	per_subclass	Astrocyte
H21.33.042	1	0.7597411160000342	pca_harmony	per_subclass	Astrocyte
H21.33.043	0	0.7648964301399779	pca_harmony	per_subclass	Astrocyte
H21.33.044	1	0.848187529382265	pca_harmony	per_subclass	Astrocyte
H21.33.045	1	0.9309983526000126	pca_harmony	per_subclass	Astrocyte
H21.33.046	1	0.8868872547484422	pca_harmony	per_subclass	Astrocyte
H21.33.047	1	0.7466651530119155	pca_harmony	per_subclass	Astrocyte
H19.33.004	0	0.9779848808831181	pca_harmony	per_subclass	Chandelier
H20.33.001	0	0.6028679528113955	pca_harmony	per_subclass	Chandelier
H20.33.002	0	0.7086534760527001	pca_harmony	per_subclass	Chandelier
H20.33.004	1	0.5956655621095119	pca_harmony	per_subclass	Chandelier
H20.33.005	1	0.8824999555896456	pca_harmony	per_subclass	Chandelier
H20.33.008	1	0.5700738369010185	pca_harmony	per_subclass	Chandelier
H20.33.011	1	0.63762128952013	pca_harmony	per_subclass	Chandelier
H20.33.012	0	0.7425855204057343	pca_harmony	per_subclass	Chandelier
H20.33.013	1	0.44526616339899505	pca_harmony	per_subclass	Chandelier
H20.33.014	1	0.3708724649112346	pca_harmony	per_subclass	Chandelier
H20.33.015	1	0.9751754274758998	pca_harmony	per_subclass	Chandelier
H20.33.016	1	0.7746475549223619	pca_harmony	per_subclass	Chandelier
H20.33.017	1	0.9126315037729624	pca_harmony	per_subclass	Chandelier
H20.33.018	1	0.9331467219665484	pca_harmony	per_subclass	Chandelier
H20.33.019	1	0.7982943933844732	pca_harmony	per_subclass	Chandelier
H20.33.020	1	0.8740201439268453	pca_harmony	per_subclass	Chandelier
H20.33.024	1	0.2462987362484824	pca_harmony	per_subclass	Chandelier
H20.33.025	1	0.6951888523833301	pca_harmony	per_subclass	Chandelier
H20.33.026	1	0.6788714355343017	pca_harmony	per_subclass	Chandelier
H20.33.027	1	0.5287034785219564	pca_harmony	per_subclass	Chandelier
H20.33.028	1	0.9999868504670031	pca_harmony	per_subclass	Chandelier
H20.33.029	1	0.8114325865756518	pca_harmony	per_subclass	Chandelier
H20.33.030	1	0.8092375857641303	pca_harmony	per_subclass	Chandelier
H20.33.031	1	0.7208353252759634	pca_harmony	per_subclass	Chandelier
H20.33.032	1	0.4238788570702625	pca_harmony	per_subclass	Chandelier
H20.33.033	1	0.939786486363553	pca_harmony	per_subclass	Chandelier
H20.33.034	1	0.7373966271716323	pca_harmony	per_subclass	Chandelier
H20.33.035	0	0.887985978070124	pca_harmony	per_subclass	Chandelier
H20.33.036	1	0.9605621376646777	pca_harmony	per_subclass	Chandelier
H20.33.037	1	0.9013049157474761	pca_harmony	per_subclass	Chandelier
H20.33.039	1	0.6280022828596455	pca_harmony	per_subclass	Chandelier
H20.33.040	1	0.7258707158164915	pca_harmony	per_subclass	Chandelier
H20.33.041	1	0.8778586124776373	pca_harmony	per_subclass	Chandelier
H20.33.043	1	0.44422909760846857	pca_harmony	per_subclass	Chandelier
H20.33.044	0	0.9721743487292931	pca_harmony	per_subclass	Chandelier
H20.33.045	1	0.9556690491890014	pca_harmony	per_subclass	Chandelier
H20.33.046	1	0.8183153712749517	pca_harmony	per_subclass	Chandelier
H21.33.001	0	0.33685550911335593	pca_harmony	per_subclass	Chandelier
H21.33.002	1	0.7254332128181888	pca_harmony	per_subclass	Chandelier
H21.33.003	0	0.6455203540185863	pca_harmony	per_subclass	Chandelier
H21.33.004	0	0.7725257187405713	pca_harmony	per_subclass	Chandelier
H21.33.005	1	0.8905244366646572	pca_harmony	per_subclass	Chandelier
H21.33.006	1	0.6957548293599644	pca_harmony	per_subclass	Chandelier
H21.33.007	1	0.789226842083167	pca_harmony	per_subclass	Chandelier
H21.33.008	1	0.9017792679032077	pca_harmony	per_subclass	Chandelier
H21.33.009	1	0.9410099932436722	pca_harmony	per_subclass	Chandelier
H21.33.010	1	0.9478713064569115	pca_harmony	per_subclass	Chandelier
H21.33.011	0	0.4126531927014935	pca_harmony	per_subclass	Chandelier
H21.33.012	1	0.6199121888515737	pca_harmony	per_subclass	Chandelier
H21.33.013	1	0.940257067363078	pca_harmony	per_subclass	Chandelier
H21.33.014	1	0.836475547580752	pca_harmony	per_subclass	Chandelier
H21.33.015	0	0.6137910878301371	pca_harmony	per_subclass	Chandelier
H21.33.016	0	0.7528201406351134	pca_harmony	per_subclass	Chandelier
H21.33.017	1	0.7295651905117199	pca_harmony	per_subclass	Chandelier
H21.33.018	0	0.686102039520132	pca_harmony	per_subclass	Chandelier
H21.33.019	0	0.6701133293130658	pca_harmony	per_subclass	Chandelier
H21.33.021	1	0.8717813455707649	pca_harmony	per_subclass	Chandelier
H21.33.022	1	0.769819704494845	pca_harmony	per_subclass	Chandelier
H21.33.023	0	0.42356168075412237	pca_harmony	per_subclass	Chandelier
H21.33.025	1	0.7626960338423252	pca_harmony	per_subclass	Chandelier
H21.33.026	1	0.9581736570269257	pca_harmony	per_subclass	Chandelier
H21.33.027	1	0.6353488468364172	pca_harmony	per_subclass	Chandelier
H21.33.028	0	0.717493862472592	pca_harmony	per_subclass	Chandelier
H21.33.029	1	0.7322780319911788	pca_harmony	per_subclass	Chandelier
H21.33.030	1	0.718358404785228	pca_harmony	per_subclass	Chandelier
H21.33.031	1	0.8000702889047299	pca_harmony	per_subclass	Chandelier
H21.33.032	0	0.5357748488640921	pca_harmony	per_subclass	Chandelier
H21.33.033	1	0.9250941633327023	pca_harmony	per_subclass	Chandelier
H21.33.035	1	0.6368502736836579	pca_harmony	per_subclass	Chandelier
H21.33.036	1	0.7048758649889134	pca_harmony	per_subclass	Chandelier
H21.33.037	0	0.6459101013879097	pca_harmony	per_subclass	Chandelier
H21.33.038	0	0.8374276522467754	pca_harmony	per_subclass	Chandelier
H21.33.039	1	0.9288195587397121	pca_harmony	per_subclass	Chandelier
H21.33.040	1	0.8460979521987351	pca_harmony	per_subclass	Chandelier
H21.33.041	0	0.807709179404228	pca_harmony	per_subclass	Chandelier
H21.33.042	1	0.7469216406666932	pca_harmony	per_subclass	Chandelier
H21.33.043	0	0.7334420532922189	pca_harmony	per_subclass	Chandelier
H21.33.044	1	0.8955639960484483	pca_harmony	per_subclass	Chandelier
H21.33.045	1	0.9216703881777226	pca_harmony	per_subclass	Chandelier
H21.33.046	1	0.86140940133119	pca_harmony	per_subclass	Chandelier
H21.33.047	1	0.5944778054962248	pca_harmony	per_subclass	Chandelier
H19.33.004	0	0.8351022750747561	pca_harmony	per_subclass	Endothelial
H20.33.001	0	0.7946694033898006	pca_harmony	per_subclass	Endothelial
H20.33.002	0	0.8140091846704482	pca_harmony	per_subclass	Endothelial
H20.33.004	1	0.7573726283891299	pca_harmony	per_subclass	Endothelial
H20.33.005	1	0.7825180392972771	pca_harmony	per_subclass	Endothelial
H20.33.008	1	0.7492857272917933	pca_harmony	per_subclass	Endothelial
H20.33.011	1	0.8438862660889637	pca_harmony	per_subclass	Endothelial
H20.33.012	0	0.8508901477427276	pca_harmony	per_subclass	Endothelial
H20.33.013	1	0.4658055745955294	pca_harmony	per_subclass	Endothelial
H20.33.014	1	0.6821556914423444	pca_harmony	per_subclass	Endothelial
H20.33.015	1	0.5021526184208926	pca_harmony	per_subclass	Endothelial
H20.33.016	1	0.8704625019066622	pca_harmony	per_subclass	Endothelial
H20.33.017	1	0.8723567381497611	pca_harmony	per_subclass	Endothelial
H20.33.018	1	0.8483482463483465	pca_harmony	per_subclass	Endothelial
H20.33.019	1	0.8680540910536887	pca_harmony	per_subclass	Endothelial
H20.33.020	1	0.9021624005541135	pca_harmony	per_subclass	Endothelial
H20.33.025	1	0.5289743896634467	pca_harmony	per_subclass	Endothelial
H20.33.027	1	0.8562283996435376	pca_harmony	per_subclass	Endothelial
H20.33.028	1	0.9328731459863195	pca_harmony	per_subclass	Endothelial
H20.33.030	1	0.7034758424791724	pca_harmony	per_subclass	Endothelial
H20.33.032	1	0.3576344861338761	pca_harmony	per_subclass	Endothelial
H20.33.033	1	0.8872773316651805	pca_harmony	per_subclass	Endothelial
H20.33.034	1	0.7480373279446144	pca_harmony	per_subclass	Endothelial
H20.33.035	0	0.6296977971592977	pca_harmony	per_subclass	Endothelial
H20.33.036	1	0.9159776169459649	pca_harmony	per_subclass	Endothelial
H20.33.037	1	0.9087303325559285	pca_harmony	per_subclass	Endothelial
H20.33.038	1	0.9496533195337277	pca_harmony	per_subclass	Endothelial
H20.33.039	1	0.6859639629085371	pca_harmony	per_subclass	Endothelial
H20.33.040	1	0.774844774041014	pca_harmony	per_subclass	Endothelial
H20.33.041	1	0.6542660684493702	pca_harmony	per_subclass	Endothelial
H20.33.043	1	0.6601415257363646	pca_harmony	per_subclass	Endothelial
H20.33.044	0	0.4479484139113806	pca_harmony	per_subclass	Endothelial
H20.33.045	1	0.9183404061232695	pca_harmony	per_subclass	Endothelial
H20.33.046	1	0.7321886684195172	pca_harmony	per_subclass	Endothelial
H21.33.001	0	0.9315188483561329	pca_harmony	per_subclass	Endothelial
H21.33.002	1	0.7456919422408654	pca_harmony	per_subclass	Endothelial
H21.33.003	0	0.8769654121944882	pca_harmony	per_subclass	Endothelial
H21.33.004	0	0.4021530066585563	pca_harmony	per_subclass	Endothelial
H21.33.005	1	0.8769993846478318	pca_harmony	per_subclass	Endothelial
H21.33.007	1	0.8374777423014498	pca_harmony	per_subclass	Endothelial
H21.33.009	1	0.9944029640767831	pca_harmony	per_subclass	Endothelial
H21.33.010	1	0.8308554233783785	pca_harmony	per_subclass	Endothelial
H21.33.011	0	0.794198571648405	pca_harmony	per_subclass	Endothelial
H21.33.012	1	0.870298104871552	pca_harmony	per_subclass	Endothelial
H21.33.013	1	0.9755106765014168	pca_harmony	per_subclass	Endothelial
H21.33.015	0	0.7201433434815377	pca_harmony	per_subclass	Endothelial
H21.33.017	1	0.42170483868889636	pca_harmony	per_subclass	Endothelial
H21.33.018	0	0.8633169365233198	pca_harmony	per_subclass	Endothelial
H21.33.019	0	0.7439711897999517	pca_harmony	per_subclass	Endothelial
H21.33.020	1	0.973469767970266	pca_harmony	per_subclass	Endothelial
H21.33.021	1	0.6150799917084869	pca_harmony	per_subclass	Endothelial
H21.33.022	1	0.7545137639726659	pca_harmony	per_subclass	Endothelial
H21.33.023	0	0.6060445102546472	pca_harmony	per_subclass	Endothelial
H21.33.025	1	0.7455830399060063	pca_harmony	per_subclass	Endothelial
H21.33.026	1	0.5771142902233231	pca_harmony	per_subclass	Endothelial
H21.33.027	1	0.7048001048014463	pca_harmony	per_subclass	Endothelial
H21.33.028	0	0.4881080371567541	pca_harmony	per_subclass	Endothelial
H21.33.029	1	0.700423417200792	pca_harmony	per_subclass	Endothelial
H21.33.030	1	0.7271973832291654	pca_harmony	per_subclass	Endothelial
H21.33.031	1	0.5792320811255742	pca_harmony	per_subclass	Endothelial
H21.33.032	0	0.3183005916219578	pca_harmony	per_subclass	Endothelial
H21.33.033	1	0.8213821714537307	pca_harmony	per_subclass	Endothelial
H21.33.034	1	0.9473473317325615	pca_harmony	per_subclass	Endothelial
H21.33.035	1	0.7377169139973706	pca_harmony	per_subclass	Endothelial
H21.33.037	0	0.7065939489254809	pca_harmony	per_subclass	Endothelial
H21.33.038	0	0.00958750542842647	pca_harmony	per_subclass	Endothelial
H21.33.040	1	0.8376867177638305	pca_harmony	per_subclass	Endothelial
H21.33.041	0	0.1275479508930117	pca_harmony	per_subclass	Endothelial
H21.33.043	0	0.8662173240887748	pca_harmony	per_subclass	Endothelial
H21.33.044	1	0.7918224655388993	pca_harmony	per_subclass	Endothelial
H21.33.045	1	0.8590172100965667	pca_harmony	per_subclass	Endothelial
H21.33.046	1	0.8399335292088187	pca_harmony	per_subclass	Endothelial
H21.33.047	1	0.7700834770977664	pca_harmony	per_subclass	Endothelial
H19.33.004	0	0.9851148265281131	pca_harmony	per_subclass	Immune
H20.33.001	0	0.6496396408801752	pca_harmony	per_subclass	Immune
H20.33.002	0	0.7792129066359773	pca_harmony	per_subclass	Immune
H20.33.004	1	0.9204638730019591	pca_harmony	per_subclass	Immune
H20.33.005	1	0.974386263750999	pca_harmony	per_subclass	Immune
H20.33.008	1	0.5977085023105635	pca_harmony	per_subclass	Immune
H20.33.011	1	0.600842469751484	pca_harmony	per_subclass	Immune
H20.33.012	0	0.7753007911182737	pca_harmony	per_subclass	Immune
H20.33.013	1	0.6018406392415104	pca_harmony	per_subclass	Immune
H20.33.014	1	0.8545780746234378	pca_harmony	per_subclass	Immune
H20.33.015	1	0.8183979702204971	pca_harmony	per_subclass	Immune
H20.33.016	1	0.7395292538358311	pca_harmony	per_subclass	Immune
H20.33.017	1	0.8401811407320297	pca_harmony	per_subclass	Immune
H20.33.018	1	0.974266799445679	pca_harmony	per_subclass	Immune
H20.33.019	1	0.9215318125161944	pca_harmony	per_subclass	Immune
H20.33.020	1	0.9260628168405507	pca_harmony	per_subclass	Immune
H20.33.024	1	0.06927608498840174	pca_harmony	per_subclass	Immune
H20.33.025	1	0.6819895581330241	pca_harmony	per_subclass	Immune
H20.33.026	1	0.8490215131209302	pca_harmony	per_subclass	Immune
H20.33.027	1	0.8624108587882754	pca_harmony	per_subclass	Immune
H20.33.028	1	0.9769641603275163	pca_harmony	per_subclass	Immune
H20.33.029	1	0.5732017906410407	pca_harmony	per_subclass	Immune
H20.33.030	1	0.683016070450277	pca_harmony	per_subclass	Immune
H20.33.031	1	0.6300287495991895	pca_harmony	per_subclass	Immune
H20.33.032	1	0.6786107164538822	pca_harmony	per_subclass	Immune
H20.33.033	1	0.8214657746417652	pca_harmony	per_subclass	Immune
H20.33.034	1	0.9213132296614498	pca_harmony	per_subclass	Immune
H20.33.035	0	0.4450956580399267	pca_harmony	per_subclass	Immune
H20.33.036	1	0.9275986034854885	pca_harmony	per_subclass	Immune
H20.33.037	1	0.9956661880882031	pca_harmony	per_subclass	Immune
H20.33.038	1	0.9730756216500354	pca_harmony	per_subclass	Immune
H20.33.039	1	0.6198745111586375	pca_harmony	per_subclass	Immune
H20.33.040	1	0.8231950560773565	pca_harmony	per_subclass	Immune
H20.33.041	1	0.7920781187468645	pca_harmony	per_subclass	Immune
H20.33.043	1	0.27912004689985304	pca_harmony	per_subclass	Immune
H20.33.044	0	0.7514479037316077	pca_harmony	per_subclass	Immune
H20.33.045	1	0.991806171122272	pca_harmony	per_subclass	Immune
H20.33.046	1	0.9618983556246932	pca_harmony	per_subclass	Immune
H21.33.001	0	0.8371955092581918	pca_harmony	per_subclass	Immune
H21.33.002	1	0.9613509846501614	pca_harmony	per_subclass	Immune
H21.33.003	0	0.7241054069519433	pca_harmony	per_subclass	Immune
H21.33.004	0	0.2927227719851522	pca_harmony	per_subclass	Immune
H21.33.005	1	0.8429121731047466	pca_harmony	per_subclass	Immune
H21.33.006	1	0.5819180025825356	pca_harmony	per_subclass	Immune
H21.33.007	1	0.626302656071266	pca_harmony	per_subclass	Immune
H21.33.008	1	0.8216404826834021	pca_harmony	per_subclass	Immune
H21.33.009	1	0.946395475206244	pca_harmony	per_subclass	Immune
H21.33.010	1	0.8316575256379434	pca_harmony	per_subclass	Immune
H21.33.011	0	0.7915039523742429	pca_harmony	per_subclass	Immune
H21.33.012	1	0.48157280909817723	pca_harmony	per_subclass	Immune
H21.33.013	1	0.8538146138502372	pca_harmony	per_subclass	Immune
H21.33.014	1	0.7978547506185036	pca_harmony	per_subclass	Immune
H21.33.015	0	0.693038102999733	pca_harmony	per_subclass	Immune
H21.33.016	0	0.3283374466877012	pca_harmony	per_subclass	Immune
H21.33.017	1	0.926508380870877	pca_harmony	per_subclass	Immune
H21.33.018	0	0.7464226622980161	pca_harmony	per_subclass	Immune
H21.33.019	0	0.7904087717548093	pca_harmony	per_subclass	Immune
H21.33.020	1	0.9875104874061794	pca_harmony	per_subclass	Immune
H21.33.021	1	0.8946562631757635	pca_harmony	per_subclass	Immune
H21.33.022	1	0.6894605279969828	pca_harmony	per_subclass	Immune
H21.33.023	0	0.8821976485961676	pca_harmony	per_subclass	Immune
H21.33.025	1	0.6746220057928138	pca_harmony	per_subclass	Immune
H21.33.026	1	0.6577565640009255	pca_harmony	per_subclass	Immune
H21.33.027	1	0.7071337608155354	pca_harmony	per_subclass	Immune
H21.33.028	0	0.5682563123657349	pca_harmony	per_subclass	Immune
H21.33.029	1	0.7535236152286858	pca_harmony	per_subclass	Immune
H21.33.030	1	0.6244327269693191	pca_harmony	per_subclass	Immune
H21.33.031	1	0.7169488518882032	pca_harmony	per_subclass	Immune
H21.33.032	0	0.8687878081254035	pca_harmony	per_subclass	Immune
H21.33.033	1	0.961928264290392	pca_harmony	per_subclass	Immune
H21.33.034	1	0.9605917107826659	pca_harmony	per_subclass	Immune
H21.33.035	1	0.7977509501863833	pca_harmony	per_subclass	Immune
H21.33.036	1	0.5288695357957123	pca_harmony	per_subclass	Immune
H21.33.037	0	0.6099444577528735	pca_harmony	per_subclass	Immune
H21.33.038	0	0.8146991070054076	pca_harmony	per_subclass	Immune
H21.33.039	1	0.7697452993079982	pca_harmony	per_subclass	Immune
H21.33.040	1	0.920656983025404	pca_harmony	per_subclass	Immune
H21.33.041	0	0.6271336331653041	pca_harmony	per_subclass	Immune
H21.33.042	1	0.18350240547787927	pca_harmony	per_subclass	Immune
H21.33.043	0	0.6059873063831648	pca_harmony	per_subclass	Immune
H21.33.044	1	0.7650007499741	pca_harmony	per_subclass	Immune
H21.33.045	1	0.9618134886448864	pca_harmony	per_subclass	Immune
H21.33.046	1	0.8862953266177496	pca_harmony	per_subclass	Immune
H21.33.047	1	0.5693040485686856	pca_harmony	per_subclass	Immune
H19.33.004	0	0.9733333981093268	pca_harmony	per_subclass	L2/3 IT
H20.33.001	0	0.6897880126644638	pca_harmony	per_subclass	L2/3 IT
H20.33.002	0	0.7859155552595133	pca_harmony	per_subclass	L2/3 IT
H20.33.004	1	0.5171076018270948	pca_harmony	per_subclass	L2/3 IT
H20.33.005	1	0.9171147383501657	pca_harmony	per_subclass	L2/3 IT
H20.33.008	1	0.5396424671408686	pca_harmony	per_subclass	L2/3 IT
H20.33.011	1	0.6463619505216652	pca_harmony	per_subclass	L2/3 IT
H20.33.012	0	0.9590820338765484	pca_harmony	per_subclass	L2/3 IT
H20.33.013	1	0.6706197075693763	pca_harmony	per_subclass	L2/3 IT
H20.33.014	1	0.4527138518978321	pca_harmony	per_subclass	L2/3 IT
H20.33.015	1	0.6648694627615668	pca_harmony	per_subclass	L2/3 IT
H20.33.016	1	0.7495931987626075	pca_harmony	per_subclass	L2/3 IT
H20.33.017	1	0.8410229119982546	pca_harmony	per_subclass	L2/3 IT
H20.33.018	1	0.8775180653239246	pca_harmony	per_subclass	L2/3 IT
H20.33.019	1	0.6090224120772995	pca_harmony	per_subclass	L2/3 IT
H20.33.020	1	0.9402383415171975	pca_harmony	per_subclass	L2/3 IT
H20.33.024	1	0.4216112823455768	pca_harmony	per_subclass	L2/3 IT
H20.33.025	1	0.6636362249833856	pca_harmony	per_subclass	L2/3 IT
H20.33.026	1	0.9145217911379773	pca_harmony	per_subclass	L2/3 IT
H20.33.027	1	0.5262049136589168	pca_harmony	per_subclass	L2/3 IT
H20.33.028	1	0.9320810923050941	pca_harmony	per_subclass	L2/3 IT
H20.33.029	1	0.8064064059345792	pca_harmony	per_subclass	L2/3 IT
H20.33.030	1	0.6454703277554502	pca_harmony	per_subclass	L2/3 IT
H20.33.031	1	0.4166961816368948	pca_harmony	per_subclass	L2/3 IT
H20.33.032	1	0.3737511915192778	pca_harmony	per_subclass	L2/3 IT
H20.33.033	1	0.9801214383334672	pca_harmony	per_subclass	L2/3 IT
H20.33.034	1	0.5863175873253652	pca_harmony	per_subclass	L2/3 IT
H20.33.035	0	0.8544574741008562	pca_harmony	per_subclass	L2/3 IT
H20.33.036	1	0.9662047524305661	pca_harmony	per_subclass	L2/3 IT
H20.33.037	1	0.9837060838371212	pca_harmony	per_subclass	L2/3 IT
H20.33.038	1	0.9697444158973326	pca_harmony	per_subclass	L2/3 IT
H20.33.039	1	0.4134332114795372	pca_harmony	per_subclass	L2/3 IT
H20.33.040	1	0.8549302521356796	pca_harmony	per_subclass	L2/3 IT
H20.33.041	1	0.5279710130199884	pca_harmony	per_subclass	L2/3 IT
H20.33.043	1	0.6000884353812072	pca_harmony	per_subclass	L2/3 IT
H20.33.044	0	0.6092768233222772	pca_harmony	per_subclass	L2/3 IT
H20.33.045	1	0.9769616014057757	pca_harmony	per_subclass	L2/3 IT
H20.33.046	1	0.910047724584841	pca_harmony	per_subclass	L2/3 IT
H21.33.001	0	0.8659546477700981	pca_harmony	per_subclass	L2/3 IT
H21.33.002	1	0.9314593996988989	pca_harmony	per_subclass	L2/3 IT
H21.33.003	0	0.6640534500569322	pca_harmony	per_subclass	L2/3 IT
H21.33.004	0	0.8508627713646574	pca_harmony	per_subclass	L2/3 IT
H21.33.005	1	0.8386377440262883	pca_harmony	per_subclass	L2/3 IT
H21.33.006	1	0.6623216917603691	pca_harmony	per_subclass	L2/3 IT
H21.33.007	1	0.7099775802291777	pca_harmony	per_subclass	L2/3 IT
H21.33.008	1	0.9460480999433599	pca_harmony	per_subclass	L2/3 IT
H21.33.009	1	0.9614682810555507	pca_harmony	per_subclass	L2/3 IT
H21.33.010	1	0.9111654664717797	pca_harmony	per_subclass	L2/3 IT
H21.33.011	0	0.7858377821324195	pca_harmony	per_subclass	L2/3 IT
H21.33.012	1	0.7950276759528039	pca_harmony	per_subclass	L2/3 IT
H21.33.013	1	0.8886573710760899	pca_harmony	per_subclass	L2/3 IT
H21.33.014	1	0.5278366651422675	pca_harmony	per_subclass	L2/3 IT
H21.33.015	0	0.7435644754947017	pca_harmony	per_subclass	L2/3 IT
H21.33.016	0	0.5566979407353616	pca_harmony	per_subclass	L2/3 IT
H21.33.017	1	0.8001749016306183	pca_harmony	per_subclass	L2/3 IT
H21.33.018	0	0.8065955026199443	pca_harmony	per_subclass	L2/3 IT
H21.33.019	0	0.5457587755483694	pca_harmony	per_subclass	L2/3 IT
H21.33.020	1	0.9788973101905395	pca_harmony	per_subclass	L2/3 IT
H21.33.021	1	0.9635663062250318	pca_harmony	per_subclass	L2/3 IT
H21.33.022	1	0.8190240383164303	pca_harmony	per_subclass	L2/3 IT
H21.33.023	0	0.7313135410819858	pca_harmony	per_subclass	L2/3 IT
H21.33.025	1	0.5703489925611729	pca_harmony	per_subclass	L2/3 IT
H21.33.026	1	0.7007228088332936	pca_harmony	per_subclass	L2/3 IT
H21.33.027	1	0.758873160774119	pca_harmony	per_subclass	L2/3 IT
H21.33.028	0	0.5055805028660723	pca_harmony	per_subclass	L2/3 IT
H21.33.029	1	0.39303730445131835	pca_harmony	per_subclass	L2/3 IT
H21.33.030	1	0.8386221767063485	pca_harmony	per_subclass	L2/3 IT
H21.33.031	1	0.528145681953149	pca_harmony	per_subclass	L2/3 IT
H21.33.032	0	0.5558642399899447	pca_harmony	per_subclass	L2/3 IT
H21.33.033	1	0.8581789148135242	pca_harmony	per_subclass	L2/3 IT
H21.33.034	1	0.9468725268258968	pca_harmony	per_subclass	L2/3 IT
H21.33.035	1	0.7531217088442121	pca_harmony	per_subclass	L2/3 IT
H21.33.036	1	0.7547566744262326	pca_harmony	per_subclass	L2/3 IT
H21.33.037	0	0.9317251356726499	pca_harmony	per_subclass	L2/3 IT
H21.33.038	0	0.8672062076564713	pca_harmony	per_subclass	L2/3 IT
H21.33.039	1	0.8315850147189761	pca_harmony	per_subclass	L2/3 IT
H21.33.040	1	0.9097064920393076	pca_harmony	per_subclass	L2/3 IT
H21.33.041	0	0.7446786948672741	pca_harmony	per_subclass	L2/3 IT
H21.33.042	1	0.6467829373857269	pca_harmony	per_subclass	L2/3 IT
H21.33.043	0	0.6842856908030692	pca_harmony	per_subclass	L2/3 IT
H21.33.044	1	0.43093928830173267	pca_harmony	per_subclass	L2/3 IT
H21.33.045	1	0.9837748180922627	pca_harmony	per_subclass	L2/3 IT
H21.33.046	1	0.8832754139668267	pca_harmony	per_subclass	L2/3 IT
H21.33.047	1	0.6891575404283331	pca_harmony	per_subclass	L2/3 IT
H19.33.004	0	0.9934666877442799	pca_harmony	per_subclass	L4 IT
H20.33.001	0	0.6684995991455226	pca_harmony	per_subclass	L4 IT
H20.33.002	0	0.8203729381572609	pca_harmony	per_subclass	L4 IT
H20.33.004	1	0.7831488160169787	pca_harmony	per_subclass	L4 IT
H20.33.005	1	0.961622677637856	pca_harmony	per_subclass	L4 IT
H20.33.008	1	0.5689250968949182	pca_harmony	per_subclass	L4 IT
H20.33.011	1	0.8010828192217151	pca_harmony	per_subclass	L4 IT
H20.33.012	0	0.8263499010057732	pca_harmony	per_subclass	L4 IT
H20.33.013	1	0.9014672922356637	pca_harmony	per_subclass	L4 IT
H20.33.014	1	0.5818556689418395	pca_harmony	per_subclass	L4 IT
H20.33.015	1	0.8728860479631685	pca_harmony	per_subclass	L4 IT
H20.33.016	1	0.5975919239444492	pca_harmony	per_subclass	L4 IT
H20.33.017	1	0.7740007816098471	pca_harmony	per_subclass	L4 IT
H20.33.018	1	0.9908616676055635	pca_harmony	per_subclass	L4 IT
H20.33.019	1	0.8240074710423302	pca_harmony	per_subclass	L4 IT
H20.33.020	1	0.9657650657008194	pca_harmony	per_subclass	L4 IT
H20.33.024	1	0.26597388011385126	pca_harmony	per_subclass	L4 IT
H20.33.025	1	0.35249641480114924	pca_harmony	per_subclass	L4 IT
H20.33.026	1	0.919407023298044	pca_harmony	per_subclass	L4 IT
H20.33.027	1	0.4249590418744432	pca_harmony	per_subclass	L4 IT
H20.33.028	1	0.9526802580561207	pca_harmony	per_subclass	L4 IT
H20.33.029	1	0.7836334725998593	pca_harmony	per_subclass	L4 IT
H20.33.030	1	0.29009453705803234	pca_harmony	per_subclass	L4 IT
H20.33.031	1	0.18654188325797208	pca_harmony	per_subclass	L4 IT
H20.33.032	1	0.6820117730738648	pca_harmony	per_subclass	L4 IT
H20.33.033	1	0.9628907994337041	pca_harmony	per_subclass	L4 IT
H20.33.034	1	0.8329244102389888	pca_harmony	per_subclass	L4 IT
H20.33.035	0	0.8213380813458407	pca_harmony	per_subclass	L4 IT
H20.33.036	1	0.9616834391855245	pca_harmony	per_subclass	L4 IT
H20.33.037	1	0.9843433700673728	pca_harmony	per_subclass	L4 IT
H20.33.038	1	0.8936938784844074	pca_harmony	per_subclass	L4 IT
H20.33.039	1	0.8994048941947469	pca_harmony	per_subclass	L4 IT
H20.33.040	1	0.9294459653255494	pca_harmony	per_subclass	L4 IT
H20.33.041	1	0.6123771828299113	pca_harmony	per_subclass	L4 IT
H20.33.043	1	0.34331825200682325	pca_harmony	per_subclass	L4 IT
H20.33.044	0	0.8281375239536896	pca_harmony	per_subclass	L4 IT
H20.33.045	1	0.9376297116004834	pca_harmony	per_subclass	L4 IT
H20.33.046	1	0.9091228234275179	pca_harmony	per_subclass	L4 IT
H21.33.001	0	0.834663696848675	pca_harmony	per_subclass	L4 IT
H21.33.002	1	0.9544082585971243	pca_harmony	per_subclass	L4 IT
H21.33.003	0	0.5210592302662581	pca_harmony	per_subclass	L4 IT
H21.33.004	0	0.540084246044619	pca_harmony	per_subclass	L4 IT
H21.33.005	1	0.6659199020321355	pca_harmony	per_subclass	L4 IT
H21.33.006	1	0.2754771957198724	pca_harmony	per_subclass	L4 IT
H21.33.007	1	0.945957004715251	pca_harmony	per_subclass	L4 IT
H21.33.008	1	0.9732286057845629	pca_harmony	per_subclass	L4 IT
H21.33.009	1	0.8458561110703865	pca_harmony	per_subclass	L4 IT
H21.33.010	1	0.7034467789715662	pca_harmony	per_subclass	L4 IT
H21.33.011	0	0.43617708167029157	pca_harmony	per_subclass	L4 IT
H21.33.012	1	0.8116897131197035	pca_harmony	per_subclass	L4 IT
H21.33.013	1	0.8637883963211148	pca_harmony	per_subclass	L4 IT
H21.33.014	1	0.6580845115206987	pca_harmony	per_subclass	L4 IT
H21.33.015	0	0.8390549943271555	pca_harmony	per_subclass	L4 IT
H21.33.016	0	0.44250729750530676	pca_harmony	per_subclass	L4 IT
H21.33.017	1	0.6830946185118275	pca_harmony	per_subclass	L4 IT
H21.33.018	0	0.9002954457885306	pca_harmony	per_subclass	L4 IT
H21.33.019	0	0.3420835375319738	pca_harmony	per_subclass	L4 IT
H21.33.020	1	0.927844898413379	pca_harmony	per_subclass	L4 IT
H21.33.021	1	0.8476380616131118	pca_harmony	per_subclass	L4 IT
H21.33.022	1	0.8708256156402474	pca_harmony	per_subclass	L4 IT
H21.33.023	0	0.6677665057575971	pca_harmony	per_subclass	L4 IT
H21.33.025	1	0.7025890901604142	pca_harmony	per_subclass	L4 IT
H21.33.026	1	0.7611120267049708	pca_harmony	per_subclass	L4 IT
H21.33.027	1	0.8803858783720816	pca_harmony	per_subclass	L4 IT
H21.33.028	0	0.6794023767907773	pca_harmony	per_subclass	L4 IT
H21.33.029	1	0.6368639512292823	pca_harmony	per_subclass	L4 IT
H21.33.030	1	0.6424274256861047	pca_harmony	per_subclass	L4 IT
H21.33.031	1	0.8799789859795253	pca_harmony	per_subclass	L4 IT
H21.33.032	0	0.42358600962419074	pca_harmony	per_subclass	L4 IT
H21.33.033	1	0.8096226839277939	pca_harmony	per_subclass	L4 IT
H21.33.034	1	0.9691645960435791	pca_harmony	per_subclass	L4 IT
H21.33.035	1	0.959135836982474	pca_harmony	per_subclass	L4 IT
H21.33.036	1	0.6082800939762302	pca_harmony	per_subclass	L4 IT
H21.33.037	0	0.6818864136598495	pca_harmony	per_subclass	L4 IT
H21.33.038	0	0.6800818681714171	pca_harmony	per_subclass	L4 IT
H21.33.039	1	0.7539599295543276	pca_harmony	per_subclass	L4 IT
H21.33.040	1	0.931502787948563	pca_harmony	per_subclass	L4 IT
H21.33.041	0	0.7350572356178635	pca_harmony	per_subclass	L4 IT
H21.33.042	1	0.7101778030926698	pca_harmony	per_subclass	L4 IT
H21.33.043	0	0.5456184638796946	pca_harmony	per_subclass	L4 IT
H21.33.044	1	0.7226299359540465	pca_harmony	per_subclass	L4 IT
H21.33.045	1	0.9608967777144425	pca_harmony	per_subclass	L4 IT
H21.33.046	1	0.9488347739921312	pca_harmony	per_subclass	L4 IT
H21.33.047	1	0.7793702540118259	pca_harmony	per_subclass	L4 IT
H19.33.004	0	0.9661225246194849	pca_harmony	per_subclass	L5 ET
H20.33.001	0	0.6363035006431679	pca_harmony	per_subclass	L5 ET
H20.33.002	0	0.7438195817935311	pca_harmony	per_subclass	L5 ET
H20.33.004	1	0.6403561480533135	pca_harmony	per_subclass	L5 ET
H20.33.005	1	0.8298971008232563	pca_harmony	per_subclass	L5 ET
H20.33.008	1	0.7393877081616923	pca_harmony	per_subclass	L5 ET
H20.33.011	1	0.7678155065554315	pca_harmony	per_subclass	L5 ET
H20.33.012	0	0.7078916330607854	pca_harmony	per_subclass	L5 ET
H20.33.013	1	0.41267608913977344	pca_harmony	per_subclass	L5 ET
H20.33.014	1	0.6392954853079683	pca_harmony	per_subclass	L5 ET
H20.33.015	1	0.8747679331881706	pca_harmony	per_subclass	L5 ET
H20.33.016	1	0.6450776671882155	pca_harmony	per_subclass	L5 ET
H20.33.017	1	0.7000337383765949	pca_harmony	per_subclass	L5 ET
H20.33.018	1	0.8799276050924583	pca_harmony	per_subclass	L5 ET
H20.33.019	1	0.7115622545355372	pca_harmony	per_subclass	L5 ET
H20.33.020	1	0.8411359384257799	pca_harmony	per_subclass	L5 ET
H20.33.024	1	0.5520021869948031	pca_harmony	per_subclass	L5 ET
H20.33.025	1	0.5957885744034508	pca_harmony	per_subclass	L5 ET
H20.33.026	1	0.9974980851577339	pca_harmony	per_subclass	L5 ET
H20.33.027	1	0.7412428947352891	pca_harmony	per_subclass	L5 ET
H20.33.028	1	0.9587765734653132	pca_harmony	per_subclass	L5 ET
H20.33.029	1	0.591572096759174	pca_harmony	per_subclass	L5 ET
H20.33.030	1	0.8084700925759586	pca_harmony	per_subclass	L5 ET
H20.33.031	1	0.2786669887485821	pca_harmony	per_subclass	L5 ET
H20.33.032	1	0.613210326156542	pca_harmony	per_subclass	L5 ET
H20.33.034	1	0.6700546361301933	pca_harmony	per_subclass	L5 ET
H20.33.035	0	0.7795261898211189	pca_harmony	per_subclass	L5 ET
H20.33.039	1	0.6918752117558481	pca_harmony	per_subclass	L5 ET
H20.33.040	1	0.7521722400895499	pca_harmony	per_subclass	L5 ET
H20.33.041	1	0.7451159458671586	pca_harmony	per_subclass	L5 ET
H20.33.043	1	0.5159280993875619	pca_harmony	per_subclass	L5 ET
H20.33.044	0	0.6620366308518294	pca_harmony	per_subclass	L5 ET
H20.33.046	1	0.8339694562642803	pca_harmony	per_subclass	L5 ET
H21.33.001	0	0.9201428363811109	pca_harmony	per_subclass	L5 ET
H21.33.002	1	0.9550353784069554	pca_harmony	per_subclass	L5 ET
H21.33.003	0	0.6049261070451507	pca_harmony	per_subclass	L5 ET
H21.33.004	0	0.5361056006357432	pca_harmony	per_subclass	L5 ET
H21.33.005	1	0.7669158949138764	pca_harmony	per_subclass	L5 ET
H21.33.006	1	0.44523737342191927	pca_harmony	per_subclass	L5 ET
H21.33.007	1	0.8917764051525188	pca_harmony	per_subclass	L5 ET
H21.33.010	1	0.9594319142001062	pca_harmony	per_subclass	L5 ET
H21.33.011	0	0.5230074224424401	pca_harmony	per_subclass	L5 ET
H21.33.012	1	0.773794186682984	pca_harmony	per_subclass	L5 ET
H21.33.013	1	0.7228672745552507	pca_harmony	per_subclass	L5 ET
H21.33.014	1	0.7392213981318304	pca_harmony	per_subclass	L5 ET
H21.33.015	0	0.563180261634232	pca_harmony	per_subclass	L5 ET
H21.33.016	0	0.49834557311602995	pca_harmony	per_subclass	L5 ET
H21.33.017	1	0.8026106889885105	pca_harmony	per_subclass	L5 ET
H21.33.018	0	0.946833504038414	pca_harmony	per_subclass	L5 ET
H21.33.019	0	0.46372360580703925	pca_harmony	per_subclass	L5 ET
H21.33.022	1	0.8221296775875411	pca_harmony	per_subclass	L5 ET
H21.33.023	0	0.7617597251726378	pca_harmony	per_subclass	L5 ET
H21.33.025	1	0.8486676387859818	pca_harmony	per_subclass	L5 ET
H21.33.027	1	0.762944641255258	pca_harmony	per_subclass	L5 ET
H21.33.028	0	0.509415239606365	pca_harmony	per_subclass	L5 ET
H21.33.029	1	0.7793725357383146	pca_harmony	per_subclass	L5 ET
H21.33.030	1	0.5908126785127055	pca_harmony	per_subclass	L5 ET
H21.33.031	1	0.7231661634981759	pca_harmony	per_subclass	L5 ET
H21.33.032	0	0.7022773622068538	pca_harmony	per_subclass	L5 ET
H21.33.033	1	0.745372935449286	pca_harmony	per_subclass	L5 ET
H21.33.035	1	0.81989656585857	pca_harmony	per_subclass	L5 ET
H21.33.036	1	0.5817226015178132	pca_harmony	per_subclass	L5 ET
H21.33.038	0	0.6015448627696857	pca_harmony	per_subclass	L5 ET
H21.33.039	1	0.9627828479444783	pca_harmony	per_subclass	L5 ET
H21.33.040	1	0.9005322716858511	pca_harmony	per_subclass	L5 ET
H21.33.041	0	0.766509366423816	pca_harmony	per_subclass	L5 ET
H21.33.042	1	0.5966154041799036	pca_harmony	per_subclass	L5 ET
H21.33.043	0	0.8654006172016478	pca_harmony	per_subclass	L5 ET
H21.33.044	1	0.8144263231534733	pca_harmony	per_subclass	L5 ET
H21.33.046	1	0.9898905159517284	pca_harmony	per_subclass	L5 ET
H19.33.004	0	0.9809150068859533	pca_harmony	per_subclass	L5 IT
H20.33.001	0	0.6132721310465067	pca_harmony	per_subclass	L5 IT
H20.33.002	0	0.6509734021234166	pca_harmony	per_subclass	L5 IT
H20.33.004	1	0.5262211529187146	pca_harmony	per_subclass	L5 IT
H20.33.005	1	0.8316036129087611	pca_harmony	per_subclass	L5 IT
H20.33.008	1	0.37281184164597164	pca_harmony	per_subclass	L5 IT
H20.33.011	1	0.7263566645772885	pca_harmony	per_subclass	L5 IT
H20.33.012	0	0.5763735772524117	pca_harmony	per_subclass	L5 IT
H20.33.013	1	0.6715499984661575	pca_harmony	per_subclass	L5 IT
H20.33.014	1	0.48169733316672014	pca_harmony	per_subclass	L5 IT
H20.33.015	1	0.7302685058711542	pca_harmony	per_subclass	L5 IT
H20.33.016	1	0.6775915369501198	pca_harmony	per_subclass	L5 IT
H20.33.017	1	0.8318544461353395	pca_harmony	per_subclass	L5 IT
H20.33.018	1	0.9248968273590137	pca_harmony	per_subclass	L5 IT
H20.33.019	1	0.8068257524713836	pca_harmony	per_subclass	L5 IT
H20.33.020	1	0.8831304298893358	pca_harmony	per_subclass	L5 IT
H20.33.024	1	0.6297987236058237	pca_harmony	per_subclass	L5 IT
H20.33.025	1	0.4381071076076159	pca_harmony	per_subclass	L5 IT
H20.33.026	1	0.8954745572350997	pca_harmony	per_subclass	L5 IT
H20.33.027	1	0.8218655061417566	pca_harmony	per_subclass	L5 IT
H20.33.028	1	0.9419175572178398	pca_harmony	per_subclass	L5 IT
H20.33.029	1	0.813480827294985	pca_harmony	per_subclass	L5 IT
H20.33.030	1	0.9688074325707102	pca_harmony	per_subclass	L5 IT
H20.33.031	1	0.5541911648862519	pca_harmony	per_subclass	L5 IT
H20.33.032	1	0.3326211434905534	pca_harmony	per_subclass	L5 IT
H20.33.033	1	0.9764651655386059	pca_harmony	per_subclass	L5 IT
H20.33.034	1	0.7569653845195864	pca_harmony	per_subclass	L5 IT
H20.33.035	0	0.8681616890767507	pca_harmony	per_subclass	L5 IT
H20.33.036	1	0.8502300561206214	pca_harmony	per_subclass	L5 IT
H20.33.037	1	0.9426764600657369	pca_harmony	per_subclass	L5 IT
H20.33.038	1	0.9126415538843154	pca_harmony	per_subclass	L5 IT
H20.33.039	1	0.5440727662583671	pca_harmony	per_subclass	L5 IT
H20.33.040	1	0.7964134630888366	pca_harmony	per_subclass	L5 IT
H20.33.041	1	0.5190385094453813	pca_harmony	per_subclass	L5 IT
H20.33.043	1	0.3216002067046838	pca_harmony	per_subclass	L5 IT
H20.33.044	0	0.5627755999247548	pca_harmony	per_subclass	L5 IT
H20.33.045	1	0.9779067844075406	pca_harmony	per_subclass	L5 IT
H20.33.046	1	0.8516931463431909	pca_harmony	per_subclass	L5 IT
H21.33.001	0	0.8816668295032635	pca_harmony	per_subclass	L5 IT
H21.33.002	1	0.9039978929282586	pca_harmony	per_subclass	L5 IT
H21.33.003	0	0.40602700217635546	pca_harmony	per_subclass	L5 IT
H21.33.004	0	0.9446426646998589	pca_harmony	per_subclass	L5 IT
H21.33.005	1	0.8631557330857641	pca_harmony	per_subclass	L5 IT
H21.33.006	1	0.7656871846042058	pca_harmony	per_subclass	L5 IT
H21.33.007	1	0.7740745750406839	pca_harmony	per_subclass	L5 IT
H21.33.008	1	0.9112054485264298	pca_harmony	per_subclass	L5 IT
H21.33.009	1	0.9172812675019306	pca_harmony	per_subclass	L5 IT
H21.33.010	1	0.904108346356637	pca_harmony	per_subclass	L5 IT
H21.33.011	0	0.8151605560137576	pca_harmony	per_subclass	L5 IT
H21.33.012	1	0.5456763838767018	pca_harmony	per_subclass	L5 IT
H21.33.013	1	0.9196123441364602	pca_harmony	per_subclass	L5 IT
H21.33.014	1	0.42056776785359	pca_harmony	per_subclass	L5 IT
H21.33.015	0	0.7660361181081569	pca_harmony	per_subclass	L5 IT
H21.33.016	0	0.6800049930088543	pca_harmony	per_subclass	L5 IT
H21.33.017	1	0.8890143407276128	pca_harmony	per_subclass	L5 IT
H21.33.018	0	0.7369011878833828	pca_harmony	per_subclass	L5 IT
H21.33.019	0	0.5710609032717415	pca_harmony	per_subclass	L5 IT
H21.33.020	1	0.996524413414026	pca_harmony	per_subclass	L5 IT
H21.33.021	1	0.911990090883506	pca_harmony	per_subclass	L5 IT
H21.33.022	1	0.5152563099131888	pca_harmony	per_subclass	L5 IT
H21.33.023	0	0.6942950189257052	pca_harmony	per_subclass	L5 IT
H21.33.025	1	0.8047229805722214	pca_harmony	per_subclass	L5 IT
H21.33.026	1	0.702763099436418	pca_harmony	per_subclass	L5 IT
H21.33.027	1	0.8069240320075632	pca_harmony	per_subclass	L5 IT
H21.33.028	0	0.6502470543256184	pca_harmony	per_subclass	L5 IT
H21.33.029	1	0.7337199040810142	pca_harmony	per_subclass	L5 IT
H21.33.030	1	0.5873967255682138	pca_harmony	per_subclass	L5 IT
H21.33.031	1	0.6629119039205956	pca_harmony	per_subclass	L5 IT
H21.33.032	0	0.6028241252474753	pca_harmony	per_subclass	L5 IT
H21.33.033	1	0.6394217730711941	pca_harmony	per_subclass	L5 IT
H21.33.034	1	0.8982709773203098	pca_harmony	per_subclass	L5 IT
H21.33.035	1	0.8109025613491475	pca_harmony	per_subclass	L5 IT
H21.33.036	1	0.875540990705342	pca_harmony	per_subclass	L5 IT
H21.33.037	0	0.6801191216739045	pca_harmony	per_subclass	L5 IT
H21.33.038	0	0.5233610916152316	pca_harmony	per_subclass	L5 IT
H21.33.039	1	0.869935121641077	pca_harmony	per_subclass	L5 IT
H21.33.040	1	0.9132768921224084	pca_harmony	per_subclass	L5 IT
H21.33.041	0	0.618032107454235	pca_harmony	per_subclass	L5 IT
H21.33.042	1	0.6422463406145653	pca_harmony	per_subclass	L5 IT
H21.33.043	0	0.9556896422518724	pca_harmony	per_subclass	L5 IT
H21.33.044	1	0.5818739086803313	pca_harmony	per_subclass	L5 IT
H21.33.045	1	0.982957955988588	pca_harmony	per_subclass	L5 IT
H21.33.046	1	0.9024127751817634	pca_harmony	per_subclass	L5 IT
H21.33.047	1	0.7419544722034018	pca_harmony	per_subclass	L5 IT
H19.33.004	0	0.9771810059010846	pca_harmony	per_subclass	L5/6 NP
H20.33.001	0	0.8953519013372337	pca_harmony	per_subclass	L5/6 NP
H20.33.002	0	0.758606228193915	pca_harmony	per_subclass	L5/6 NP
H20.33.004	1	0.623069475524374	pca_harmony	per_subclass	L5/6 NP
H20.33.005	1	0.9413048420377162	pca_harmony	per_subclass	L5/6 NP
H20.33.008	1	0.7848828701027853	pca_harmony	per_subclass	L5/6 NP
H20.33.011	1	0.6938094239114193	pca_harmony	per_subclass	L5/6 NP
H20.33.012	0	0.7319446330369985	pca_harmony	per_subclass	L5/6 NP
H20.33.013	1	0.5950219975870917	pca_harmony	per_subclass	L5/6 NP
H20.33.014	1	0.6400720730953458	pca_harmony	per_subclass	L5/6 NP
H20.33.015	1	0.6567447647899634	pca_harmony	per_subclass	L5/6 NP
H20.33.016	1	0.4648645784465316	pca_harmony	per_subclass	L5/6 NP
H20.33.017	1	0.9753025135888717	pca_harmony	per_subclass	L5/6 NP
H20.33.018	1	0.9702305503320264	pca_harmony	per_subclass	L5/6 NP
H20.33.019	1	0.5662796123189564	pca_harmony	per_subclass	L5/6 NP
H20.33.020	1	0.942044819114584	pca_harmony	per_subclass	L5/6 NP
H20.33.024	1	0.48595818328667717	pca_harmony	per_subclass	L5/6 NP
H20.33.025	1	0.7307665209385356	pca_harmony	per_subclass	L5/6 NP
H20.33.026	1	0.7930529112010997	pca_harmony	per_subclass	L5/6 NP
H20.33.027	1	0.5602860279707059	pca_harmony	per_subclass	L5/6 NP
H20.33.028	1	0.9579717962140606	pca_harmony	per_subclass	L5/6 NP
H20.33.029	1	0.5752453517557156	pca_harmony	per_subclass	L5/6 NP
H20.33.030	1	0.5446609411593674	pca_harmony	per_subclass	L5/6 NP
H20.33.031	1	0.5136587809394324	pca_harmony	per_subclass	L5/6 NP
H20.33.032	1	0.4792715428886254	pca_harmony	per_subclass	L5/6 NP
H20.33.033	1	0.9840516216475956	pca_harmony	per_subclass	L5/6 NP
H20.33.034	1	0.8130808616922639	pca_harmony	per_subclass	L5/6 NP
H20.33.035	0	0.8412421404473613	pca_harmony	per_subclass	L5/6 NP
H20.33.036	1	0.9561256346499327	pca_harmony	per_subclass	L5/6 NP
H20.33.037	1	0.9831936099139471	pca_harmony	per_subclass	L5/6 NP
H20.33.039	1	0.6070626454932508	pca_harmony	per_subclass	L5/6 NP
H20.33.040	1	0.7564894100819177	pca_harmony	per_subclass	L5/6 NP
H20.33.041	1	0.7748553215445072	pca_harmony	per_subclass	L5/6 NP
H20.33.043	1	0.30016036963072434	pca_harmony	per_subclass	L5/6 NP
H20.33.044	0	0.7081418979441988	pca_harmony	per_subclass	L5/6 NP
H20.33.045	1	0.976251755938843	pca_harmony	per_subclass	L5/6 NP
H20.33.046	1	0.8976714364087257	pca_harmony	per_subclass	L5/6 NP
H21.33.001	0	0.8911655342243879	pca_harmony	per_subclass	L5/6 NP
H21.33.002	1	0.9144491798812536	pca_harmony	per_subclass	L5/6 NP
H21.33.003	0	0.7456163253312701	pca_harmony	per_subclass	L5/6 NP
H21.33.004	0	0.5608087730976833	pca_harmony	per_subclass	L5/6 NP
H21.33.005	1	0.8161943427078228	pca_harmony	per_subclass	L5/6 NP
H21.33.006	1	0.539584279646976	pca_harmony	per_subclass	L5/6 NP
H21.33.007	1	0.7853489354108671	pca_harmony	per_subclass	L5/6 NP
H21.33.008	1	0.8909618252426859	pca_harmony	per_subclass	L5/6 NP
H21.33.009	1	0.9843618532279415	pca_harmony	per_subclass	L5/6 NP
H21.33.010	1	0.8677782043997195	pca_harmony	per_subclass	L5/6 NP
H21.33.011	0	0.6782447667442565	pca_harmony	per_subclass	L5/6 NP
H21.33.012	1	0.5298133338572132	pca_harmony	per_subclass	L5/6 NP
H21.33.013	1	0.820665523679379	pca_harmony	per_subclass	L5/6 NP
H21.33.014	1	0.5098829251771041	pca_harmony	per_subclass	L5/6 NP
H21.33.015	0	0.6346070724602471	pca_harmony	per_subclass	L5/6 NP
H21.33.016	0	0.6582359481197305	pca_harmony	per_subclass	L5/6 NP
H21.33.017	1	0.7734766674238281	pca_harmony	per_subclass	L5/6 NP
H21.33.018	0	0.9266025810415023	pca_harmony	per_subclass	L5/6 NP
H21.33.019	0	0.5763063323355407	pca_harmony	per_subclass	L5/6 NP
H21.33.021	1	0.8319118442150645	pca_harmony	per_subclass	L5/6 NP
H21.33.022	1	0.8333439100965752	pca_harmony	per_subclass	L5/6 NP
H21.33.023	0	0.6881215564156598	pca_harmony	per_subclass	L5/6 NP
H21.33.025	1	0.7812474754460909	pca_harmony	per_subclass	L5/6 NP
H21.33.026	1	0.8277350422972546	pca_harmony	per_subclass	L5/6 NP
H21.33.027	1	0.5072933622259308	pca_harmony	per_subclass	L5/6 NP
H21.33.028	0	0.7541558682241621	pca_harmony	per_subclass	L5/6 NP
H21.33.029	1	0.8932441067684845	pca_harmony	per_subclass	L5/6 NP
H21.33.030	1	0.6868268719948969	pca_harmony	per_subclass	L5/6 NP
H21.33.031	1	0.5818953376031185	pca_harmony	per_subclass	L5/6 NP
H21.33.032	0	0.7059610110737363	pca_harmony	per_subclass	L5/6 NP
H21.33.033	1	0.804978006625956	pca_harmony	per_subclass	L5/6 NP
H21.33.034	1	0.9921540137501819	pca_harmony	per_subclass	L5/6 NP
H21.33.035	1	0.730618976735106	pca_harmony	per_subclass	L5/6 NP
H21.33.036	1	0.8465274381974923	pca_harmony	per_subclass	L5/6 NP
H21.33.037	0	0.5948609157170797	pca_harmony	per_subclass	L5/6 NP
H21.33.038	0	0.6563261815911634	pca_harmony	per_subclass	L5/6 NP
H21.33.039	1	0.9798107713510962	pca_harmony	per_subclass	L5/6 NP
H21.33.040	1	0.8978795087206277	pca_harmony	per_subclass	L5/6 NP
H21.33.041	0	0.5394688170494296	pca_harmony	per_subclass	L5/6 NP
H21.33.042	1	0.7828640545625364	pca_harmony	per_subclass	L5/6 NP
H21.33.043	0	0.7615307464048147	pca_harmony	per_subclass	L5/6 NP
H21.33.044	1	0.5507042124479277	pca_harmony	per_subclass	L5/6 NP
H21.33.045	1	0.958906205624692	pca_harmony	per_subclass	L5/6 NP
H21.33.046	1	0.7472180036967517	pca_harmony	per_subclass	L5/6 NP
H21.33.047	1	0.6173245043004515	pca_harmony	per_subclass	L5/6 NP
H19.33.004	0	0.9848994225483532	pca_harmony	per_subclass	L6 CT
H20.33.001	0	0.6884162827068783	pca_harmony	per_subclass	L6 CT
H20.33.002	0	0.6084635845464185	pca_harmony	per_subclass	L6 CT
H20.33.004	1	0.577205800170667	pca_harmony	per_subclass	L6 CT
H20.33.005	1	0.8283260137101074	pca_harmony	per_subclass	L6 CT
H20.33.008	1	0.37943157131572114	pca_harmony	per_subclass	L6 CT
H20.33.011	1	0.6385569247208639	pca_harmony	per_subclass	L6 CT
H20.33.012	0	0.8261085141822623	pca_harmony	per_subclass	L6 CT
H20.33.013	1	0.5337673592878682	pca_harmony	per_subclass	L6 CT
H20.33.014	1	0.8345420920645227	pca_harmony	per_subclass	L6 CT
H20.33.015	1	0.9121908995375401	pca_harmony	per_subclass	L6 CT
H20.33.016	1	0.42742623698783755	pca_harmony	per_subclass	L6 CT
H20.33.017	1	0.923345053848462	pca_harmony	per_subclass	L6 CT
H20.33.018	1	0.9139967000586813	pca_harmony	per_subclass	L6 CT
H20.33.019	1	0.6218462225262725	pca_harmony	per_subclass	L6 CT
H20.33.020	1	0.8766837127642907	pca_harmony	per_subclass	L6 CT
H20.33.024	1	0.6293414448369636	pca_harmony	per_subclass	L6 CT
H20.33.025	1	0.681112063858925	pca_harmony	per_subclass	L6 CT
H20.33.026	1	0.9383269697440934	pca_harmony	per_subclass	L6 CT
H20.33.027	1	0.5579464613230906	pca_harmony	per_subclass	L6 CT
H20.33.028	1	0.681898456707294	pca_harmony	per_subclass	L6 CT
H20.33.029	1	0.5622534800067263	pca_harmony	per_subclass	L6 CT
H20.33.030	1	0.8592256259869464	pca_harmony	per_subclass	L6 CT
H20.33.031	1	0.5231037648652165	pca_harmony	per_subclass	L6 CT
H20.33.032	1	0.49097669295756885	pca_harmony	per_subclass	L6 CT
H20.33.033	1	0.9894529872581609	pca_harmony	per_subclass	L6 CT
H20.33.034	1	0.832373624421219	pca_harmony	per_subclass	L6 CT
H20.33.035	0	0.742321534636609	pca_harmony	per_subclass	L6 CT
H20.33.036	1	0.9413722129268713	pca_harmony	per_subclass	L6 CT
H20.33.037	1	0.956875556637091	pca_harmony	per_subclass	L6 CT
H20.33.039	1	0.5810980793414033	pca_harmony	per_subclass	L6 CT
H20.33.040	1	0.598706258387829	pca_harmony	per_subclass	L6 CT
H20.33.041	1	0.7188293349816877	pca_harmony	per_subclass	L6 CT
H20.33.043	1	0.6217583362642858	pca_harmony	per_subclass	L6 CT
H20.33.044	0	0.575972151200129	pca_harmony	per_subclass	L6 CT
H20.33.045	1	0.9518000569632669	pca_harmony	per_subclass	L6 CT
H20.33.046	1	0.9123925196747861	pca_harmony	per_subclass	L6 CT
H21.33.001	0	0.9905342495628263	pca_harmony	per_subclass	L6 CT
H21.33.002	1	0.918935218744168	pca_harmony	per_subclass	L6 CT
H21.33.003	0	0.7476110044677367	pca_harmony	per_subclass	L6 CT
H21.33.004	0	0.4069407650813752	pca_harmony	per_subclass	L6 CT
H21.33.005	1	0.5800771345796601	pca_harmony	per_subclass	L6 CT
H21.33.006	1	0.4024816174498717	pca_harmony	per_subclass	L6 CT
H21.33.007	1	0.8910337805752271	pca_harmony	per_subclass	L6 CT
H21.33.008	1	0.8908138312145779	pca_harmony	per_subclass	L6 CT
H21.33.009	1	0.9103446645550015	pca_harmony	per_subclass	L6 CT
H21.33.010	1	0.9610709289624492	pca_harmony	per_subclass	L6 CT
H21.33.011	0	0.8687782366772089	pca_harmony	per_subclass	L6 CT
H21.33.012	1	0.7080641993842269	pca_harmony	per_subclass	L6 CT
H21.33.013	1	0.9187952089057652	pca_harmony	per_subclass	L6 CT
H21.33.014	1	0.8125358030446082	pca_harmony	per_subclass	L6 CT
H21.33.015	0	0.6239353978884709	pca_harmony	per_subclass	L6 CT
H21.33.016	0	0.7384540497868528	pca_harmony	per_subclass	L6 CT
H21.33.017	1	0.4856210185733339	pca_harmony	per_subclass	L6 CT
H21.33.018	0	0.9381252601703866	pca_harmony	per_subclass	L6 CT
H21.33.019	0	0.49672435572570794	pca_harmony	per_subclass	L6 CT
H21.33.021	1	0.8823089613413615	pca_harmony	per_subclass	L6 CT
H21.33.022	1	0.7146284028199781	pca_harmony	per_subclass	L6 CT
H21.33.023	0	0.6430541218481596	pca_harmony	per_subclass	L6 CT
H21.33.025	1	0.43050131889298937	pca_harmony	per_subclass	L6 CT
H21.33.026	1	0.6333998484640995	pca_harmony	per_subclass	L6 CT
H21.33.027	1	0.7072721267168085	pca_harmony	per_subclass	L6 CT
H21.33.028	0	0.6837122247134524	pca_harmony	per_subclass	L6 CT
H21.33.029	1	0.8485285283825373	pca_harmony	per_subclass	L6 CT
H21.33.030	1	0.6779281708445689	pca_harmony	per_subclass	L6 CT
H21.33.031	1	0.5768962700014639	pca_harmony	per_subclass	L6 CT
H21.33.032	0	0.6833824754124908	pca_harmony	per_subclass	L6 CT
H21.33.033	1	0.8973427217757987	pca_harmony	per_subclass	L6 CT
H21.33.035	1	0.7580783160613793	pca_harmony	per_subclass	L6 CT
H21.33.036	1	0.6523022589603834	pca_harmony	per_subclass	L6 CT
H21.33.037	0	0.6055746179553907	pca_harmony	per_subclass	L6 CT
H21.33.038	0	0.7185442850876186	pca_harmony	per_subclass	L6 CT
H21.33.039	1	0.8806896738896486	pca_harmony	per_subclass	L6 CT
H21.33.040	1	0.785035420940323	pca_harmony	per_subclass	L6 CT
H21.33.041	0	0.6064128413690514	pca_harmony	per_subclass	L6 CT
H21.33.042	1	0.7958436465219296	pca_harmony	per_subclass	L6 CT
H21.33.043	0	0.7009384402252757	pca_harmony	per_subclass	L6 CT
H21.33.044	1	0.6722381813441042	pca_harmony	per_subclass	L6 CT
H21.33.045	1	0.9904382338104382	pca_harmony	per_subclass	L6 CT
H21.33.046	1	0.9092333463471546	pca_harmony	per_subclass	L6 CT
H21.33.047	1	0.667221250450652	pca_harmony	per_subclass	L6 CT
H19.33.004	0	0.993645101038466	pca_harmony	per_subclass	L6 IT
H20.33.001	0	0.5235312679828423	pca_harmony	per_subclass	L6 IT
H20.33.002	0	0.6783889145033553	pca_harmony	per_subclass	L6 IT
H20.33.004	1	0.7178627079995342	pca_harmony	per_subclass	L6 IT
H20.33.005	1	0.8550147674402119	pca_harmony	per_subclass	L6 IT
H20.33.008	1	0.6932023591129324	pca_harmony	per_subclass	L6 IT
H20.33.011	1	0.615593384855708	pca_harmony	per_subclass	L6 IT
H20.33.012	0	0.5764373275401267	pca_harmony	per_subclass	L6 IT
H20.33.013	1	0.6669234856681996	pca_harmony	per_subclass	L6 IT
H20.33.014	1	0.5781742666035411	pca_harmony	per_subclass	L6 IT
H20.33.015	1	0.6455891688001627	pca_harmony	per_subclass	L6 IT
H20.33.016	1	0.6586297410837278	pca_harmony	per_subclass	L6 IT
H20.33.017	1	0.8578374939755804	pca_harmony	per_subclass	L6 IT
H20.33.018	1	0.9365197871556215	pca_harmony	per_subclass	L6 IT
H20.33.019	1	0.6936223545674421	pca_harmony	per_subclass	L6 IT
H20.33.020	1	0.8282585624325659	pca_harmony	per_subclass	L6 IT
H20.33.024	1	0.34600227600292166	pca_harmony	per_subclass	L6 IT
H20.33.025	1	0.21643046894079981	pca_harmony	per_subclass	L6 IT
H20.33.026	1	0.9153582177641318	pca_harmony	per_subclass	L6 IT
H20.33.027	1	0.5067563576849269	pca_harmony	per_subclass	L6 IT
H20.33.028	1	0.9521714060493336	pca_harmony	per_subclass	L6 IT
H20.33.029	1	0.6559866338324664	pca_harmony	per_subclass	L6 IT
H20.33.030	1	0.8580080885371855	pca_harmony	per_subclass	L6 IT
H20.33.031	1	0.10996561454632783	pca_harmony	per_subclass	L6 IT
H20.33.032	1	0.8466003463843566	pca_harmony	per_subclass	L6 IT
H20.33.033	1	0.989177790441329	pca_harmony	per_subclass	L6 IT
H20.33.034	1	0.8538568155189841	pca_harmony	per_subclass	L6 IT
H20.33.035	0	0.7096199079576229	pca_harmony	per_subclass	L6 IT
H20.33.036	1	0.8971708211304034	pca_harmony	per_subclass	L6 IT
H20.33.037	1	0.9812022640998241	pca_harmony	per_subclass	L6 IT
H20.33.039	1	0.7788924841566203	pca_harmony	per_subclass	L6 IT
H20.33.040	1	0.6185105304680999	pca_harmony	per_subclass	L6 IT
H20.33.041	1	0.8226929835713381	pca_harmony	per_subclass	L6 IT
H20.33.043	1	0.788054349633812	pca_harmony	per_subclass	L6 IT
H20.33.044	0	0.5836919647796759	pca_harmony	per_subclass	L6 IT
H20.33.045	1	0.9674119066582911	pca_harmony	per_subclass	L6 IT
H20.33.046	1	0.8287058086067747	pca_harmony	per_subclass	L6 IT
H21.33.001	0	0.9971076059455392	pca_harmony	per_subclass	L6 IT
H21.33.002	1	0.7280995923697425	pca_harmony	per_subclass	L6 IT
H21.33.003	0	0.43827736771825104	pca_harmony	per_subclass	L6 IT
H21.33.004	0	0.5862872753167372	pca_harmony	per_subclass	L6 IT
H21.33.005	1	0.9440221267022311	pca_harmony	per_subclass	L6 IT
H21.33.006	1	0.5139603633449868	pca_harmony	per_subclass	L6 IT
H21.33.007	1	0.8432048093916842	pca_harmony	per_subclass	L6 IT
H21.33.008	1	0.9943582475571053	pca_harmony	per_subclass	L6 IT
H21.33.009	1	0.9261771339244265	pca_harmony	per_subclass	L6 IT
H21.33.010	1	0.91360408184121	pca_harmony	per_subclass	L6 IT
H21.33.011	0	0.7899570057343446	pca_harmony	per_subclass	L6 IT
H21.33.012	1	0.6413957460432193	pca_harmony	per_subclass	L6 IT
H21.33.013	1	0.8659700843661241	pca_harmony	per_subclass	L6 IT
H21.33.014	1	0.6544441010912776	pca_harmony	per_subclass	L6 IT
H21.33.015	0	0.45918435883450126	pca_harmony	per_subclass	L6 IT
H21.33.016	0	0.6898761867513392	pca_harmony	per_subclass	L6 IT
H21.33.017	1	0.8182090246198618	pca_harmony	per_subclass	L6 IT
H21.33.018	0	0.8058075727411096	pca_harmony	per_subclass	L6 IT
H21.33.019	0	0.4755918227613189	pca_harmony	per_subclass	L6 IT
H21.33.021	1	0.961126570848843	pca_harmony	per_subclass	L6 IT
H21.33.022	1	0.9068444854238669	pca_harmony	per_subclass	L6 IT
H21.33.023	0	0.8365737276901299	pca_harmony	per_subclass	L6 IT
H21.33.025	1	0.7911620695753301	pca_harmony	per_subclass	L6 IT
H21.33.026	1	0.4628086089790429	pca_harmony	per_subclass	L6 IT
H21.33.027	1	0.613716513540554	pca_harmony	per_subclass	L6 IT
H21.33.028	0	0.694126334999172	pca_harmony	per_subclass	L6 IT
H21.33.029	1	0.8812763661915956	pca_harmony	per_subclass	L6 IT
H21.33.030	1	0.6798706104299792	pca_harmony	per_subclass	L6 IT
H21.33.031	1	0.7501482819382892	pca_harmony	per_subclass	L6 IT
H21.33.032	0	0.5844945603236184	pca_harmony	per_subclass	L6 IT
H21.33.033	1	0.5752581420885288	pca_harmony	per_subclass	L6 IT
H21.33.034	1	0.9768307704393433	pca_harmony	per_subclass	L6 IT
H21.33.035	1	0.8210996689054089	pca_harmony	per_subclass	L6 IT
H21.33.036	1	0.7446804870163726	pca_harmony	per_subclass	L6 IT
H21.33.037	0	0.6483741892924251	pca_harmony	per_subclass	L6 IT
H21.33.038	0	0.7012510631790789	pca_harmony	per_subclass	L6 IT
H21.33.039	1	0.8382346328988504	pca_harmony	per_subclass	L6 IT
H21.33.040	1	0.9267906328246367	pca_harmony	per_subclass	L6 IT
H21.33.041	0	0.6457202767575424	pca_harmony	per_subclass	L6 IT
H21.33.042	1	0.7165935186588789	pca_harmony	per_subclass	L6 IT
H21.33.043	0	0.7706940935239077	pca_harmony	per_subclass	L6 IT
H21.33.044	1	0.434684739213323	pca_harmony	per_subclass	L6 IT
H21.33.045	1	0.9668861226723997	pca_harmony	per_subclass	L6 IT
H21.33.046	1	0.855059104782276	pca_harmony	per_subclass	L6 IT
H21.33.047	1	0.6723937054168792	pca_harmony	per_subclass	L6 IT
H19.33.004	0	0.9831525617370657	pca_harmony	per_subclass	L6 IT Car3
H20.33.001	0	0.7809223792618712	pca_harmony	per_subclass	L6 IT Car3
H20.33.002	0	0.837190297501801	pca_harmony	per_subclass	L6 IT Car3
H20.33.004	1	0.766967518749226	pca_harmony	per_subclass	L6 IT Car3
H20.33.005	1	0.9312067323721704	pca_harmony	per_subclass	L6 IT Car3
H20.33.008	1	0.2239187965207851	pca_harmony	per_subclass	L6 IT Car3
H20.33.011	1	0.5663633008726048	pca_harmony	per_subclass	L6 IT Car3
H20.33.012	0	0.8321618565931914	pca_harmony	per_subclass	L6 IT Car3
H20.33.013	1	0.6989629525014724	pca_harmony	per_subclass	L6 IT Car3
H20.33.014	1	0.7866712775845679	pca_harmony	per_subclass	L6 IT Car3
H20.33.015	1	0.9468572199187426	pca_harmony	per_subclass	L6 IT Car3
H20.33.016	1	0.7699312413346447	pca_harmony	per_subclass	L6 IT Car3
H20.33.017	1	0.7322497970470312	pca_harmony	per_subclass	L6 IT Car3
H20.33.018	1	0.9249147390592487	pca_harmony	per_subclass	L6 IT Car3
H20.33.019	1	0.8982747004774507	pca_harmony	per_subclass	L6 IT Car3
H20.33.020	1	0.6843477727852617	pca_harmony	per_subclass	L6 IT Car3
H20.33.024	1	0.5026847042248437	pca_harmony	per_subclass	L6 IT Car3
H20.33.025	1	0.5831991716120776	pca_harmony	per_subclass	L6 IT Car3
H20.33.026	1	0.8475923131738838	pca_harmony	per_subclass	L6 IT Car3
H20.33.027	1	0.7541349787058402	pca_harmony	per_subclass	L6 IT Car3
H20.33.028	1	0.9308286927494234	pca_harmony	per_subclass	L6 IT Car3
H20.33.029	1	0.38870443252064635	pca_harmony	per_subclass	L6 IT Car3
H20.33.030	1	0.8078545690347496	pca_harmony	per_subclass	L6 IT Car3
H20.33.031	1	0.45062913516862374	pca_harmony	per_subclass	L6 IT Car3
H20.33.032	1	0.5909136958042585	pca_harmony	per_subclass	L6 IT Car3
H20.33.033	1	0.9829534350018703	pca_harmony	per_subclass	L6 IT Car3
H20.33.034	1	0.7021867576051476	pca_harmony	per_subclass	L6 IT Car3
H20.33.035	0	0.7588168476300756	pca_harmony	per_subclass	L6 IT Car3
H20.33.036	1	0.9063688901136662	pca_harmony	per_subclass	L6 IT Car3
H20.33.037	1	0.9358556342809473	pca_harmony	per_subclass	L6 IT Car3
H20.33.038	1	0.9449637652818167	pca_harmony	per_subclass	L6 IT Car3
H20.33.039	1	0.7115651512102037	pca_harmony	per_subclass	L6 IT Car3
H20.33.040	1	0.7729630666651224	pca_harmony	per_subclass	L6 IT Car3
H20.33.041	1	0.841198575032131	pca_harmony	per_subclass	L6 IT Car3
H20.33.043	1	0.5861644742152566	pca_harmony	per_subclass	L6 IT Car3
H20.33.044	0	0.7746778140861081	pca_harmony	per_subclass	L6 IT Car3
H20.33.045	1	0.9463214466799954	pca_harmony	per_subclass	L6 IT Car3
H20.33.046	1	0.8500484740815297	pca_harmony	per_subclass	L6 IT Car3
H21.33.001	0	0.9850863390047511	pca_harmony	per_subclass	L6 IT Car3
H21.33.002	1	0.5811219242155394	pca_harmony	per_subclass	L6 IT Car3
H21.33.003	0	0.4796133258025182	pca_harmony	per_subclass	L6 IT Car3
H21.33.004	0	0.5394798110006459	pca_harmony	per_subclass	L6 IT Car3
H21.33.005	1	0.531438150871084	pca_harmony	per_subclass	L6 IT Car3
H21.33.006	1	0.3119622123589533	pca_harmony	per_subclass	L6 IT Car3
H21.33.007	1	0.8813890572450829	pca_harmony	per_subclass	L6 IT Car3
H21.33.008	1	0.8902040914547502	pca_harmony	per_subclass	L6 IT Car3
H21.33.009	1	0.8937694553666835	pca_harmony	per_subclass	L6 IT Car3
H21.33.010	1	0.9172950330189245	pca_harmony	per_subclass	L6 IT Car3
H21.33.011	0	0.5228390584971299	pca_harmony	per_subclass	L6 IT Car3
H21.33.012	1	0.7285827826239253	pca_harmony	per_subclass	L6 IT Car3
H21.33.013	1	0.8939193960474372	pca_harmony	per_subclass	L6 IT Car3
H21.33.014	1	0.8433434377917599	pca_harmony	per_subclass	L6 IT Car3
H21.33.015	0	0.7607547591983439	pca_harmony	per_subclass	L6 IT Car3
H21.33.016	0	0.765312101748208	pca_harmony	per_subclass	L6 IT Car3
H21.33.017	1	0.9003528388454859	pca_harmony	per_subclass	L6 IT Car3
H21.33.018	0	0.6932766534482055	pca_harmony	per_subclass	L6 IT Car3
H21.33.019	0	0.5468464103474131	pca_harmony	per_subclass	L6 IT Car3
H21.33.021	1	0.5650213267662104	pca_harmony	per_subclass	L6 IT Car3
H21.33.022	1	0.6768600146285227	pca_harmony	per_subclass	L6 IT Car3
H21.33.023	0	0.5840981992637202	pca_harmony	per_subclass	L6 IT Car3
H21.33.025	1	0.7927787904095467	pca_harmony	per_subclass	L6 IT Car3
H21.33.026	1	0.34863415997363323	pca_harmony	per_subclass	L6 IT Car3
H21.33.027	1	0.6811922814162605	pca_harmony	per_subclass	L6 IT Car3
H21.33.028	0	0.68131438478394	pca_harmony	per_subclass	L6 IT Car3
H21.33.029	1	0.7566397697959688	pca_harmony	per_subclass	L6 IT Car3
H21.33.030	1	0.4961665388211731	pca_harmony	per_subclass	L6 IT Car3
H21.33.031	1	0.9024963066727663	pca_harmony	per_subclass	L6 IT Car3
H21.33.032	0	0.682399989203879	pca_harmony	per_subclass	L6 IT Car3
H21.33.033	1	0.7069045537648009	pca_harmony	per_subclass	L6 IT Car3
H21.33.034	1	0.7589752786215079	pca_harmony	per_subclass	L6 IT Car3
H21.33.035	1	0.8817629786029147	pca_harmony	per_subclass	L6 IT Car3
H21.33.036	1	0.6282895265170129	pca_harmony	per_subclass	L6 IT Car3
H21.33.037	0	0.6981461634112076	pca_harmony	per_subclass	L6 IT Car3
H21.33.038	0	0.5856737221051277	pca_harmony	per_subclass	L6 IT Car3
H21.33.039	1	0.8999015233548509	pca_harmony	per_subclass	L6 IT Car3
H21.33.040	1	0.9411780168566184	pca_harmony	per_subclass	L6 IT Car3
H21.33.041	0	0.8919940504371764	pca_harmony	per_subclass	L6 IT Car3
H21.33.042	1	0.8346996632093966	pca_harmony	per_subclass	L6 IT Car3
H21.33.043	0	0.8848657401720559	pca_harmony	per_subclass	L6 IT Car3
H21.33.044	1	0.8671641646806458	pca_harmony	per_subclass	L6 IT Car3
H21.33.045	1	0.9521193055378318	pca_harmony	per_subclass	L6 IT Car3
H21.33.046	1	0.9102280016001828	pca_harmony	per_subclass	L6 IT Car3
H21.33.047	1	0.55867715790852	pca_harmony	per_subclass	L6 IT Car3
H19.33.004	0	0.9762409421277753	pca_harmony	per_subclass	L6b
H20.33.001	0	0.29977920622028204	pca_harmony	per_subclass	L6b
H20.33.002	0	0.3206563728369586	pca_harmony	per_subclass	L6b
H20.33.004	1	0.7198441644477774	pca_harmony	per_subclass	L6b
H20.33.005	1	0.8767442514158477	pca_harmony	per_subclass	L6b
H20.33.008	1	0.16720620569163858	pca_harmony	per_subclass	L6b
H20.33.011	1	0.5636953299292723	pca_harmony	per_subclass	L6b
H20.33.012	0	0.6653306159103213	pca_harmony	per_subclass	L6b
H20.33.013	1	0.6003872478853824	pca_harmony	per_subclass	L6b
H20.33.014	1	0.5444320445179589	pca_harmony	per_subclass	L6b
H20.33.015	1	0.8340023809834098	pca_harmony	per_subclass	L6b
H20.33.016	1	0.831215499874196	pca_harmony	per_subclass	L6b
H20.33.017	1	0.9357473607698721	pca_harmony	per_subclass	L6b
H20.33.018	1	0.9701507486273343	pca_harmony	per_subclass	L6b
H20.33.019	1	0.5741985496296561	pca_harmony	per_subclass	L6b
H20.33.020	1	0.9601027338043477	pca_harmony	per_subclass	L6b
H20.33.024	1	0.7314476133760925	pca_harmony	per_subclass	L6b
H20.33.025	1	0.8657961173250295	pca_harmony	per_subclass	L6b
H20.33.026	1	0.9199831885360694	pca_harmony	per_subclass	L6b
H20.33.027	1	0.7972982274969509	pca_harmony	per_subclass	L6b
H20.33.028	1	0.9097915601065658	pca_harmony	per_subclass	L6b
H20.33.029	1	0.4901019668594061	pca_harmony	per_subclass	L6b
H20.33.030	1	0.9803552306106799	pca_harmony	per_subclass	L6b
H20.33.031	1	0.8305435828424803	pca_harmony	per_subclass	L6b
H20.33.032	1	0.3519885667416172	pca_harmony	per_subclass	L6b
H20.33.033	1	0.9906800153780347	pca_harmony	per_subclass	L6b
H20.33.034	1	0.7920531467034718	pca_harmony	per_subclass	L6b
H20.33.035	0	0.7516059731199708	pca_harmony	per_subclass	L6b
H20.33.036	1	0.6655045256773969	pca_harmony	per_subclass	L6b
H20.33.037	1	0.9771289527892637	pca_harmony	per_subclass	L6b
H20.33.039	1	0.6479507567784042	pca_harmony	per_subclass	L6b
H20.33.040	1	0.7611272501016335	pca_harmony	per_subclass	L6b
H20.33.041	1	0.8208309566506877	pca_harmony	per_subclass	L6b
H20.33.043	1	0.8271761182917166	pca_harmony	per_subclass	L6b
H20.33.044	0	0.7145038057862696	pca_harmony	per_subclass	L6b
H20.33.045	1	0.9770323100535517	pca_harmony	per_subclass	L6b
H20.33.046	1	0.9753079544750477	pca_harmony	per_subclass	L6b
H21.33.001	0	0.44151016072227495	pca_harmony	per_subclass	L6b
H21.33.002	1	0.9749200616618598	pca_harmony	per_subclass	L6b
H21.33.003	0	0.29470302740665144	pca_harmony	per_subclass	L6b
H21.33.004	0	0.1700573655198881	pca_harmony	per_subclass	L6b
H21.33.005	1	0.6680626540682761	pca_harmony	per_subclass	L6b
H21.33.006	1	0.4657014769440302	pca_harmony	per_subclass	L6b
H21.33.007	1	0.9845428843848112	pca_harmony	per_subclass	L6b
H21.33.008	1	0.9480280036055764	pca_harmony	per_subclass	L6b
H21.33.009	1	0.9371433275141072	pca_harmony	per_subclass	L6b
H21.33.010	1	0.9339327665086159	pca_harmony	per_subclass	L6b
H21.33.011	0	0.7869282420756744	pca_harmony	per_subclass	L6b
H21.33.012	1	0.8215547289731561	pca_harmony	per_subclass	L6b
H21.33.013	1	0.5529319719127856	pca_harmony	per_subclass	L6b
H21.33.014	1	0.7131333265757276	pca_harmony	per_subclass	L6b
H21.33.015	0	0.5115029774298896	pca_harmony	per_subclass	L6b
H21.33.016	0	0.6675341207831125	pca_harmony	per_subclass	L6b
H21.33.017	1	0.8276583252491541	pca_harmony	per_subclass	L6b
H21.33.018	0	0.8811996859115752	pca_harmony	per_subclass	L6b
H21.33.019	0	0.3808896533478471	pca_harmony	per_subclass	L6b
H21.33.021	1	0.7961805260781096	pca_harmony	per_subclass	L6b
H21.33.022	1	0.9332247455551365	pca_harmony	per_subclass	L6b
H21.33.023	0	0.6491190883037015	pca_harmony	per_subclass	L6b
H21.33.025	1	0.7610910377662214	pca_harmony	per_subclass	L6b
H21.33.026	1	0.8201207930222703	pca_harmony	per_subclass	L6b
H21.33.027	1	0.8210903053098051	pca_harmony	per_subclass	L6b
H21.33.028	0	0.8181109222045526	pca_harmony	per_subclass	L6b
H21.33.029	1	0.7876870546677128	pca_harmony	per_subclass	L6b
H21.33.030	1	0.8311420786786622	pca_harmony	per_subclass	L6b
H21.33.031	1	0.9015343924271434	pca_harmony	per_subclass	L6b
H21.33.032	0	0.8766837917671267	pca_harmony	per_subclass	L6b
H21.33.033	1	0.9076946213863737	pca_harmony	per_subclass	L6b
H21.33.034	1	0.9677202079256334	pca_harmony	per_subclass	L6b
H21.33.035	1	0.5969496737095024	pca_harmony	per_subclass	L6b
H21.33.036	1	0.8869731097192248	pca_harmony	per_subclass	L6b
H21.33.037	0	0.09744081290480787	pca_harmony	per_subclass	L6b
H21.33.038	0	0.4741116229510548	pca_harmony	per_subclass	L6b
H21.33.039	1	0.7986283862346585	pca_harmony	per_subclass	L6b
H21.33.040	1	0.7346342863843394	pca_harmony	per_subclass	L6b
H21.33.041	0	0.4228906784905412	pca_harmony	per_subclass	L6b
H21.33.042	1	0.9035448795862028	pca_harmony	per_subclass	L6b
H21.33.043	0	0.9659565569109392	pca_harmony	per_subclass	L6b
H21.33.044	1	0.7899234161518971	pca_harmony	per_subclass	L6b
H21.33.045	1	0.9957938241298436	pca_harmony	per_subclass	L6b
H21.33.046	1	0.9824656225747239	pca_harmony	per_subclass	L6b
H21.33.047	1	0.8064196908846467	pca_harmony	per_subclass	L6b
H19.33.004	0	0.9202665411858145	pca_harmony	per_subclass	Lamp5
H20.33.001	0	0.8938340383782879	pca_harmony	per_subclass	Lamp5
H20.33.002	0	0.6937971119797457	pca_harmony	per_subclass	Lamp5
H20.33.004	1	0.9442445002553865	pca_harmony	per_subclass	Lamp5
H20.33.005	1	0.6941746611144082	pca_harmony	per_subclass	Lamp5
H20.33.008	1	0.9567910859833374	pca_harmony	per_subclass	Lamp5
H20.33.011	1	0.6882395219270367	pca_harmony	per_subclass	Lamp5
H20.33.012	0	0.768602227663772	pca_harmony	per_subclass	Lamp5
H20.33.013	1	0.7856927505341398	pca_harmony	per_subclass	Lamp5
H20.33.014	1	0.8087046759269881	pca_harmony	per_subclass	Lamp5
H20.33.015	1	0.9170300549604798	pca_harmony	per_subclass	Lamp5
H20.33.016	1	0.8613275509481738	pca_harmony	per_subclass	Lamp5
H20.33.017	1	0.9457743791449185	pca_harmony	per_subclass	Lamp5
H20.33.018	1	0.9726347238628522	pca_harmony	per_subclass	Lamp5
H20.33.019	1	0.6749309874604006	pca_harmony	per_subclass	Lamp5
H20.33.020	1	0.9735734110053039	pca_harmony	per_subclass	Lamp5
H20.33.024	1	0.014631453702864824	pca_harmony	per_subclass	Lamp5
H20.33.025	1	0.6881705282855515	pca_harmony	per_subclass	Lamp5
H20.33.026	1	0.28479460959913677	pca_harmony	per_subclass	Lamp5
H20.33.027	1	0.7656043612409862	pca_harmony	per_subclass	Lamp5
H20.33.028	1	0.9411024466396469	pca_harmony	per_subclass	Lamp5
H20.33.029	1	0.960196520622282	pca_harmony	per_subclass	Lamp5
H20.33.030	1	0.7656706938452308	pca_harmony	per_subclass	Lamp5
H20.33.031	1	0.855208770884387	pca_harmony	per_subclass	Lamp5
H20.33.032	1	0.7444241385033618	pca_harmony	per_subclass	Lamp5
H20.33.033	1	0.9743359705868256	pca_harmony	per_subclass	Lamp5
H20.33.034	1	0.7457953309913024	pca_harmony	per_subclass	Lamp5
H20.33.035	0	0.9632678738329199	pca_harmony	per_subclass	Lamp5
H20.33.036	1	0.9664838195587352	pca_harmony	per_subclass	Lamp5
H20.33.037	1	0.914328872083973	pca_harmony	per_subclass	Lamp5
H20.33.038	1	0.742721537991841	pca_harmony	per_subclass	Lamp5
H20.33.039	1	0.7966131838655264	pca_harmony	per_subclass	Lamp5
H20.33.040	1	0.977367721919536	pca_harmony	per_subclass	Lamp5
H20.33.041	1	0.87083058809053	pca_harmony	per_subclass	Lamp5
H20.33.043	1	0.5694753379864851	pca_harmony	per_subclass	Lamp5
H20.33.044	0	0.6277307873052125	pca_harmony	per_subclass	Lamp5
H20.33.045	1	0.8900557583192252	pca_harmony	per_subclass	Lamp5
H20.33.046	1	0.9200186845537583	pca_harmony	per_subclass	Lamp5
H21.33.001	0	0.8835031731708751	pca_harmony	per_subclass	Lamp5
H21.33.002	1	0.8077170417781179	pca_harmony	per_subclass	Lamp5
H21.33.003	0	0.3798421678173084	pca_harmony	per_subclass	Lamp5
H21.33.004	0	0.4621130677253763	pca_harmony	per_subclass	Lamp5
H21.33.005	1	0.901906168444729	pca_harmony	per_subclass	Lamp5
H21.33.006	1	0.8375085076276353	pca_harmony	per_subclass	Lamp5
H21.33.007	1	0.8563543112430164	pca_harmony	per_subclass	Lamp5
H21.33.008	1	0.7154058959772376	pca_harmony	per_subclass	Lamp5
H21.33.009	1	0.973651704569332	pca_harmony	per_subclass	Lamp5
H21.33.010	1	0.8215807090617211	pca_harmony	per_subclass	Lamp5
H21.33.011	0	0.16374670836723113	pca_harmony	per_subclass	Lamp5
H21.33.012	1	0.30607282921805157	pca_harmony	per_subclass	Lamp5
H21.33.013	1	0.9480414407276095	pca_harmony	per_subclass	Lamp5
H21.33.014	1	0.6346776063805619	pca_harmony	per_subclass	Lamp5
H21.33.015	0	0.13727046075466443	pca_harmony	per_subclass	Lamp5
H21.33.016	0	0.5800365317309262	pca_harmony	per_subclass	Lamp5
H21.33.017	1	0.9487325721153776	pca_harmony	per_subclass	Lamp5
H21.33.018	0	0.17026083301379932	pca_harmony	per_subclass	Lamp5
H21.33.019	0	0.9404430441182356	pca_harmony	per_subclass	Lamp5
H21.33.021	1	0.8968533587763561	pca_harmony	per_subclass	Lamp5
H21.33.022	1	0.6705436592536257	pca_harmony	per_subclass	Lamp5
H21.33.023	0	0.7035097071921257	pca_harmony	per_subclass	Lamp5
H21.33.025	1	0.90433087352369	pca_harmony	per_subclass	Lamp5
H21.33.026	1	0.8018606987337362	pca_harmony	per_subclass	Lamp5
H21.33.027	1	0.6441535335113053	pca_harmony	per_subclass	Lamp5
H21.33.028	0	0.9079161457752422	pca_harmony	per_subclass	Lamp5
H21.33.029	1	0.8984541959766762	pca_harmony	per_subclass	Lamp5
H21.33.030	1	0.7524105727367025	pca_harmony	per_subclass	Lamp5
H21.33.031	1	0.30463452769187016	pca_harmony	per_subclass	Lamp5
H21.33.032	0	0.3742825330234535	pca_harmony	per_subclass	Lamp5
H21.33.033	1	0.9573502229780798	pca_harmony	per_subclass	Lamp5
H21.33.034	1	0.9837822856906631	pca_harmony	per_subclass	Lamp5
H21.33.035	1	0.8578233920683479	pca_harmony	per_subclass	Lamp5
H21.33.036	1	0.9061604215032881	pca_harmony	per_subclass	Lamp5
H21.33.037	0	0.7060998114410533	pca_harmony	per_subclass	Lamp5
H21.33.038	0	0.8774760846778789	pca_harmony	per_subclass	Lamp5
H21.33.039	1	0.8693507342254254	pca_harmony	per_subclass	Lamp5
H21.33.040	1	0.880052872428491	pca_harmony	per_subclass	Lamp5
H21.33.041	0	0.5511040779930558	pca_harmony	per_subclass	Lamp5
H21.33.042	1	0.26363438565376696	pca_harmony	per_subclass	Lamp5
H21.33.043	0	0.8469791667911437	pca_harmony	per_subclass	Lamp5
H21.33.044	1	0.7923229417869451	pca_harmony	per_subclass	Lamp5
H21.33.045	1	0.8006203029692969	pca_harmony	per_subclass	Lamp5
H21.33.046	1	0.9406669755371807	pca_harmony	per_subclass	Lamp5
H21.33.047	1	0.250968417114017	pca_harmony	per_subclass	Lamp5
H19.33.004	0	0.9563201869815365	pca_harmony	per_subclass	Lamp5 Lhx6
H20.33.001	0	0.7376536947845025	pca_harmony	per_subclass	Lamp5 Lhx6
H20.33.002	0	0.8318235986450638	pca_harmony	per_subclass	Lamp5 Lhx6
H20.33.004	1	0.5295205901188054	pca_harmony	per_subclass	Lamp5 Lhx6
H20.33.005	1	0.944156296334708	pca_harmony	per_subclass	Lamp5 Lhx6
H20.33.008	1	0.4527784689334545	pca_harmony	per_subclass	Lamp5 Lhx6
H20.33.011	1	0.6056249813315977	pca_harmony	per_subclass	Lamp5 Lhx6
H20.33.012	0	0.8416223010458692	pca_harmony	per_subclass	Lamp5 Lhx6
H20.33.013	1	0.7390658416975079	pca_harmony	per_subclass	Lamp5 Lhx6
H20.33.014	1	0.746612544793986	pca_harmony	per_subclass	Lamp5 Lhx6
H20.33.015	1	0.9783892189811955	pca_harmony	per_subclass	Lamp5 Lhx6
H20.33.016	1	0.7458104871301703	pca_harmony	per_subclass	Lamp5 Lhx6
H20.33.017	1	0.8925115069757504	pca_harmony	per_subclass	Lamp5 Lhx6
H20.33.018	1	0.8768364789557509	pca_harmony	per_subclass	Lamp5 Lhx6
H20.33.019	1	0.8508159909190107	pca_harmony	per_subclass	Lamp5 Lhx6
H20.33.020	1	0.7733919796895165	pca_harmony	per_subclass	Lamp5 Lhx6
H20.33.024	1	0.21084643735354253	pca_harmony	per_subclass	Lamp5 Lhx6
H20.33.025	1	0.6328583475921381	pca_harmony	per_subclass	Lamp5 Lhx6
H20.33.026	1	0.8120555221845634	pca_harmony	per_subclass	Lamp5 Lhx6
H20.33.027	1	0.6456062097487928	pca_harmony	per_subclass	Lamp5 Lhx6
H20.33.028	1	0.8438013409348567	pca_harmony	per_subclass	Lamp5 Lhx6
H20.33.029	1	0.7821976685600005	pca_harmony	per_subclass	Lamp5 Lhx6
H20.33.030	1	0.785306863061091	pca_harmony	per_subclass	Lamp5 Lhx6
H20.33.031	1	0.30674862218502646	pca_harmony	per_subclass	Lamp5 Lhx6
H20.33.032	1	0.31600017929395774	pca_harmony	per_subclass	Lamp5 Lhx6
H20.33.033	1	0.8288210821716862	pca_harmony	per_subclass	Lamp5 Lhx6
H20.33.034	1	0.8419545701197132	pca_harmony	per_subclass	Lamp5 Lhx6
H20.33.035	0	0.7718805580361632	pca_harmony	per_subclass	Lamp5 Lhx6
H20.33.036	1	0.9382302918127923	pca_harmony	per_subclass	Lamp5 Lhx6
H20.33.037	1	0.7973054683103822	pca_harmony	per_subclass	Lamp5 Lhx6
H20.33.039	1	0.6542074004656888	pca_harmony	per_subclass	Lamp5 Lhx6
H20.33.040	1	0.7290064241141205	pca_harmony	per_subclass	Lamp5 Lhx6
H20.33.041	1	0.816932818002082	pca_harmony	per_subclass	Lamp5 Lhx6
H20.33.043	1	0.5795855166694623	pca_harmony	per_subclass	Lamp5 Lhx6
H20.33.044	0	0.719435067267448	pca_harmony	per_subclass	Lamp5 Lhx6
H20.33.045	1	0.7955112637650684	pca_harmony	per_subclass	Lamp5 Lhx6
H20.33.046	1	0.8190646451763628	pca_harmony	per_subclass	Lamp5 Lhx6
H21.33.001	0	0.9455850729662941	pca_harmony	per_subclass	Lamp5 Lhx6
H21.33.002	1	0.7287138361371126	pca_harmony	per_subclass	Lamp5 Lhx6
H21.33.003	0	0.6847861727874784	pca_harmony	per_subclass	Lamp5 Lhx6
H21.33.004	0	0.5123352746760961	pca_harmony	per_subclass	Lamp5 Lhx6
H21.33.005	1	0.5949618843909757	pca_harmony	per_subclass	Lamp5 Lhx6
H21.33.006	1	0.7399877670892574	pca_harmony	per_subclass	Lamp5 Lhx6
H21.33.007	1	0.92382652980121	pca_harmony	per_subclass	Lamp5 Lhx6
H21.33.008	1	0.9536966352060521	pca_harmony	per_subclass	Lamp5 Lhx6
H21.33.009	1	0.790353143000682	pca_harmony	per_subclass	Lamp5 Lhx6
H21.33.010	1	0.8997948670957964	pca_harmony	per_subclass	Lamp5 Lhx6
H21.33.011	0	0.7311870160203378	pca_harmony	per_subclass	Lamp5 Lhx6
H21.33.012	1	0.7592889709580142	pca_harmony	per_subclass	Lamp5 Lhx6
H21.33.013	1	0.8310143529051878	pca_harmony	per_subclass	Lamp5 Lhx6
H21.33.014	1	0.80766081945426	pca_harmony	per_subclass	Lamp5 Lhx6
H21.33.015	0	0.62877352547128	pca_harmony	per_subclass	Lamp5 Lhx6
H21.33.016	0	0.6951154460488171	pca_harmony	per_subclass	Lamp5 Lhx6
H21.33.017	1	0.8490403757680036	pca_harmony	per_subclass	Lamp5 Lhx6
H21.33.018	0	0.8682147700091842	pca_harmony	per_subclass	Lamp5 Lhx6
H21.33.019	0	0.5827979592077085	pca_harmony	per_subclass	Lamp5 Lhx6
H21.33.021	1	0.8045440706814674	pca_harmony	per_subclass	Lamp5 Lhx6
H21.33.022	1	0.7851971076327483	pca_harmony	per_subclass	Lamp5 Lhx6
H21.33.023	0	0.6179913375388919	pca_harmony	per_subclass	Lamp5 Lhx6
H21.33.025	1	0.8002577569111027	pca_harmony	per_subclass	Lamp5 Lhx6
H21.33.026	1	0.6117112699128	pca_harmony	per_subclass	Lamp5 Lhx6
H21.33.027	1	0.678438135167961	pca_harmony	per_subclass	Lamp5 Lhx6
H21.33.028	0	0.8282849081895426	pca_harmony	per_subclass	Lamp5 Lhx6
H21.33.029	1	0.8210508709442526	pca_harmony	per_subclass	Lamp5 Lhx6
H21.33.030	1	0.6903093531611153	pca_harmony	per_subclass	Lamp5 Lhx6
H21.33.031	1	0.3934254474991294	pca_harmony	per_subclass	Lamp5 Lhx6
H21.33.032	0	0.7900891524258731	pca_harmony	per_subclass	Lamp5 Lhx6
H21.33.033	1	0.7881946805837892	pca_harmony	per_subclass	Lamp5 Lhx6
H21.33.034	1	0.998724460361674	pca_harmony	per_subclass	Lamp5 Lhx6
H21.33.035	1	0.7674652453119657	pca_harmony	per_subclass	Lamp5 Lhx6
H21.33.036	1	0.795931819528801	pca_harmony	per_subclass	Lamp5 Lhx6
H21.33.037	0	0.7752938247501022	pca_harmony	per_subclass	Lamp5 Lhx6
H21.33.038	0	0.8534089730872692	pca_harmony	per_subclass	Lamp5 Lhx6
H21.33.039	1	0.816072361183973	pca_harmony	per_subclass	Lamp5 Lhx6
H21.33.040	1	0.9419739653797384	pca_harmony	per_subclass	Lamp5 Lhx6
H21.33.041	0	0.7229872209524434	pca_harmony	per_subclass	Lamp5 Lhx6
H21.33.042	1	0.677582070128667	pca_harmony	per_subclass	Lamp5 Lhx6
H21.33.043	0	0.7913215007019795	pca_harmony	per_subclass	Lamp5 Lhx6
H21.33.044	1	0.8931277860787811	pca_harmony	per_subclass	Lamp5 Lhx6
H21.33.045	1	0.8100727847244308	pca_harmony	per_subclass	Lamp5 Lhx6
H21.33.046	1	0.9135462499438469	pca_harmony	per_subclass	Lamp5 Lhx6
H21.33.047	1	0.30248320735107265	pca_harmony	per_subclass	Lamp5 Lhx6
H19.33.004	0	0.9148900281659014	pca_harmony	per_subclass	OPC
H20.33.001	0	0.6904813560764573	pca_harmony	per_subclass	OPC
H20.33.002	0	0.6484817390101373	pca_harmony	per_subclass	OPC
H20.33.004	1	0.8088894754669281	pca_harmony	per_subclass	OPC
H20.33.005	1	0.819816387575069	pca_harmony	per_subclass	OPC
H20.33.008	1	0.834532118967879	pca_harmony	per_subclass	OPC
H20.33.011	1	0.7776338836797829	pca_harmony	per_subclass	OPC
H20.33.012	0	0.8057494806827501	pca_harmony	per_subclass	OPC
H20.33.013	1	0.7339013757921122	pca_harmony	per_subclass	OPC
H20.33.014	1	0.5459904296237496	pca_harmony	per_subclass	OPC
H20.33.015	1	0.9671260763200611	pca_harmony	per_subclass	OPC
H20.33.016	1	0.8366666098332189	pca_harmony	per_subclass	OPC
H20.33.017	1	0.9369365052674355	pca_harmony	per_subclass	OPC
H20.33.018	1	0.9484244095179267	pca_harmony	per_subclass	OPC
H20.33.019	1	0.8535321267248014	pca_harmony	per_subclass	OPC
H20.33.020	1	0.7734476809030576	pca_harmony	per_subclass	OPC
H20.33.024	1	0.27157832441967267	pca_harmony	per_subclass	OPC
H20.33.025	1	0.5392955272963518	pca_harmony	per_subclass	OPC
H20.33.026	1	0.8431117588854061	pca_harmony	per_subclass	OPC
H20.33.027	1	0.8306727911801918	pca_harmony	per_subclass	OPC
H20.33.028	1	0.904285435794424	pca_harmony	per_subclass	OPC
H20.33.029	1	0.7156814342992694	pca_harmony	per_subclass	OPC
H20.33.030	1	0.6961631589221187	pca_harmony	per_subclass	OPC
H20.33.031	1	0.39176865769349944	pca_harmony	per_subclass	OPC
H20.33.032	1	0.677987189500777	pca_harmony	per_subclass	OPC
H20.33.033	1	0.7063433266773389	pca_harmony	per_subclass	OPC
H20.33.034	1	0.9454851598626416	pca_harmony	per_subclass	OPC
H20.33.035	0	0.6661968947301413	pca_harmony	per_subclass	OPC
H20.33.036	1	0.9423621063823697	pca_harmony	per_subclass	OPC
H20.33.037	1	0.9153607359339366	pca_harmony	per_subclass	OPC
H20.33.038	1	0.6890690121335965	pca_harmony	per_subclass	OPC
H20.33.039	1	0.7249761069406166	pca_harmony	per_subclass	OPC
H20.33.040	1	0.9029831631706919	pca_harmony	per_subclass	OPC
H20.33.041	1	0.9759465094802522	pca_harmony	per_subclass	OPC
H20.33.043	1	0.634792227456453	pca_harmony	per_subclass	OPC
H20.33.044	0	0.7092010971278464	pca_harmony	per_subclass	OPC
H20.33.045	1	0.9556731584308957	pca_harmony	per_subclass	OPC
H20.33.046	1	0.8973717785065951	pca_harmony	per_subclass	OPC
H21.33.001	0	0.6303068224983903	pca_harmony	per_subclass	OPC
H21.33.002	1	0.6893087328815536	pca_harmony	per_subclass	OPC
H21.33.003	0	0.8525848049028234	pca_harmony	per_subclass	OPC
H21.33.004	0	0.586057928821994	pca_harmony	per_subclass	OPC
H21.33.005	1	0.8650915562498198	pca_harmony	per_subclass	OPC
H21.33.006	1	0.7849785603463983	pca_harmony	per_subclass	OPC
H21.33.007	1	0.8704411809012852	pca_harmony	per_subclass	OPC
H21.33.008	1	0.8003534559244466	pca_harmony	per_subclass	OPC
H21.33.009	1	0.8445624202428291	pca_harmony	per_subclass	OPC
H21.33.010	1	0.7997609865154485	pca_harmony	per_subclass	OPC
H21.33.011	0	0.4828179459738088	pca_harmony	per_subclass	OPC
H21.33.012	1	0.5679821788883308	pca_harmony	per_subclass	OPC
H21.33.013	1	0.8831946727920219	pca_harmony	per_subclass	OPC
H21.33.014	1	0.9666273051097974	pca_harmony	per_subclass	OPC
H21.33.015	0	0.6049117398038953	pca_harmony	per_subclass	OPC
H21.33.016	0	0.7618668863361389	pca_harmony	per_subclass	OPC
H21.33.017	1	0.6533164954049939	pca_harmony	per_subclass	OPC
H21.33.018	0	0.9606135849217002	pca_harmony	per_subclass	OPC
H21.33.019	0	0.7049133299716097	pca_harmony	per_subclass	OPC
H21.33.020	1	0.4009226389972075	pca_harmony	per_subclass	OPC
H21.33.021	1	0.9070557090143205	pca_harmony	per_subclass	OPC
H21.33.022	1	0.8132472062417664	pca_harmony	per_subclass	OPC
H21.33.023	0	0.7177447522011672	pca_harmony	per_subclass	OPC
H21.33.025	1	0.9572817400912138	pca_harmony	per_subclass	OPC
H21.33.026	1	0.7474749721474848	pca_harmony	per_subclass	OPC
H21.33.027	1	0.5285795414502256	pca_harmony	per_subclass	OPC
H21.33.028	0	0.7443967150565192	pca_harmony	per_subclass	OPC
H21.33.029	1	0.9295357721408026	pca_harmony	per_subclass	OPC
H21.33.030	1	0.7851720748739062	pca_harmony	per_subclass	OPC
H21.33.031	1	0.24414901156028085	pca_harmony	per_subclass	OPC
H21.33.032	0	0.7168269229308177	pca_harmony	per_subclass	OPC
H21.33.033	1	0.8724534124916907	pca_harmony	per_subclass	OPC
H21.33.034	1	0.8696048882700363	pca_harmony	per_subclass	OPC
H21.33.035	1	0.8951099906430737	pca_harmony	per_subclass	OPC
H21.33.036	1	0.38357797617096495	pca_harmony	per_subclass	OPC
H21.33.037	0	0.2848081946059981	pca_harmony	per_subclass	OPC
H21.33.038	0	0.8101357133968016	pca_harmony	per_subclass	OPC
H21.33.039	1	0.9265295832030667	pca_harmony	per_subclass	OPC
H21.33.040	1	0.9257586923638478	pca_harmony	per_subclass	OPC
H21.33.041	0	0.8155488699409672	pca_harmony	per_subclass	OPC
H21.33.042	1	0.7108780089408993	pca_harmony	per_subclass	OPC
H21.33.043	0	0.7852417659031212	pca_harmony	per_subclass	OPC
H21.33.044	1	0.95833599098606	pca_harmony	per_subclass	OPC
H21.33.045	1	0.9391025474329513	pca_harmony	per_subclass	OPC
H21.33.046	1	0.8130289938878844	pca_harmony	per_subclass	OPC
H21.33.047	1	0.7342870980640497	pca_harmony	per_subclass	OPC
H19.33.004	0	0.9714724978191362	pca_harmony	per_subclass	Oligodendrocyte
H20.33.001	0	0.6680610679196683	pca_harmony	per_subclass	Oligodendrocyte
H20.33.002	0	0.7767400523143031	pca_harmony	per_subclass	Oligodendrocyte
H20.33.004	1	0.5180834086661297	pca_harmony	per_subclass	Oligodendrocyte
H20.33.005	1	0.8958579896609018	pca_harmony	per_subclass	Oligodendrocyte
H20.33.008	1	0.3361198030583326	pca_harmony	per_subclass	Oligodendrocyte
H20.33.011	1	0.42696552409662064	pca_harmony	per_subclass	Oligodendrocyte
H20.33.012	0	0.8419390790266468	pca_harmony	per_subclass	Oligodendrocyte
H20.33.013	1	0.7954520614365489	pca_harmony	per_subclass	Oligodendrocyte
H20.33.014	1	0.8100972117489447	pca_harmony	per_subclass	Oligodendrocyte
H20.33.015	1	0.8312205155074042	pca_harmony	per_subclass	Oligodendrocyte
H20.33.016	1	0.7200475816411973	pca_harmony	per_subclass	Oligodendrocyte
H20.33.017	1	0.7819212920046982	pca_harmony	per_subclass	Oligodendrocyte
H20.33.018	1	0.9054204174397509	pca_harmony	per_subclass	Oligodendrocyte
H20.33.019	1	0.8367359869780282	pca_harmony	per_subclass	Oligodendrocyte
H20.33.020	1	0.8428200863722548	pca_harmony	per_subclass	Oligodendrocyte
H20.33.024	1	0.18204257704280496	pca_harmony	per_subclass	Oligodendrocyte
H20.33.025	1	0.5247275401220372	pca_harmony	per_subclass	Oligodendrocyte
H20.33.026	1	0.813869009217432	pca_harmony	per_subclass	Oligodendrocyte
H20.33.027	1	0.6665067804239372	pca_harmony	per_subclass	Oligodendrocyte
H20.33.028	1	0.8878828807682861	pca_harmony	per_subclass	Oligodendrocyte
H20.33.029	1	0.747975936291661	pca_harmony	per_subclass	Oligodendrocyte
H20.33.030	1	0.8126465929478399	pca_harmony	per_subclass	Oligodendrocyte
H20.33.031	1	0.46247848885818854	pca_harmony	per_subclass	Oligodendrocyte
H20.33.032	1	0.8219182368598954	pca_harmony	per_subclass	Oligodendrocyte
H20.33.033	1	0.936481170937083	pca_harmony	per_subclass	Oligodendrocyte
H20.33.034	1	0.9152980406871374	pca_harmony	per_subclass	Oligodendrocyte
H20.33.035	0	0.6076547510360255	pca_harmony	per_subclass	Oligodendrocyte
H20.33.036	1	0.901120960111027	pca_harmony	per_subclass	Oligodendrocyte
H20.33.037	1	0.9348802098961919	pca_harmony	per_subclass	Oligodendrocyte
H20.33.038	1	0.8595368354610521	pca_harmony	per_subclass	Oligodendrocyte
H20.33.039	1	0.7935564414081909	pca_harmony	per_subclass	Oligodendrocyte
H20.33.040	1	0.8787798455856416	pca_harmony	per_subclass	Oligodendrocyte
H20.33.041	1	0.8734436527735806	pca_harmony	per_subclass	Oligodendrocyte
H20.33.043	1	0.5653275381807571	pca_harmony	per_subclass	Oligodendrocyte
H20.33.044	0	0.7887356745917176	pca_harmony	per_subclass	Oligodendrocyte
H20.33.045	1	0.9502841813319092	pca_harmony	per_subclass	Oligodendrocyte
H20.33.046	1	0.9529273474034372	pca_harmony	per_subclass	Oligodendrocyte
H21.33.001	0	0.924219349805065	pca_harmony	per_subclass	Oligodendrocyte
H21.33.002	1	0.9059951938349282	pca_harmony	per_subclass	Oligodendrocyte
H21.33.003	0	0.4514485015722619	pca_harmony	per_subclass	Oligodendrocyte
H21.33.004	0	0.35205623499755523	pca_harmony	per_subclass	Oligodendrocyte
H21.33.005	1	0.7764792023741822	pca_harmony	per_subclass	Oligodendrocyte
H21.33.006	1	0.6368182641701703	pca_harmony	per_subclass	Oligodendrocyte
H21.33.007	1	0.9664135274066217	pca_harmony	per_subclass	Oligodendrocyte
H21.33.008	1	0.8030780674203106	pca_harmony	per_subclass	Oligodendrocyte
H21.33.009	1	0.897765714665597	pca_harmony	per_subclass	Oligodendrocyte
H21.33.010	1	0.9174514633215018	pca_harmony	per_subclass	Oligodendrocyte
H21.33.011	0	0.5647088706553689	pca_harmony	per_subclass	Oligodendrocyte
H21.33.012	1	0.7154769388681068	pca_harmony	per_subclass	Oligodendrocyte
H21.33.013	1	0.8430894499352759	pca_harmony	per_subclass	Oligodendrocyte
H21.33.014	1	0.7815850956462789	pca_harmony	per_subclass	Oligodendrocyte
H21.33.015	0	0.6780887567257846	pca_harmony	per_subclass	Oligodendrocyte
H21.33.016	0	0.7974084329626705	pca_harmony	per_subclass	Oligodendrocyte
H21.33.017	1	0.7494543940041163	pca_harmony	per_subclass	Oligodendrocyte
H21.33.018	0	0.7125093532973159	pca_harmony	per_subclass	Oligodendrocyte
H21.33.019	0	0.5449059568068279	pca_harmony	per_subclass	Oligodendrocyte
H21.33.020	1	0.9328624319381603	pca_harmony	per_subclass	Oligodendrocyte
H21.33.021	1	0.7145933697695761	pca_harmony	per_subclass	Oligodendrocyte
H21.33.022	1	0.09698263534830032	pca_harmony	per_subclass	Oligodendrocyte
H21.33.023	0	0.6134055115086036	pca_harmony	per_subclass	Oligodendrocyte
H21.33.025	1	0.7435647591012853	pca_harmony	per_subclass	Oligodendrocyte
H21.33.026	1	0.5452522739379541	pca_harmony	per_subclass	Oligodendrocyte
H21.33.027	1	0.8104775442565927	pca_harmony	per_subclass	Oligodendrocyte
H21.33.028	0	0.5922624735500639	pca_harmony	per_subclass	Oligodendrocyte
H21.33.029	1	0.7848800855125132	pca_harmony	per_subclass	Oligodendrocyte
H21.33.030	1	0.7805942334781417	pca_harmony	per_subclass	Oligodendrocyte
H21.33.031	1	0.9370058227687916	pca_harmony	per_subclass	Oligodendrocyte
H21.33.032	0	0.8698402471655695	pca_harmony	per_subclass	Oligodendrocyte
H21.33.033	1	0.8728005065809489	pca_harmony	per_subclass	Oligodendrocyte
H21.33.034	1	0.9919515394242749	pca_harmony	per_subclass	Oligodendrocyte
H21.33.035	1	0.8746005433024703	pca_harmony	per_subclass	Oligodendrocyte
H21.33.036	1	0.45762190150003035	pca_harmony	per_subclass	Oligodendrocyte
H21.33.037	0	0.7669929032513799	pca_harmony	per_subclass	Oligodendrocyte
H21.33.038	0	0.6991279888942584	pca_harmony	per_subclass	Oligodendrocyte
H21.33.039	1	0.7693266098860301	pca_harmony	per_subclass	Oligodendrocyte
H21.33.040	1	0.9477378560674271	pca_harmony	per_subclass	Oligodendrocyte
H21.33.041	0	0.8350164116986241	pca_harmony	per_subclass	Oligodendrocyte
H21.33.042	1	0.44968852815763877	pca_harmony	per_subclass	Oligodendrocyte
H21.33.043	0	0.7781645639132144	pca_harmony	per_subclass	Oligodendrocyte
H21.33.044	1	0.8910876284915512	pca_harmony	per_subclass	Oligodendrocyte
H21.33.045	1	0.9739305411497696	pca_harmony	per_subclass	Oligodendrocyte
H21.33.046	1	0.9736539922466756	pca_harmony	per_subclass	Oligodendrocyte
H21.33.047	1	0.6426631130789658	pca_harmony	per_subclass	Oligodendrocyte
H19.33.004	0	0.8760977764242565	pca_harmony	per_subclass	Pax6
H20.33.001	0	0.8746120875157295	pca_harmony	per_subclass	Pax6
H20.33.002	0	0.425055012759006	pca_harmony	per_subclass	Pax6
H20.33.004	1	0.592853851300896	pca_harmony	per_subclass	Pax6
H20.33.005	1	0.8128536579259251	pca_harmony	per_subclass	Pax6
H20.33.008	1	0.7682863216403846	pca_harmony	per_subclass	Pax6
H20.33.011	1	0.9207576106608713	pca_harmony	per_subclass	Pax6
H20.33.012	0	0.7100500095987619	pca_harmony	per_subclass	Pax6
H20.33.013	1	0.8055543383869755	pca_harmony	per_subclass	Pax6
H20.33.014	1	0.5403129577801502	pca_harmony	per_subclass	Pax6
H20.33.015	1	0.9498270836235223	pca_harmony	per_subclass	Pax6
H20.33.016	1	0.7104612233323724	pca_harmony	per_subclass	Pax6
H20.33.017	1	0.9676902089358423	pca_harmony	per_subclass	Pax6
H20.33.018	1	0.928193820860451	pca_harmony	per_subclass	Pax6
H20.33.019	1	0.9304318723398037	pca_harmony	per_subclass	Pax6
H20.33.020	1	0.7279107340887088	pca_harmony	per_subclass	Pax6
H20.33.024	1	0.25587832342382216	pca_harmony	per_subclass	Pax6
H20.33.025	1	0.7883566661422459	pca_harmony	per_subclass	Pax6
H20.33.026	1	0.7978648447365905	pca_harmony	per_subclass	Pax6
H20.33.027	1	0.7269102549760287	pca_harmony	per_subclass	Pax6
H20.33.028	1	0.9075513758223046	pca_harmony	per_subclass	Pax6
H20.33.029	1	0.6996027354456158	pca_harmony	per_subclass	Pax6
H20.33.030	1	0.8481761374534118	pca_harmony	per_subclass	Pax6
H20.33.031	1	0.7970584498498835	pca_harmony	per_subclass	Pax6
H20.33.032	1	0.691990255080979	pca_harmony	per_subclass	Pax6
H20.33.033	1	0.9104945463776628	pca_harmony	per_subclass	Pax6
H20.33.034	1	0.3897090205972588	pca_harmony	per_subclass	Pax6
H20.33.035	0	0.7069802825439309	pca_harmony	per_subclass	Pax6
H20.33.036	1	0.9460719584374419	pca_harmony	per_subclass	Pax6
H20.33.037	1	0.9842471846084067	pca_harmony	per_subclass	Pax6
H20.33.039	1	0.9770779415190157	pca_harmony	per_subclass	Pax6
H20.33.040	1	0.8151875659949344	pca_harmony	per_subclass	Pax6
H20.33.041	1	0.7119231866375996	pca_harmony	per_subclass	Pax6
H20.33.043	1	0.5982774841021241	pca_harmony	per_subclass	Pax6
H20.33.044	0	0.6052026367031142	pca_harmony	per_subclass	Pax6
H20.33.045	1	0.5615875778539392	pca_harmony	per_subclass	Pax6
H20.33.046	1	0.7342448833838908	pca_harmony	per_subclass	Pax6
H21.33.001	0	0.8612390624363903	pca_harmony	per_subclass	Pax6
H21.33.002	1	0.8112231071546712	pca_harmony	per_subclass	Pax6
H21.33.003	0	0.8564121002104967	pca_harmony	per_subclass	Pax6
H21.33.004	0	0.5639331790473163	pca_harmony	per_subclass	Pax6
H21.33.005	1	0.808471584157777	pca_harmony	per_subclass	Pax6
H21.33.006	1	0.44143266523731406	pca_harmony	per_subclass	Pax6
H21.33.007	1	0.8828712339640035	pca_harmony	per_subclass	Pax6
H21.33.008	1	0.9118232372347459	pca_harmony	per_subclass	Pax6
H21.33.009	1	0.981129362608173	pca_harmony	per_subclass	Pax6
H21.33.010	1	0.9434177414125949	pca_harmony	per_subclass	Pax6
H21.33.011	0	0.2289215011404652	pca_harmony	per_subclass	Pax6
H21.33.012	1	0.6141250766145939	pca_harmony	per_subclass	Pax6
H21.33.013	1	0.9326708671438775	pca_harmony	per_subclass	Pax6
H21.33.014	1	0.3014653574109828	pca_harmony	per_subclass	Pax6
H21.33.015	0	0.39028915588251145	pca_harmony	per_subclass	Pax6
H21.33.016	0	0.7231025203096253	pca_harmony	per_subclass	Pax6
H21.33.017	1	0.7685809683975263	pca_harmony	per_subclass	Pax6
H21.33.018	0	0.8811962694955486	pca_harmony	per_subclass	Pax6
H21.33.019	0	0.3794219971708099	pca_harmony	per_subclass	Pax6
H21.33.021	1	0.9160792370273256	pca_harmony	per_subclass	Pax6
H21.33.022	1	0.615458554899195	pca_harmony	per_subclass	Pax6
H21.33.023	0	0.5432223939821764	pca_harmony	per_subclass	Pax6
H21.33.025	1	0.708441275440607	pca_harmony	per_subclass	Pax6
H21.33.026	1	0.647709099591746	pca_harmony	per_subclass	Pax6
H21.33.027	1	0.6933025701446457	pca_harmony	per_subclass	Pax6
H21.33.028	0	0.9642716337733223	pca_harmony	per_subclass	Pax6
H21.33.029	1	0.568299426205926	pca_harmony	per_subclass	Pax6
H21.33.030	1	0.5828327817823115	pca_harmony	per_subclass	Pax6
H21.33.031	1	0.6168549734705323	pca_harmony	per_subclass	Pax6
H21.33.032	0	0.4466245164288867	pca_harmony	per_subclass	Pax6
H21.33.033	1	0.9682481299746145	pca_harmony	per_subclass	Pax6
H21.33.034	1	0.9591107783927146	pca_harmony	per_subclass	Pax6
H21.33.035	1	0.7308562039070188	pca_harmony	per_subclass	Pax6
H21.33.036	1	0.7945265535935455	pca_harmony	per_subclass	Pax6
H21.33.037	0	0.6788155768283088	pca_harmony	per_subclass	Pax6
H21.33.038	0	0.6875636810671999	pca_harmony	per_subclass	Pax6
H21.33.039	1	0.9691511841504535	pca_harmony	per_subclass	Pax6
H21.33.040	1	0.997360144186423	pca_harmony	per_subclass	Pax6
H21.33.041	0	0.8473072205187201	pca_harmony	per_subclass	Pax6
H21.33.042	1	0.6748210400770525	pca_harmony	per_subclass	Pax6
H21.33.043	0	0.8927505401031579	pca_harmony	per_subclass	Pax6
H21.33.044	1	0.8973068024214482	pca_harmony	per_subclass	Pax6
H21.33.045	1	0.8749202617818759	pca_harmony	per_subclass	Pax6
H21.33.046	1	0.823751249847185	pca_harmony	per_subclass	Pax6
H21.33.047	1	0.24343753164605034	pca_harmony	per_subclass	Pax6
H19.33.004	0	0.9401204700090036	pca_harmony	per_subclass	Pvalb
H20.33.001	0	0.6703261194917544	pca_harmony	per_subclass	Pvalb
H20.33.002	0	0.7797738898495616	pca_harmony	per_subclass	Pvalb
H20.33.004	1	0.5264191060921405	pca_harmony	per_subclass	Pvalb
H20.33.005	1	0.9279250452135874	pca_harmony	per_subclass	Pvalb
H20.33.008	1	0.7118359511317023	pca_harmony	per_subclass	Pvalb
H20.33.011	1	0.6162519919195933	pca_harmony	per_subclass	Pvalb
H20.33.012	0	0.750627833798901	pca_harmony	per_subclass	Pvalb
H20.33.013	1	0.7602280205023672	pca_harmony	per_subclass	Pvalb
H20.33.014	1	0.6766309093614324	pca_harmony	per_subclass	Pvalb
H20.33.015	1	0.9800853579112486	pca_harmony	per_subclass	Pvalb
H20.33.016	1	0.792808052233507	pca_harmony	per_subclass	Pvalb
H20.33.017	1	0.8892338507763018	pca_harmony	per_subclass	Pvalb
H20.33.018	1	0.9175192440144757	pca_harmony	per_subclass	Pvalb
H20.33.019	1	0.8483274811329302	pca_harmony	per_subclass	Pvalb
H20.33.020	1	0.889218204257751	pca_harmony	per_subclass	Pvalb
H20.33.024	1	0.5468182295282497	pca_harmony	per_subclass	Pvalb
H20.33.025	1	0.6205553996680759	pca_harmony	per_subclass	Pvalb
H20.33.026	1	0.8112040175766285	pca_harmony	per_subclass	Pvalb
H20.33.027	1	0.7090481175711574	pca_harmony	per_subclass	Pvalb
H20.33.028	1	0.9681155537158709	pca_harmony	per_subclass	Pvalb
H20.33.029	1	0.40144296607584024	pca_harmony	per_subclass	Pvalb
H20.33.030	1	0.4525123893040169	pca_harmony	per_subclass	Pvalb
H20.33.031	1	0.553673900588043	pca_harmony	per_subclass	Pvalb
H20.33.032	1	0.6155721402622077	pca_harmony	per_subclass	Pvalb
H20.33.033	1	0.9902133253146836	pca_harmony	per_subclass	Pvalb
H20.33.034	1	0.5178682720673669	pca_harmony	per_subclass	Pvalb
H20.33.035	0	0.9014408084420543	pca_harmony	per_subclass	Pvalb
H20.33.036	1	0.9362070901876909	pca_harmony	per_subclass	Pvalb
H20.33.037	1	0.9634610637758797	pca_harmony	per_subclass	Pvalb
H20.33.038	1	0.8918592027158212	pca_harmony	per_subclass	Pvalb
H20.33.039	1	0.7449353103666414	pca_harmony	per_subclass	Pvalb
H20.33.040	1	0.4711245692194247	pca_harmony	per_subclass	Pvalb
H20.33.041	1	0.5829813065833516	pca_harmony	per_subclass	Pvalb
H20.33.043	1	0.2864674627778363	pca_harmony	per_subclass	Pvalb
H20.33.044	0	0.6991868917754405	pca_harmony	per_subclass	Pvalb
H20.33.045	1	0.8931360419934086	pca_harmony	per_subclass	Pvalb
H20.33.046	1	0.9313661267605369	pca_harmony	per_subclass	Pvalb
H21.33.001	0	0.9967491686963614	pca_harmony	per_subclass	Pvalb
H21.33.002	1	0.7391570110197133	pca_harmony	per_subclass	Pvalb
H21.33.003	0	0.6106292829852359	pca_harmony	per_subclass	Pvalb
H21.33.004	0	0.7265655700743634	pca_harmony	per_subclass	Pvalb
H21.33.005	1	0.8091514444098522	pca_harmony	per_subclass	Pvalb
H21.33.006	1	0.7117707799791441	pca_harmony	per_subclass	Pvalb
H21.33.007	1	0.9313098937238428	pca_harmony	per_subclass	Pvalb
H21.33.008	1	0.8958051385926462	pca_harmony	per_subclass	Pvalb
H21.33.009	1	0.9069429021764849	pca_harmony	per_subclass	Pvalb
H21.33.010	1	0.8342021138069112	pca_harmony	per_subclass	Pvalb
H21.33.011	0	0.561115280186552	pca_harmony	per_subclass	Pvalb
H21.33.012	1	0.7743447281667823	pca_harmony	per_subclass	Pvalb
H21.33.013	1	0.8887819291157812	pca_harmony	per_subclass	Pvalb
H21.33.014	1	0.8398681454176178	pca_harmony	per_subclass	Pvalb
H21.33.015	0	0.3009870888777302	pca_harmony	per_subclass	Pvalb
H21.33.016	0	0.5716984232277877	pca_harmony	per_subclass	Pvalb
H21.33.017	1	0.9055380768730888	pca_harmony	per_subclass	Pvalb
H21.33.018	0	0.7173455859846641	pca_harmony	per_subclass	Pvalb
H21.33.019	0	0.8339004284859595	pca_harmony	per_subclass	Pvalb
H21.33.021	1	0.679906946792382	pca_harmony	per_subclass	Pvalb
H21.33.022	1	0.7205924218691638	pca_harmony	per_subclass	Pvalb
H21.33.023	0	0.8769810009189148	pca_harmony	per_subclass	Pvalb
H21.33.025	1	0.9083374561703581	pca_harmony	per_subclass	Pvalb
H21.33.026	1	0.7068807703428605	pca_harmony	per_subclass	Pvalb
H21.33.027	1	0.5042056708653104	pca_harmony	per_subclass	Pvalb
H21.33.028	0	0.7954281752275476	pca_harmony	per_subclass	Pvalb
H21.33.029	1	0.8311046376483215	pca_harmony	per_subclass	Pvalb
H21.33.030	1	0.4943846069351469	pca_harmony	per_subclass	Pvalb
H21.33.031	1	0.7161628673419409	pca_harmony	per_subclass	Pvalb
H21.33.032	0	0.6253125744965375	pca_harmony	per_subclass	Pvalb
H21.33.033	1	0.8201445647729553	pca_harmony	per_subclass	Pvalb
H21.33.034	1	0.9783155083090185	pca_harmony	per_subclass	Pvalb
H21.33.035	1	0.7463638166537747	pca_harmony	per_subclass	Pvalb
H21.33.036	1	0.8303992919468313	pca_harmony	per_subclass	Pvalb
H21.33.037	0	0.5831139348982475	pca_harmony	per_subclass	Pvalb
H21.33.038	0	0.644471878835777	pca_harmony	per_subclass	Pvalb
H21.33.039	1	0.7376222176643683	pca_harmony	per_subclass	Pvalb
H21.33.040	1	0.8604440207448935	pca_harmony	per_subclass	Pvalb
H21.33.041	0	0.9324217716263987	pca_harmony	per_subclass	Pvalb
H21.33.042	1	0.7290598862645071	pca_harmony	per_subclass	Pvalb
H21.33.043	0	0.7251039239895263	pca_harmony	per_subclass	Pvalb
H21.33.044	1	0.8941977113804628	pca_harmony	per_subclass	Pvalb
H21.33.045	1	0.7737355771521949	pca_harmony	per_subclass	Pvalb
H21.33.046	1	0.8120555890595271	pca_harmony	per_subclass	Pvalb
H21.33.047	1	0.533412710165662	pca_harmony	per_subclass	Pvalb
H19.33.004	0	0.9127248712247831	pca_harmony	per_subclass	Sncg
H20.33.001	0	0.7094888110301768	pca_harmony	per_subclass	Sncg
H20.33.002	0	0.9101433908549632	pca_harmony	per_subclass	Sncg
H20.33.004	1	0.9190427363109717	pca_harmony	per_subclass	Sncg
H20.33.005	1	0.7066844934785583	pca_harmony	per_subclass	Sncg
H20.33.008	1	0.7325272795922252	pca_harmony	per_subclass	Sncg
H20.33.011	1	0.7466750583341482	pca_harmony	per_subclass	Sncg
H20.33.012	0	0.4427879055064202	pca_harmony	per_subclass	Sncg
H20.33.013	1	0.7698151860455846	pca_harmony	per_subclass	Sncg
H20.33.014	1	0.9642194728505309	pca_harmony	per_subclass	Sncg
H20.33.015	1	0.7936740809093612	pca_harmony	per_subclass	Sncg
H20.33.016	1	0.8716031146604232	pca_harmony	per_subclass	Sncg
H20.33.017	1	0.9185172801988507	pca_harmony	per_subclass	Sncg
H20.33.018	1	0.8785752700988869	pca_harmony	per_subclass	Sncg
H20.33.019	1	0.7989089796707536	pca_harmony	per_subclass	Sncg
H20.33.020	1	0.9052035404379033	pca_harmony	per_subclass	Sncg
H20.33.024	1	0.4393320571480839	pca_harmony	per_subclass	Sncg
H20.33.025	1	0.8525161552214643	pca_harmony	per_subclass	Sncg
H20.33.026	1	0.7941819268003901	pca_harmony	per_subclass	Sncg
H20.33.027	1	0.8217605080585315	pca_harmony	per_subclass	Sncg
H20.33.028	1	0.9512924323479511	pca_harmony	per_subclass	Sncg
H20.33.029	1	0.7241705797740716	pca_harmony	per_subclass	Sncg
H20.33.030	1	0.6683775210959582	pca_harmony	per_subclass	Sncg
H20.33.031	1	0.7786721607957918	pca_harmony	per_subclass	Sncg
H20.33.032	1	0.8927201817577007	pca_harmony	per_subclass	Sncg
H20.33.033	1	0.9208714491777193	pca_harmony	per_subclass	Sncg
H20.33.034	1	0.8729694136668099	pca_harmony	per_subclass	Sncg
H20.33.035	0	0.6946708754214019	pca_harmony	per_subclass	Sncg
H20.33.036	1	0.9635297082690146	pca_harmony	per_subclass	Sncg
H20.33.037	1	0.8874725278617344	pca_harmony	per_subclass	Sncg
H20.33.038	1	0.8572974266831613	pca_harmony	per_subclass	Sncg
H20.33.039	1	0.9448515274563933	pca_harmony	per_subclass	Sncg
H20.33.040	1	0.42160661018405765	pca_harmony	per_subclass	Sncg
H20.33.041	1	0.7311434119051128	pca_harmony	per_subclass	Sncg
H20.33.043	1	0.5903519826986341	pca_harmony	per_subclass	Sncg
H20.33.044	0	0.9436590017334796	pca_harmony	per_subclass	Sncg
H20.33.045	1	0.683986970101933	pca_harmony	per_subclass	Sncg
H20.33.046	1	0.6609955597763288	pca_harmony	per_subclass	Sncg
H21.33.001	0	0.7734069066834699	pca_harmony	per_subclass	Sncg
H21.33.002	1	0.8830073963293925	pca_harmony	per_subclass	Sncg
H21.33.003	0	0.4556489529729867	pca_harmony	per_subclass	Sncg
H21.33.004	0	0.8528365650122824	pca_harmony	per_subclass	Sncg
H21.33.005	1	0.17755419527020153	pca_harmony	per_subclass	Sncg
H21.33.006	1	0.4653369581865232	pca_harmony	per_subclass	Sncg
H21.33.007	1	0.6746253246094884	pca_harmony	per_subclass	Sncg
H21.33.008	1	0.6614905675855289	pca_harmony	per_subclass	Sncg
H21.33.009	1	0.8084325873179818	pca_harmony	per_subclass	Sncg
H21.33.010	1	0.816881119432843	pca_harmony	per_subclass	Sncg
H21.33.011	0	0.45131878848505547	pca_harmony	per_subclass	Sncg
H21.33.012	1	0.3619116858514525	pca_harmony	per_subclass	Sncg
H21.33.013	1	0.9292210701197281	pca_harmony	per_subclass	Sncg
H21.33.014	1	0.904855498119604	pca_harmony	per_subclass	Sncg
H21.33.015	0	0.588604036176554	pca_harmony	per_subclass	Sncg
H21.33.016	0	0.7586411915809604	pca_harmony	per_subclass	Sncg
H21.33.017	1	0.7988423922145939	pca_harmony	per_subclass	Sncg
H21.33.018	0	0.8981960014890917	pca_harmony	per_subclass	Sncg
H21.33.019	0	0.7131577285356655	pca_harmony	per_subclass	Sncg
H21.33.021	1	0.839370570756423	pca_harmony	per_subclass	Sncg
H21.33.022	1	0.6397528466418707	pca_harmony	per_subclass	Sncg
H21.33.023	0	0.6856168983648888	pca_harmony	per_subclass	Sncg
H21.33.025	1	0.94107402688647	pca_harmony	per_subclass	Sncg
H21.33.026	1	0.39814873998218375	pca_harmony	per_subclass	Sncg
H21.33.027	1	0.5751170002545418	pca_harmony	per_subclass	Sncg
H21.33.028	0	0.7189204538588614	pca_harmony	per_subclass	Sncg
H21.33.029	1	0.8569600553409297	pca_harmony	per_subclass	Sncg
H21.33.030	1	0.6570932736471351	pca_harmony	per_subclass	Sncg
H21.33.031	1	0.6797566559920142	pca_harmony	per_subclass	Sncg
H21.33.032	0	0.5786879529835373	pca_harmony	per_subclass	Sncg
H21.33.033	1	0.6717926467075412	pca_harmony	per_subclass	Sncg
H21.33.034	1	0.642173249598509	pca_harmony	per_subclass	Sncg
H21.33.035	1	0.9022530720419859	pca_harmony	per_subclass	Sncg
H21.33.036	1	0.8925208380950677	pca_harmony	per_subclass	Sncg
H21.33.037	0	0.686807668065318	pca_harmony	per_subclass	Sncg
H21.33.038	0	0.8435425137581625	pca_harmony	per_subclass	Sncg
H21.33.039	1	0.845637909594523	pca_harmony	per_subclass	Sncg
H21.33.040	1	0.9306078672484386	pca_harmony	per_subclass	Sncg
H21.33.041	0	0.8913194018685774	pca_harmony	per_subclass	Sncg
H21.33.042	1	0.7244438753670268	pca_harmony	per_subclass	Sncg
H21.33.043	0	0.6393582919980776	pca_harmony	per_subclass	Sncg
H21.33.044	1	0.642237509333241	pca_harmony	per_subclass	Sncg
H21.33.045	1	0.8992199263144581	pca_harmony	per_subclass	Sncg
H21.33.046	1	0.652817305954537	pca_harmony	per_subclass	Sncg
H21.33.047	1	0.4395540318639967	pca_harmony	per_subclass	Sncg
H19.33.004	0	0.7079786035405558	pca_harmony	per_subclass	Sst
H20.33.001	0	0.7974777747655104	pca_harmony	per_subclass	Sst
H20.33.002	0	0.5361904040778083	pca_harmony	per_subclass	Sst
H20.33.004	1	0.940100885485118	pca_harmony	per_subclass	Sst
H20.33.005	1	0.906556638640921	pca_harmony	per_subclass	Sst
H20.33.008	1	0.8026352900363097	pca_harmony	per_subclass	Sst
H20.33.011	1	0.35528295160544787	pca_harmony	per_subclass	Sst
H20.33.012	0	0.9806602720663189	pca_harmony	per_subclass	Sst
H20.33.013	1	0.6951706738509813	pca_harmony	per_subclass	Sst
H20.33.014	1	0.7284833023718356	pca_harmony	per_subclass	Sst
H20.33.015	1	0.850963431432253	pca_harmony	per_subclass	Sst
H20.33.016	1	0.6926401103591019	pca_harmony	per_subclass	Sst
H20.33.017	1	0.9449926398295945	pca_harmony	per_subclass	Sst
H20.33.018	1	0.967383551907437	pca_harmony	per_subclass	Sst
H20.33.019	1	0.7966791610095838	pca_harmony	per_subclass	Sst
H20.33.020	1	0.8129599224158136	pca_harmony	per_subclass	Sst
H20.33.024	1	0.7137033209211371	pca_harmony	per_subclass	Sst
H20.33.025	1	0.4390664178989388	pca_harmony	per_subclass	Sst
H20.33.026	1	0.8053073873065184	pca_harmony	per_subclass	Sst
H20.33.027	1	0.6629902839739732	pca_harmony	per_subclass	Sst
H20.33.028	1	0.9227834727949542	pca_harmony	per_subclass	Sst
H20.33.029	1	0.8059349048377402	pca_harmony	per_subclass	Sst
H20.33.030	1	0.6971606663946922	pca_harmony	per_subclass	Sst
H20.33.031	1	0.6241021360135528	pca_harmony	per_subclass	Sst
H20.33.032	1	0.6369877657705341	pca_harmony	per_subclass	Sst
H20.33.033	1	0.9064727934174499	pca_harmony	per_subclass	Sst
H20.33.034	1	0.8469493357685304	pca_harmony	per_subclass	Sst
H20.33.035	0	0.532763787838116	pca_harmony	per_subclass	Sst
H20.33.036	1	0.9569728348772045	pca_harmony	per_subclass	Sst
H20.33.037	1	0.9036729616332098	pca_harmony	per_subclass	Sst
H20.33.038	1	0.9518387766690205	pca_harmony	per_subclass	Sst
H20.33.039	1	0.940691237648416	pca_harmony	per_subclass	Sst
H20.33.040	1	0.8595103181666414	pca_harmony	per_subclass	Sst
H20.33.041	1	0.8735731801951321	pca_harmony	per_subclass	Sst
H20.33.043	1	0.28221283356942173	pca_harmony	per_subclass	Sst
H20.33.044	0	0.542150398285574	pca_harmony	per_subclass	Sst
H20.33.045	1	0.7794447203328068	pca_harmony	per_subclass	Sst
H20.33.046	1	0.8418663283358041	pca_harmony	per_subclass	Sst
H21.33.001	0	0.8334197089260797	pca_harmony	per_subclass	Sst
H21.33.002	1	0.26459248561777066	pca_harmony	per_subclass	Sst
H21.33.003	0	0.7318336229982075	pca_harmony	per_subclass	Sst
H21.33.004	0	0.5756301716443595	pca_harmony	per_subclass	Sst
H21.33.005	1	0.8028163942146875	pca_harmony	per_subclass	Sst
H21.33.006	1	0.593292747100017	pca_harmony	per_subclass	Sst
H21.33.007	1	0.9472391623901977	pca_harmony	per_subclass	Sst
H21.33.008	1	0.9384763839593455	pca_harmony	per_subclass	Sst
H21.33.009	1	0.9100302369688164	pca_harmony	per_subclass	Sst
H21.33.010	1	0.8944335017908853	pca_harmony	per_subclass	Sst
H21.33.011	0	0.5953363221604013	pca_harmony	per_subclass	Sst
H21.33.012	1	0.9064168303119281	pca_harmony	per_subclass	Sst
H21.33.013	1	0.9081597765001959	pca_harmony	per_subclass	Sst
H21.33.014	1	0.5889329108212767	pca_harmony	per_subclass	Sst
H21.33.015	0	0.3023629556057581	pca_harmony	per_subclass	Sst
H21.33.016	0	0.8944213257650299	pca_harmony	per_subclass	Sst
H21.33.017	1	0.9539264061335464	pca_harmony	per_subclass	Sst
H21.33.018	0	0.8789902959546307	pca_harmony	per_subclass	Sst
H21.33.019	0	0.6301334050173798	pca_harmony	per_subclass	Sst
H21.33.021	1	0.8802110733335178	pca_harmony	per_subclass	Sst
H21.33.022	1	0.9239473775258888	pca_harmony	per_subclass	Sst
H21.33.023	0	0.6264833409722363	pca_harmony	per_subclass	Sst
H21.33.025	1	0.7894601579985082	pca_harmony	per_subclass	Sst
H21.33.026	1	0.8796162764352541	pca_harmony	per_subclass	Sst
H21.33.027	1	0.15287780901700185	pca_harmony	per_subclass	Sst
H21.33.028	0	0.7486498922870402	pca_harmony	per_subclass	Sst
H21.33.029	1	0.9328776357833595	pca_harmony	per_subclass	Sst
H21.33.030	1	0.32400224946977735	pca_harmony	per_subclass	Sst
H21.33.031	1	0.7830709630075421	pca_harmony	per_subclass	Sst
H21.33.032	0	0.7304139461664283	pca_harmony	per_subclass	Sst
H21.33.033	1	0.8975200359167574	pca_harmony	per_subclass	Sst
H21.33.034	1	0.6970882201857042	pca_harmony	per_subclass	Sst
H21.33.035	1	0.9418303689711921	pca_harmony	per_subclass	Sst
H21.33.036	1	0.8456797345144876	pca_harmony	per_subclass	Sst
H21.33.037	0	0.6746262667514793	pca_harmony	per_subclass	Sst
H21.33.038	0	0.947650674397375	pca_harmony	per_subclass	Sst
H21.33.039	1	0.8003945217006289	pca_harmony	per_subclass	Sst
H21.33.040	1	0.7619327620319796	pca_harmony	per_subclass	Sst
H21.33.041	0	0.9771457504280384	pca_harmony	per_subclass	Sst
H21.33.042	1	0.8732947150840239	pca_harmony	per_subclass	Sst
H21.33.043	0	0.5968906388378449	pca_harmony	per_subclass	Sst
H21.33.044	1	0.9255222664007613	pca_harmony	per_subclass	Sst
H21.33.045	1	0.6966193419035466	pca_harmony	per_subclass	Sst
H21.33.046	1	0.8330842529304598	pca_harmony	per_subclass	Sst
H21.33.047	1	0.6473439929755602	pca_harmony	per_subclass	Sst
H19.33.004	0	0.9179521032802104	pca_harmony	per_subclass	Sst Chodl
H20.33.001	0	0.32220828221187664	pca_harmony	per_subclass	Sst Chodl
H20.33.002	0	0.7923524470624754	pca_harmony	per_subclass	Sst Chodl
H20.33.004	1	0.7704245105305122	pca_harmony	per_subclass	Sst Chodl
H20.33.005	1	0.8550923254625425	pca_harmony	per_subclass	Sst Chodl
H20.33.008	1	0.8829560779861444	pca_harmony	per_subclass	Sst Chodl
H20.33.011	1	0.7164969892398061	pca_harmony	per_subclass	Sst Chodl
H20.33.013	1	0.24026875905724343	pca_harmony	per_subclass	Sst Chodl
H20.33.014	1	0.58100023338051	pca_harmony	per_subclass	Sst Chodl
H20.33.015	1	0.596032075904049	pca_harmony	per_subclass	Sst Chodl
H20.33.016	1	0.8504835071039943	pca_harmony	per_subclass	Sst Chodl
H20.33.017	1	0.8463372668187704	pca_harmony	per_subclass	Sst Chodl
H20.33.018	1	0.8832111420269395	pca_harmony	per_subclass	Sst Chodl
H20.33.019	1	0.9068522819026141	pca_harmony	per_subclass	Sst Chodl
H20.33.020	1	0.7387289207251682	pca_harmony	per_subclass	Sst Chodl
H20.33.024	1	0.7054044167781324	pca_harmony	per_subclass	Sst Chodl
H20.33.025	1	0.725920601692993	pca_harmony	per_subclass	Sst Chodl
H20.33.026	1	0.44520154528781514	pca_harmony	per_subclass	Sst Chodl
H20.33.027	1	0.7114490964434262	pca_harmony	per_subclass	Sst Chodl
H20.33.029	1	0.9311636081562439	pca_harmony	per_subclass	Sst Chodl
H20.33.030	1	0.9081940858970097	pca_harmony	per_subclass	Sst Chodl
H20.33.031	1	0.7752373179073325	pca_harmony	per_subclass	Sst Chodl
H20.33.032	1	0.784884717403059	pca_harmony	per_subclass	Sst Chodl
H20.33.034	1	0.6362733567725775	pca_harmony	per_subclass	Sst Chodl
H20.33.035	0	0.81707865165299	pca_harmony	per_subclass	Sst Chodl
H20.33.039	1	0.8803486161291193	pca_harmony	per_subclass	Sst Chodl
H20.33.040	1	0.9031249426694876	pca_harmony	per_subclass	Sst Chodl
H20.33.041	1	0.7531919287700299	pca_harmony	per_subclass	Sst Chodl
H20.33.043	1	0.8095254331118167	pca_harmony	per_subclass	Sst Chodl
H20.33.044	0	0.35028550707739126	pca_harmony	per_subclass	Sst Chodl
H21.33.001	0	0.8122432847291308	pca_harmony	per_subclass	Sst Chodl
H21.33.002	1	0.05894618044639377	pca_harmony	per_subclass	Sst Chodl
H21.33.003	0	0.4289346254026503	pca_harmony	per_subclass	Sst Chodl
H21.33.004	0	0.5332823884556183	pca_harmony	per_subclass	Sst Chodl
H21.33.006	1	0.7059499861144554	pca_harmony	per_subclass	Sst Chodl
H21.33.007	1	0.9424348026448541	pca_harmony	per_subclass	Sst Chodl
H21.33.008	1	0.9647836170561375	pca_harmony	per_subclass	Sst Chodl
H21.33.010	1	0.9532232454841573	pca_harmony	per_subclass	Sst Chodl
H21.33.011	0	0.646825766335615	pca_harmony	per_subclass	Sst Chodl
H21.33.012	1	0.8840366077367131	pca_harmony	per_subclass	Sst Chodl
H21.33.013	1	0.6710837904437307	pca_harmony	per_subclass	Sst Chodl
H21.33.014	1	0.7535644208304199	pca_harmony	per_subclass	Sst Chodl
H21.33.015	0	0.5653824409370907	pca_harmony	per_subclass	Sst Chodl
H21.33.016	0	0.910598775266152	pca_harmony	per_subclass	Sst Chodl
H21.33.018	0	0.9311418732132871	pca_harmony	per_subclass	Sst Chodl
H21.33.019	0	0.7381530014905074	pca_harmony	per_subclass	Sst Chodl
H21.33.021	1	0.8348654761095584	pca_harmony	per_subclass	Sst Chodl
H21.33.022	1	0.9281569175265485	pca_harmony	per_subclass	Sst Chodl
H21.33.023	0	0.2903412972521305	pca_harmony	per_subclass	Sst Chodl
H21.33.025	1	0.9177801539767344	pca_harmony	per_subclass	Sst Chodl
H21.33.026	1	0.8537859890470731	pca_harmony	per_subclass	Sst Chodl
H21.33.027	1	0.6609869719946859	pca_harmony	per_subclass	Sst Chodl
H21.33.028	0	0.5679362473661596	pca_harmony	per_subclass	Sst Chodl
H21.33.030	1	0.3095899408910411	pca_harmony	per_subclass	Sst Chodl
H21.33.031	1	0.3887623072407611	pca_harmony	per_subclass	Sst Chodl
H21.33.032	0	0.6827678986194472	pca_harmony	per_subclass	Sst Chodl
H21.33.035	1	0.8639656737607633	pca_harmony	per_subclass	Sst Chodl
H21.33.040	1	0.8164108800043512	pca_harmony	per_subclass	Sst Chodl
H21.33.041	0	0.8916270976753589	pca_harmony	per_subclass	Sst Chodl
H21.33.042	1	0.9095895340908753	pca_harmony	per_subclass	Sst Chodl
H21.33.043	0	0.5174896125026484	pca_harmony	per_subclass	Sst Chodl
H21.33.047	1	0.2967148892574529	pca_harmony	per_subclass	Sst Chodl
H19.33.004	0	0.9090865045663687	pca_harmony	per_subclass	VLMC & Perivascular
H20.33.001	0	0.5932763181756355	pca_harmony	per_subclass	VLMC & Perivascular
H20.33.002	0	0.8507820982115234	pca_harmony	per_subclass	VLMC & Perivascular
H20.33.004	1	0.7404817123503372	pca_harmony	per_subclass	VLMC & Perivascular
H20.33.005	1	0.4671754642420372	pca_harmony	per_subclass	VLMC & Perivascular
H20.33.008	1	0.9143476137802038	pca_harmony	per_subclass	VLMC & Perivascular
H20.33.011	1	0.846200862285429	pca_harmony	per_subclass	VLMC & Perivascular
H20.33.012	0	0.7926676147085008	pca_harmony	per_subclass	VLMC & Perivascular
H20.33.013	1	0.47087006222752337	pca_harmony	per_subclass	VLMC & Perivascular
H20.33.014	1	0.858489575613189	pca_harmony	per_subclass	VLMC & Perivascular
H20.33.015	1	0.5987084276860257	pca_harmony	per_subclass	VLMC & Perivascular
H20.33.016	1	0.932235219390806	pca_harmony	per_subclass	VLMC & Perivascular
H20.33.017	1	0.8904558321084082	pca_harmony	per_subclass	VLMC & Perivascular
H20.33.018	1	0.9344552547877119	pca_harmony	per_subclass	VLMC & Perivascular
H20.33.019	1	0.8261699111347994	pca_harmony	per_subclass	VLMC & Perivascular
H20.33.020	1	0.8148924089383065	pca_harmony	per_subclass	VLMC & Perivascular
H20.33.024	1	0.18592917132924164	pca_harmony	per_subclass	VLMC & Perivascular
H20.33.025	1	0.5182278981877626	pca_harmony	per_subclass	VLMC & Perivascular
H20.33.026	1	0.8229843943382441	pca_harmony	per_subclass	VLMC & Perivascular
H20.33.027	1	0.9346354702224264	pca_harmony	per_subclass	VLMC & Perivascular
H20.33.028	1	0.563293682239791	pca_harmony	per_subclass	VLMC & Perivascular
H20.33.029	1	0.8341613355736597	pca_harmony	per_subclass	VLMC & Perivascular
H20.33.030	1	0.9051919181084029	pca_harmony	per_subclass	VLMC & Perivascular
H20.33.031	1	0.0856825743161375	pca_harmony	per_subclass	VLMC & Perivascular
H20.33.032	1	0.7933056013824258	pca_harmony	per_subclass	VLMC & Perivascular
H20.33.033	1	0.5925681994729628	pca_harmony	per_subclass	VLMC & Perivascular
H20.33.034	1	0.9474531213450945	pca_harmony	per_subclass	VLMC & Perivascular
H20.33.035	0	0.8316245420609569	pca_harmony	per_subclass	VLMC & Perivascular
H20.33.036	1	0.8932934882403231	pca_harmony	per_subclass	VLMC & Perivascular
H20.33.037	1	0.9334656262918368	pca_harmony	per_subclass	VLMC & Perivascular
H20.33.038	1	0.8111090099783329	pca_harmony	per_subclass	VLMC & Perivascular
H20.33.039	1	0.8567455678368401	pca_harmony	per_subclass	VLMC & Perivascular
H20.33.040	1	0.8569157272225105	pca_harmony	per_subclass	VLMC & Perivascular
H20.33.041	1	0.977313044256183	pca_harmony	per_subclass	VLMC & Perivascular
H20.33.043	1	0.3484448201137505	pca_harmony	per_subclass	VLMC & Perivascular
H20.33.044	0	0.584354772523936	pca_harmony	per_subclass	VLMC & Perivascular
H20.33.045	1	0.9453678843268463	pca_harmony	per_subclass	VLMC & Perivascular
H20.33.046	1	0.9051991333061998	pca_harmony	per_subclass	VLMC & Perivascular
H21.33.001	0	0.48561759430874274	pca_harmony	per_subclass	VLMC & Perivascular
H21.33.002	1	0.8601296614330292	pca_harmony	per_subclass	VLMC & Perivascular
H21.33.003	0	0.7488745828272096	pca_harmony	per_subclass	VLMC & Perivascular
H21.33.004	0	0.3553085934950658	pca_harmony	per_subclass	VLMC & Perivascular
H21.33.005	1	0.9150926232932328	pca_harmony	per_subclass	VLMC & Perivascular
H21.33.006	1	0.3884065121580075	pca_harmony	per_subclass	VLMC & Perivascular
H21.33.007	1	0.8195744624112313	pca_harmony	per_subclass	VLMC & Perivascular
H21.33.008	1	0.9627358941927217	pca_harmony	per_subclass	VLMC & Perivascular
H21.33.009	1	0.5436627518770482	pca_harmony	per_subclass	VLMC & Perivascular
H21.33.010	1	0.7293996853997665	pca_harmony	per_subclass	VLMC & Perivascular
H21.33.011	0	0.19612492160111078	pca_harmony	per_subclass	VLMC & Perivascular
H21.33.012	1	0.9133414037270604	pca_harmony	per_subclass	VLMC & Perivascular
H21.33.013	1	0.658657784759475	pca_harmony	per_subclass	VLMC & Perivascular
H21.33.014	1	0.08396594347215067	pca_harmony	per_subclass	VLMC & Perivascular
H21.33.015	0	0.5534739562592831	pca_harmony	per_subclass	VLMC & Perivascular
H21.33.016	0	0.2696372613671415	pca_harmony	per_subclass	VLMC & Perivascular
H21.33.017	1	0.4333381101675304	pca_harmony	per_subclass	VLMC & Perivascular
H21.33.018	0	0.7020979727873409	pca_harmony	per_subclass	VLMC & Perivascular
H21.33.019	0	0.7800387483667581	pca_harmony	per_subclass	VLMC & Perivascular
H21.33.020	1	0.8487341355119286	pca_harmony	per_subclass	VLMC & Perivascular
H21.33.021	1	0.7571055186421172	pca_harmony	per_subclass	VLMC & Perivascular
H21.33.022	1	0.8900834270790196	pca_harmony	per_subclass	VLMC & Perivascular
H21.33.023	0	0.7314731014760208	pca_harmony	per_subclass	VLMC & Perivascular
H21.33.025	1	0.8312069734431417	pca_harmony	per_subclass	VLMC & Perivascular
H21.33.026	1	0.6713828245823741	pca_harmony	per_subclass	VLMC & Perivascular
H21.33.027	1	0.7907862309036575	pca_harmony	per_subclass	VLMC & Perivascular
H21.33.028	0	0.7885586955638139	pca_harmony	per_subclass	VLMC & Perivascular
H21.33.029	1	0.9764767481666133	pca_harmony	per_subclass	VLMC & Perivascular
H21.33.030	1	0.780976342036755	pca_harmony	per_subclass	VLMC & Perivascular
H21.33.031	1	0.9177234133411132	pca_harmony	per_subclass	VLMC & Perivascular
H21.33.032	0	0.679857689741222	pca_harmony	per_subclass	VLMC & Perivascular
H21.33.033	1	0.9500386974293425	pca_harmony	per_subclass	VLMC & Perivascular
H21.33.034	1	0.9471337723904473	pca_harmony	per_subclass	VLMC & Perivascular
H21.33.035	1	0.856251724014833	pca_harmony	per_subclass	VLMC & Perivascular
H21.33.036	1	0.384458211889265	pca_harmony	per_subclass	VLMC & Perivascular
H21.33.037	0	0.8267622440024904	pca_harmony	per_subclass	VLMC & Perivascular
H21.33.038	0	0.7700698173708413	pca_harmony	per_subclass	VLMC & Perivascular
H21.33.039	1	0.9057689787909506	pca_harmony	per_subclass	VLMC & Perivascular
H21.33.040	1	0.7756481559454997	pca_harmony	per_subclass	VLMC & Perivascular
H21.33.041	0	0.818720247122808	pca_harmony	per_subclass	VLMC & Perivascular
H21.33.042	1	0.8887830120359089	pca_harmony	per_subclass	VLMC & Perivascular
H21.33.043	0	0.7352143644628946	pca_harmony	per_subclass	VLMC & Perivascular
H21.33.044	1	0.7557359625079614	pca_harmony	per_subclass	VLMC & Perivascular
H21.33.045	1	0.9086223950491312	pca_harmony	per_subclass	VLMC & Perivascular
H21.33.046	1	0.9304040486706914	pca_harmony	per_subclass	VLMC & Perivascular
H21.33.047	1	0.9179062286655348	pca_harmony	per_subclass	VLMC & Perivascular
H19.33.004	0	0.9764111875082652	pca_harmony	per_subclass	Vip
H20.33.001	0	0.8135916973141507	pca_harmony	per_subclass	Vip
H20.33.002	0	0.7462661779576535	pca_harmony	per_subclass	Vip
H20.33.004	1	0.6060048786584459	pca_harmony	per_subclass	Vip
H20.33.005	1	0.9540811190552881	pca_harmony	per_subclass	Vip
H20.33.008	1	0.527121005038602	pca_harmony	per_subclass	Vip
H20.33.011	1	0.6572832159985905	pca_harmony	per_subclass	Vip
H20.33.012	0	0.8412246765354563	pca_harmony	per_subclass	Vip
H20.33.013	1	0.4491068345749338	pca_harmony	per_subclass	Vip
H20.33.014	1	0.6611966855893402	pca_harmony	per_subclass	Vip
H20.33.015	1	0.8921083371630903	pca_harmony	per_subclass	Vip
H20.33.016	1	0.8760396582736127	pca_harmony	per_subclass	Vip
H20.33.017	1	0.8997349748075509	pca_harmony	per_subclass	Vip
H20.33.018	1	0.9031831744527985	pca_harmony	per_subclass	Vip
H20.33.019	1	0.7787696318060149	pca_harmony	per_subclass	Vip
H20.33.020	1	0.9830732691241796	pca_harmony	per_subclass	Vip
H20.33.024	1	0.3513395826364982	pca_harmony	per_subclass	Vip
H20.33.025	1	0.7714475021956498	pca_harmony	per_subclass	Vip
H20.33.026	1	0.7542817790555286	pca_harmony	per_subclass	Vip
H20.33.027	1	0.3741479137094812	pca_harmony	per_subclass	Vip
H20.33.028	1	0.9473945813116007	pca_harmony	per_subclass	Vip
H20.33.029	1	0.6155585133372015	pca_harmony	per_subclass	Vip
H20.33.030	1	0.6844035655277054	pca_harmony	per_subclass	Vip
H20.33.031	1	0.4870881317165681	pca_harmony	per_subclass	Vip
H20.33.032	1	0.5151733728345547	pca_harmony	per_subclass	Vip
H20.33.033	1	0.974822028714339	pca_harmony	per_subclass	Vip
H20.33.034	1	0.8849681853266451	pca_harmony	per_subclass	Vip
H20.33.035	0	0.888582373378769	pca_harmony	per_subclass	Vip
H20.33.036	1	0.9015760978639239	pca_harmony	per_subclass	Vip
H20.33.037	1	0.8351841031762655	pca_harmony	per_subclass	Vip
H20.33.038	1	0.8966645703135333	pca_harmony	per_subclass	Vip
H20.33.039	1	0.5656039210231425	pca_harmony	per_subclass	Vip
H20.33.040	1	0.83104001439964	pca_harmony	per_subclass	Vip
H20.33.041	1	0.8774217085930429	pca_harmony	per_subclass	Vip
H20.33.043	1	0.5558158979682007	pca_harmony	per_subclass	Vip
H20.33.044	0	0.7669424507947481	pca_harmony	per_subclass	Vip
H20.33.045	1	0.917693075959976	pca_harmony	per_subclass	Vip
H20.33.046	1	0.7625868496599866	pca_harmony	per_subclass	Vip
H21.33.001	0	0.9251347243460819	pca_harmony	per_subclass	Vip
H21.33.002	1	0.747036875034709	pca_harmony	per_subclass	Vip
H21.33.003	0	0.7607054237019347	pca_harmony	per_subclass	Vip
H21.33.004	0	0.4655987271106262	pca_harmony	per_subclass	Vip
H21.33.005	1	0.8371347194647043	pca_harmony	per_subclass	Vip
H21.33.006	1	0.5894409227555616	pca_harmony	per_subclass	Vip
H21.33.007	1	0.8229000243549128	pca_harmony	per_subclass	Vip
H21.33.008	1	0.8117044837338441	pca_harmony	per_subclass	Vip
H21.33.009	1	0.9772776781269942	pca_harmony	per_subclass	Vip
H21.33.010	1	0.900871527570278	pca_harmony	per_subclass	Vip
H21.33.011	0	0.40952140366450207	pca_harmony	per_subclass	Vip
H21.33.012	1	0.6275849251050063	pca_harmony	per_subclass	Vip
H21.33.013	1	0.9321444825938091	pca_harmony	per_subclass	Vip
H21.33.014	1	0.6132680809583773	pca_harmony	per_subclass	Vip
H21.33.015	0	0.3186998927450408	pca_harmony	per_subclass	Vip
H21.33.016	0	0.8315206826214576	pca_harmony	per_subclass	Vip
H21.33.017	1	0.9823690545582113	pca_harmony	per_subclass	Vip
H21.33.018	0	0.8441778603803771	pca_harmony	per_subclass	Vip
H21.33.019	0	0.9199916407261259	pca_harmony	per_subclass	Vip
H21.33.020	1	0.9609140493930101	pca_harmony	per_subclass	Vip
H21.33.021	1	0.8651842846503023	pca_harmony	per_subclass	Vip
H21.33.022	1	0.8357070487530164	pca_harmony	per_subclass	Vip
H21.33.023	0	0.8614973984162649	pca_harmony	per_subclass	Vip
H21.33.025	1	0.9288848717853053	pca_harmony	per_subclass	Vip
H21.33.026	1	0.9068837582840183	pca_harmony	per_subclass	Vip
H21.33.027	1	0.9029166182567702	pca_harmony	per_subclass	Vip
H21.33.028	0	0.6748343664447516	pca_harmony	per_subclass	Vip
H21.33.029	1	0.8490991659226486	pca_harmony	per_subclass	Vip
H21.33.030	1	0.49413018060917313	pca_harmony	per_subclass	Vip
H21.33.031	1	0.819673810948083	pca_harmony	per_subclass	Vip
H21.33.032	0	0.39024334983302145	pca_harmony	per_subclass	Vip
H21.33.033	1	0.9116376003236905	pca_harmony	per_subclass	Vip
H21.33.034	1	0.9291003228094187	pca_harmony	per_subclass	Vip
H21.33.035	1	0.9061527429906311	pca_harmony	per_subclass	Vip
H21.33.036	1	0.488748699318921	pca_harmony	per_subclass	Vip
H21.33.037	0	0.4482112359946885	pca_harmony	per_subclass	Vip
H21.33.038	0	0.9002219759782619	pca_harmony	per_subclass	Vip
H21.33.039	1	0.7772834671093272	pca_harmony	per_subclass	Vip
H21.33.040	1	0.9533049662771489	pca_harmony	per_subclass	Vip
H21.33.041	0	0.5786719856023224	pca_harmony	per_subclass	Vip
H21.33.042	1	0.8919468984821505	pca_harmony	per_subclass	Vip
H21.33.043	0	0.823581971850138	pca_harmony	per_subclass	Vip
H21.33.044	1	0.9397987460767491	pca_harmony	per_subclass	Vip
H21.33.045	1	0.8555163416639452	pca_harmony	per_subclass	Vip
H21.33.046	1	0.8187034371919643	pca_harmony	per_subclass	Vip
H21.33.047	1	0.4386075518655089	pca_harmony	per_subclass	Vip
H19.33.004	0	0.9825344270783127	pca_harmony	combined	9 subclasses
H20.33.001	0	0.4477657815645079	pca_harmony	combined	9 subclasses
H20.33.002	0	0.7967984200186202	pca_harmony	combined	9 subclasses
H20.33.004	1	0.6319130732804878	pca_harmony	combined	9 subclasses
H20.33.005	1	0.7961477397889676	pca_harmony	combined	9 subclasses
H20.33.008	1	0.5720316450737102	pca_harmony	combined	9 subclasses
H20.33.011	1	0.718066734849096	pca_harmony	combined	9 subclasses
H20.33.012	0	0.9291339808842316	pca_harmony	combined	9 subclasses
H20.33.013	1	0.7299241754946246	pca_harmony	combined	9 subclasses
H20.33.014	1	0.6400934841196075	pca_harmony	combined	9 subclasses
H20.33.015	1	0.7526449222486066	pca_harmony	combined	9 subclasses
H20.33.016	1	0.8429215075658011	pca_harmony	combined	9 subclasses
H20.33.017	1	0.8876752168718351	pca_harmony	combined	9 subclasses
H20.33.018	1	0.9784153238856591	pca_harmony	combined	9 subclasses
H20.33.019	1	0.897234741359758	pca_harmony	combined	9 subclasses
H20.33.020	1	0.9536072204207103	pca_harmony	combined	9 subclasses
H20.33.024	1	0.1513873640641727	pca_harmony	combined	9 subclasses
H20.33.025	1	0.48267171346874643	pca_harmony	combined	9 subclasses
H20.33.026	1	0.8929902502492613	pca_harmony	combined	9 subclasses
H20.33.027	1	0.8539591335974854	pca_harmony	combined	9 subclasses
H20.33.028	1	0.9382988978670159	pca_harmony	combined	9 subclasses
H20.33.029	1	0.6995390590704729	pca_harmony	combined	9 subclasses
H20.33.030	1	0.6812052562556087	pca_harmony	combined	9 subclasses
H20.33.031	1	0.13924815886220757	pca_harmony	combined	9 subclasses
H20.33.032	1	0.6242797402819804	pca_harmony	combined	9 subclasses
H20.33.033	1	0.9648264179297066	pca_harmony	combined	9 subclasses
H20.33.034	1	0.948231993306089	pca_harmony	combined	9 subclasses
H20.33.035	0	0.8976045559275828	pca_harmony	combined	9 subclasses
H20.33.036	1	0.9717472200768439	pca_harmony	combined	9 subclasses
H20.33.037	1	0.9711997947890639	pca_harmony	combined	9 subclasses
H20.33.038	1	0.8587250252623656	pca_harmony	combined	9 subclasses
H20.33.039	1	0.6487739819555387	pca_harmony	combined	9 subclasses
H20.33.040	1	0.9484831771136376	pca_harmony	combined	9 subclasses
H20.33.041	1	0.9720987712327955	pca_harmony	combined	9 subclasses
H20.33.043	1	0.26301327650903306	pca_harmony	combined	9 subclasses
H20.33.044	0	0.7993389857188293	pca_harmony	combined	9 subclasses
H20.33.045	1	0.992463476197746	pca_harmony	combined	9 subclasses
H20.33.046	1	0.9558654553193418	pca_harmony	combined	9 subclasses
H21.33.001	0	0.7926597706624191	pca_harmony	combined	9 subclasses
H21.33.002	1	0.8436104439509753	pca_harmony	combined	9 subclasses
H21.33.003	0	0.6726702812514562	pca_harmony	combined	9 subclasses
H21.33.004	0	0.7161203539221245	pca_harmony	combined	9 subclasses
H21.33.005	1	0.9279051577765692	pca_harmony	combined	9 subclasses
H21.33.006	1	0.4004290601468897	pca_harmony	combined	9 subclasses
H21.33.007	1	0.8488361192948556	pca_harmony	combined	9 subclasses
H21.33.008	1	0.9127620116262755	pca_harmony	combined	9 subclasses
H21.33.009	1	0.924327202651724	pca_harmony	combined	9 subclasses
H21.33.010	1	0.817877191465995	pca_harmony	combined	9 subclasses
H21.33.011	0	0.6755152861440074	pca_harmony	combined	9 subclasses
H21.33.012	1	0.7140975232334247	pca_harmony	combined	9 subclasses
H21.33.013	1	0.9129023341152547	pca_harmony	combined	9 subclasses
H21.33.014	1	0.695568806242588	pca_harmony	combined	9 subclasses
H21.33.015	0	0.6430941531449801	pca_harmony	combined	9 subclasses
H21.33.016	0	0.39854509497945695	pca_harmony	combined	9 subclasses
H21.33.017	1	0.6596590583059527	pca_harmony	combined	9 subclasses
H21.33.018	0	0.8508255865255796	pca_harmony	combined	9 subclasses
H21.33.019	0	0.6957481860912924	pca_harmony	combined	9 subclasses
H21.33.020	1	0.9970706539066512	pca_harmony	combined	9 subclasses
H21.33.021	1	0.9533699237873187	pca_harmony	combined	9 subclasses
H21.33.022	1	0.6263700292802856	pca_harmony	combined	9 subclasses
H21.33.023	0	0.7518426948590011	pca_harmony	combined	9 subclasses
H21.33.025	1	0.78755276107888	pca_harmony	combined	9 subclasses
H21.33.026	1	0.717448238414893	pca_harmony	combined	9 subclasses
H21.33.027	1	0.8400281319404236	pca_harmony	combined	9 subclasses
H21.33.028	0	0.6311396829840453	pca_harmony	combined	9 subclasses
H21.33.029	1	0.8226627159867093	pca_harmony	combined	9 subclasses
H21.33.030	1	0.8617053606243548	pca_harmony	combined	9 subclasses
H21.33.031	1	0.764338963053229	pca_harmony	combined	9 subclasses
H21.33.032	0	0.49079300370869083	pca_harmony	combined	9 subclasses
H21.33.033	1	0.969197233113522	pca_harmony	combined	9 subclasses
H21.33.034	1	0.9227572167137538	pca_harmony	combined	9 subclasses
H21.33.035	1	0.9480254474732108	pca_harmony	combined	9 subclasses
H21.33.036	1	0.511015285615569	pca_harmony	combined	9 subclasses
H21.33.037	0	0.4555253880465018	pca_harmony	combined	9 subclasses
H21.33.038	0	0.8774891065844799	pca_harmony	combined	9 subclasses
H21.33.039	1	0.7446799225168363	pca_harmony	combined	9 subclasses
H21.33.040	1	0.9039145243637527	pca_harmony	combined	9 subclasses
H21.33.041	0	0.8610551466516352	pca_harmony	combined	9 subclasses
H21.33.042	1	0.37268403690564555	pca_harmony	combined	9 subclasses
H21.33.043	0	0.6641674115098863	pca_harmony	combined	9 subclasses
H21.33.044	1	0.79807189533149	pca_harmony	combined	9 subclasses
H21.33.045	1	0.9851624218900085	pca_harmony	combined	9 subclasses
H21.33.046	1	0.9786003638702466	pca_harmony	combined	9 subclasses
H21.33.047	1	0.9658425302540493	pca_harmony	combined	9 subclasses
H19.33.004	0	0.9775262469767952	pca_harmony	combined+cov	9 subclasses
H20.33.001	0	0.4060633532236363	pca_harmony	combined+cov	9 subclasses
H20.33.002	0	0.7960232518767868	pca_harmony	combined+cov	9 subclasses
H20.33.004	1	0.7010064440746974	pca_harmony	combined+cov	9 subclasses
H20.33.005	1	0.7793656546829377	pca_harmony	combined+cov	9 subclasses
H20.33.008	1	0.7596659052537031	pca_harmony	combined+cov	9 subclasses
H20.33.011	1	0.7956479756182179	pca_harmony	combined+cov	9 subclasses
H20.33.012	0	0.9169723585900662	pca_harmony	combined+cov	9 subclasses
H20.33.013	1	0.7542553990986023	pca_harmony	combined+cov	9 subclasses
H20.33.014	1	0.6031882896395957	pca_harmony	combined+cov	9 subclasses
H20.33.015	1	0.7130536632081347	pca_harmony	combined+cov	9 subclasses
H20.33.016	1	0.8329117580274827	pca_harmony	combined+cov	9 subclasses
H20.33.017	1	0.8816274778620039	pca_harmony	combined+cov	9 subclasses
H20.33.018	1	0.9837689570503168	pca_harmony	combined+cov	9 subclasses
H20.33.019	1	0.9455862397927355	pca_harmony	combined+cov	9 subclasses
H20.33.020	1	0.9802842509495979	pca_harmony	combined+cov	9 subclasses
H20.33.024	1	0.10956429738005642	pca_harmony	combined+cov	9 subclasses
H20.33.025	1	0.4908363380829329	pca_harmony	combined+cov	9 subclasses
H20.33.026	1	0.9547964232452129	pca_harmony	combined+cov	9 subclasses
H20.33.027	1	0.8389809275946295	pca_harmony	combined+cov	9 subclasses
H20.33.028	1	0.933255927229441	pca_harmony	combined+cov	9 subclasses
H20.33.029	1	0.654077279653651	pca_harmony	combined+cov	9 subclasses
H20.33.030	1	0.7652554738415759	pca_harmony	combined+cov	9 subclasses
H20.33.031	1	0.1179088001289742	pca_harmony	combined+cov	9 subclasses
H20.33.032	1	0.5297472688801264	pca_harmony	combined+cov	9 subclasses
H20.33.033	1	0.9476339438805391	pca_harmony	combined+cov	9 subclasses
H20.33.034	1	0.9227833853967351	pca_harmony	combined+cov	9 subclasses
H20.33.035	0	0.8978187217876027	pca_harmony	combined+cov	9 subclasses
H20.33.036	1	0.9589618792260095	pca_harmony	combined+cov	9 subclasses
H20.33.037	1	0.9488768677379789	pca_harmony	combined+cov	9 subclasses
H20.33.038	1	0.9040107289146955	pca_harmony	combined+cov	9 subclasses
H20.33.039	1	0.6440799724386748	pca_harmony	combined+cov	9 subclasses
H20.33.040	1	0.9298238456053953	pca_harmony	combined+cov	9 subclasses
H20.33.041	1	0.9548633336755887	pca_harmony	combined+cov	9 subclasses
H20.33.043	1	0.5362037812509952	pca_harmony	combined+cov	9 subclasses
H20.33.044	0	0.7710350618536189	pca_harmony	combined+cov	9 subclasses
H20.33.045	1	0.9970261484670827	pca_harmony	combined+cov	9 subclasses
H20.33.046	1	0.9402481011793282	pca_harmony	combined+cov	9 subclasses
H21.33.001	0	0.803217798940801	pca_harmony	combined+cov	9 subclasses
H21.33.002	1	0.873149222878132	pca_harmony	combined+cov	9 subclasses
H21.33.003	0	0.594120917357632	pca_harmony	combined+cov	9 subclasses
H21.33.004	0	0.6696411487615465	pca_harmony	combined+cov	9 subclasses
H21.33.005	1	0.8935508163532463	pca_harmony	combined+cov	9 subclasses
H21.33.006	1	0.5047089096680408	pca_harmony	combined+cov	9 subclasses
H21.33.007	1	0.8084022213696134	pca_harmony	combined+cov	9 subclasses
H21.33.008	1	0.9006823596723292	pca_harmony	combined+cov	9 subclasses
H21.33.009	1	0.9691209257527269	pca_harmony	combined+cov	9 subclasses
H21.33.010	1	0.7870930160086678	pca_harmony	combined+cov	9 subclasses
H21.33.011	0	0.605413238862744	pca_harmony	combined+cov	9 subclasses
H21.33.012	1	0.7791867420502696	pca_harmony	combined+cov	9 subclasses
H21.33.013	1	0.9446603368099836	pca_harmony	combined+cov	9 subclasses
H21.33.014	1	0.5682673058422845	pca_harmony	combined+cov	9 subclasses
H21.33.015	0	0.5936158578896549	pca_harmony	combined+cov	9 subclasses
H21.33.016	0	0.3660702213992983	pca_harmony	combined+cov	9 subclasses
H21.33.017	1	0.6580790984191659	pca_harmony	combined+cov	9 subclasses
H21.33.018	0	0.7946193954275653	pca_harmony	combined+cov	9 subclasses
H21.33.019	0	0.6600344363479992	pca_harmony	combined+cov	9 subclasses
H21.33.020	1	0.9929375568643856	pca_harmony	combined+cov	9 subclasses
H21.33.021	1	0.9242206969700781	pca_harmony	combined+cov	9 subclasses
H21.33.022	1	0.6256679397486196	pca_harmony	combined+cov	9 subclasses
H21.33.023	0	0.7181323445567114	pca_harmony	combined+cov	9 subclasses
H21.33.025	1	0.7234091385130302	pca_harmony	combined+cov	9 subclasses
H21.33.026	1	0.8136980287509312	pca_harmony	combined+cov	9 subclasses
H21.33.027	1	0.8866622475686343	pca_harmony	combined+cov	9 subclasses
H21.33.028	0	0.5665272264981688	pca_harmony	combined+cov	9 subclasses
H21.33.029	1	0.8611051643139739	pca_harmony	combined+cov	9 subclasses
H21.33.030	1	0.9030035351190178	pca_harmony	combined+cov	9 subclasses
H21.33.031	1	0.8349171729998771	pca_harmony	combined+cov	9 subclasses
H21.33.032	0	0.46442909167565877	pca_harmony	combined+cov	9 subclasses
H21.33.033	1	0.9725030068607001	pca_harmony	combined+cov	9 subclasses
H21.33.034	1	0.9508186992226827	pca_harmony	combined+cov	9 subclasses
H21.33.035	1	0.9377594608335048	pca_harmony	combined+cov	9 subclasses
H21.33.036	1	0.47608925557274706	pca_harmony	combined+cov	9 subclasses
H21.33.037	0	0.4256506972730977	pca_harmony	combined+cov	9 subclasses
H21.33.038	0	0.8231309504822726	pca_harmony	combined+cov	9 subclasses
H21.33.039	1	0.7230129470463009	pca_harmony	combined+cov	9 subclasses
H21.33.040	1	0.9452015670707871	pca_harmony	combined+cov	9 subclasses
H21.33.041	0	0.8318460621008908	pca_harmony	combined+cov	9 subclasses
H21.33.042	1	0.6453609916839287	pca_harmony	combined+cov	9 subclasses
H21.33.043	0	0.6709310465219553	pca_harmony	combined+cov	9 subclasses
H21.33.044	1	0.7736338201785254	pca_harmony	combined+cov	9 subclasses
H21.33.045	1	0.9888410989466918	pca_harmony	combined+cov	9 subclasses
H21.33.046	1	0.9709854907036617	pca_harmony	combined+cov	9 subclasses
H21.33.047	1	0.9574846532370932	pca_harmony	combined+cov	9 subclasses
H19.33.004	0	0.9527103205459853	randproj	per_subclass	Astrocyte
H20.33.001	0	0.6985793143862772	randproj	per_subclass	Astrocyte
H20.33.002	0	0.6205854602603907	randproj	per_subclass	Astrocyte
H20.33.004	1	0.44252999490042716	randproj	per_subclass	Astrocyte
H20.33.005	1	0.8713767500812158	randproj	per_subclass	Astrocyte
H20.33.008	1	0.7375298804531988	randproj	per_subclass	Astrocyte
H20.33.011	1	0.6579356369426096	randproj	per_subclass	Astrocyte
H20.33.012	0	0.7539606699378975	randproj	per_subclass	Astrocyte
H20.33.013	1	0.7813171134731962	randproj	per_subclass	Astrocyte
H20.33.014	1	0.5282659211277908	randproj	per_subclass	Astrocyte
H20.33.015	1	0.813742014691122	randproj	per_subclass	Astrocyte
H20.33.016	1	0.5264798072469088	randproj	per_subclass	Astrocyte
H20.33.017	1	0.9387070867794522	randproj	per_subclass	Astrocyte
H20.33.018	1	0.944163257612358	randproj	per_subclass	Astrocyte
H20.33.019	1	0.7233110917889702	randproj	per_subclass	Astrocyte
H20.33.020	1	0.8941520354610724	randproj	per_subclass	Astrocyte
H20.33.024	1	0.8851296122563415	randproj	per_subclass	Astrocyte
H20.33.025	1	0.9276754061776422	randproj	per_subclass	Astrocyte
H20.33.026	1	0.7367498053083043	randproj	per_subclass	Astrocyte
H20.33.027	1	0.7267816728707934	randproj	per_subclass	Astrocyte
H20.33.028	1	0.8696410324389989	randproj	per_subclass	Astrocyte
H20.33.029	1	0.6467570896728426	randproj	per_subclass	Astrocyte
H20.33.030	1	0.7360522619762393	randproj	per_subclass	Astrocyte
H20.33.031	1	0.6691019908776379	randproj	per_subclass	Astrocyte
H20.33.032	1	0.5049626367371722	randproj	per_subclass	Astrocyte
H20.33.033	1	0.9496627673714126	randproj	per_subclass	Astrocyte
H20.33.034	1	0.6833344134410662	randproj	per_subclass	Astrocyte
H20.33.035	0	0.9286249574044179	randproj	per_subclass	Astrocyte
H20.33.036	1	0.8408116196629762	randproj	per_subclass	Astrocyte
H20.33.037	1	0.9437549776055512	randproj	per_subclass	Astrocyte
H20.33.038	1	0.9107930411785897	randproj	per_subclass	Astrocyte
H20.33.039	1	0.48089074185772784	randproj	per_subclass	Astrocyte
H20.33.040	1	0.7911786242335779	randproj	per_subclass	Astrocyte
H20.33.041	1	0.7052035560941224	randproj	per_subclass	Astrocyte
H20.33.043	1	0.850573825823915	randproj	per_subclass	Astrocyte
H20.33.044	0	0.597846569957302	randproj	per_subclass	Astrocyte
H20.33.045	1	0.8855332717521724	randproj	per_subclass	Astrocyte
H20.33.046	1	0.9227340670969214	randproj	per_subclass	Astrocyte
H21.33.001	0	0.8679601486505891	randproj	per_subclass	Astrocyte
H21.33.002	1	0.9707331423929441	randproj	per_subclass	Astrocyte
H21.33.003	0	0.8498613650648557	randproj	per_subclass	Astrocyte
H21.33.004	0	0.7927423170747425	randproj	per_subclass	Astrocyte
H21.33.005	1	0.868135247462407	randproj	per_subclass	Astrocyte
H21.33.006	1	0.537766066830297	randproj	per_subclass	Astrocyte
H21.33.007	1	0.9301025504156865	randproj	per_subclass	Astrocyte
H21.33.008	1	0.7301018128450563	randproj	per_subclass	Astrocyte
H21.33.009	1	0.9148634133575604	randproj	per_subclass	Astrocyte
H21.33.010	1	0.8527737388125842	randproj	per_subclass	Astrocyte
H21.33.011	0	0.508509321889232	randproj	per_subclass	Astrocyte
H21.33.012	1	0.5115114079458356	randproj	per_subclass	Astrocyte
H21.33.013	1	0.8843063050385938	randproj	per_subclass	Astrocyte
H21.33.014	1	0.7049157487752022	randproj	per_subclass	Astrocyte
H21.33.015	0	0.6951345535681933	randproj	per_subclass	Astrocyte
H21.33.016	0	0.7380984957294405	randproj	per_subclass	Astrocyte
H21.33.017	1	0.7461669609928374	randproj	per_subclass	Astrocyte
H21.33.018	0	0.7065799017027083	randproj	per_subclass	Astrocyte
H21.33.019	0	0.6604740719304015	randproj	per_subclass	Astrocyte
H21.33.020	1	0.9230878802511435	randproj	per_subclass	Astrocyte
H21.33.021	1	0.9099854656845764	randproj	per_subclass	Astrocyte
H21.33.022	1	0.7737391752854167	randproj	per_subclass	Astrocyte
H21.33.023	0	0.708223703490457	randproj	per_subclass	Astrocyte
H21.33.025	1	0.43503251625790973	randproj	per_subclass	Astrocyte
H21.33.026	1	0.796503620235491	randproj	per_subclass	Astrocyte
H21.33.027	1	0.7078849471265116	randproj	per_subclass	Astrocyte
H21.33.028	0	0.7207485999928115	randproj	per_subclass	Astrocyte
H21.33.029	1	0.7636716734154547	randproj	per_subclass	Astrocyte
H21.33.030	1	0.7199256322986202	randproj	per_subclass	Astrocyte
H21.33.031	1	0.6781377715706014	randproj	per_subclass	Astrocyte
H21.33.032	0	0.7331999665802437	randproj	per_subclass	Astrocyte
H21.33.033	1	0.6540035646369533	randproj	per_subclass	Astrocyte
H21.33.034	1	0.9768008340687928	randproj	per_subclass	Astrocyte
H21.33.035	1	0.54046288796829	randproj	per_subclass	Astrocyte
H21.33.036	1	0.7146864615250494	randproj	per_subclass	Astrocyte
H21.33.037	0	0.773098009629598	randproj	per_subclass	Astrocyte
H21.33.038	0	0.7672498713076905	randproj	per_subclass	Astrocyte
H21.33.039	1	0.8499093779960134	randproj	per_subclass	Astrocyte
H21.33.040	1	0.6700574011006663	randproj	per_subclass	Astrocyte
H21.33.041	0	0.7969692166373543	randproj	per_subclass	Astrocyte
H21.33.042	1	0.5166823800744548	randproj	per_subclass	Astrocyte
H21.33.043	0	0.7666223450584824	randproj	per_subclass	Astrocyte
H21.33.044	1	0.8035067000843371	randproj	per_subclass	Astrocyte
H21.33.045	1	0.9878930449691049	randproj	per_subclass	Astrocyte
H21.33.046	1	0.8165700475964524	randproj	per_subclass	Astrocyte
H21.33.047	1	0.8317824791260163	randproj	per_subclass	Astrocyte
H19.33.004	0	0.9431265018655182	randproj	per_subclass	Chandelier
H20.33.001	0	0.9388905946872035	randproj	per_subclass	Chandelier
H20.33.002	0	0.38552351182394384	randproj	per_subclass	Chandelier
H20.33.004	1	0.6902041772358252	randproj	per_subclass	Chandelier
H20.33.005	1	0.874646245649583	randproj	per_subclass	Chandelier
H20.33.008	1	0.7490379900846615	randproj	per_subclass	Chandelier
H20.33.011	1	0.7236997503780304	randproj	per_subclass	Chandelier
H20.33.012	0	0.7146330372962055	randproj	per_subclass	Chandelier
H20.33.013	1	0.861416267340212	randproj	per_subclass	Chandelier
H20.33.014	1	0.624806356955382	randproj	per_subclass	Chandelier
H20.33.015	1	0.9876116911780624	randproj	per_subclass	Chandelier
H20.33.016	1	0.8058615072348543	randproj	per_subclass	Chandelier
H20.33.017	1	0.9824926614351248	randproj	per_subclass	Chandelier
H20.33.018	1	0.928514992934331	randproj	per_subclass	Chandelier
H20.33.019	1	0.9375424061755059	randproj	per_subclass	Chandelier
H20.33.020	1	0.9757505492462144	randproj	per_subclass	Chandelier
H20.33.024	1	0.7300105775350543	randproj	per_subclass	Chandelier
H20.33.025	1	0.7796903023176973	randproj	per_subclass	Chandelier
H20.33.026	1	0.9122451374018864	randproj	per_subclass	Chandelier
H20.33.027	1	0.19123947208917913	randproj	per_subclass	Chandelier
H20.33.028	1	0.9703621675169238	randproj	per_subclass	Chandelier
H20.33.029	1	0.9191626776145897	randproj	per_subclass	Chandelier
H20.33.030	1	0.6083459656473194	randproj	per_subclass	Chandelier
H20.33.031	1	0.5450914616078925	randproj	per_subclass	Chandelier
H20.33.032	1	0.6291368066996955	randproj	per_subclass	Chandelier
H20.33.033	1	0.9326720607092917	randproj	per_subclass	Chandelier
H20.33.034	1	0.43358461039169105	randproj	per_subclass	Chandelier
H20.33.035	0	0.7674507627379893	randproj	per_subclass	Chandelier
H20.33.036	1	0.9763099621012563	randproj	per_subclass	Chandelier
H20.33.037	1	0.7058763136439246	randproj	per_subclass	Chandelier
H20.33.039	1	0.7612847124775469	randproj	per_subclass	Chandelier
H20.33.040	1	0.8456321628502996	randproj	per_subclass	Chandelier
H20.33.041	1	0.7533084815624018	randproj	per_subclass	Chandelier
H20.33.043	1	0.386452382160854	randproj	per_subclass	Chandelier
H20.33.044	0	0.8452020329773411	randproj	per_subclass	Chandelier
H20.33.045	1	0.8689325803490086	randproj	per_subclass	Chandelier
H20.33.046	1	0.7693280128872134	randproj	per_subclass	Chandelier
H21.33.001	0	0.9721329666541945	randproj	per_subclass	Chandelier
H21.33.002	1	0.7661092380457761	randproj	per_subclass	Chandelier
H21.33.003	0	0.8390422718585985	randproj	per_subclass	Chandelier
H21.33.004	0	0.6021100710555253	randproj	per_subclass	Chandelier
H21.33.005	1	0.9630883236748211	randproj	per_subclass	Chandelier
H21.33.006	1	0.44561172527576554	randproj	per_subclass	Chandelier
H21.33.007	1	0.6981154980069599	randproj	per_subclass	Chandelier
H21.33.008	1	0.8681883323096178	randproj	per_subclass	Chandelier
H21.33.009	1	0.9443708638852097	randproj	per_subclass	Chandelier
H21.33.010	1	0.9680555029185637	randproj	per_subclass	Chandelier
H21.33.011	0	0.18154184491608397	randproj	per_subclass	Chandelier
H21.33.012	1	0.48036887156229613	randproj	per_subclass	Chandelier
H21.33.013	1	0.9079510519034593	randproj	per_subclass	Chandelier
H21.33.014	1	0.9537073129447036	randproj	per_subclass	Chandelier
H21.33.015	0	0.3232022767045455	randproj	per_subclass	Chandelier
H21.33.016	0	0.5732831380307448	randproj	per_subclass	Chandelier
H21.33.017	1	0.7412659788786058	randproj	per_subclass	Chandelier
H21.33.018	0	0.8212490495345355	randproj	per_subclass	Chandelier
H21.33.019	0	0.48421823431687977	randproj	per_subclass	Chandelier
H21.33.021	1	0.9198017953898399	randproj	per_subclass	Chandelier
H21.33.022	1	0.6162703882858083	randproj	per_subclass	Chandelier
H21.33.023	0	0.6813511022041528	randproj	per_subclass	Chandelier
H21.33.025	1	0.8701961887282563	randproj	per_subclass	Chandelier
H21.33.026	1	0.8757495880227186	randproj	per_subclass	Chandelier
H21.33.027	1	0.8873995743479863	randproj	per_subclass	Chandelier
H21.33.028	0	0.8948272396662953	randproj	per_subclass	Chandelier
H21.33.029	1	0.9135884979490589	randproj	per_subclass	Chandelier
H21.33.030	1	0.6464308265020213	randproj	per_subclass	Chandelier
H21.33.031	1	0.8669015781188285	randproj	per_subclass	Chandelier
H21.33.032	0	0.3540813319990491	randproj	per_subclass	Chandelier
H21.33.033	1	0.8449346043455412	randproj	per_subclass	Chandelier
H21.33.035	1	0.7579473933342532	randproj	per_subclass	Chandelier
H21.33.036	1	0.8146880873512791	randproj	per_subclass	Chandelier
H21.33.037	0	0.4632663521866359	randproj	per_subclass	Chandelier
H21.33.038	0	0.7537248024008372	randproj	per_subclass	Chandelier
H21.33.039	1	0.844671870102865	randproj	per_subclass	Chandelier
H21.33.040	1	0.946114230452106	randproj	per_subclass	Chandelier
H21.33.041	0	0.8434554182199163	randproj	per_subclass	Chandelier
H21.33.042	1	0.7697209862474202	randproj	per_subclass	Chandelier
H21.33.043	0	0.7233439411227357	randproj	per_subclass	Chandelier
H21.33.044	1	0.8039112634309801	randproj	per_subclass	Chandelier
H21.33.045	1	0.9079625167676874	randproj	per_subclass	Chandelier
H21.33.046	1	0.9613302095681655	randproj	per_subclass	Chandelier
H21.33.047	1	0.4559020890614347	randproj	per_subclass	Chandelier
H19.33.004	0	0.755899906958539	randproj	per_subclass	Endothelial
H20.33.001	0	0.41182854835479954	randproj	per_subclass	Endothelial
H20.33.002	0	0.8716604096361588	randproj	per_subclass	Endothelial
H20.33.004	1	0.5629884003220744	randproj	per_subclass	Endothelial
H20.33.005	1	0.7764942677657968	randproj	per_subclass	Endothelial
H20.33.008	1	0.5492523225902283	randproj	per_subclass	Endothelial
H20.33.011	1	0.9011907138391859	randproj	per_subclass	Endothelial
H20.33.012	0	0.7702565647967382	randproj	per_subclass	Endothelial
H20.33.013	1	0.4996849296126532	randproj	per_subclass	Endothelial
H20.33.014	1	0.749350268288321	randproj	per_subclass	Endothelial
H20.33.015	1	0.8074677081373167	randproj	per_subclass	Endothelial
H20.33.016	1	0.5075422323057305	randproj	per_subclass	Endothelial
H20.33.017	1	0.9127913373613274	randproj	per_subclass	Endothelial
H20.33.018	1	0.9151859628724024	randproj	per_subclass	Endothelial
H20.33.019	1	0.8746864687958696	randproj	per_subclass	Endothelial
H20.33.020	1	0.5429499659313974	randproj	per_subclass	Endothelial
H20.33.025	1	0.7301299833026735	randproj	per_subclass	Endothelial
H20.33.027	1	0.9242318041102514	randproj	per_subclass	Endothelial
H20.33.028	1	0.9626678716194021	randproj	per_subclass	Endothelial
H20.33.030	1	0.8342806862324421	randproj	per_subclass	Endothelial
H20.33.032	1	0.5404930630478101	randproj	per_subclass	Endothelial
H20.33.033	1	0.8355087607565685	randproj	per_subclass	Endothelial
H20.33.034	1	0.6579792914400107	randproj	per_subclass	Endothelial
H20.33.035	0	0.8795594156893831	randproj	per_subclass	Endothelial
H20.33.036	1	0.6943041949482994	randproj	per_subclass	Endothelial
H20.33.037	1	0.9051716564775854	randproj	per_subclass	Endothelial
H20.33.038	1	0.9112546789359465	randproj	per_subclass	Endothelial
H20.33.039	1	0.5742724477957264	randproj	per_subclass	Endothelial
H20.33.040	1	0.7551340692156429	randproj	per_subclass	Endothelial
H20.33.041	1	0.8945922411684772	randproj	per_subclass	Endothelial
H20.33.043	1	0.26812638740188055	randproj	per_subclass	Endothelial
H20.33.044	0	0.5636525980278997	randproj	per_subclass	Endothelial
H20.33.045	1	0.938427808123776	randproj	per_subclass	Endothelial
H20.33.046	1	0.8062204544252423	randproj	per_subclass	Endothelial
H21.33.001	0	0.6637829639410153	randproj	per_subclass	Endothelial
H21.33.002	1	0.9123219557661898	randproj	per_subclass	Endothelial
H21.33.003	0	0.9132595776715586	randproj	per_subclass	Endothelial
H21.33.004	0	0.8084774261146629	randproj	per_subclass	Endothelial
H21.33.005	1	0.6761923979508582	randproj	per_subclass	Endothelial
H21.33.007	1	0.877648299798293	randproj	per_subclass	Endothelial
H21.33.009	1	0.8825810943206717	randproj	per_subclass	Endothelial
H21.33.010	1	0.7727689974623128	randproj	per_subclass	Endothelial
H21.33.011	0	0.5270830590562668	randproj	per_subclass	Endothelial
H21.33.012	1	0.4883536876953375	randproj	per_subclass	Endothelial
H21.33.013	1	0.967586957068159	randproj	per_subclass	Endothelial
H21.33.015	0	0.4753580268633882	randproj	per_subclass	Endothelial
H21.33.017	1	0.7510525045376835	randproj	per_subclass	Endothelial
H21.33.018	0	0.8161004501794693	randproj	per_subclass	Endothelial
H21.33.019	0	0.6531993368646892	randproj	per_subclass	Endothelial
H21.33.020	1	0.9311342712870767	randproj	per_subclass	Endothelial
H21.33.021	1	0.8158062441979347	randproj	per_subclass	Endothelial
H21.33.022	1	0.6520605465247448	randproj	per_subclass	Endothelial
H21.33.023	0	0.7931071540083561	randproj	per_subclass	Endothelial
H21.33.025	1	0.7157461829255094	randproj	per_subclass	Endothelial
H21.33.026	1	0.5605656143407401	randproj	per_subclass	Endothelial
H21.33.027	1	0.605645886250859	randproj	per_subclass	Endothelial
H21.33.028	0	0.6021983083176622	randproj	per_subclass	Endothelial
H21.33.029	1	0.6283701161897719	randproj	per_subclass	Endothelial
H21.33.030	1	0.5545931045585263	randproj	per_subclass	Endothelial
H21.33.031	1	0.8177345201121465	randproj	per_subclass	Endothelial
H21.33.032	0	0.6285723723335863	randproj	per_subclass	Endothelial
H21.33.033	1	0.7618367259173245	randproj	per_subclass	Endothelial
H21.33.034	1	0.9380752941937492	randproj	per_subclass	Endothelial
H21.33.035	1	0.6823426891455144	randproj	per_subclass	Endothelial
H21.33.037	0	0.7047065425073422	randproj	per_subclass	Endothelial
H21.33.038	0	0.7127675513564548	randproj	per_subclass	Endothelial
H21.33.040	1	0.859307395650512	randproj	per_subclass	Endothelial
H21.33.041	0	0.6656729952191409	randproj	per_subclass	Endothelial
H21.33.043	0	0.934219221971126	randproj	per_subclass	Endothelial
H21.33.044	1	0.5169206596848536	randproj	per_subclass	Endothelial
H21.33.045	1	0.9047968641121147	randproj	per_subclass	Endothelial
H21.33.046	1	0.8328523867096603	randproj	per_subclass	Endothelial
H21.33.047	1	0.6689673675140331	randproj	per_subclass	Endothelial
H19.33.004	0	0.944836322236787	randproj	per_subclass	Immune
H20.33.001	0	0.7740264403318433	randproj	per_subclass	Immune
H20.33.002	0	0.7457377503788299	randproj	per_subclass	Immune
H20.33.004	1	0.9436369930861531	randproj	per_subclass	Immune
H20.33.005	1	0.7832114570440251	randproj	per_subclass	Immune
H20.33.008	1	0.6962367679817298	randproj	per_subclass	Immune
H20.33.011	1	0.6947432103087297	randproj	per_subclass	Immune
H20.33.012	0	0.9271036909020962	randproj	per_subclass	Immune
H20.33.013	1	0.5336820277514889	randproj	per_subclass	Immune
H20.33.014	1	0.6686409817465111	randproj	per_subclass	Immune
H20.33.015	1	0.9808144721428735	randproj	per_subclass	Immune
H20.33.016	1	0.5880435995945346	randproj	per_subclass	Immune
H20.33.017	1	0.9491516269876801	randproj	per_subclass	Immune
H20.33.018	1	0.9709358675856864	randproj	per_subclass	Immune
H20.33.019	1	0.8342826158351455	randproj	per_subclass	Immune
H20.33.020	1	0.9188034353590762	randproj	per_subclass	Immune
H20.33.024	1	0.48898784164263115	randproj	per_subclass	Immune
H20.33.025	1	0.6432904430693946	randproj	per_subclass	Immune
H20.33.026	1	0.8955866115230539	randproj	per_subclass	Immune
H20.33.027	1	0.6958365836803586	randproj	per_subclass	Immune
H20.33.028	1	0.906121695296586	randproj	per_subclass	Immune
H20.33.029	1	0.5350413637407996	randproj	per_subclass	Immune
H20.33.030	1	0.7057070888873416	randproj	per_subclass	Immune
H20.33.031	1	0.6998165176114269	randproj	per_subclass	Immune
H20.33.032	1	0.49995745282663984	randproj	per_subclass	Immune
H20.33.033	1	0.8747973160292742	randproj	per_subclass	Immune
H20.33.034	1	0.8740226486988565	randproj	per_subclass	Immune
H20.33.035	0	0.8362243742768788	randproj	per_subclass	Immune
H20.33.036	1	0.7417999061987643	randproj	per_subclass	Immune
H20.33.037	1	0.9832716945677978	randproj	per_subclass	Immune
H20.33.038	1	0.8844484334720473	randproj	per_subclass	Immune
H20.33.039	1	0.8126114012101908	randproj	per_subclass	Immune
H20.33.040	1	0.8022825578635837	randproj	per_subclass	Immune
H20.33.041	1	0.593298374962729	randproj	per_subclass	Immune
H20.33.043	1	0.3927758599069636	randproj	per_subclass	Immune
H20.33.044	0	0.37225492307107766	randproj	per_subclass	Immune
H20.33.045	1	0.9677401203615756	randproj	per_subclass	Immune
H20.33.046	1	0.8596205555931056	randproj	per_subclass	Immune
H21.33.001	0	0.9592551231165981	randproj	per_subclass	Immune
H21.33.002	1	0.9309239095705785	randproj	per_subclass	Immune
H21.33.003	0	0.38440620233896067	randproj	per_subclass	Immune
H21.33.004	0	0.6842539262130605	randproj	per_subclass	Immune
H21.33.005	1	0.7819364122401489	randproj	per_subclass	Immune
H21.33.006	1	0.7905344009759601	randproj	per_subclass	Immune
H21.33.007	1	0.9730292558450099	randproj	per_subclass	Immune
H21.33.008	1	0.910020200271877	randproj	per_subclass	Immune
H21.33.009	1	0.914416891685056	randproj	per_subclass	Immune
H21.33.010	1	0.8445775336002421	randproj	per_subclass	Immune
H21.33.011	0	0.8021212285181327	randproj	per_subclass	Immune
H21.33.012	1	0.8702405935641758	randproj	per_subclass	Immune
H21.33.013	1	0.9044771299024476	randproj	per_subclass	Immune
H21.33.014	1	0.7541738434679495	randproj	per_subclass	Immune
H21.33.015	0	0.6705971053983696	randproj	per_subclass	Immune
H21.33.016	0	0.6672593459853784	randproj	per_subclass	Immune
H21.33.017	1	0.8408452259957118	randproj	per_subclass	Immune
H21.33.018	0	0.8652932277798545	randproj	per_subclass	Immune
H21.33.019	0	0.5863825140219874	randproj	per_subclass	Immune
H21.33.020	1	0.9460747823896332	randproj	per_subclass	Immune
H21.33.021	1	0.9112632010238932	randproj	per_subclass	Immune
H21.33.022	1	0.7024973141881125	randproj	per_subclass	Immune
H21.33.023	0	0.8651104086932454	randproj	per_subclass	Immune
H21.33.025	1	0.5887475203969537	randproj	per_subclass	Immune
H21.33.026	1	0.46267665707464956	randproj	per_subclass	Immune
H21.33.027	1	0.6181288112173922	randproj	per_subclass	Immune
H21.33.028	0	0.3867951154921778	randproj	per_subclass	Immune
H21.33.029	1	0.8018710451997485	randproj	per_subclass	Immune
H21.33.030	1	0.7035501407028889	randproj	per_subclass	Immune
H21.33.031	1	0.7637211685687147	randproj	per_subclass	Immune
H21.33.032	0	0.6673724177069991	randproj	per_subclass	Immune
H21.33.033	1	0.6276132943097058	randproj	per_subclass	Immune
H21.33.034	1	0.9903631716869977	randproj	per_subclass	Immune
H21.33.035	1	0.74098616694948	randproj	per_subclass	Immune
H21.33.036	1	0.7522164058291241	randproj	per_subclass	Immune
H21.33.037	0	0.8404098385505909	randproj	per_subclass	Immune
H21.33.038	0	0.43549959165660435	randproj	per_subclass	Immune
H21.33.039	1	0.9393370012992743	randproj	per_subclass	Immune
H21.33.040	1	0.8502927685866707	randproj	per_subclass	Immune
H21.33.041	0	0.5682424482091882	randproj	per_subclass	Immune
H21.33.042	1	0.6339793812464287	randproj	per_subclass	Immune
H21.33.043	0	0.7749556038614652	randproj	per_subclass	Immune
H21.33.044	1	0.8993418221402225	randproj	per_subclass	Immune
H21.33.045	1	0.985314481394448	randproj	per_subclass	Immune
H21.33.046	1	0.9520787888882051	randproj	per_subclass	Immune
H21.33.047	1	0.3569497365480848	randproj	per_subclass	Immune
H19.33.004	0	0.9877561515783688	randproj	per_subclass	L2/3 IT
H20.33.001	0	0.7372365377635167	randproj	per_subclass	L2/3 IT
H20.33.002	0	0.6775651334830599	randproj	per_subclass	L2/3 IT
H20.33.004	1	0.5826527909059337	randproj	per_subclass	L2/3 IT
H20.33.005	1	0.8730406597852653	randproj	per_subclass	L2/3 IT
H20.33.008	1	0.6940000347266548	randproj	per_subclass	L2/3 IT
H20.33.011	1	0.7426699678838796	randproj	per_subclass	L2/3 IT
H20.33.012	0	0.7448534726883269	randproj	per_subclass	L2/3 IT
H20.33.013	1	0.7112039679101294	randproj	per_subclass	L2/3 IT
H20.33.014	1	0.5769060404270824	randproj	per_subclass	L2/3 IT
H20.33.015	1	0.7075592996541318	randproj	per_subclass	L2/3 IT
H20.33.016	1	0.8349582916448177	randproj	per_subclass	L2/3 IT
H20.33.017	1	0.9134730542778009	randproj	per_subclass	L2/3 IT
H20.33.018	1	0.8909651865218782	randproj	per_subclass	L2/3 IT
H20.33.019	1	0.5069724759117296	randproj	per_subclass	L2/3 IT
H20.33.020	1	0.9457687351787957	randproj	per_subclass	L2/3 IT
H20.33.024	1	0.2735614504467957	randproj	per_subclass	L2/3 IT
H20.33.025	1	0.6512998407392951	randproj	per_subclass	L2/3 IT
H20.33.026	1	0.8765173802750803	randproj	per_subclass	L2/3 IT
H20.33.027	1	0.7298648396077169	randproj	per_subclass	L2/3 IT
H20.33.028	1	0.9584386865995098	randproj	per_subclass	L2/3 IT
H20.33.029	1	0.8574266734014605	randproj	per_subclass	L2/3 IT
H20.33.030	1	0.6976060830205848	randproj	per_subclass	L2/3 IT
H20.33.031	1	0.45336679053295353	randproj	per_subclass	L2/3 IT
H20.33.032	1	0.4998000526353025	randproj	per_subclass	L2/3 IT
H20.33.033	1	0.9700485614567546	randproj	per_subclass	L2/3 IT
H20.33.034	1	0.5652021157741509	randproj	per_subclass	L2/3 IT
H20.33.035	0	0.8137958078796392	randproj	per_subclass	L2/3 IT
H20.33.036	1	0.8865815385262245	randproj	per_subclass	L2/3 IT
H20.33.037	1	0.9790448038075045	randproj	per_subclass	L2/3 IT
H20.33.038	1	0.9475688731848886	randproj	per_subclass	L2/3 IT
H20.33.039	1	0.6760177966655714	randproj	per_subclass	L2/3 IT
H20.33.040	1	0.7857509101006724	randproj	per_subclass	L2/3 IT
H20.33.041	1	0.6798814393058324	randproj	per_subclass	L2/3 IT
H20.33.043	1	0.6148489340045409	randproj	per_subclass	L2/3 IT
H20.33.044	0	0.4665161772179358	randproj	per_subclass	L2/3 IT
H20.33.045	1	0.9617649105641839	randproj	per_subclass	L2/3 IT
H20.33.046	1	0.933623051276981	randproj	per_subclass	L2/3 IT
H21.33.001	0	0.8706991140762312	randproj	per_subclass	L2/3 IT
H21.33.002	1	0.8768260556820223	randproj	per_subclass	L2/3 IT
H21.33.003	0	0.8727900197358563	randproj	per_subclass	L2/3 IT
H21.33.004	0	0.588954577660884	randproj	per_subclass	L2/3 IT
H21.33.005	1	0.8211267942054041	randproj	per_subclass	L2/3 IT
H21.33.006	1	0.7583855275811044	randproj	per_subclass	L2/3 IT
H21.33.007	1	0.8754328656003064	randproj	per_subclass	L2/3 IT
H21.33.008	1	0.932951221825703	randproj	per_subclass	L2/3 IT
H21.33.009	1	0.9587697367554652	randproj	per_subclass	L2/3 IT
H21.33.010	1	0.9316340622202084	randproj	per_subclass	L2/3 IT
H21.33.011	0	0.8665483347770506	randproj	per_subclass	L2/3 IT
H21.33.012	1	0.8165498702771874	randproj	per_subclass	L2/3 IT
H21.33.013	1	0.8556023284136188	randproj	per_subclass	L2/3 IT
H21.33.014	1	0.7593004131306895	randproj	per_subclass	L2/3 IT
H21.33.015	0	0.5975636550575151	randproj	per_subclass	L2/3 IT
H21.33.016	0	0.5647461162106681	randproj	per_subclass	L2/3 IT
H21.33.017	1	0.9211758317351537	randproj	per_subclass	L2/3 IT
H21.33.018	0	0.7536570968296564	randproj	per_subclass	L2/3 IT
H21.33.019	0	0.7687711319930683	randproj	per_subclass	L2/3 IT
H21.33.020	1	0.9729567481285797	randproj	per_subclass	L2/3 IT
H21.33.021	1	0.9510763289225219	randproj	per_subclass	L2/3 IT
H21.33.022	1	0.8732130424283252	randproj	per_subclass	L2/3 IT
H21.33.023	0	0.7117044515985286	randproj	per_subclass	L2/3 IT
H21.33.025	1	0.6745751208938049	randproj	per_subclass	L2/3 IT
H21.33.026	1	0.5606500450096196	randproj	per_subclass	L2/3 IT
H21.33.027	1	0.5637299427814556	randproj	per_subclass	L2/3 IT
H21.33.028	0	0.5905749051042488	randproj	per_subclass	L2/3 IT
H21.33.029	1	0.8185682610255324	randproj	per_subclass	L2/3 IT
H21.33.030	1	0.7741430042467183	randproj	per_subclass	L2/3 IT
H21.33.031	1	0.4275967457251009	randproj	per_subclass	L2/3 IT
H21.33.032	0	0.6507448657907229	randproj	per_subclass	L2/3 IT
H21.33.033	1	0.8846457043443557	randproj	per_subclass	L2/3 IT
H21.33.034	1	0.960035343440277	randproj	per_subclass	L2/3 IT
H21.33.035	1	0.8702821683524947	randproj	per_subclass	L2/3 IT
H21.33.036	1	0.8096999016418224	randproj	per_subclass	L2/3 IT
H21.33.037	0	0.8517507884843631	randproj	per_subclass	L2/3 IT
H21.33.038	0	0.7494795812995719	randproj	per_subclass	L2/3 IT
H21.33.039	1	0.8704835105826996	randproj	per_subclass	L2/3 IT
H21.33.040	1	0.9113797717256243	randproj	per_subclass	L2/3 IT
H21.33.041	0	0.805683442888447	randproj	per_subclass	L2/3 IT
H21.33.042	1	0.6671894392564287	randproj	per_subclass	L2/3 IT
H21.33.043	0	0.7346559975102963	randproj	per_subclass	L2/3 IT
H21.33.044	1	0.2993223083016756	randproj	per_subclass	L2/3 IT
H21.33.045	1	0.9815594935845097	randproj	per_subclass	L2/3 IT
H21.33.046	1	0.9292604881085212	randproj	per_subclass	L2/3 IT
H21.33.047	1	0.37045290858685187	randproj	per_subclass	L2/3 IT
H19.33.004	0	0.9915927559787363	randproj	per_subclass	L4 IT
H20.33.001	0	0.5937456810203067	randproj	per_subclass	L4 IT
H20.33.002	0	0.5562421052245606	randproj	per_subclass	L4 IT
H20.33.004	1	0.792554689924714	randproj	per_subclass	L4 IT
H20.33.005	1	0.8200058144939689	randproj	per_subclass	L4 IT
H20.33.008	1	0.5318656123964475	randproj	per_subclass	L4 IT
H20.33.011	1	0.7026160433745997	randproj	per_subclass	L4 IT
H20.33.012	0	0.6715091063925661	randproj	per_subclass	L4 IT
H20.33.013	1	0.7566806848864658	randproj	per_subclass	L4 IT
H20.33.014	1	0.4588212486314708	randproj	per_subclass	L4 IT
H20.33.015	1	0.679023611245172	randproj	per_subclass	L4 IT
H20.33.016	1	0.7618491993266661	randproj	per_subclass	L4 IT
H20.33.017	1	0.8026299760600969	randproj	per_subclass	L4 IT
H20.33.018	1	0.8962418200080645	randproj	per_subclass	L4 IT
H20.33.019	1	0.6756025513790407	randproj	per_subclass	L4 IT
H20.33.020	1	0.9651259522687143	randproj	per_subclass	L4 IT
H20.33.024	1	0.17862691423040694	randproj	per_subclass	L4 IT
H20.33.025	1	0.7037339843473499	randproj	per_subclass	L4 IT
H20.33.026	1	0.9192775618814493	randproj	per_subclass	L4 IT
H20.33.027	1	0.7266158926659655	randproj	per_subclass	L4 IT
H20.33.028	1	0.9071487120169565	randproj	per_subclass	L4 IT
H20.33.029	1	0.7701310897271206	randproj	per_subclass	L4 IT
H20.33.030	1	0.7858354142743306	randproj	per_subclass	L4 IT
H20.33.031	1	0.5895812567011394	randproj	per_subclass	L4 IT
H20.33.032	1	0.6789749432005591	randproj	per_subclass	L4 IT
H20.33.033	1	0.977530713868067	randproj	per_subclass	L4 IT
H20.33.034	1	0.7154263967315054	randproj	per_subclass	L4 IT
H20.33.035	0	0.7483726878261256	randproj	per_subclass	L4 IT
H20.33.036	1	0.9503597088272446	randproj	per_subclass	L4 IT
H20.33.037	1	0.9933943677266284	randproj	per_subclass	L4 IT
H20.33.038	1	0.7271118341368065	randproj	per_subclass	L4 IT
H20.33.039	1	0.8583888468046338	randproj	per_subclass	L4 IT
H20.33.040	1	0.9196802875441323	randproj	per_subclass	L4 IT
H20.33.041	1	0.5772536125009143	randproj	per_subclass	L4 IT
H20.33.043	1	0.6652482904994267	randproj	per_subclass	L4 IT
H20.33.044	0	0.8047867779986355	randproj	per_subclass	L4 IT
H20.33.045	1	0.9839671056340424	randproj	per_subclass	L4 IT
H20.33.046	1	0.9285773750821444	randproj	per_subclass	L4 IT
H21.33.001	0	0.743081476123787	randproj	per_subclass	L4 IT
H21.33.002	1	0.8147163958593872	randproj	per_subclass	L4 IT
H21.33.003	0	0.6822997797538913	randproj	per_subclass	L4 IT
H21.33.004	0	0.7282644960639146	randproj	per_subclass	L4 IT
H21.33.005	1	0.7228828614470302	randproj	per_subclass	L4 IT
H21.33.006	1	0.8004743090903382	randproj	per_subclass	L4 IT
H21.33.007	1	0.8786110661342226	randproj	per_subclass	L4 IT
H21.33.008	1	0.6113203105898117	randproj	per_subclass	L4 IT
H21.33.009	1	0.9378692967584292	randproj	per_subclass	L4 IT
H21.33.010	1	0.9340315151266843	randproj	per_subclass	L4 IT
H21.33.011	0	0.5659331611995835	randproj	per_subclass	L4 IT
H21.33.012	1	0.861880010917805	randproj	per_subclass	L4 IT
H21.33.013	1	0.851572092085369	randproj	per_subclass	L4 IT
H21.33.014	1	0.3915674154307774	randproj	per_subclass	L4 IT
H21.33.015	0	0.6152019642592341	randproj	per_subclass	L4 IT
H21.33.016	0	0.5637396450964717	randproj	per_subclass	L4 IT
H21.33.017	1	0.7628167822763439	randproj	per_subclass	L4 IT
H21.33.018	0	0.8924129017630174	randproj	per_subclass	L4 IT
H21.33.019	0	0.632348106936227	randproj	per_subclass	L4 IT
H21.33.020	1	0.9696139938292625	randproj	per_subclass	L4 IT
H21.33.021	1	0.8537390144200154	randproj	per_subclass	L4 IT
H21.33.022	1	0.844671523712241	randproj	per_subclass	L4 IT
H21.33.023	0	0.6918508693004017	randproj	per_subclass	L4 IT
H21.33.025	1	0.8090052121413827	randproj	per_subclass	L4 IT
H21.33.026	1	0.657511149496653	randproj	per_subclass	L4 IT
H21.33.027	1	0.6572593061040154	randproj	per_subclass	L4 IT
H21.33.028	0	0.9334475654139469	randproj	per_subclass	L4 IT
H21.33.029	1	0.9083654244739003	randproj	per_subclass	L4 IT
H21.33.030	1	0.7836674847111986	randproj	per_subclass	L4 IT
H21.33.031	1	0.529950169392421	randproj	per_subclass	L4 IT
H21.33.032	0	0.459393371487371	randproj	per_subclass	L4 IT
H21.33.033	1	0.6925490986537629	randproj	per_subclass	L4 IT
H21.33.034	1	0.9825548139249811	randproj	per_subclass	L4 IT
H21.33.035	1	0.8477877899546338	randproj	per_subclass	L4 IT
H21.33.036	1	0.624657570979668	randproj	per_subclass	L4 IT
H21.33.037	0	0.6948734491129096	randproj	per_subclass	L4 IT
H21.33.038	0	0.6994527712898041	randproj	per_subclass	L4 IT
H21.33.039	1	0.8456884700415548	randproj	per_subclass	L4 IT
H21.33.040	1	0.9345761591139781	randproj	per_subclass	L4 IT
H21.33.041	0	0.730238894069839	randproj	per_subclass	L4 IT
H21.33.042	1	0.7120099523990042	randproj	per_subclass	L4 IT
H21.33.043	0	0.7811349162409241	randproj	per_subclass	L4 IT
H21.33.044	1	0.859320934113514	randproj	per_subclass	L4 IT
H21.33.045	1	0.9319688433551125	randproj	per_subclass	L4 IT
H21.33.046	1	0.9101402183725389	randproj	per_subclass	L4 IT
H21.33.047	1	0.37995901211973127	randproj	per_subclass	L4 IT
H19.33.004	0	0.9809500312767222	randproj	per_subclass	L5 ET
H20.33.001	0	0.580911783398081	randproj	per_subclass	L5 ET
H20.33.002	0	0.5317289397870463	randproj	per_subclass	L5 ET
H20.33.004	1	0.568978046942387	randproj	per_subclass	L5 ET
H20.33.005	1	0.5886546965116058	randproj	per_subclass	L5 ET
H20.33.008	1	0.8503990673617701	randproj	per_subclass	L5 ET
H20.33.011	1	0.8820577903956138	randproj	per_subclass	L5 ET
H20.33.012	0	0.813512078908207	randproj	per_subclass	L5 ET
H20.33.013	1	0.39020600307655495	randproj	per_subclass	L5 ET
H20.33.014	1	0.7873461553026309	randproj	per_subclass	L5 ET
H20.33.015	1	0.9023879205405217	randproj	per_subclass	L5 ET
H20.33.016	1	0.7490870433802824	randproj	per_subclass	L5 ET
H20.33.017	1	0.9666919981721959	randproj	per_subclass	L5 ET
H20.33.018	1	0.9395028576748246	randproj	per_subclass	L5 ET
H20.33.019	1	0.6204097730094457	randproj	per_subclass	L5 ET
H20.33.020	1	0.8997245943115969	randproj	per_subclass	L5 ET
H20.33.024	1	0.876387623402386	randproj	per_subclass	L5 ET
H20.33.025	1	0.8126544688226124	randproj	per_subclass	L5 ET
H20.33.026	1	0.5942026806736527	randproj	per_subclass	L5 ET
H20.33.027	1	0.7737152360825319	randproj	per_subclass	L5 ET
H20.33.028	1	0.9762873239695191	randproj	per_subclass	L5 ET
H20.33.029	1	0.3820637010148786	randproj	per_subclass	L5 ET
H20.33.030	1	0.7908539613935985	randproj	per_subclass	L5 ET
H20.33.031	1	0.8713626825643731	randproj	per_subclass	L5 ET
H20.33.032	1	0.5047721927456281	randproj	per_subclass	L5 ET
H20.33.034	1	0.7745532629014025	randproj	per_subclass	L5 ET
H20.33.035	0	0.6680634029307457	randproj	per_subclass	L5 ET
H20.33.039	1	0.45449506876664997	randproj	per_subclass	L5 ET
H20.33.040	1	0.8981445158559312	randproj	per_subclass	L5 ET
H20.33.041	1	0.7745021016434104	randproj	per_subclass	L5 ET
H20.33.043	1	0.4347789443430979	randproj	per_subclass	L5 ET
H20.33.044	0	0.34117131518777466	randproj	per_subclass	L5 ET
H20.33.046	1	0.9707777270154823	randproj	per_subclass	L5 ET
H21.33.001	0	0.9284349093743536	randproj	per_subclass	L5 ET
H21.33.002	1	0.9203469208060964	randproj	per_subclass	L5 ET
H21.33.003	0	0.7929699443328615	randproj	per_subclass	L5 ET
H21.33.004	0	0.5599948472814542	randproj	per_subclass	L5 ET
H21.33.005	1	0.8361017197881292	randproj	per_subclass	L5 ET
H21.33.006	1	0.7529776074166173	randproj	per_subclass	L5 ET
H21.33.007	1	0.822304251483722	randproj	per_subclass	L5 ET
H21.33.010	1	0.9087225821042683	randproj	per_subclass	L5 ET
H21.33.011	0	0.6075935930321619	randproj	per_subclass	L5 ET
H21.33.012	1	0.8685459463917088	randproj	per_subclass	L5 ET
H21.33.013	1	0.7891730298139528	randproj	per_subclass	L5 ET
H21.33.014	1	0.8076029573824781	randproj	per_subclass	L5 ET
H21.33.015	0	0.394500981695734	randproj	per_subclass	L5 ET
H21.33.016	0	0.3470571467761772	randproj	per_subclass	L5 ET
H21.33.017	1	0.9202129494680618	randproj	per_subclass	L5 ET
H21.33.018	0	0.9037478433152722	randproj	per_subclass	L5 ET
H21.33.019	0	0.5646894704092248	randproj	per_subclass	L5 ET
H21.33.022	1	0.9299181953441797	randproj	per_subclass	L5 ET
H21.33.023	0	0.8489109300402605	randproj	per_subclass	L5 ET
H21.33.025	1	0.8377144891499663	randproj	per_subclass	L5 ET
H21.33.027	1	0.6765018388875602	randproj	per_subclass	L5 ET
H21.33.028	0	0.6199331103955551	randproj	per_subclass	L5 ET
H21.33.029	1	0.5384802854758156	randproj	per_subclass	L5 ET
H21.33.030	1	0.6690087200553567	randproj	per_subclass	L5 ET
H21.33.031	1	0.8765567308645223	randproj	per_subclass	L5 ET
H21.33.032	0	0.32874916749158895	randproj	per_subclass	L5 ET
H21.33.033	1	0.8087899480030657	randproj	per_subclass	L5 ET
H21.33.035	1	0.6410692621249208	randproj	per_subclass	L5 ET
H21.33.036	1	0.6473620952522726	randproj	per_subclass	L5 ET
H21.33.038	0	0.23888063758939584	randproj	per_subclass	L5 ET
H21.33.039	1	0.9818324295287878	randproj	per_subclass	L5 ET
H21.33.040	1	0.8458001455070884	randproj	per_subclass	L5 ET
H21.33.041	0	0.6864852339621177	randproj	per_subclass	L5 ET
H21.33.042	1	0.7427712864472223	randproj	per_subclass	L5 ET
H21.33.043	0	0.7770153258001438	randproj	per_subclass	L5 ET
H21.33.044	1	0.19308376302412047	randproj	per_subclass	L5 ET
H21.33.046	1	0.9905941894461092	randproj	per_subclass	L5 ET
H19.33.004	0	0.9644620096082178	randproj	per_subclass	L5 IT
H20.33.001	0	0.5484100462325142	randproj	per_subclass	L5 IT
H20.33.002	0	0.7762128428516818	randproj	per_subclass	L5 IT
H20.33.004	1	0.6670247786622557	randproj	per_subclass	L5 IT
H20.33.005	1	0.7247326814408015	randproj	per_subclass	L5 IT
H20.33.008	1	0.4302704259475365	randproj	per_subclass	L5 IT
H20.33.011	1	0.7757143553088118	randproj	per_subclass	L5 IT
H20.33.012	0	0.7818761395961212	randproj	per_subclass	L5 IT
H20.33.013	1	0.5632818351410516	randproj	per_subclass	L5 IT
H20.33.014	1	0.35138958449302504	randproj	per_subclass	L5 IT
H20.33.015	1	0.833025616882859	randproj	per_subclass	L5 IT
H20.33.016	1	0.7575422264295708	randproj	per_subclass	L5 IT
H20.33.017	1	0.9033454602255284	randproj	per_subclass	L5 IT
H20.33.018	1	0.8894247634138199	randproj	per_subclass	L5 IT
H20.33.019	1	0.6800066355681228	randproj	per_subclass	L5 IT
H20.33.020	1	0.8693773139114643	randproj	per_subclass	L5 IT
H20.33.024	1	0.832455969449275	randproj	per_subclass	L5 IT
H20.33.025	1	0.5872412412235505	randproj	per_subclass	L5 IT
H20.33.026	1	0.8030674963228144	randproj	per_subclass	L5 IT
H20.33.027	1	0.5524096756684781	randproj	per_subclass	L5 IT
H20.33.028	1	0.898034228697117	randproj	per_subclass	L5 IT
H20.33.029	1	0.6348566587109608	randproj	per_subclass	L5 IT
H20.33.030	1	0.7759004499068223	randproj	per_subclass	L5 IT
H20.33.031	1	0.7978669490962107	randproj	per_subclass	L5 IT
H20.33.032	1	0.3670584677512566	randproj	per_subclass	L5 IT
H20.33.033	1	0.9335626816719733	randproj	per_subclass	L5 IT
H20.33.034	1	0.2787071758658427	randproj	per_subclass	L5 IT
H20.33.035	0	0.7013481748387539	randproj	per_subclass	L5 IT
H20.33.036	1	0.7985489231809079	randproj	per_subclass	L5 IT
H20.33.037	1	0.9643860134400631	randproj	per_subclass	L5 IT
H20.33.038	1	0.9105476542745483	randproj	per_subclass	L5 IT
H20.33.039	1	0.7264710329082433	randproj	per_subclass	L5 IT
H20.33.040	1	0.7367305223478502	randproj	per_subclass	L5 IT
H20.33.041	1	0.6101535016213765	randproj	per_subclass	L5 IT
H20.33.043	1	0.5722402911767814	randproj	per_subclass	L5 IT
H20.33.044	0	0.6581728029116081	randproj	per_subclass	L5 IT
H20.33.045	1	0.9047719801843283	randproj	per_subclass	L5 IT
H20.33.046	1	0.8823105751277055	randproj	per_subclass	L5 IT
H21.33.001	0	0.8263829641050728	randproj	per_subclass	L5 IT
H21.33.002	1	0.8881528244296506	randproj	per_subclass	L5 IT
H21.33.003	0	0.5591959454831932	randproj	per_subclass	L5 IT
H21.33.004	0	0.681993056163578	randproj	per_subclass	L5 IT
H21.33.005	1	0.5940381610728098	randproj	per_subclass	L5 IT
H21.33.006	1	0.750895886924837	randproj	per_subclass	L5 IT
H21.33.007	1	0.8951404302085505	randproj	per_subclass	L5 IT
H21.33.008	1	0.9162967963541894	randproj	per_subclass	L5 IT
H21.33.009	1	0.9612162153359678	randproj	per_subclass	L5 IT
H21.33.010	1	0.9378375958543682	randproj	per_subclass	L5 IT
H21.33.011	0	0.7662995830108545	randproj	per_subclass	L5 IT
H21.33.012	1	0.7921526200399474	randproj	per_subclass	L5 IT
H21.33.013	1	0.8691784992093966	randproj	per_subclass	L5 IT
H21.33.014	1	0.6741184408861194	randproj	per_subclass	L5 IT
H21.33.015	0	0.5425348249015773	randproj	per_subclass	L5 IT
H21.33.016	0	0.7936643703940287	randproj	per_subclass	L5 IT
H21.33.017	1	0.8752623811242778	randproj	per_subclass	L5 IT
H21.33.018	0	0.9382427462175894	randproj	per_subclass	L5 IT
H21.33.019	0	0.6119278490612239	randproj	per_subclass	L5 IT
H21.33.020	1	0.9831745610294437	randproj	per_subclass	L5 IT
H21.33.021	1	0.9282083938997694	randproj	per_subclass	L5 IT
H21.33.022	1	0.8341988818881136	randproj	per_subclass	L5 IT
H21.33.023	0	0.7543659213348863	randproj	per_subclass	L5 IT
H21.33.025	1	0.8129111609802233	randproj	per_subclass	L5 IT
H21.33.026	1	0.7295198528142098	randproj	per_subclass	L5 IT
H21.33.027	1	0.6507862544621817	randproj	per_subclass	L5 IT
H21.33.028	0	0.7864760284568175	randproj	per_subclass	L5 IT
H21.33.029	1	0.8776083702719524	randproj	per_subclass	L5 IT
H21.33.030	1	0.8509876428775508	randproj	per_subclass	L5 IT
H21.33.031	1	0.5471900640010007	randproj	per_subclass	L5 IT
H21.33.032	0	0.7601615302461038	randproj	per_subclass	L5 IT
H21.33.033	1	0.6909664328642111	randproj	per_subclass	L5 IT
H21.33.034	1	0.9037029489153344	randproj	per_subclass	L5 IT
H21.33.035	1	0.8399632648105986	randproj	per_subclass	L5 IT
H21.33.036	1	0.7443130495038319	randproj	per_subclass	L5 IT
H21.33.037	0	0.7089297026076624	randproj	per_subclass	L5 IT
H21.33.038	0	0.7238391533954482	randproj	per_subclass	L5 IT
H21.33.039	1	0.7956793574488412	randproj	per_subclass	L5 IT
H21.33.040	1	0.8696044121703324	randproj	per_subclass	L5 IT
H21.33.041	0	0.6326288276554086	randproj	per_subclass	L5 IT
H21.33.042	1	0.6586117096026587	randproj	per_subclass	L5 IT
H21.33.043	0	0.8601842858402851	randproj	per_subclass	L5 IT
H21.33.044	1	0.7790903979858623	randproj	per_subclass	L5 IT
H21.33.045	1	0.9349980630823236	randproj	per_subclass	L5 IT
H21.33.046	1	0.8345676869982086	randproj	per_subclass	L5 IT
H21.33.047	1	0.5741537281333919	randproj	per_subclass	L5 IT
H19.33.004	0	0.9665156963787073	randproj	per_subclass	L5/6 NP
H20.33.001	0	0.804364611213192	randproj	per_subclass	L5/6 NP
H20.33.002	0	0.6686780035181209	randproj	per_subclass	L5/6 NP
H20.33.004	1	0.6810659332749864	randproj	per_subclass	L5/6 NP
H20.33.005	1	0.7571994680436183	randproj	per_subclass	L5/6 NP
H20.33.008	1	0.7273240904609335	randproj	per_subclass	L5/6 NP
H20.33.011	1	0.6830172555566643	randproj	per_subclass	L5/6 NP
H20.33.012	0	0.876947192438309	randproj	per_subclass	L5/6 NP
H20.33.013	1	0.7748131272786047	randproj	per_subclass	L5/6 NP
H20.33.014	1	0.3580708505033107	randproj	per_subclass	L5/6 NP
H20.33.015	1	0.45295392316482685	randproj	per_subclass	L5/6 NP
H20.33.016	1	0.748515280387165	randproj	per_subclass	L5/6 NP
H20.33.017	1	0.8887483592597384	randproj	per_subclass	L5/6 NP
H20.33.018	1	0.9204134321892401	randproj	per_subclass	L5/6 NP
H20.33.019	1	0.6631471616981288	randproj	per_subclass	L5/6 NP
H20.33.020	1	0.7405666159248929	randproj	per_subclass	L5/6 NP
H20.33.024	1	0.4805847674708922	randproj	per_subclass	L5/6 NP
H20.33.025	1	0.6214772193960554	randproj	per_subclass	L5/6 NP
H20.33.026	1	0.7471059036682546	randproj	per_subclass	L5/6 NP
H20.33.027	1	0.3479709696868164	randproj	per_subclass	L5/6 NP
H20.33.028	1	0.8996696383507936	randproj	per_subclass	L5/6 NP
H20.33.029	1	0.7067171857953494	randproj	per_subclass	L5/6 NP
H20.33.030	1	0.7933808889481695	randproj	per_subclass	L5/6 NP
H20.33.031	1	0.6431436381642934	randproj	per_subclass	L5/6 NP
H20.33.032	1	0.6422167670546675	randproj	per_subclass	L5/6 NP
H20.33.033	1	0.9565651949588831	randproj	per_subclass	L5/6 NP
H20.33.034	1	0.7134894718539139	randproj	per_subclass	L5/6 NP
H20.33.035	0	0.8421984933154534	randproj	per_subclass	L5/6 NP
H20.33.036	1	0.9188521622202737	randproj	per_subclass	L5/6 NP
H20.33.037	1	0.9416306032729184	randproj	per_subclass	L5/6 NP
H20.33.039	1	0.8286348063260087	randproj	per_subclass	L5/6 NP
H20.33.040	1	0.8977574469059736	randproj	per_subclass	L5/6 NP
H20.33.041	1	0.7589496771166615	randproj	per_subclass	L5/6 NP
H20.33.043	1	0.4434570104308147	randproj	per_subclass	L5/6 NP
H20.33.044	0	0.8356834501009164	randproj	per_subclass	L5/6 NP
H20.33.045	1	0.9474880389493132	randproj	per_subclass	L5/6 NP
H20.33.046	1	0.948478606193319	randproj	per_subclass	L5/6 NP
H21.33.001	0	0.7378814100704943	randproj	per_subclass	L5/6 NP
H21.33.002	1	0.8186856478303197	randproj	per_subclass	L5/6 NP
H21.33.003	0	0.7050716579879556	randproj	per_subclass	L5/6 NP
H21.33.004	0	0.7185979915386695	randproj	per_subclass	L5/6 NP
H21.33.005	1	0.8694586656109946	randproj	per_subclass	L5/6 NP
H21.33.006	1	0.8219683746699988	randproj	per_subclass	L5/6 NP
H21.33.007	1	0.7586980534300072	randproj	per_subclass	L5/6 NP
H21.33.008	1	0.874021317043241	randproj	per_subclass	L5/6 NP
H21.33.009	1	0.9494877286075385	randproj	per_subclass	L5/6 NP
H21.33.010	1	0.8492231077530097	randproj	per_subclass	L5/6 NP
H21.33.011	0	0.5007718697790569	randproj	per_subclass	L5/6 NP
H21.33.012	1	0.6873418305137685	randproj	per_subclass	L5/6 NP
H21.33.013	1	0.8453424685005112	randproj	per_subclass	L5/6 NP
H21.33.014	1	0.390223749698812	randproj	per_subclass	L5/6 NP
H21.33.015	0	0.688698427238554	randproj	per_subclass	L5/6 NP
H21.33.016	0	0.6858798836932933	randproj	per_subclass	L5/6 NP
H21.33.017	1	0.7197392216054492	randproj	per_subclass	L5/6 NP
H21.33.018	0	0.7087902690672452	randproj	per_subclass	L5/6 NP
H21.33.019	0	0.6782332982530063	randproj	per_subclass	L5/6 NP
H21.33.021	1	0.8134280191723307	randproj	per_subclass	L5/6 NP
H21.33.022	1	0.8100120642605662	randproj	per_subclass	L5/6 NP
H21.33.023	0	0.829776955113186	randproj	per_subclass	L5/6 NP
H21.33.025	1	0.6437286355154523	randproj	per_subclass	L5/6 NP
H21.33.026	1	0.6369403293099737	randproj	per_subclass	L5/6 NP
H21.33.027	1	0.7399144463955718	randproj	per_subclass	L5/6 NP
H21.33.028	0	0.9442223549001616	randproj	per_subclass	L5/6 NP
H21.33.029	1	0.8678820635415079	randproj	per_subclass	L5/6 NP
H21.33.030	1	0.4873798982099357	randproj	per_subclass	L5/6 NP
H21.33.031	1	0.6269627107091214	randproj	per_subclass	L5/6 NP
H21.33.032	0	0.7231046191562014	randproj	per_subclass	L5/6 NP
H21.33.033	1	0.8938033603255496	randproj	per_subclass	L5/6 NP
H21.33.034	1	0.9545362800263337	randproj	per_subclass	L5/6 NP
H21.33.035	1	0.7152134679955522	randproj	per_subclass	L5/6 NP
H21.33.036	1	0.709062914474573	randproj	per_subclass	L5/6 NP
H21.33.037	0	0.6788786117893107	randproj	per_subclass	L5/6 NP
H21.33.038	0	0.7463596048066582	randproj	per_subclass	L5/6 NP
H21.33.039	1	0.8719116012297781	randproj	per_subclass	L5/6 NP
H21.33.040	1	0.8507004813088959	randproj	per_subclass	L5/6 NP
H21.33.041	0	0.5004159902559218	randproj	per_subclass	L5/6 NP
H21.33.042	1	0.7742921813941577	randproj	per_subclass	L5/6 NP
H21.33.043	0	0.6223349337777118	randproj	per_subclass	L5/6 NP
H21.33.044	1	0.9411429221178047	randproj	per_subclass	L5/6 NP
H21.33.045	1	0.95193723306863	randproj	per_subclass	L5/6 NP
H21.33.046	1	0.9146049340018969	randproj	per_subclass	L5/6 NP
H21.33.047	1	0.3540321241581242	randproj	per_subclass	L5/6 NP
H19.33.004	0	0.8986684842823465	randproj	per_subclass	L6 CT
H20.33.001	0	0.45454829051301715	randproj	per_subclass	L6 CT
H20.33.002	0	0.8251297495515544	randproj	per_subclass	L6 CT
H20.33.004	1	0.5644174909628793	randproj	per_subclass	L6 CT
H20.33.005	1	0.8773198408697842	randproj	per_subclass	L6 CT
H20.33.008	1	0.6514263177609714	randproj	per_subclass	L6 CT
H20.33.011	1	0.7515219869946631	randproj	per_subclass	L6 CT
H20.33.012	0	0.680186877643393	randproj	per_subclass	L6 CT
H20.33.013	1	0.6495524314416047	randproj	per_subclass	L6 CT
H20.33.014	1	0.796784701074436	randproj	per_subclass	L6 CT
H20.33.015	1	0.8277418021462439	randproj	per_subclass	L6 CT
H20.33.016	1	0.7803252212100513	randproj	per_subclass	L6 CT
H20.33.017	1	0.7815193887920795	randproj	per_subclass	L6 CT
H20.33.018	1	0.9463075157902805	randproj	per_subclass	L6 CT
H20.33.019	1	0.8906849982526275	randproj	per_subclass	L6 CT
H20.33.020	1	0.9375410423243524	randproj	per_subclass	L6 CT
H20.33.024	1	0.5876833742743356	randproj	per_subclass	L6 CT
H20.33.025	1	0.4761360008577384	randproj	per_subclass	L6 CT
H20.33.026	1	0.9412589859036762	randproj	per_subclass	L6 CT
H20.33.027	1	0.43063674011290154	randproj	per_subclass	L6 CT
H20.33.028	1	0.742210278401009	randproj	per_subclass	L6 CT
H20.33.029	1	0.7909586785554058	randproj	per_subclass	L6 CT
H20.33.030	1	0.9142973207979411	randproj	per_subclass	L6 CT
H20.33.031	1	0.4736637513612723	randproj	per_subclass	L6 CT
H20.33.032	1	0.49707686408155316	randproj	per_subclass	L6 CT
H20.33.033	1	0.9309168783301563	randproj	per_subclass	L6 CT
H20.33.034	1	0.823311041920755	randproj	per_subclass	L6 CT
H20.33.035	0	0.9113200216047431	randproj	per_subclass	L6 CT
H20.33.036	1	0.9479698726083079	randproj	per_subclass	L6 CT
H20.33.037	1	0.9134029932547749	randproj	per_subclass	L6 CT
H20.33.039	1	0.34395559396620096	randproj	per_subclass	L6 CT
H20.33.040	1	0.864441409290824	randproj	per_subclass	L6 CT
H20.33.041	1	0.7851047230827218	randproj	per_subclass	L6 CT
H20.33.043	1	0.5258525110763742	randproj	per_subclass	L6 CT
H20.33.044	0	0.6025983960312196	randproj	per_subclass	L6 CT
H20.33.045	1	0.96014316872805	randproj	per_subclass	L6 CT
H20.33.046	1	0.9184967705313328	randproj	per_subclass	L6 CT
H21.33.001	0	0.6213767154858776	randproj	per_subclass	L6 CT
H21.33.002	1	0.9219929457905941	randproj	per_subclass	L6 CT
H21.33.003	0	0.6975429586784185	randproj	per_subclass	L6 CT
H21.33.004	0	0.35366788560919177	randproj	per_subclass	L6 CT
H21.33.005	1	0.6378497146564268	randproj	per_subclass	L6 CT
H21.33.006	1	0.5801695274145796	randproj	per_subclass	L6 CT
H21.33.007	1	0.8894185717626287	randproj	per_subclass	L6 CT
H21.33.008	1	0.9373123973362695	randproj	per_subclass	L6 CT
H21.33.009	1	0.9293455889967438	randproj	per_subclass	L6 CT
H21.33.010	1	0.9148896976982765	randproj	per_subclass	L6 CT
H21.33.011	0	0.7494259735643727	randproj	per_subclass	L6 CT
H21.33.012	1	0.7199079507185194	randproj	per_subclass	L6 CT
H21.33.013	1	0.8749960458103672	randproj	per_subclass	L6 CT
H21.33.014	1	0.5058123055097353	randproj	per_subclass	L6 CT
H21.33.015	0	0.7321695409840172	randproj	per_subclass	L6 CT
H21.33.016	0	0.745591743011494	randproj	per_subclass	L6 CT
H21.33.017	1	0.5651308296754014	randproj	per_subclass	L6 CT
H21.33.018	0	0.8309416066885899	randproj	per_subclass	L6 CT
H21.33.019	0	0.5052767019067923	randproj	per_subclass	L6 CT
H21.33.021	1	0.8580453462301177	randproj	per_subclass	L6 CT
H21.33.022	1	0.8067487726660998	randproj	per_subclass	L6 CT
H21.33.023	0	0.6428773384075803	randproj	per_subclass	L6 CT
H21.33.025	1	0.7234344610423573	randproj	per_subclass	L6 CT
H21.33.026	1	0.7378294514778994	randproj	per_subclass	L6 CT
H21.33.027	1	0.7420879643330351	randproj	per_subclass	L6 CT
H21.33.028	0	0.8008378601784303	randproj	per_subclass	L6 CT
H21.33.029	1	0.730166099003043	randproj	per_subclass	L6 CT
H21.33.030	1	0.8591395232572214	randproj	per_subclass	L6 CT
H21.33.031	1	0.6313940161596832	randproj	per_subclass	L6 CT
H21.33.032	0	0.7502399761460108	randproj	per_subclass	L6 CT
H21.33.033	1	0.742893406445887	randproj	per_subclass	L6 CT
H21.33.035	1	0.7580441801382471	randproj	per_subclass	L6 CT
H21.33.036	1	0.5709772482134265	randproj	per_subclass	L6 CT
H21.33.037	0	0.7554932107546868	randproj	per_subclass	L6 CT
H21.33.038	0	0.8723958043378353	randproj	per_subclass	L6 CT
H21.33.039	1	0.8923836009747989	randproj	per_subclass	L6 CT
H21.33.040	1	0.7413898861878121	randproj	per_subclass	L6 CT
H21.33.041	0	0.7883239539331099	randproj	per_subclass	L6 CT
H21.33.042	1	0.6535034474849526	randproj	per_subclass	L6 CT
H21.33.043	0	0.8565277700748606	randproj	per_subclass	L6 CT
H21.33.044	1	0.5757739692089412	randproj	per_subclass	L6 CT
H21.33.045	1	0.9447778779653323	randproj	per_subclass	L6 CT
H21.33.046	1	0.8867088346323134	randproj	per_subclass	L6 CT
H21.33.047	1	0.6990265429982474	randproj	per_subclass	L6 CT
H19.33.004	0	0.9629083752108347	randproj	per_subclass	L6 IT
H20.33.001	0	0.6377233113172562	randproj	per_subclass	L6 IT
H20.33.002	0	0.7718567398918488	randproj	per_subclass	L6 IT
H20.33.004	1	0.6630629575270983	randproj	per_subclass	L6 IT
H20.33.005	1	0.8532846668714871	randproj	per_subclass	L6 IT
H20.33.008	1	0.5876743771495139	randproj	per_subclass	L6 IT
H20.33.011	1	0.6571888093581978	randproj	per_subclass	L6 IT
H20.33.012	0	0.7610375430187661	randproj	per_subclass	L6 IT
H20.33.013	1	0.6428062436647858	randproj	per_subclass	L6 IT
H20.33.014	1	0.4105222613160243	randproj	per_subclass	L6 IT
H20.33.015	1	0.9012908110629712	randproj	per_subclass	L6 IT
H20.33.016	1	0.6868823053157079	randproj	per_subclass	L6 IT
H20.33.017	1	0.8725390604091375	randproj	per_subclass	L6 IT
H20.33.018	1	0.9067828606231393	randproj	per_subclass	L6 IT
H20.33.019	1	0.5850360824575375	randproj	per_subclass	L6 IT
H20.33.020	1	0.738847485948743	randproj	per_subclass	L6 IT
H20.33.024	1	0.4323499122834146	randproj	per_subclass	L6 IT
H20.33.025	1	0.48873883785157207	randproj	per_subclass	L6 IT
H20.33.026	1	0.8387927758954025	randproj	per_subclass	L6 IT
H20.33.027	1	0.7480727878950256	randproj	per_subclass	L6 IT
H20.33.028	1	0.9139745589429132	randproj	per_subclass	L6 IT
H20.33.029	1	0.6440040858799397	randproj	per_subclass	L6 IT
H20.33.030	1	0.8429643599848273	randproj	per_subclass	L6 IT
H20.33.031	1	0.5369072937870338	randproj	per_subclass	L6 IT
H20.33.032	1	0.6256413554101175	randproj	per_subclass	L6 IT
H20.33.033	1	0.8792837570526274	randproj	per_subclass	L6 IT
H20.33.034	1	0.5287781085237324	randproj	per_subclass	L6 IT
H20.33.035	0	0.8017126842576413	randproj	per_subclass	L6 IT
H20.33.036	1	0.8506057476290284	randproj	per_subclass	L6 IT
H20.33.037	1	0.9736814622164491	randproj	per_subclass	L6 IT
H20.33.039	1	0.7106230596364395	randproj	per_subclass	L6 IT
H20.33.040	1	0.5274426514031558	randproj	per_subclass	L6 IT
H20.33.041	1	0.5969448984360002	randproj	per_subclass	L6 IT
H20.33.043	1	0.55184679920806	randproj	per_subclass	L6 IT
H20.33.044	0	0.6727398294497128	randproj	per_subclass	L6 IT
H20.33.045	1	0.9034444160298121	randproj	per_subclass	L6 IT
H20.33.046	1	0.8389094018280566	randproj	per_subclass	L6 IT
H21.33.001	0	0.8345093682171523	randproj	per_subclass	L6 IT
H21.33.002	1	0.9305365809741861	randproj	per_subclass	L6 IT
H21.33.003	0	0.5426490364941735	randproj	per_subclass	L6 IT
H21.33.004	0	0.4807527476574104	randproj	per_subclass	L6 IT
H21.33.005	1	0.6880644202484854	randproj	per_subclass	L6 IT
H21.33.006	1	0.711113867174433	randproj	per_subclass	L6 IT
H21.33.007	1	0.8518514609157078	randproj	per_subclass	L6 IT
H21.33.008	1	0.8474534318308911	randproj	per_subclass	L6 IT
H21.33.009	1	0.9305981072682975	randproj	per_subclass	L6 IT
H21.33.010	1	0.8867632721070002	randproj	per_subclass	L6 IT
H21.33.011	0	0.763889014941064	randproj	per_subclass	L6 IT
H21.33.012	1	0.6549131496239015	randproj	per_subclass	L6 IT
H21.33.013	1	0.874462600013054	randproj	per_subclass	L6 IT
H21.33.014	1	0.8052076275890784	randproj	per_subclass	L6 IT
H21.33.015	0	0.6525029529840275	randproj	per_subclass	L6 IT
H21.33.016	0	0.6830206591879456	randproj	per_subclass	L6 IT
H21.33.017	1	0.7118806961651597	randproj	per_subclass	L6 IT
H21.33.018	0	0.8683111732128654	randproj	per_subclass	L6 IT
H21.33.019	0	0.6162968883777503	randproj	per_subclass	L6 IT
H21.33.021	1	0.8641583410849283	randproj	per_subclass	L6 IT
H21.33.022	1	0.8532691948582487	randproj	per_subclass	L6 IT
H21.33.023	0	0.7248176362231835	randproj	per_subclass	L6 IT
H21.33.025	1	0.8266866387585521	randproj	per_subclass	L6 IT
H21.33.026	1	0.7250159578959188	randproj	per_subclass	L6 IT
H21.33.027	1	0.757138578563414	randproj	per_subclass	L6 IT
H21.33.028	0	0.6071005265498081	randproj	per_subclass	L6 IT
H21.33.029	1	0.9340489076866995	randproj	per_subclass	L6 IT
H21.33.030	1	0.7294384820653715	randproj	per_subclass	L6 IT
H21.33.031	1	0.4596939035233084	randproj	per_subclass	L6 IT
H21.33.032	0	0.825091719621553	randproj	per_subclass	L6 IT
H21.33.033	1	0.7884511509626935	randproj	per_subclass	L6 IT
H21.33.034	1	0.9532756379718752	randproj	per_subclass	L6 IT
H21.33.035	1	0.805165861460394	randproj	per_subclass	L6 IT
H21.33.036	1	0.7749384207123698	randproj	per_subclass	L6 IT
H21.33.037	0	0.630733873597307	randproj	per_subclass	L6 IT
H21.33.038	0	0.7774990872679793	randproj	per_subclass	L6 IT
H21.33.039	1	0.8345684003466115	randproj	per_subclass	L6 IT
H21.33.040	1	0.8536542067854566	randproj	per_subclass	L6 IT
H21.33.041	0	0.6954446384270441	randproj	per_subclass	L6 IT
H21.33.042	1	0.6961407895899686	randproj	per_subclass	L6 IT
H21.33.043	0	0.8823410291118788	randproj	per_subclass	L6 IT
H21.33.044	1	0.6003062677762772	randproj	per_subclass	L6 IT
H21.33.045	1	0.9609745735412298	randproj	per_subclass	L6 IT
H21.33.046	1	0.7969657461268816	randproj	per_subclass	L6 IT
H21.33.047	1	0.6480425634129747	randproj	per_subclass	L6 IT
H19.33.004	0	0.8674066593409645	randproj	per_subclass	L6 IT Car3
H20.33.001	0	0.42944334746362145	randproj	per_subclass	L6 IT Car3
H20.33.002	0	0.765602953869928	randproj	per_subclass	L6 IT Car3
H20.33.004	1	0.6462735432720033	randproj	per_subclass	L6 IT Car3
H20.33.005	1	0.9533650464568675	randproj	per_subclass	L6 IT Car3
H20.33.008	1	0.6426697752027308	randproj	per_subclass	L6 IT Car3
H20.33.011	1	0.8306235173534169	randproj	per_subclass	L6 IT Car3
H20.33.012	0	0.8990462045669743	randproj	per_subclass	L6 IT Car3
H20.33.013	1	0.7064269540345358	randproj	per_subclass	L6 IT Car3
H20.33.014	1	0.8405798875192249	randproj	per_subclass	L6 IT Car3
H20.33.015	1	0.8902518090385725	randproj	per_subclass	L6 IT Car3
H20.33.016	1	0.8158621558045965	randproj	per_subclass	L6 IT Car3
H20.33.017	1	0.7767894377612988	randproj	per_subclass	L6 IT Car3
H20.33.018	1	0.935932015601067	randproj	per_subclass	L6 IT Car3
H20.33.019	1	0.5610564123916365	randproj	per_subclass	L6 IT Car3
H20.33.020	1	0.8991450036088775	randproj	per_subclass	L6 IT Car3
H20.33.024	1	0.6668317854207882	randproj	per_subclass	L6 IT Car3
H20.33.025	1	0.8258962994337959	randproj	per_subclass	L6 IT Car3
H20.33.026	1	0.8995182601632108	randproj	per_subclass	L6 IT Car3
H20.33.027	1	0.8749363737469835	randproj	per_subclass	L6 IT Car3
H20.33.028	1	0.8981254002486173	randproj	per_subclass	L6 IT Car3
H20.33.029	1	0.6009610279785816	randproj	per_subclass	L6 IT Car3
H20.33.030	1	0.8439271241279407	randproj	per_subclass	L6 IT Car3
H20.33.031	1	0.7091470793463448	randproj	per_subclass	L6 IT Car3
H20.33.032	1	0.7262154494482468	randproj	per_subclass	L6 IT Car3
H20.33.033	1	0.9741059599501453	randproj	per_subclass	L6 IT Car3
H20.33.034	1	0.8576053637035599	randproj	per_subclass	L6 IT Car3
H20.33.035	0	0.7679114736363379	randproj	per_subclass	L6 IT Car3
H20.33.036	1	0.9240373850076455	randproj	per_subclass	L6 IT Car3
H20.33.037	1	0.9111961996381195	randproj	per_subclass	L6 IT Car3
H20.33.038	1	0.7604007792149515	randproj	per_subclass	L6 IT Car3
H20.33.039	1	0.6955227729235648	randproj	per_subclass	L6 IT Car3
H20.33.040	1	0.8170822397105679	randproj	per_subclass	L6 IT Car3
H20.33.041	1	0.8187339982766872	randproj	per_subclass	L6 IT Car3
H20.33.043	1	0.28393958912571027	randproj	per_subclass	L6 IT Car3
H20.33.044	0	0.704354976289489	randproj	per_subclass	L6 IT Car3
H20.33.045	1	0.9770701852289208	randproj	per_subclass	L6 IT Car3
H20.33.046	1	0.9787723268586654	randproj	per_subclass	L6 IT Car3
H21.33.001	0	0.9856699553086326	randproj	per_subclass	L6 IT Car3
H21.33.002	1	0.8153773155942228	randproj	per_subclass	L6 IT Car3
H21.33.003	0	0.716326516853476	randproj	per_subclass	L6 IT Car3
H21.33.004	0	0.3621225646045712	randproj	per_subclass	L6 IT Car3
H21.33.005	1	0.6102946081202715	randproj	per_subclass	L6 IT Car3
H21.33.006	1	0.6095265101358402	randproj	per_subclass	L6 IT Car3
H21.33.007	1	0.8751220462434299	randproj	per_subclass	L6 IT Car3
H21.33.008	1	0.9237093050868694	randproj	per_subclass	L6 IT Car3
H21.33.009	1	0.8931703708868696	randproj	per_subclass	L6 IT Car3
H21.33.010	1	0.8468101361907768	randproj	per_subclass	L6 IT Car3
H21.33.011	0	0.46952202204644233	randproj	per_subclass	L6 IT Car3
H21.33.012	1	0.8602401217386781	randproj	per_subclass	L6 IT Car3
H21.33.013	1	0.8316496617870914	randproj	per_subclass	L6 IT Car3
H21.33.014	1	0.7404352201653431	randproj	per_subclass	L6 IT Car3
H21.33.015	0	0.7820580973392323	randproj	per_subclass	L6 IT Car3
H21.33.016	0	0.7371157008291481	randproj	per_subclass	L6 IT Car3
H21.33.017	1	0.8511592497040976	randproj	per_subclass	L6 IT Car3
H21.33.018	0	0.7107318961229092	randproj	per_subclass	L6 IT Car3
H21.33.019	0	0.7711988947212203	randproj	per_subclass	L6 IT Car3
H21.33.021	1	0.7591209523815379	randproj	per_subclass	L6 IT Car3
H21.33.022	1	0.4053141878363814	randproj	per_subclass	L6 IT Car3
H21.33.023	0	0.7128806585040464	randproj	per_subclass	L6 IT Car3
H21.33.025	1	0.6842525213074311	randproj	per_subclass	L6 IT Car3
H21.33.026	1	0.40425424891688866	randproj	per_subclass	L6 IT Car3
H21.33.027	1	0.5037534936377294	randproj	per_subclass	L6 IT Car3
H21.33.028	0	0.7636165258329661	randproj	per_subclass	L6 IT Car3
H21.33.029	1	0.9321156400715601	randproj	per_subclass	L6 IT Car3
H21.33.030	1	0.49942796545695745	randproj	per_subclass	L6 IT Car3
H21.33.031	1	0.6345954018524796	randproj	per_subclass	L6 IT Car3
H21.33.032	0	0.628839052399389	randproj	per_subclass	L6 IT Car3
H21.33.033	1	0.9016671424857524	randproj	per_subclass	L6 IT Car3
H21.33.034	1	0.9136893953320193	randproj	per_subclass	L6 IT Car3
H21.33.035	1	0.8461768085486956	randproj	per_subclass	L6 IT Car3
H21.33.036	1	0.6593339686987802	randproj	per_subclass	L6 IT Car3
H21.33.037	0	0.850651126796049	randproj	per_subclass	L6 IT Car3
H21.33.038	0	0.6651701250194836	randproj	per_subclass	L6 IT Car3
H21.33.039	1	0.9550520211123119	randproj	per_subclass	L6 IT Car3
H21.33.040	1	0.8959579056429149	randproj	per_subclass	L6 IT Car3
H21.33.041	0	0.6620514701967317	randproj	per_subclass	L6 IT Car3
H21.33.042	1	0.6517905515035974	randproj	per_subclass	L6 IT Car3
H21.33.043	0	0.8199861324189008	randproj	per_subclass	L6 IT Car3
H21.33.044	1	0.975342367301101	randproj	per_subclass	L6 IT Car3
H21.33.045	1	0.9858956975429871	randproj	per_subclass	L6 IT Car3
H21.33.046	1	0.7087443254970367	randproj	per_subclass	L6 IT Car3
H21.33.047	1	0.6491955909568173	randproj	per_subclass	L6 IT Car3
H19.33.004	0	0.978930630792785	randproj	per_subclass	L6b
H20.33.001	0	0.5389053052673645	randproj	per_subclass	L6b
H20.33.002	0	0.672451507371898	randproj	per_subclass	L6b
H20.33.004	1	0.7433022406970402	randproj	per_subclass	L6b
H20.33.005	1	0.7905295032598929	randproj	per_subclass	L6b
H20.33.008	1	0.4712815667078056	randproj	per_subclass	L6b
H20.33.011	1	0.7446538504878972	randproj	per_subclass	L6b
H20.33.012	0	0.816527466842552	randproj	per_subclass	L6b
H20.33.013	1	0.7082341189679349	randproj	per_subclass	L6b
H20.33.014	1	0.46807327436313395	randproj	per_subclass	L6b
H20.33.015	1	0.7844396895325346	randproj	per_subclass	L6b
H20.33.016	1	0.8057993445903122	randproj	per_subclass	L6b
H20.33.017	1	0.8250046189636493	randproj	per_subclass	L6b
H20.33.018	1	0.9507322506438756	randproj	per_subclass	L6b
H20.33.019	1	0.8411988605239251	randproj	per_subclass	L6b
H20.33.020	1	0.9351435517223434	randproj	per_subclass	L6b
H20.33.024	1	0.7176720056500621	randproj	per_subclass	L6b
H20.33.025	1	0.6558556168196955	randproj	per_subclass	L6b
H20.33.026	1	0.9062175246822338	randproj	per_subclass	L6b
H20.33.027	1	0.6333459264110786	randproj	per_subclass	L6b
H20.33.028	1	0.8838517645425379	randproj	per_subclass	L6b
H20.33.029	1	0.8220423213911348	randproj	per_subclass	L6b
H20.33.030	1	0.747940882940995	randproj	per_subclass	L6b
H20.33.031	1	0.6879975127090703	randproj	per_subclass	L6b
H20.33.032	1	0.2948183839377145	randproj	per_subclass	L6b
H20.33.033	1	0.9673713873461015	randproj	per_subclass	L6b
H20.33.034	1	0.8331437838744715	randproj	per_subclass	L6b
H20.33.035	0	0.865944721827008	randproj	per_subclass	L6b
H20.33.036	1	0.8935685837885913	randproj	per_subclass	L6b
H20.33.037	1	0.9446982999401735	randproj	per_subclass	L6b
H20.33.039	1	0.3054016529666372	randproj	per_subclass	L6b
H20.33.040	1	0.7029204208339285	randproj	per_subclass	L6b
H20.33.041	1	0.6735917175497271	randproj	per_subclass	L6b
H20.33.043	1	0.6714020235080357	randproj	per_subclass	L6b
H20.33.044	0	0.7331632487791975	randproj	per_subclass	L6b
H20.33.045	1	0.9590399286583461	randproj	per_subclass	L6b
H20.33.046	1	0.923900392099483	randproj	per_subclass	L6b
H21.33.001	0	0.8930933474761868	randproj	per_subclass	L6b
H21.33.002	1	0.9169606836974997	randproj	per_subclass	L6b
H21.33.003	0	0.7177078915683017	randproj	per_subclass	L6b
H21.33.004	0	0.49243995800684803	randproj	per_subclass	L6b
H21.33.005	1	0.7851975726439321	randproj	per_subclass	L6b
H21.33.006	1	0.6997495586652552	randproj	per_subclass	L6b
H21.33.007	1	0.7666905089909245	randproj	per_subclass	L6b
H21.33.008	1	0.8711703058928947	randproj	per_subclass	L6b
H21.33.009	1	0.9563605306578339	randproj	per_subclass	L6b
H21.33.010	1	0.8920587437065922	randproj	per_subclass	L6b
H21.33.011	0	0.36025129653136984	randproj	per_subclass	L6b
H21.33.012	1	0.7075856226560314	randproj	per_subclass	L6b
H21.33.013	1	0.7720984669744259	randproj	per_subclass	L6b
H21.33.014	1	0.8797517419336632	randproj	per_subclass	L6b
H21.33.015	0	0.5507651995081064	randproj	per_subclass	L6b
H21.33.016	0	0.7604617372072341	randproj	per_subclass	L6b
H21.33.017	1	0.7836109535952109	randproj	per_subclass	L6b
H21.33.018	0	0.8775387566563998	randproj	per_subclass	L6b
H21.33.019	0	0.5101500689244565	randproj	per_subclass	L6b
H21.33.021	1	0.7887958357134927	randproj	per_subclass	L6b
H21.33.022	1	0.8644128776837187	randproj	per_subclass	L6b
H21.33.023	0	0.6778113906271516	randproj	per_subclass	L6b
H21.33.025	1	0.7934376731832083	randproj	per_subclass	L6b
H21.33.026	1	0.7762763672829467	randproj	per_subclass	L6b
H21.33.027	1	0.607397379703122	randproj	per_subclass	L6b
H21.33.028	0	0.7160545590453393	randproj	per_subclass	L6b
H21.33.029	1	0.6416459769736648	randproj	per_subclass	L6b
H21.33.030	1	0.769400418959933	randproj	per_subclass	L6b
H21.33.031	1	0.6436861151486971	randproj	per_subclass	L6b
H21.33.032	0	0.4320142727665548	randproj	per_subclass	L6b
H21.33.033	1	0.8289119910052598	randproj	per_subclass	L6b
H21.33.034	1	0.8030869097618337	randproj	per_subclass	L6b
H21.33.035	1	0.5429113824974686	randproj	per_subclass	L6b
H21.33.036	1	0.8121715082983103	randproj	per_subclass	L6b
H21.33.037	0	0.7678342960756476	randproj	per_subclass	L6b
H21.33.038	0	0.8087978513580621	randproj	per_subclass	L6b
H21.33.039	1	0.8397668710347986	randproj	per_subclass	L6b
H21.33.040	1	0.8474015359633167	randproj	per_subclass	L6b
H21.33.041	0	0.7816159696311638	randproj	per_subclass	L6b
H21.33.042	1	0.7381981886568817	randproj	per_subclass	L6b
H21.33.043	0	0.8744835216440803	randproj	per_subclass	L6b
H21.33.044	1	0.9082591275360521	randproj	per_subclass	L6b
H21.33.045	1	0.9581899051001969	randproj	per_subclass	L6b
H21.33.046	1	0.8787204082476215	randproj	per_subclass	L6b
H21.33.047	1	0.32283723736997694	randproj	per_subclass	L6b
H19.33.004	0	0.8882810600616707	randproj	per_subclass	Lamp5
H20.33.001	0	0.7136799151342149	randproj	per_subclass	Lamp5
H20.33.002	0	0.5554741633919837	randproj	per_subclass	Lamp5
H20.33.004	1	0.8941371378923115	randproj	per_subclass	Lamp5
H20.33.005	1	0.7623810682950165	randproj	per_subclass	Lamp5
H20.33.008	1	0.8535417362242343	randproj	per_subclass	Lamp5
H20.33.011	1	0.7438185244191858	randproj	per_subclass	Lamp5
H20.33.012	0	0.8585400190038743	randproj	per_subclass	Lamp5
H20.33.013	1	0.6613439714844941	randproj	per_subclass	Lamp5
H20.33.014	1	0.637900295275436	randproj	per_subclass	Lamp5
H20.33.015	1	0.7671724739969068	randproj	per_subclass	Lamp5
H20.33.016	1	0.870999915720209	randproj	per_subclass	Lamp5
H20.33.017	1	0.93309631084396	randproj	per_subclass	Lamp5
H20.33.018	1	0.9179892669887499	randproj	per_subclass	Lamp5
H20.33.019	1	0.8473625128368703	randproj	per_subclass	Lamp5
H20.33.020	1	0.8301070963452346	randproj	per_subclass	Lamp5
H20.33.024	1	0.4728429758614654	randproj	per_subclass	Lamp5
H20.33.025	1	0.5721363365115364	randproj	per_subclass	Lamp5
H20.33.026	1	0.7186807492576988	randproj	per_subclass	Lamp5
H20.33.027	1	0.5018180296483514	randproj	per_subclass	Lamp5
H20.33.028	1	0.8516087861555345	randproj	per_subclass	Lamp5
H20.33.029	1	0.8656871390251343	randproj	per_subclass	Lamp5
H20.33.030	1	0.7104767719090257	randproj	per_subclass	Lamp5
H20.33.031	1	0.5328473227574329	randproj	per_subclass	Lamp5
H20.33.032	1	0.7356470684796452	randproj	per_subclass	Lamp5
H20.33.033	1	0.9018102785276078	randproj	per_subclass	Lamp5
H20.33.034	1	0.42349430133026467	randproj	per_subclass	Lamp5
H20.33.035	0	0.8684858424820663	randproj	per_subclass	Lamp5
H20.33.036	1	0.9007153234108122	randproj	per_subclass	Lamp5
H20.33.037	1	0.9635056775902722	randproj	per_subclass	Lamp5
H20.33.038	1	0.9205065430209505	randproj	per_subclass	Lamp5
H20.33.039	1	0.6779439427591358	randproj	per_subclass	Lamp5
H20.33.040	1	0.8888197991362384	randproj	per_subclass	Lamp5
H20.33.041	1	0.7370395575657805	randproj	per_subclass	Lamp5
H20.33.043	1	0.15378382676720742	randproj	per_subclass	Lamp5
H20.33.044	0	0.7929288154679103	randproj	per_subclass	Lamp5
H20.33.045	1	0.8430429445866755	randproj	per_subclass	Lamp5
H20.33.046	1	0.9057851560775928	randproj	per_subclass	Lamp5
H21.33.001	0	0.2600051425179516	randproj	per_subclass	Lamp5
H21.33.002	1	0.8075292119556108	randproj	per_subclass	Lamp5
H21.33.003	0	0.7625942798189602	randproj	per_subclass	Lamp5
H21.33.004	0	0.8151769858299573	randproj	per_subclass	Lamp5
H21.33.005	1	0.8602043772749713	randproj	per_subclass	Lamp5
H21.33.006	1	0.8733417159864592	randproj	per_subclass	Lamp5
H21.33.007	1	0.7782523928003435	randproj	per_subclass	Lamp5
H21.33.008	1	0.7939499037914443	randproj	per_subclass	Lamp5
H21.33.009	1	0.8874467240946162	randproj	per_subclass	Lamp5
H21.33.010	1	0.9430875898238611	randproj	per_subclass	Lamp5
H21.33.011	0	0.41089694414993455	randproj	per_subclass	Lamp5
H21.33.012	1	0.638109081691313	randproj	per_subclass	Lamp5
H21.33.013	1	0.935179222847599	randproj	per_subclass	Lamp5
H21.33.014	1	0.5744370520809217	randproj	per_subclass	Lamp5
H21.33.015	0	0.39096816081034114	randproj	per_subclass	Lamp5
H21.33.016	0	0.6181455537626213	randproj	per_subclass	Lamp5
H21.33.017	1	0.858834048874234	randproj	per_subclass	Lamp5
H21.33.018	0	0.7666685552520847	randproj	per_subclass	Lamp5
H21.33.019	0	0.7247983999761406	randproj	per_subclass	Lamp5
H21.33.021	1	0.8641466394028485	randproj	per_subclass	Lamp5
H21.33.022	1	0.8329620826338495	randproj	per_subclass	Lamp5
H21.33.023	0	0.6278005717672898	randproj	per_subclass	Lamp5
H21.33.025	1	0.7758926293440697	randproj	per_subclass	Lamp5
H21.33.026	1	0.8214422690725787	randproj	per_subclass	Lamp5
H21.33.027	1	0.6178184556519989	randproj	per_subclass	Lamp5
H21.33.028	0	0.9324472096203635	randproj	per_subclass	Lamp5
H21.33.029	1	0.8699657434042187	randproj	per_subclass	Lamp5
H21.33.030	1	0.6710310888560771	randproj	per_subclass	Lamp5
H21.33.031	1	0.8583241997497348	randproj	per_subclass	Lamp5
H21.33.032	0	0.5471663550951756	randproj	per_subclass	Lamp5
H21.33.033	1	0.9359414606480809	randproj	per_subclass	Lamp5
H21.33.034	1	0.9474917177738253	randproj	per_subclass	Lamp5
H21.33.035	1	0.8722922765676697	randproj	per_subclass	Lamp5
H21.33.036	1	0.6205582531612486	randproj	per_subclass	Lamp5
H21.33.037	0	0.5429601190464001	randproj	per_subclass	Lamp5
H21.33.038	0	0.8828926590248317	randproj	per_subclass	Lamp5
H21.33.039	1	0.9157512683209807	randproj	per_subclass	Lamp5
H21.33.040	1	0.8951516046933865	randproj	per_subclass	Lamp5
H21.33.041	0	0.8376863006866884	randproj	per_subclass	Lamp5
H21.33.042	1	0.807644237107068	randproj	per_subclass	Lamp5
H21.33.043	0	0.8817568435436287	randproj	per_subclass	Lamp5
H21.33.044	1	0.9045114989897606	randproj	per_subclass	Lamp5
H21.33.045	1	0.8591013022610671	randproj	per_subclass	Lamp5
H21.33.046	1	0.7740787422787476	randproj	per_subclass	Lamp5
H21.33.047	1	0.44280871790791193	randproj	per_subclass	Lamp5
H19.33.004	0	0.9226236154137892	randproj	per_subclass	Lamp5 Lhx6
H20.33.001	0	0.7378288309266969	randproj	per_subclass	Lamp5 Lhx6
H20.33.002	0	0.6625236241678609	randproj	per_subclass	Lamp5 Lhx6
H20.33.004	1	0.6974147100917568	randproj	per_subclass	Lamp5 Lhx6
H20.33.005	1	0.7779323443221445	randproj	per_subclass	Lamp5 Lhx6
H20.33.008	1	0.836058041718565	randproj	per_subclass	Lamp5 Lhx6
H20.33.011	1	0.6326019940192464	randproj	per_subclass	Lamp5 Lhx6
H20.33.012	0	0.8316983320754237	randproj	per_subclass	Lamp5 Lhx6
H20.33.013	1	0.6625077097508422	randproj	per_subclass	Lamp5 Lhx6
H20.33.014	1	0.681745442086718	randproj	per_subclass	Lamp5 Lhx6
H20.33.015	1	0.9382361965054524	randproj	per_subclass	Lamp5 Lhx6
H20.33.016	1	0.7271428087115627	randproj	per_subclass	Lamp5 Lhx6
H20.33.017	1	0.7822261734240176	randproj	per_subclass	Lamp5 Lhx6
H20.33.018	1	0.9361384960451534	randproj	per_subclass	Lamp5 Lhx6
H20.33.019	1	0.8039732613195534	randproj	per_subclass	Lamp5 Lhx6
H20.33.020	1	0.8020214548232476	randproj	per_subclass	Lamp5 Lhx6
H20.33.024	1	0.6305413612951862	randproj	per_subclass	Lamp5 Lhx6
H20.33.025	1	0.4773301969986766	randproj	per_subclass	Lamp5 Lhx6
H20.33.026	1	0.8288853190855814	randproj	per_subclass	Lamp5 Lhx6
H20.33.027	1	0.5858759337395713	randproj	per_subclass	Lamp5 Lhx6
H20.33.028	1	0.7660956636067062	randproj	per_subclass	Lamp5 Lhx6
H20.33.029	1	0.5476762632743817	randproj	per_subclass	Lamp5 Lhx6
H20.33.030	1	0.7086167559536172	randproj	per_subclass	Lamp5 Lhx6
H20.33.031	1	0.5432240067939926	randproj	per_subclass	Lamp5 Lhx6
H20.33.032	1	0.5196599471433866	randproj	per_subclass	Lamp5 Lhx6
H20.33.033	1	0.9280777981228093	randproj	per_subclass	Lamp5 Lhx6
H20.33.034	1	0.7617670809810428	randproj	per_subclass	Lamp5 Lhx6
H20.33.035	0	0.6500124822650389	randproj	per_subclass	Lamp5 Lhx6
H20.33.036	1	0.8132900277278537	randproj	per_subclass	Lamp5 Lhx6
H20.33.037	1	0.9126644251046357	randproj	per_subclass	Lamp5 Lhx6
H20.33.039	1	0.7581554044774622	randproj	per_subclass	Lamp5 Lhx6
H20.33.040	1	0.6503115110558169	randproj	per_subclass	Lamp5 Lhx6
H20.33.041	1	0.5846230296502901	randproj	per_subclass	Lamp5 Lhx6
H20.33.043	1	0.5748065302592948	randproj	per_subclass	Lamp5 Lhx6
H20.33.044	0	0.8355252449006161	randproj	per_subclass	Lamp5 Lhx6
H20.33.045	1	0.8612480324785213	randproj	per_subclass	Lamp5 Lhx6
H20.33.046	1	0.6986359126290939	randproj	per_subclass	Lamp5 Lhx6
H21.33.001	0	0.71556555348475	randproj	per_subclass	Lamp5 Lhx6
H21.33.002	1	0.8520559688242846	randproj	per_subclass	Lamp5 Lhx6
H21.33.003	0	0.7347137199549707	randproj	per_subclass	Lamp5 Lhx6
H21.33.004	0	0.7165982636888104	randproj	per_subclass	Lamp5 Lhx6
H21.33.005	1	0.7641689293757796	randproj	per_subclass	Lamp5 Lhx6
H21.33.006	1	0.8145132222388792	randproj	per_subclass	Lamp5 Lhx6
H21.33.007	1	0.8697099179984639	randproj	per_subclass	Lamp5 Lhx6
H21.33.008	1	0.9442122176346579	randproj	per_subclass	Lamp5 Lhx6
H21.33.009	1	0.916707615441959	randproj	per_subclass	Lamp5 Lhx6
H21.33.010	1	0.8837614530205877	randproj	per_subclass	Lamp5 Lhx6
H21.33.011	0	0.7383661007108213	randproj	per_subclass	Lamp5 Lhx6
H21.33.012	1	0.7895835839759837	randproj	per_subclass	Lamp5 Lhx6
H21.33.013	1	0.8728751482625299	randproj	per_subclass	Lamp5 Lhx6
H21.33.014	1	0.5560439574785928	randproj	per_subclass	Lamp5 Lhx6
H21.33.015	0	0.5567291716858148	randproj	per_subclass	Lamp5 Lhx6
H21.33.016	0	0.8396089458105722	randproj	per_subclass	Lamp5 Lhx6
H21.33.017	1	0.9056496279260979	randproj	per_subclass	Lamp5 Lhx6
H21.33.018	0	0.944365378461281	randproj	per_subclass	Lamp5 Lhx6
H21.33.019	0	0.46561605324113364	randproj	per_subclass	Lamp5 Lhx6
H21.33.021	1	0.8605229901393517	randproj	per_subclass	Lamp5 Lhx6
H21.33.022	1	0.6993877716285191	randproj	per_subclass	Lamp5 Lhx6
H21.33.023	0	0.8182537381023517	randproj	per_subclass	Lamp5 Lhx6
H21.33.025	1	0.6237362686307352	randproj	per_subclass	Lamp5 Lhx6
H21.33.026	1	0.6033397224684235	randproj	per_subclass	Lamp5 Lhx6
H21.33.027	1	0.4677716435563789	randproj	per_subclass	Lamp5 Lhx6
H21.33.028	0	0.8274219495310821	randproj	per_subclass	Lamp5 Lhx6
H21.33.029	1	0.6735350827944024	randproj	per_subclass	Lamp5 Lhx6
H21.33.030	1	0.7162893991233182	randproj	per_subclass	Lamp5 Lhx6
H21.33.031	1	0.6988492348565455	randproj	per_subclass	Lamp5 Lhx6
H21.33.032	0	0.7010210996941566	randproj	per_subclass	Lamp5 Lhx6
H21.33.033	1	0.8423863136419248	randproj	per_subclass	Lamp5 Lhx6
H21.33.034	1	0.90105605301198	randproj	per_subclass	Lamp5 Lhx6
H21.33.035	1	0.6483711923014253	randproj	per_subclass	Lamp5 Lhx6
H21.33.036	1	0.619802325877963	randproj	per_subclass	Lamp5 Lhx6
H21.33.037	0	0.7946612486778319	randproj	per_subclass	Lamp5 Lhx6
H21.33.038	0	0.8723959341181994	randproj	per_subclass	Lamp5 Lhx6
H21.33.039	1	0.8725880421755063	randproj	per_subclass	Lamp5 Lhx6
H21.33.040	1	0.8982528727625176	randproj	per_subclass	Lamp5 Lhx6
H21.33.041	0	0.8162034922658107	randproj	per_subclass	Lamp5 Lhx6
H21.33.042	1	0.7549276922968453	randproj	per_subclass	Lamp5 Lhx6
H21.33.043	0	0.8076337763345747	randproj	per_subclass	Lamp5 Lhx6
H21.33.044	1	0.906241787883072	randproj	per_subclass	Lamp5 Lhx6
H21.33.045	1	0.8326277859394988	randproj	per_subclass	Lamp5 Lhx6
H21.33.046	1	0.7891873683523025	randproj	per_subclass	Lamp5 Lhx6
H21.33.047	1	0.4910233997637423	randproj	per_subclass	Lamp5 Lhx6
H19.33.004	0	0.9295727521260175	randproj	per_subclass	OPC
H20.33.001	0	0.44807141348553586	randproj	per_subclass	OPC
H20.33.002	0	0.9032857873741758	randproj	per_subclass	OPC
H20.33.004	1	0.49607371092001673	randproj	per_subclass	OPC
H20.33.005	1	0.9020898720497439	randproj	per_subclass	OPC
H20.33.008	1	0.7505902106336612	randproj	per_subclass	OPC
H20.33.011	1	0.8954254329734429	randproj	per_subclass	OPC
H20.33.012	0	0.8445485787868556	randproj	per_subclass	OPC
H20.33.013	1	0.6677568829949181	randproj	per_subclass	OPC
H20.33.014	1	0.6601428834618643	randproj	per_subclass	OPC
H20.33.015	1	0.7401682324490233	randproj	per_subclass	OPC
H20.33.016	1	0.8860217365798609	randproj	per_subclass	OPC
H20.33.017	1	0.8921692428332321	randproj	per_subclass	OPC
H20.33.018	1	0.8566574054020162	randproj	per_subclass	OPC
H20.33.019	1	0.8474056644119667	randproj	per_subclass	OPC
H20.33.020	1	0.7530120872363906	randproj	per_subclass	OPC
H20.33.024	1	0.941599583570245	randproj	per_subclass	OPC
H20.33.025	1	0.825329072950576	randproj	per_subclass	OPC
H20.33.026	1	0.9572808306667699	randproj	per_subclass	OPC
H20.33.027	1	0.5536886216404078	randproj	per_subclass	OPC
H20.33.028	1	0.8143247456051146	randproj	per_subclass	OPC
H20.33.029	1	0.8879801421598085	randproj	per_subclass	OPC
H20.33.030	1	0.8463508827424986	randproj	per_subclass	OPC
H20.33.031	1	0.6856387154840778	randproj	per_subclass	OPC
H20.33.032	1	0.7334796693339181	randproj	per_subclass	OPC
H20.33.033	1	0.7719685788448128	randproj	per_subclass	OPC
H20.33.034	1	0.7300379263757054	randproj	per_subclass	OPC
H20.33.035	0	0.8853128186709469	randproj	per_subclass	OPC
H20.33.036	1	0.7177583215822777	randproj	per_subclass	OPC
H20.33.037	1	0.8656274528446961	randproj	per_subclass	OPC
H20.33.038	1	0.8400262475355257	randproj	per_subclass	OPC
H20.33.039	1	0.8558133111845138	randproj	per_subclass	OPC
H20.33.040	1	0.9159972267943924	randproj	per_subclass	OPC
H20.33.041	1	0.8680672002012632	randproj	per_subclass	OPC
H20.33.043	1	0.570797440124967	randproj	per_subclass	OPC
H20.33.044	0	0.4209392012111068	randproj	per_subclass	OPC
H20.33.045	1	0.8583107613074532	randproj	per_subclass	OPC
H20.33.046	1	0.7160675040258255	randproj	per_subclass	OPC
H21.33.001	0	0.3499691203691203	randproj	per_subclass	OPC
H21.33.002	1	0.8776193459004789	randproj	per_subclass	OPC
H21.33.003	0	0.8305895763439182	randproj	per_subclass	OPC
H21.33.004	0	0.6342575757799699	randproj	per_subclass	OPC
H21.33.005	1	0.7239873929453923	randproj	per_subclass	OPC
H21.33.006	1	0.6678243822540023	randproj	per_subclass	OPC
H21.33.007	1	0.5545620970945235	randproj	per_subclass	OPC
H21.33.008	1	0.7934755326723282	randproj	per_subclass	OPC
H21.33.009	1	0.8901190863300952	randproj	per_subclass	OPC
H21.33.010	1	0.7867818589882962	randproj	per_subclass	OPC
H21.33.011	0	0.6682304628343904	randproj	per_subclass	OPC
H21.33.012	1	0.6574184355867653	randproj	per_subclass	OPC
H21.33.013	1	0.8015746280764018	randproj	per_subclass	OPC
H21.33.014	1	0.8736505208019676	randproj	per_subclass	OPC
H21.33.015	0	0.4000503813298272	randproj	per_subclass	OPC
H21.33.016	0	0.7146353200825938	randproj	per_subclass	OPC
H21.33.017	1	0.8703538508150107	randproj	per_subclass	OPC
H21.33.018	0	0.7975521984749017	randproj	per_subclass	OPC
H21.33.019	0	0.7667224120630063	randproj	per_subclass	OPC
H21.33.020	1	0.8222119022904704	randproj	per_subclass	OPC
H21.33.021	1	0.8855007169389703	randproj	per_subclass	OPC
H21.33.022	1	0.5078436339355992	randproj	per_subclass	OPC
H21.33.023	0	0.8481221696895634	randproj	per_subclass	OPC
H21.33.025	1	0.7728933141828485	randproj	per_subclass	OPC
H21.33.026	1	0.6649983198032454	randproj	per_subclass	OPC
H21.33.027	1	0.9306514609558162	randproj	per_subclass	OPC
H21.33.028	0	0.7783226202598201	randproj	per_subclass	OPC
H21.33.029	1	0.8056488143595921	randproj	per_subclass	OPC
H21.33.030	1	0.5480912257455044	randproj	per_subclass	OPC
H21.33.031	1	0.6488801647865714	randproj	per_subclass	OPC
H21.33.032	0	0.8893590378801454	randproj	per_subclass	OPC
H21.33.033	1	0.7474852673662179	randproj	per_subclass	OPC
H21.33.034	1	0.8091638706001065	randproj	per_subclass	OPC
H21.33.035	1	0.7593504234442227	randproj	per_subclass	OPC
H21.33.036	1	0.5756292728999687	randproj	per_subclass	OPC
H21.33.037	0	0.7426312449142569	randproj	per_subclass	OPC
H21.33.038	0	0.8199907944079248	randproj	per_subclass	OPC
H21.33.039	1	0.8514864445253195	randproj	per_subclass	OPC
H21.33.040	1	0.543985019106041	randproj	per_subclass	OPC
H21.33.041	0	0.8496120441175197	randproj	per_subclass	OPC
H21.33.042	1	0.7752303586262528	randproj	per_subclass	OPC
H21.33.043	0	0.9035993370206171	randproj	per_subclass	OPC
H21.33.044	1	0.7411652177928227	randproj	per_subclass	OPC
H21.33.045	1	0.8600355813659295	randproj	per_subclass	OPC
H21.33.046	1	0.6288421373220274	randproj	per_subclass	OPC
H21.33.047	1	0.836433129984421	randproj	per_subclass	OPC
H19.33.004	0	0.9836717326827463	randproj	per_subclass	Oligodendrocyte
H20.33.001	0	0.9136420115098041	randproj	per_subclass	Oligodendrocyte
H20.33.002	0	0.41856970584495584	randproj	per_subclass	Oligodendrocyte
H20.33.004	1	0.44784714654983615	randproj	per_subclass	Oligodendrocyte
H20.33.005	1	0.7297467914664156	randproj	per_subclass	Oligodendrocyte
H20.33.008	1	0.3094596760528248	randproj	per_subclass	Oligodendrocyte
H20.33.011	1	0.813602466762088	randproj	per_subclass	Oligodendrocyte
H20.33.012	0	0.7764425087167706	randproj	per_subclass	Oligodendrocyte
H20.33.013	1	0.7592697367691523	randproj	per_subclass	Oligodendrocyte
H20.33.014	1	0.5853845756321786	randproj	per_subclass	Oligodendrocyte
H20.33.015	1	0.8188525301911364	randproj	per_subclass	Oligodendrocyte
H20.33.016	1	0.6341487721241927	randproj	per_subclass	Oligodendrocyte
H20.33.017	1	0.9124375959706569	randproj	per_subclass	Oligodendrocyte
H20.33.018	1	0.8910936157311902	randproj	per_subclass	Oligodendrocyte
H20.33.019	1	0.8049916690507279	randproj	per_subclass	Oligodendrocyte
H20.33.020	1	0.9097203923073778	randproj	per_subclass	Oligodendrocyte
H20.33.024	1	0.2115473802732152	randproj	per_subclass	Oligodendrocyte
H20.33.025	1	0.8127152732095132	randproj	per_subclass	Oligodendrocyte
H20.33.026	1	0.7147179966639328	randproj	per_subclass	Oligodendrocyte
H20.33.027	1	0.807864206048056	randproj	per_subclass	Oligodendrocyte
H20.33.028	1	0.8731208716668665	randproj	per_subclass	Oligodendrocyte
H20.33.029	1	0.7973842327983209	randproj	per_subclass	Oligodendrocyte
H20.33.030	1	0.7867437542853574	randproj	per_subclass	Oligodendrocyte
H20.33.031	1	0.3469728265167111	randproj	per_subclass	Oligodendrocyte
H20.33.032	1	0.7040588787819813	randproj	per_subclass	Oligodendrocyte
H20.33.033	1	0.9327104311273068	randproj	per_subclass	Oligodendrocyte
H20.33.034	1	0.7782458012490677	randproj	per_subclass	Oligodendrocyte
H20.33.035	0	0.7320423921793864	randproj	per_subclass	Oligodendrocyte
H20.33.036	1	0.890316708436079	randproj	per_subclass	Oligodendrocyte
H20.33.037	1	0.9760953337967836	randproj	per_subclass	Oligodendrocyte
H20.33.038	1	0.8338116768029211	randproj	per_subclass	Oligodendrocyte
H20.33.039	1	0.7169537740795261	randproj	per_subclass	Oligodendrocyte
H20.33.040	1	0.930925416619463	randproj	per_subclass	Oligodendrocyte
H20.33.041	1	0.8455234230743212	randproj	per_subclass	Oligodendrocyte
H20.33.043	1	0.6923822709807455	randproj	per_subclass	Oligodendrocyte
H20.33.044	0	0.7211264184235774	randproj	per_subclass	Oligodendrocyte
H20.33.045	1	0.9238246507376155	randproj	per_subclass	Oligodendrocyte
H20.33.046	1	0.9745687100433628	randproj	per_subclass	Oligodendrocyte
H21.33.001	0	0.582720388863145	randproj	per_subclass	Oligodendrocyte
H21.33.002	1	0.8862444072566266	randproj	per_subclass	Oligodendrocyte
H21.33.003	0	0.7842436285325368	randproj	per_subclass	Oligodendrocyte
H21.33.004	0	0.4474140279443712	randproj	per_subclass	Oligodendrocyte
H21.33.005	1	0.8782473385758941	randproj	per_subclass	Oligodendrocyte
H21.33.006	1	0.7614438450303185	randproj	per_subclass	Oligodendrocyte
H21.33.007	1	0.9625806551306422	randproj	per_subclass	Oligodendrocyte
H21.33.008	1	0.7256365510179806	randproj	per_subclass	Oligodendrocyte
H21.33.009	1	0.9762424495689084	randproj	per_subclass	Oligodendrocyte
H21.33.010	1	0.8559076717241927	randproj	per_subclass	Oligodendrocyte
H21.33.011	0	0.7183176584987423	randproj	per_subclass	Oligodendrocyte
H21.33.012	1	0.40738251663836583	randproj	per_subclass	Oligodendrocyte
H21.33.013	1	0.9698307341829814	randproj	per_subclass	Oligodendrocyte
H21.33.014	1	0.6054805795522873	randproj	per_subclass	Oligodendrocyte
H21.33.015	0	0.7255463586581253	randproj	per_subclass	Oligodendrocyte
H21.33.016	0	0.6758776183199849	randproj	per_subclass	Oligodendrocyte
H21.33.017	1	0.8006435107439225	randproj	per_subclass	Oligodendrocyte
H21.33.018	0	0.8662867822204353	randproj	per_subclass	Oligodendrocyte
H21.33.019	0	0.8495609992524878	randproj	per_subclass	Oligodendrocyte
H21.33.020	1	0.9533089953390824	randproj	per_subclass	Oligodendrocyte
H21.33.021	1	0.8787453604457964	randproj	per_subclass	Oligodendrocyte
H21.33.022	1	0.6934523825893074	randproj	per_subclass	Oligodendrocyte
H21.33.023	0	0.5943273182400157	randproj	per_subclass	Oligodendrocyte
H21.33.025	1	0.7129955106448758	randproj	per_subclass	Oligodendrocyte
H21.33.026	1	0.5781785487505028	randproj	per_subclass	Oligodendrocyte
H21.33.027	1	0.9152640189739362	randproj	per_subclass	Oligodendrocyte
H21.33.028	0	0.8193404639981987	randproj	per_subclass	Oligodendrocyte
H21.33.029	1	0.8470852743837562	randproj	per_subclass	Oligodendrocyte
H21.33.030	1	0.6160331732204626	randproj	per_subclass	Oligodendrocyte
H21.33.031	1	0.7513100681756197	randproj	per_subclass	Oligodendrocyte
H21.33.032	0	0.49102256367787467	randproj	per_subclass	Oligodendrocyte
H21.33.033	1	0.806084144296387	randproj	per_subclass	Oligodendrocyte
H21.33.034	1	0.9879665247280176	randproj	per_subclass	Oligodendrocyte
H21.33.035	1	0.7571586035436888	randproj	per_subclass	Oligodendrocyte
H21.33.036	1	0.36298054989343886	randproj	per_subclass	Oligodendrocyte
H21.33.037	0	0.736767202167442	randproj	per_subclass	Oligodendrocyte
H21.33.038	0	0.8099013865918536	randproj	per_subclass	Oligodendrocyte
H21.33.039	1	0.8940907350673077	randproj	per_subclass	Oligodendrocyte
H21.33.040	1	0.777780988445242	randproj	per_subclass	Oligodendrocyte
H21.33.041	0	0.6614929225903647	randproj	per_subclass	Oligodendrocyte
H21.33.042	1	0.7660234648630107	randproj	per_subclass	Oligodendrocyte
H21.33.043	0	0.8086611789788904	randproj	per_subclass	Oligodendrocyte
H21.33.044	1	0.7607342072209471	randproj	per_subclass	Oligodendrocyte
H21.33.045	1	0.9708415010464625	randproj	per_subclass	Oligodendrocyte
H21.33.046	1	0.9578374348974563	randproj	per_subclass	Oligodendrocyte
H21.33.047	1	0.6204933139221087	randproj	per_subclass	Oligodendrocyte
H19.33.004	0	0.8706025243307295	randproj	per_subclass	Pax6
H20.33.001	0	0.528171023118126	randproj	per_subclass	Pax6
H20.33.002	0	0.645421365848631	randproj	per_subclass	Pax6
H20.33.004	1	0.5478916391507258	randproj	per_subclass	Pax6
H20.33.005	1	0.7318769240123794	randproj	per_subclass	Pax6
H20.33.008	1	0.8103691626426125	randproj	per_subclass	Pax6
H20.33.011	1	0.7051031956517197	randproj	per_subclass	Pax6
H20.33.012	0	0.775007075868726	randproj	per_subclass	Pax6
H20.33.013	1	0.704061554731094	randproj	per_subclass	Pax6
H20.33.014	1	0.7878323197894055	randproj	per_subclass	Pax6
H20.33.015	1	0.8676756730576984	randproj	per_subclass	Pax6
H20.33.016	1	0.6880587565241009	randproj	per_subclass	Pax6
H20.33.017	1	0.9023493961744148	randproj	per_subclass	Pax6
H20.33.018	1	0.9046416807989306	randproj	per_subclass	Pax6
H20.33.019	1	0.7771038328007089	randproj	per_subclass	Pax6
H20.33.020	1	0.9055911164993503	randproj	per_subclass	Pax6
H20.33.024	1	0.4204397784317898	randproj	per_subclass	Pax6
H20.33.025	1	0.5878821676632707	randproj	per_subclass	Pax6
H20.33.026	1	0.9132048808428527	randproj	per_subclass	Pax6
H20.33.027	1	0.6959771520373812	randproj	per_subclass	Pax6
H20.33.028	1	0.810502184097883	randproj	per_subclass	Pax6
H20.33.029	1	0.6772186998299712	randproj	per_subclass	Pax6
H20.33.030	1	0.7424031010722334	randproj	per_subclass	Pax6
H20.33.031	1	0.746562509486059	randproj	per_subclass	Pax6
H20.33.032	1	0.4573126451275539	randproj	per_subclass	Pax6
H20.33.033	1	0.9166698545561858	randproj	per_subclass	Pax6
H20.33.034	1	0.559334390766729	randproj	per_subclass	Pax6
H20.33.035	0	0.5210337477224953	randproj	per_subclass	Pax6
H20.33.036	1	0.9559451742761598	randproj	per_subclass	Pax6
H20.33.037	1	0.918948415763575	randproj	per_subclass	Pax6
H20.33.039	1	0.7456964607000937	randproj	per_subclass	Pax6
H20.33.040	1	0.8312958932723861	randproj	per_subclass	Pax6
H20.33.041	1	0.7192502869596777	randproj	per_subclass	Pax6
H20.33.043	1	0.5570610990944831	randproj	per_subclass	Pax6
H20.33.044	0	0.776583338823893	randproj	per_subclass	Pax6
H20.33.045	1	0.48955386364827713	randproj	per_subclass	Pax6
H20.33.046	1	0.7710285312165303	randproj	per_subclass	Pax6
H21.33.001	0	0.46547611605661193	randproj	per_subclass	Pax6
H21.33.002	1	0.7064458282925283	randproj	per_subclass	Pax6
H21.33.003	0	0.7854182201228307	randproj	per_subclass	Pax6
H21.33.004	0	0.7024473904177627	randproj	per_subclass	Pax6
H21.33.005	1	0.8128986739836858	randproj	per_subclass	Pax6
H21.33.006	1	0.5716628727783145	randproj	per_subclass	Pax6
H21.33.007	1	0.7089058156543367	randproj	per_subclass	Pax6
H21.33.008	1	0.8846338424583722	randproj	per_subclass	Pax6
H21.33.009	1	0.878147762248173	randproj	per_subclass	Pax6
H21.33.010	1	0.7762126111656753	randproj	per_subclass	Pax6
H21.33.011	0	0.5644747769417833	randproj	per_subclass	Pax6
H21.33.012	1	0.7904396019709945	randproj	per_subclass	Pax6
H21.33.013	1	0.8091575386640348	randproj	per_subclass	Pax6
H21.33.014	1	0.4137665691819106	randproj	per_subclass	Pax6
H21.33.015	0	0.4727092232025907	randproj	per_subclass	Pax6
H21.33.016	0	0.6715134489245367	randproj	per_subclass	Pax6
H21.33.017	1	0.8980271646342926	randproj	per_subclass	Pax6
H21.33.018	0	0.8926757910793135	randproj	per_subclass	Pax6
H21.33.019	0	0.7108515515375032	randproj	per_subclass	Pax6
H21.33.021	1	0.7935070531522629	randproj	per_subclass	Pax6
H21.33.022	1	0.6222685731949783	randproj	per_subclass	Pax6
H21.33.023	0	0.7917580551670591	randproj	per_subclass	Pax6
H21.33.025	1	0.7805381772853155	randproj	per_subclass	Pax6
H21.33.026	1	0.7461853380792849	randproj	per_subclass	Pax6
H21.33.027	1	0.6265292522823253	randproj	per_subclass	Pax6
H21.33.028	0	0.954611646456922	randproj	per_subclass	Pax6
H21.33.029	1	0.767361473908968	randproj	per_subclass	Pax6
H21.33.030	1	0.7756176473184857	randproj	per_subclass	Pax6
H21.33.031	1	0.5526206969578593	randproj	per_subclass	Pax6
H21.33.032	0	0.5655956051103186	randproj	per_subclass	Pax6
H21.33.033	1	0.8891108003042009	randproj	per_subclass	Pax6
H21.33.034	1	0.9632706310095619	randproj	per_subclass	Pax6
H21.33.035	1	0.7311481441352667	randproj	per_subclass	Pax6
H21.33.036	1	0.5789204508468769	randproj	per_subclass	Pax6
H21.33.037	0	0.6253059261686156	randproj	per_subclass	Pax6
H21.33.038	0	0.8130408382856636	randproj	per_subclass	Pax6
H21.33.039	1	0.8894781350170755	randproj	per_subclass	Pax6
H21.33.040	1	0.9408407342169915	randproj	per_subclass	Pax6
H21.33.041	0	0.8899645611904468	randproj	per_subclass	Pax6
H21.33.042	1	0.8309320802595481	randproj	per_subclass	Pax6
H21.33.043	0	0.8143453807930641	randproj	per_subclass	Pax6
H21.33.044	1	0.8821418331848415	randproj	per_subclass	Pax6
H21.33.045	1	0.9363961204788044	randproj	per_subclass	Pax6
H21.33.046	1	0.8144436016128636	randproj	per_subclass	Pax6
H21.33.047	1	0.48678265646002805	randproj	per_subclass	Pax6
H19.33.004	0	0.8454286097857416	randproj	per_subclass	Pvalb
H20.33.001	0	0.9185769511559652	randproj	per_subclass	Pvalb
H20.33.002	0	0.5397158329265241	randproj	per_subclass	Pvalb
H20.33.004	1	0.8100119806744186	randproj	per_subclass	Pvalb
H20.33.005	1	0.9224720862716854	randproj	per_subclass	Pvalb
H20.33.008	1	0.687751707831524	randproj	per_subclass	Pvalb
H20.33.011	1	0.379790820973002	randproj	per_subclass	Pvalb
H20.33.012	0	0.7656870029490683	randproj	per_subclass	Pvalb
H20.33.013	1	0.8330831193570101	randproj	per_subclass	Pvalb
H20.33.014	1	0.37717799081972925	randproj	per_subclass	Pvalb
H20.33.015	1	0.8694252223567197	randproj	per_subclass	Pvalb
H20.33.016	1	0.8172012535747015	randproj	per_subclass	Pvalb
H20.33.017	1	0.8862502611070969	randproj	per_subclass	Pvalb
H20.33.018	1	0.8794934478718508	randproj	per_subclass	Pvalb
H20.33.019	1	0.8008414849188291	randproj	per_subclass	Pvalb
H20.33.020	1	0.9276776445382909	randproj	per_subclass	Pvalb
H20.33.024	1	0.6013740593959372	randproj	per_subclass	Pvalb
H20.33.025	1	0.6149073995822197	randproj	per_subclass	Pvalb
H20.33.026	1	0.7319456121591862	randproj	per_subclass	Pvalb
H20.33.027	1	0.6143297367205417	randproj	per_subclass	Pvalb
H20.33.028	1	0.9271052407522056	randproj	per_subclass	Pvalb
H20.33.029	1	0.66446352711915	randproj	per_subclass	Pvalb
H20.33.030	1	0.7189535250934677	randproj	per_subclass	Pvalb
H20.33.031	1	0.3540320351424717	randproj	per_subclass	Pvalb
H20.33.032	1	0.7857023437161326	randproj	per_subclass	Pvalb
H20.33.033	1	0.8758895589498753	randproj	per_subclass	Pvalb
H20.33.034	1	0.6220774288333627	randproj	per_subclass	Pvalb
H20.33.035	0	0.8160911515687799	randproj	per_subclass	Pvalb
H20.33.036	1	0.8394416510487483	randproj	per_subclass	Pvalb
H20.33.037	1	0.9192666812528408	randproj	per_subclass	Pvalb
H20.33.038	1	0.7727616204743627	randproj	per_subclass	Pvalb
H20.33.039	1	0.6954048782014779	randproj	per_subclass	Pvalb
H20.33.040	1	0.8869110492110062	randproj	per_subclass	Pvalb
H20.33.041	1	0.6471625685825673	randproj	per_subclass	Pvalb
H20.33.043	1	0.6011604441883304	randproj	per_subclass	Pvalb
H20.33.044	0	0.7692395188715665	randproj	per_subclass	Pvalb
H20.33.045	1	0.8300322360461914	randproj	per_subclass	Pvalb
H20.33.046	1	0.8742269407641793	randproj	per_subclass	Pvalb
H21.33.001	0	0.7748917725318021	randproj	per_subclass	Pvalb
H21.33.002	1	0.6544761068013312	randproj	per_subclass	Pvalb
H21.33.003	0	0.822634736268796	randproj	per_subclass	Pvalb
H21.33.004	0	0.6468600560080635	randproj	per_subclass	Pvalb
H21.33.005	1	0.8869513718390358	randproj	per_subclass	Pvalb
H21.33.006	1	0.6832218106989292	randproj	per_subclass	Pvalb
H21.33.007	1	0.8452465160746705	randproj	per_subclass	Pvalb
H21.33.008	1	0.7101192299091501	randproj	per_subclass	Pvalb
H21.33.009	1	0.860102404214318	randproj	per_subclass	Pvalb
H21.33.010	1	0.8211937988755297	randproj	per_subclass	Pvalb
H21.33.011	0	0.7000630312243162	randproj	per_subclass	Pvalb
H21.33.012	1	0.7789150746432141	randproj	per_subclass	Pvalb
H21.33.013	1	0.8382923116751118	randproj	per_subclass	Pvalb
H21.33.014	1	0.7445948256590219	randproj	per_subclass	Pvalb
H21.33.015	0	0.5922978539720094	randproj	per_subclass	Pvalb
H21.33.016	0	0.7667366777389537	randproj	per_subclass	Pvalb
H21.33.017	1	0.746560461140255	randproj	per_subclass	Pvalb
H21.33.018	0	0.7790574512786157	randproj	per_subclass	Pvalb
H21.33.019	0	0.8375043421948238	randproj	per_subclass	Pvalb
H21.33.021	1	0.8369639401015757	randproj	per_subclass	Pvalb
H21.33.022	1	0.7168324808404913	randproj	per_subclass	Pvalb
H21.33.023	0	0.7345780977127454	randproj	per_subclass	Pvalb
H21.33.025	1	0.6717895713969954	randproj	per_subclass	Pvalb
H21.33.026	1	0.7415374944745057	randproj	per_subclass	Pvalb
H21.33.027	1	0.6836509060363993	randproj	per_subclass	Pvalb
H21.33.028	0	0.8889942081220085	randproj	per_subclass	Pvalb
H21.33.029	1	0.9338303887232915	randproj	per_subclass	Pvalb
H21.33.030	1	0.7026246557584863	randproj	per_subclass	Pvalb
H21.33.031	1	0.7649191507093814	randproj	per_subclass	Pvalb
H21.33.032	0	0.5477789080929397	randproj	per_subclass	Pvalb
H21.33.033	1	0.8309718601151088	randproj	per_subclass	Pvalb
H21.33.034	1	0.8655712186667524	randproj	per_subclass	Pvalb
H21.33.035	1	0.7275824935536386	randproj	per_subclass	Pvalb
H21.33.036	1	0.7635363103896425	randproj	per_subclass	Pvalb
H21.33.037	0	0.7643277739956076	randproj	per_subclass	Pvalb
H21.33.038	0	0.8178725497514645	randproj	per_subclass	Pvalb
H21.33.039	1	0.8976713368846946	randproj	per_subclass	Pvalb
H21.33.040	1	0.8019152673132168	randproj	per_subclass	Pvalb
H21.33.041	0	0.8160627540931726	randproj	per_subclass	Pvalb
H21.33.042	1	0.8502020024169301	randproj	per_subclass	Pvalb
H21.33.043	0	0.7137641977449205	randproj	per_subclass	Pvalb
H21.33.044	1	0.773043106668118	randproj	per_subclass	Pvalb
H21.33.045	1	0.917332157352666	randproj	per_subclass	Pvalb
H21.33.046	1	0.9153969449570717	randproj	per_subclass	Pvalb
H21.33.047	1	0.4174439368721773	randproj	per_subclass	Pvalb
H19.33.004	0	0.7147266128716742	randproj	per_subclass	Sncg
H20.33.001	0	0.916601159413274	randproj	per_subclass	Sncg
H20.33.002	0	0.7185146771663884	randproj	per_subclass	Sncg
H20.33.004	1	0.6855053877909902	randproj	per_subclass	Sncg
H20.33.005	1	0.7734083427270031	randproj	per_subclass	Sncg
H20.33.008	1	0.9582795133473025	randproj	per_subclass	Sncg
H20.33.011	1	0.5420843032274089	randproj	per_subclass	Sncg
H20.33.012	0	0.8211954171355591	randproj	per_subclass	Sncg
H20.33.013	1	0.886452247878158	randproj	per_subclass	Sncg
H20.33.014	1	0.514868289171124	randproj	per_subclass	Sncg
H20.33.015	1	0.8398587345774583	randproj	per_subclass	Sncg
H20.33.016	1	0.6041995334407521	randproj	per_subclass	Sncg
H20.33.017	1	0.8926893203814045	randproj	per_subclass	Sncg
H20.33.018	1	0.8364721050604317	randproj	per_subclass	Sncg
H20.33.019	1	0.8068028394407879	randproj	per_subclass	Sncg
H20.33.020	1	0.9624335241608926	randproj	per_subclass	Sncg
H20.33.024	1	0.8266629639667713	randproj	per_subclass	Sncg
H20.33.025	1	0.7115749730608715	randproj	per_subclass	Sncg
H20.33.026	1	0.8172547415863406	randproj	per_subclass	Sncg
H20.33.027	1	0.5273808103309022	randproj	per_subclass	Sncg
H20.33.028	1	0.933434762770187	randproj	per_subclass	Sncg
H20.33.029	1	0.9059088590494028	randproj	per_subclass	Sncg
H20.33.030	1	0.7745030331970846	randproj	per_subclass	Sncg
H20.33.031	1	0.5994414054905366	randproj	per_subclass	Sncg
H20.33.032	1	0.7374655058290938	randproj	per_subclass	Sncg
H20.33.033	1	0.7903212328814726	randproj	per_subclass	Sncg
H20.33.034	1	0.6151453767629798	randproj	per_subclass	Sncg
H20.33.035	0	0.7337505742193311	randproj	per_subclass	Sncg
H20.33.036	1	0.8915363719979759	randproj	per_subclass	Sncg
H20.33.037	1	0.8803837992687266	randproj	per_subclass	Sncg
H20.33.038	1	0.9587479215199654	randproj	per_subclass	Sncg
H20.33.039	1	0.7102442567227202	randproj	per_subclass	Sncg
H20.33.040	1	0.9220993342383522	randproj	per_subclass	Sncg
H20.33.041	1	0.4681347514846282	randproj	per_subclass	Sncg
H20.33.043	1	0.4650219145210066	randproj	per_subclass	Sncg
H20.33.044	0	0.8424635875921075	randproj	per_subclass	Sncg
H20.33.045	1	0.8121996167778359	randproj	per_subclass	Sncg
H20.33.046	1	0.9048174054556328	randproj	per_subclass	Sncg
H21.33.001	0	0.566861624082202	randproj	per_subclass	Sncg
H21.33.002	1	0.7546766073358003	randproj	per_subclass	Sncg
H21.33.003	0	0.5390036508100048	randproj	per_subclass	Sncg
H21.33.004	0	0.5432896830042957	randproj	per_subclass	Sncg
H21.33.005	1	0.9212535649583847	randproj	per_subclass	Sncg
H21.33.006	1	0.7625895193161999	randproj	per_subclass	Sncg
H21.33.007	1	0.7991597637189537	randproj	per_subclass	Sncg
H21.33.008	1	0.7259641221621672	randproj	per_subclass	Sncg
H21.33.009	1	0.9290511093411593	randproj	per_subclass	Sncg
H21.33.010	1	0.7983506571453336	randproj	per_subclass	Sncg
H21.33.011	0	0.4753242237806813	randproj	per_subclass	Sncg
H21.33.012	1	0.692827198986828	randproj	per_subclass	Sncg
H21.33.013	1	0.9322788149809256	randproj	per_subclass	Sncg
H21.33.014	1	0.7185390655180978	randproj	per_subclass	Sncg
H21.33.015	0	0.463414039163142	randproj	per_subclass	Sncg
H21.33.016	0	0.6430803105766072	randproj	per_subclass	Sncg
H21.33.017	1	0.8551970030421063	randproj	per_subclass	Sncg
H21.33.018	0	0.707398843656552	randproj	per_subclass	Sncg
H21.33.019	0	0.8711100084932808	randproj	per_subclass	Sncg
H21.33.021	1	0.8194370837269271	randproj	per_subclass	Sncg
H21.33.022	1	0.7554504355142267	randproj	per_subclass	Sncg
H21.33.023	0	0.6219906323230298	randproj	per_subclass	Sncg
H21.33.025	1	0.7991475975532476	randproj	per_subclass	Sncg
H21.33.026	1	0.7512041462850119	randproj	per_subclass	Sncg
H21.33.027	1	0.4666419967898537	randproj	per_subclass	Sncg
H21.33.028	0	0.8441225946858584	randproj	per_subclass	Sncg
H21.33.029	1	0.842577448719215	randproj	per_subclass	Sncg
H21.33.030	1	0.6543313203918101	randproj	per_subclass	Sncg
H21.33.031	1	0.8587083068502169	randproj	per_subclass	Sncg
H21.33.032	0	0.8958148264349504	randproj	per_subclass	Sncg
H21.33.033	1	0.954267414740689	randproj	per_subclass	Sncg
H21.33.034	1	0.8359307005505056	randproj	per_subclass	Sncg
H21.33.035	1	0.7583585464503259	randproj	per_subclass	Sncg
H21.33.036	1	0.6786456898697775	randproj	per_subclass	Sncg
H21.33.037	0	0.7616907454561106	randproj	per_subclass	Sncg
H21.33.038	0	0.8046171457723492	randproj	per_subclass	Sncg
H21.33.039	1	0.7892460736791118	randproj	per_subclass	Sncg
H21.33.040	1	0.8409045827377424	randproj	per_subclass	Sncg
H21.33.041	0	0.8751286544407735	randproj	per_subclass	Sncg
H21.33.042	1	0.8989439898701033	randproj	per_subclass	Sncg
H21.33.043	0	0.8462436822667811	randproj	per_subclass	Sncg
H21.33.044	1	0.6998684221119199	randproj	per_subclass	Sncg
H21.33.045	1	0.7621471986931987	randproj	per_subclass	Sncg
H21.33.046	1	0.9517178104947185	randproj	per_subclass	Sncg
H21.33.047	1	0.681332553927488	randproj	per_subclass	Sncg
H19.33.004	0	0.8927084408765502	randproj	per_subclass	Sst
H20.33.001	0	0.8989041631327247	randproj	per_subclass	Sst
H20.33.002	0	0.6483018986661888	randproj	per_subclass	Sst
H20.33.004	1	0.8696377936746108	randproj	per_subclass	Sst
H20.33.005	1	0.8833159809666205	randproj	per_subclass	Sst
H20.33.008	1	0.9096129819011083	randproj	per_subclass	Sst
H20.33.011	1	0.6920323427575108	randproj	per_subclass	Sst
H20.33.012	0	0.937427217797751	randproj	per_subclass	Sst
H20.33.013	1	0.6603153798309647	randproj	per_subclass	Sst
H20.33.014	1	0.5716466601317789	randproj	per_subclass	Sst
H20.33.015	1	0.8818919777845592	randproj	per_subclass	Sst
H20.33.016	1	0.7000764175212786	randproj	per_subclass	Sst
H20.33.017	1	0.9216529087583865	randproj	per_subclass	Sst
H20.33.018	1	0.9638008134465478	randproj	per_subclass	Sst
H20.33.019	1	0.8679708696214172	randproj	per_subclass	Sst
H20.33.020	1	0.9027709418578397	randproj	per_subclass	Sst
H20.33.024	1	0.6832572366483797	randproj	per_subclass	Sst
H20.33.025	1	0.5853754049826295	randproj	per_subclass	Sst
H20.33.026	1	0.7772352058460583	randproj	per_subclass	Sst
H20.33.027	1	0.45002411666667647	randproj	per_subclass	Sst
H20.33.028	1	0.9530681761386202	randproj	per_subclass	Sst
H20.33.029	1	0.8225730983646133	randproj	per_subclass	Sst
H20.33.030	1	0.7437646306177499	randproj	per_subclass	Sst
H20.33.031	1	0.6382009668927979	randproj	per_subclass	Sst
H20.33.032	1	0.3989078756380404	randproj	per_subclass	Sst
H20.33.033	1	0.8506525251838605	randproj	per_subclass	Sst
H20.33.034	1	0.6842956778620133	randproj	per_subclass	Sst
H20.33.035	0	0.6902134355432488	randproj	per_subclass	Sst
H20.33.036	1	0.9373547466606833	randproj	per_subclass	Sst
H20.33.037	1	0.9276862751596239	randproj	per_subclass	Sst
H20.33.038	1	0.9650147903634629	randproj	per_subclass	Sst
H20.33.039	1	0.8811920229751875	randproj	per_subclass	Sst
H20.33.040	1	0.8679140288268931	randproj	per_subclass	Sst
H20.33.041	1	0.9659287608375834	randproj	per_subclass	Sst
H20.33.043	1	0.3724350922604497	randproj	per_subclass	Sst
H20.33.044	0	0.5157626507111532	randproj	per_subclass	Sst
H20.33.045	1	0.6386798148502594	randproj	per_subclass	Sst
H20.33.046	1	0.9249906725053467	randproj	per_subclass	Sst
H21.33.001	0	0.4838899762731817	randproj	per_subclass	Sst
H21.33.002	1	0.21720383571870708	randproj	per_subclass	Sst
H21.33.003	0	0.7224285857049526	randproj	per_subclass	Sst
H21.33.004	0	0.7353469793115144	randproj	per_subclass	Sst
H21.33.005	1	0.8982381482881536	randproj	per_subclass	Sst
H21.33.006	1	0.40344156244906726	randproj	per_subclass	Sst
H21.33.007	1	0.8187047091802651	randproj	per_subclass	Sst
H21.33.008	1	0.9308267657958877	randproj	per_subclass	Sst
H21.33.009	1	0.7666155300983645	randproj	per_subclass	Sst
H21.33.010	1	0.9049719619683982	randproj	per_subclass	Sst
H21.33.011	0	0.4043765951551843	randproj	per_subclass	Sst
H21.33.012	1	0.8648890735584676	randproj	per_subclass	Sst
H21.33.013	1	0.9284351321722368	randproj	per_subclass	Sst
H21.33.014	1	0.7618326575102188	randproj	per_subclass	Sst
H21.33.015	0	0.19851130133412642	randproj	per_subclass	Sst
H21.33.016	0	0.800944829838615	randproj	per_subclass	Sst
H21.33.017	1	0.6982433878449612	randproj	per_subclass	Sst
H21.33.018	0	0.8170694970641488	randproj	per_subclass	Sst
H21.33.019	0	0.7653066626105673	randproj	per_subclass	Sst
H21.33.021	1	0.9013019183574433	randproj	per_subclass	Sst
H21.33.022	1	0.8368383101980518	randproj	per_subclass	Sst
H21.33.023	0	0.8443180606632913	randproj	per_subclass	Sst
H21.33.025	1	0.8831789060064887	randproj	per_subclass	Sst
H21.33.026	1	0.9359184161056413	randproj	per_subclass	Sst
H21.33.027	1	0.36568300101882745	randproj	per_subclass	Sst
H21.33.028	0	0.48508891458588205	randproj	per_subclass	Sst
H21.33.029	1	0.8580698868070396	randproj	per_subclass	Sst
H21.33.030	1	0.6295615681978018	randproj	per_subclass	Sst
H21.33.031	1	0.45965808689474025	randproj	per_subclass	Sst
H21.33.032	0	0.43637329416348614	randproj	per_subclass	Sst
H21.33.033	1	0.8776935973627085	randproj	per_subclass	Sst
H21.33.034	1	0.935428685144647	randproj	per_subclass	Sst
H21.33.035	1	0.8455859272630984	randproj	per_subclass	Sst
H21.33.036	1	0.875999097551744	randproj	per_subclass	Sst
H21.33.037	0	0.46605537980863393	randproj	per_subclass	Sst
H21.33.038	0	0.8869988746262477	randproj	per_subclass	Sst
H21.33.039	1	0.9528858945949003	randproj	per_subclass	Sst
H21.33.040	1	0.8781302697337103	randproj	per_subclass	Sst
H21.33.041	0	0.8448569024737521	randproj	per_subclass	Sst
H21.33.042	1	0.8359502962886506	randproj	per_subclass	Sst
H21.33.043	0	0.6566540173112211	randproj	per_subclass	Sst
H21.33.044	1	0.7287862908531342	randproj	per_subclass	Sst
H21.33.045	1	0.9389024320743182	randproj	per_subclass	Sst
H21.33.046	1	0.7569596321901686	randproj	per_subclass	Sst
H21.33.047	1	0.8002777080861059	randproj	per_subclass	Sst
H19.33.004	0	0.8802559728772319	randproj	per_subclass	Sst Chodl
H20.33.001	0	0.6352094511905761	randproj	per_subclass	Sst Chodl
H20.33.002	0	0.6241490359136268	randproj	per_subclass	Sst Chodl
H20.33.004	1	0.8767403479364584	randproj	per_subclass	Sst Chodl
H20.33.005	1	0.8659573145947881	randproj	per_subclass	Sst Chodl
H20.33.008	1	0.8061089035448848	randproj	per_subclass	Sst Chodl
H20.33.011	1	0.7469361584575058	randproj	per_subclass	Sst Chodl
H20.33.013	1	0.5806726089609486	randproj	per_subclass	Sst Chodl
H20.33.014	1	0.6921822198335004	randproj	per_subclass	Sst Chodl
H20.33.015	1	0.7431861774266698	randproj	per_subclass	Sst Chodl
H20.33.016	1	0.6760835541178439	randproj	per_subclass	Sst Chodl
H20.33.017	1	0.9096808528139221	randproj	per_subclass	Sst Chodl
H20.33.018	1	0.8700636469908097	randproj	per_subclass	Sst Chodl
H20.33.019	1	0.7263268771865701	randproj	per_subclass	Sst Chodl
H20.33.020	1	0.6876203011870399	randproj	per_subclass	Sst Chodl
H20.33.024	1	0.7023148183366189	randproj	per_subclass	Sst Chodl
H20.33.025	1	0.8095693063613763	randproj	per_subclass	Sst Chodl
H20.33.026	1	0.6550141340231443	randproj	per_subclass	Sst Chodl
H20.33.027	1	0.8051366194450708	randproj	per_subclass	Sst Chodl
H20.33.029	1	0.7725568408601642	randproj	per_subclass	Sst Chodl
H20.33.030	1	0.8022369841150045	randproj	per_subclass	Sst Chodl
H20.33.031	1	0.7028490140093764	randproj	per_subclass	Sst Chodl
H20.33.032	1	0.8622973295594862	randproj	per_subclass	Sst Chodl
H20.33.034	1	0.7113292245694554	randproj	per_subclass	Sst Chodl
H20.33.035	0	0.5318511730284361	randproj	per_subclass	Sst Chodl
H20.33.039	1	0.9028390103772889	randproj	per_subclass	Sst Chodl
H20.33.040	1	0.6236209133491114	randproj	per_subclass	Sst Chodl
H20.33.041	1	0.8173145304145557	randproj	per_subclass	Sst Chodl
H20.33.043	1	0.8565475010865565	randproj	per_subclass	Sst Chodl
H20.33.044	0	0.6839927421827026	randproj	per_subclass	Sst Chodl
H21.33.001	0	0.5634972573047264	randproj	per_subclass	Sst Chodl
H21.33.002	1	0.4724471120564081	randproj	per_subclass	Sst Chodl
H21.33.003	0	0.44831732096182747	randproj	per_subclass	Sst Chodl
H21.33.004	0	0.5486812947798534	randproj	per_subclass	Sst Chodl
H21.33.006	1	0.4810726746199288	randproj	per_subclass	Sst Chodl
H21.33.007	1	0.8436028596354852	randproj	per_subclass	Sst Chodl
H21.33.008	1	0.7939673606605024	randproj	per_subclass	Sst Chodl
H21.33.010	1	0.9519097625872647	randproj	per_subclass	Sst Chodl
H21.33.011	0	0.6927311524162951	randproj	per_subclass	Sst Chodl
H21.33.012	1	0.8380188541559027	randproj	per_subclass	Sst Chodl
H21.33.013	1	0.8716317865260595	randproj	per_subclass	Sst Chodl
H21.33.014	1	0.7565510980614976	randproj	per_subclass	Sst Chodl
H21.33.015	0	0.4701392977036959	randproj	per_subclass	Sst Chodl
H21.33.016	0	0.927329304751795	randproj	per_subclass	Sst Chodl
H21.33.018	0	0.8796079593300019	randproj	per_subclass	Sst Chodl
H21.33.019	0	0.7266460965200162	randproj	per_subclass	Sst Chodl
H21.33.021	1	0.9063401965514263	randproj	per_subclass	Sst Chodl
H21.33.022	1	0.855252969518294	randproj	per_subclass	Sst Chodl
H21.33.023	0	0.6226598190703003	randproj	per_subclass	Sst Chodl
H21.33.025	1	0.8517625863349677	randproj	per_subclass	Sst Chodl
H21.33.026	1	0.5704662116035728	randproj	per_subclass	Sst Chodl
H21.33.027	1	0.615016962591777	randproj	per_subclass	Sst Chodl
H21.33.028	0	0.45019787361022734	randproj	per_subclass	Sst Chodl
H21.33.030	1	0.5434569908492931	randproj	per_subclass	Sst Chodl
H21.33.031	1	0.15828805330490145	randproj	per_subclass	Sst Chodl
H21.33.032	0	0.7839304371892365	randproj	per_subclass	Sst Chodl
H21.33.035	1	0.7346745147794318	randproj	per_subclass	Sst Chodl
H21.33.040	1	0.8591200178619701	randproj	per_subclass	Sst Chodl
H21.33.041	0	0.9267098828441963	randproj	per_subclass	Sst Chodl
H21.33.042	1	0.847109491257163	randproj	per_subclass	Sst Chodl
H21.33.043	0	0.6012057299549781	randproj	per_subclass	Sst Chodl
H21.33.047	1	0.4242922661289925	randproj	per_subclass	Sst Chodl
H19.33.004	0	0.9259635389103679	randproj	per_subclass	VLMC & Perivascular
H20.33.001	0	0.8359966808750189	randproj	per_subclass	VLMC & Perivascular
H20.33.002	0	0.5900530956524885	randproj	per_subclass	VLMC & Perivascular
H20.33.004	1	0.9015467302005746	randproj	per_subclass	VLMC & Perivascular
H20.33.005	1	0.32554834791037657	randproj	per_subclass	VLMC & Perivascular
H20.33.008	1	0.9560611497004878	randproj	per_subclass	VLMC & Perivascular
H20.33.011	1	0.9016538565793925	randproj	per_subclass	VLMC & Perivascular
H20.33.012	0	0.49617579481896923	randproj	per_subclass	VLMC & Perivascular
H20.33.013	1	0.737952728377022	randproj	per_subclass	VLMC & Perivascular
H20.33.014	1	0.6032538240760281	randproj	per_subclass	VLMC & Perivascular
H20.33.015	1	0.5213897342918783	randproj	per_subclass	VLMC & Perivascular
H20.33.016	1	0.9185850137732142	randproj	per_subclass	VLMC & Perivascular
H20.33.017	1	0.9853936855349676	randproj	per_subclass	VLMC & Perivascular
H20.33.018	1	0.9892500213986484	randproj	per_subclass	VLMC & Perivascular
H20.33.019	1	0.981861211225729	randproj	per_subclass	VLMC & Perivascular
H20.33.020	1	0.9351000235175109	randproj	per_subclass	VLMC & Perivascular
H20.33.024	1	0.5568169027075315	randproj	per_subclass	VLMC & Perivascular
H20.33.025	1	0.36388748002797594	randproj	per_subclass	VLMC & Perivascular
H20.33.026	1	0.9459769807562436	randproj	per_subclass	VLMC & Perivascular
H20.33.027	1	0.93776327305326	randproj	per_subclass	VLMC & Perivascular
H20.33.028	1	0.7371984439197935	randproj	per_subclass	VLMC & Perivascular
H20.33.029	1	0.8597644195573484	randproj	per_subclass	VLMC & Perivascular
H20.33.030	1	0.8712174981638423	randproj	per_subclass	VLMC & Perivascular
H20.33.031	1	0.7875134984177257	randproj	per_subclass	VLMC & Perivascular
H20.33.032	1	0.8694714265039171	randproj	per_subclass	VLMC & Perivascular
H20.33.033	1	0.7906098816224831	randproj	per_subclass	VLMC & Perivascular
H20.33.034	1	0.9311710901405921	randproj	per_subclass	VLMC & Perivascular
H20.33.035	0	0.77049565751391	randproj	per_subclass	VLMC & Perivascular
H20.33.036	1	0.9270009488669879	randproj	per_subclass	VLMC & Perivascular
H20.33.037	1	0.9957306717653409	randproj	per_subclass	VLMC & Perivascular
H20.33.038	1	0.9470572047371253	randproj	per_subclass	VLMC & Perivascular
H20.33.039	1	0.88967587865694	randproj	per_subclass	VLMC & Perivascular
H20.33.040	1	0.9317542853540048	randproj	per_subclass	VLMC & Perivascular
H20.33.041	1	0.5710127859708563	randproj	per_subclass	VLMC & Perivascular
H20.33.043	1	0.5716036727944424	randproj	per_subclass	VLMC & Perivascular
H20.33.044	0	0.656833369301285	randproj	per_subclass	VLMC & Perivascular
H20.33.045	1	0.8666431961983015	randproj	per_subclass	VLMC & Perivascular
H20.33.046	1	0.9789248746581787	randproj	per_subclass	VLMC & Perivascular
H21.33.001	0	0.5802648508031379	randproj	per_subclass	VLMC & Perivascular
H21.33.002	1	0.8301822908767532	randproj	per_subclass	VLMC & Perivascular
H21.33.003	0	0.7568401511978952	randproj	per_subclass	VLMC & Perivascular
H21.33.004	0	0.45883188461363744	randproj	per_subclass	VLMC & Perivascular
H21.33.005	1	0.973979079670633	randproj	per_subclass	VLMC & Perivascular
H21.33.006	1	0.7414787872355135	randproj	per_subclass	VLMC & Perivascular
H21.33.007	1	0.9319899633939898	randproj	per_subclass	VLMC & Perivascular
H21.33.008	1	0.649273151171623	randproj	per_subclass	VLMC & Perivascular
H21.33.009	1	0.47165909056788885	randproj	per_subclass	VLMC & Perivascular
H21.33.010	1	0.876188322674835	randproj	per_subclass	VLMC & Perivascular
H21.33.011	0	0.18366247724784296	randproj	per_subclass	VLMC & Perivascular
H21.33.012	1	0.9166345239333467	randproj	per_subclass	VLMC & Perivascular
H21.33.013	1	0.9262963112376136	randproj	per_subclass	VLMC & Perivascular
H21.33.014	1	0.7715453165205445	randproj	per_subclass	VLMC & Perivascular
H21.33.015	0	0.467379166996159	randproj	per_subclass	VLMC & Perivascular
H21.33.016	0	0.3008480726814957	randproj	per_subclass	VLMC & Perivascular
H21.33.017	1	0.7087286615696876	randproj	per_subclass	VLMC & Perivascular
H21.33.018	0	0.664895086692037	randproj	per_subclass	VLMC & Perivascular
H21.33.019	0	0.501842808556681	randproj	per_subclass	VLMC & Perivascular
H21.33.020	1	0.9320911285989923	randproj	per_subclass	VLMC & Perivascular
H21.33.021	1	0.8892809137191623	randproj	per_subclass	VLMC & Perivascular
H21.33.022	1	0.8183400436442196	randproj	per_subclass	VLMC & Perivascular
H21.33.023	0	0.805342969635156	randproj	per_subclass	VLMC & Perivascular
H21.33.025	1	0.5832247027565018	randproj	per_subclass	VLMC & Perivascular
H21.33.026	1	0.6915022971954051	randproj	per_subclass	VLMC & Perivascular
H21.33.027	1	0.7072489539503386	randproj	per_subclass	VLMC & Perivascular
H21.33.028	0	0.7032354616541554	randproj	per_subclass	VLMC & Perivascular
H21.33.029	1	0.9947021468077706	randproj	per_subclass	VLMC & Perivascular
H21.33.030	1	0.9075474415811129	randproj	per_subclass	VLMC & Perivascular
H21.33.031	1	0.646925531048925	randproj	per_subclass	VLMC & Perivascular
H21.33.032	0	0.5491256122842094	randproj	per_subclass	VLMC & Perivascular
H21.33.033	1	0.9402530849025711	randproj	per_subclass	VLMC & Perivascular
H21.33.034	1	0.9811771647055897	randproj	per_subclass	VLMC & Perivascular
H21.33.035	1	0.7921260391438641	randproj	per_subclass	VLMC & Perivascular
H21.33.036	1	0.31976771175616797	randproj	per_subclass	VLMC & Perivascular
H21.33.037	0	0.8256169039051671	randproj	per_subclass	VLMC & Perivascular
H21.33.038	0	0.6521085112014815	randproj	per_subclass	VLMC & Perivascular
H21.33.039	1	0.7660729636311799	randproj	per_subclass	VLMC & Perivascular
H21.33.040	1	0.8947648170178294	randproj	per_subclass	VLMC & Perivascular
H21.33.041	0	0.8539549597588291	randproj	per_subclass	VLMC & Perivascular
H21.33.042	1	0.6765802728310762	randproj	per_subclass	VLMC & Perivascular
H21.33.043	0	0.7252622819089194	randproj	per_subclass	VLMC & Perivascular
H21.33.044	1	0.8484249474557058	randproj	per_subclass	VLMC & Perivascular
H21.33.045	1	0.9627381278990018	randproj	per_subclass	VLMC & Perivascular
H21.33.046	1	0.9808895130604448	randproj	per_subclass	VLMC & Perivascular
H21.33.047	1	0.8003874255013483	randproj	per_subclass	VLMC & Perivascular
H19.33.004	0	0.9084368758697361	randproj	per_subclass	Vip
H20.33.001	0	0.8926865154915937	randproj	per_subclass	Vip
H20.33.002	0	0.6373791907097539	randproj	per_subclass	Vip
H20.33.004	1	0.7131705758778868	randproj	per_subclass	Vip
H20.33.005	1	0.9502773342215093	randproj	per_subclass	Vip
H20.33.008	1	0.6867867326543607	randproj	per_subclass	Vip
H20.33.011	1	0.6579381975070282	randproj	per_subclass	Vip
H20.33.012	0	0.7850786028283643	randproj	per_subclass	Vip
H20.33.013	1	0.8263146908764657	randproj	per_subclass	Vip
H20.33.014	1	0.5493777231297521	randproj	per_subclass	Vip
H20.33.015	1	0.7992141482763456	randproj	per_subclass	Vip
H20.33.016	1	0.8594962357433378	randproj	per_subclass	Vip
H20.33.017	1	0.924542345195898	randproj	per_subclass	Vip
H20.33.018	1	0.8442271115951602	randproj	per_subclass	Vip
H20.33.019	1	0.9427243231530884	randproj	per_subclass	Vip
H20.33.020	1	0.9522796438701568	randproj	per_subclass	Vip
H20.33.024	1	0.7731421150570633	randproj	per_subclass	Vip
H20.33.025	1	0.7589859286618019	randproj	per_subclass	Vip
H20.33.026	1	0.8816652851159033	randproj	per_subclass	Vip
H20.33.027	1	0.457734461724025	randproj	per_subclass	Vip
H20.33.028	1	0.9420645296901533	randproj	per_subclass	Vip
H20.33.029	1	0.8149490201003278	randproj	per_subclass	Vip
H20.33.030	1	0.7942797737741609	randproj	per_subclass	Vip
H20.33.031	1	0.5619054875661531	randproj	per_subclass	Vip
H20.33.032	1	0.464592845865186	randproj	per_subclass	Vip
H20.33.033	1	0.9644405849508578	randproj	per_subclass	Vip
H20.33.034	1	0.5294705021316817	randproj	per_subclass	Vip
H20.33.035	0	0.7646601600589018	randproj	per_subclass	Vip
H20.33.036	1	0.919050037219816	randproj	per_subclass	Vip
H20.33.037	1	0.8866422854397585	randproj	per_subclass	Vip
H20.33.038	1	0.6791183755885433	randproj	per_subclass	Vip
H20.33.039	1	0.5716608711002296	randproj	per_subclass	Vip
H20.33.040	1	0.9014357813171457	randproj	per_subclass	Vip
H20.33.041	1	0.7552823552022271	randproj	per_subclass	Vip
H20.33.043	1	0.5361527262764648	randproj	per_subclass	Vip
H20.33.044	0	0.5556520660914076	randproj	per_subclass	Vip
H20.33.045	1	0.9022133113791634	randproj	per_subclass	Vip
H20.33.046	1	0.8389367559057292	randproj	per_subclass	Vip
H21.33.001	0	0.6542355095985046	randproj	per_subclass	Vip
H21.33.002	1	0.778008352375763	randproj	per_subclass	Vip
H21.33.003	0	0.7065437079701441	randproj	per_subclass	Vip
H21.33.004	0	0.7307907057394588	randproj	per_subclass	Vip
H21.33.005	1	0.8912832984190036	randproj	per_subclass	Vip
H21.33.006	1	0.6554151398961776	randproj	per_subclass	Vip
H21.33.007	1	0.662713285322827	randproj	per_subclass	Vip
H21.33.008	1	0.8616471755513597	randproj	per_subclass	Vip
H21.33.009	1	0.9849004421150276	randproj	per_subclass	Vip
H21.33.010	1	0.9269680958908495	randproj	per_subclass	Vip
H21.33.011	0	0.4409022068764904	randproj	per_subclass	Vip
H21.33.012	1	0.7587281438752911	randproj	per_subclass	Vip
H21.33.013	1	0.8335755191742507	randproj	per_subclass	Vip
H21.33.014	1	0.7386860250245189	randproj	per_subclass	Vip
H21.33.015	0	0.36620396709635483	randproj	per_subclass	Vip
H21.33.016	0	0.8306661573995269	randproj	per_subclass	Vip
H21.33.017	1	0.8706934329024227	randproj	per_subclass	Vip
H21.33.018	0	0.8827903621546669	randproj	per_subclass	Vip
H21.33.019	0	0.7102227104053545	randproj	per_subclass	Vip
H21.33.020	1	0.9416915441039609	randproj	per_subclass	Vip
H21.33.021	1	0.7587150769430281	randproj	per_subclass	Vip
H21.33.022	1	0.7440602647742576	randproj	per_subclass	Vip
H21.33.023	0	0.8709904039251516	randproj	per_subclass	Vip
H21.33.025	1	0.7388544305522426	randproj	per_subclass	Vip
H21.33.026	1	0.7595939296206883	randproj	per_subclass	Vip
H21.33.027	1	0.790183459147545	randproj	per_subclass	Vip
H21.33.028	0	0.8636574568308237	randproj	per_subclass	Vip
H21.33.029	1	0.8001993253369399	randproj	per_subclass	Vip
H21.33.030	1	0.3340876511078861	randproj	per_subclass	Vip
H21.33.031	1	0.7252465750080688	randproj	per_subclass	Vip
H21.33.032	0	0.7244131135050363	randproj	per_subclass	Vip
H21.33.033	1	0.8528052730869451	randproj	per_subclass	Vip
H21.33.034	1	0.9322148230932175	randproj	per_subclass	Vip
H21.33.035	1	0.8316776245344588	randproj	per_subclass	Vip
H21.33.036	1	0.5081889727201243	randproj	per_subclass	Vip
H21.33.037	0	0.7729461313082745	randproj	per_subclass	Vip
H21.33.038	0	0.9307526049717307	randproj	per_subclass	Vip
H21.33.039	1	0.7927749772234232	randproj	per_subclass	Vip
H21.33.040	1	0.8101198310781521	randproj	per_subclass	Vip
H21.33.041	0	0.46848091587999663	randproj	per_subclass	Vip
H21.33.042	1	0.8782685519683042	randproj	per_subclass	Vip
H21.33.043	0	0.5925970753724018	randproj	per_subclass	Vip
H21.33.044	1	0.8992294802589387	randproj	per_subclass	Vip
H21.33.045	1	0.8802541308613367	randproj	per_subclass	Vip
H21.33.046	1	0.6961850785552043	randproj	per_subclass	Vip
H21.33.047	1	0.33564679770688804	randproj	per_subclass	Vip
H19.33.004	0	0.9935429996776339	randproj	combined	9 subclasses
H20.33.001	0	0.6488700187538863	randproj	combined	9 subclasses
H20.33.002	0	0.6877598591137295	randproj	combined	9 subclasses
H20.33.004	1	0.6590933155458155	randproj	combined	9 subclasses
H20.33.005	1	0.622568422706409	randproj	combined	9 subclasses
H20.33.008	1	0.648362311995782	randproj	combined	9 subclasses
H20.33.011	1	0.7996604422079374	randproj	combined	9 subclasses
H20.33.012	0	0.8082598519904313	randproj	combined	9 subclasses
H20.33.013	1	0.6527862560273523	randproj	combined	9 subclasses
H20.33.014	1	0.49494551586949276	randproj	combined	9 subclasses
H20.33.015	1	0.762409353804163	randproj	combined	9 subclasses
H20.33.016	1	0.8264456839807783	randproj	combined	9 subclasses
H20.33.017	1	0.9847266665625222	randproj	combined	9 subclasses
H20.33.018	1	0.9415767605787033	randproj	combined	9 subclasses
H20.33.019	1	0.8883516803970493	randproj	combined	9 subclasses
H20.33.020	1	0.9662919496723148	randproj	combined	9 subclasses
H20.33.024	1	0.6009780809055216	randproj	combined	9 subclasses
H20.33.025	1	0.5805376059733497	randproj	combined	9 subclasses
H20.33.026	1	0.9231967903997109	randproj	combined	9 subclasses
H20.33.027	1	0.6167491414086462	randproj	combined	9 subclasses
H20.33.028	1	0.8976312534857407	randproj	combined	9 subclasses
H20.33.029	1	0.8052573715259411	randproj	combined	9 subclasses
H20.33.030	1	0.8862500503866144	randproj	combined	9 subclasses
H20.33.031	1	0.4349919021939842	randproj	combined	9 subclasses
H20.33.032	1	0.6104255694908215	randproj	combined	9 subclasses
H20.33.033	1	0.9536727538665067	randproj	combined	9 subclasses
H20.33.034	1	0.7847537503539979	randproj	combined	9 subclasses
H20.33.035	0	0.7637648070045434	randproj	combined	9 subclasses
H20.33.036	1	0.888201832235959	randproj	combined	9 subclasses
H20.33.037	1	0.987328353464874	randproj	combined	9 subclasses
H20.33.038	1	0.8713631748726677	randproj	combined	9 subclasses
H20.33.039	1	0.7561689051384193	randproj	combined	9 subclasses
H20.33.040	1	0.929910338420212	randproj	combined	9 subclasses
H20.33.041	1	0.6988193058746704	randproj	combined	9 subclasses
H20.33.043	1	0.5756847749298885	randproj	combined	9 subclasses
H20.33.044	0	0.4128857728452303	randproj	combined	9 subclasses
H20.33.045	1	0.9624332916116523	randproj	combined	9 subclasses
H20.33.046	1	0.9267802310791927	randproj	combined	9 subclasses
H21.33.001	0	0.8130851641353252	randproj	combined	9 subclasses
H21.33.002	1	0.9146315849681766	randproj	combined	9 subclasses
H21.33.003	0	0.8157137764311415	randproj	combined	9 subclasses
H21.33.004	0	0.6440158735586337	randproj	combined	9 subclasses
H21.33.005	1	0.8230251892010255	randproj	combined	9 subclasses
H21.33.006	1	0.6527515268847642	randproj	combined	9 subclasses
H21.33.007	1	0.9310058800384201	randproj	combined	9 subclasses
H21.33.008	1	0.8075036561940667	randproj	combined	9 subclasses
H21.33.009	1	0.9637874999819042	randproj	combined	9 subclasses
H21.33.010	1	0.8890402308082059	randproj	combined	9 subclasses
H21.33.011	0	0.6215968549314962	randproj	combined	9 subclasses
H21.33.012	1	0.7696870107913832	randproj	combined	9 subclasses
H21.33.013	1	0.9129173387289107	randproj	combined	9 subclasses
H21.33.014	1	0.8139822389125785	randproj	combined	9 subclasses
H21.33.015	0	0.5640441223940741	randproj	combined	9 subclasses
H21.33.016	0	0.5191769797511062	randproj	combined	9 subclasses
H21.33.017	1	0.8392365931088378	randproj	combined	9 subclasses
H21.33.018	0	0.89934081906662	randproj	combined	9 subclasses
H21.33.019	0	0.7044346125607388	randproj	combined	9 subclasses
H21.33.020	1	0.9900680475270731	randproj	combined	9 subclasses
H21.33.021	1	0.9419237181050949	randproj	combined	9 subclasses
H21.33.022	1	0.6462116871462986	randproj	combined	9 subclasses
H21.33.023	0	0.8569053989465798	randproj	combined	9 subclasses
H21.33.025	1	0.5824361341616143	randproj	combined	9 subclasses
H21.33.026	1	0.5626124950586936	randproj	combined	9 subclasses
H21.33.027	1	0.8136158703164996	randproj	combined	9 subclasses
H21.33.028	0	0.775864189971146	randproj	combined	9 subclasses
H21.33.029	1	0.9462968461416569	randproj	combined	9 subclasses
H21.33.030	1	0.8060384379108776	randproj	combined	9 subclasses
H21.33.031	1	0.6554389651080158	randproj	combined	9 subclasses
H21.33.032	0	0.7767694913915542	randproj	combined	9 subclasses
H21.33.033	1	0.804021922763261	randproj	combined	9 subclasses
H21.33.034	1	0.9925942123613158	randproj	combined	9 subclasses
H21.33.035	1	0.8073920742613131	randproj	combined	9 subclasses
H21.33.036	1	0.3579119471088291	randproj	combined	9 subclasses
H21.33.037	0	0.8261925863999983	randproj	combined	9 subclasses
H21.33.038	0	0.8483668404413198	randproj	combined	9 subclasses
H21.33.039	1	0.8345135016470003	randproj	combined	9 subclasses
H21.33.040	1	0.7917523291503106	randproj	combined	9 subclasses
H21.33.041	0	0.7981864433147041	randproj	combined	9 subclasses
H21.33.042	1	0.6348038149002917	randproj	combined	9 subclasses
H21.33.043	0	0.7811409132245707	randproj	combined	9 subclasses
H21.33.044	1	0.6824219564980527	randproj	combined	9 subclasses
H21.33.045	1	0.9826563500873498	randproj	combined	9 subclasses
H21.33.046	1	0.9619390957258009	randproj	combined	9 subclasses
H21.33.047	1	0.570614680372658	randproj	combined	9 subclasses
H19.33.004	0	0.9904601554776751	randproj	combined+cov	9 subclasses
H20.33.001	0	0.6259270723318415	randproj	combined+cov	9 subclasses
H20.33.002	0	0.7060053395843955	randproj	combined+cov	9 subclasses
H20.33.004	1	0.7469814098654426	randproj	combined+cov	9 subclasses
H20.33.005	1	0.6442981477408771	randproj	combined+cov	9 subclasses
H20.33.008	1	0.8000295850567947	randproj	combined+cov	9 subclasses
H20.33.011	1	0.8594085781905166	randproj	combined+cov	9 subclasses
H20.33.012	0	0.7972379943275537	randproj	combined+cov	9 subclasses
H20.33.013	1	0.7026314031658227	randproj	combined+cov	9 subclasses
H20.33.014	1	0.44926463965755453	randproj	combined+cov	9 subclasses
H20.33.015	1	0.7319311895874843	randproj	combined+cov	9 subclasses
H20.33.016	1	0.8284656732023142	randproj	combined+cov	9 subclasses
H20.33.017	1	0.9803293558075918	randproj	combined+cov	9 subclasses
H20.33.018	1	0.9584925406313538	randproj	combined+cov	9 subclasses
H20.33.019	1	0.917621596489995	randproj	combined+cov	9 subclasses
H20.33.020	1	0.983951571450554	randproj	combined+cov	9 subclasses
H20.33.024	1	0.517304589387152	randproj	combined+cov	9 subclasses
H20.33.025	1	0.6296661259933611	randproj	combined+cov	9 subclasses
H20.33.026	1	0.957775021586819	randproj	combined+cov	9 subclasses
H20.33.027	1	0.6460359664256176	randproj	combined+cov	9 subclasses
H20.33.028	1	0.8872024220655834	randproj	combined+cov	9 subclasses
H20.33.029	1	0.7686652481461775	randproj	combined+cov	9 subclasses
H20.33.030	1	0.9013426903848674	randproj	combined+cov	9 subclasses
H20.33.031	1	0.34121310665677296	randproj	combined+cov	9 subclasses
H20.33.032	1	0.5412535657130138	randproj	combined+cov	9 subclasses
H20.33.033	1	0.931116461086833	randproj	combined+cov	9 subclasses
H20.33.034	1	0.6984266628733735	randproj	combined+cov	9 subclasses
H20.33.035	0	0.7789255800642014	randproj	combined+cov	9 subclasses
H20.33.036	1	0.8373506380560987	randproj	combined+cov	9 subclasses
H20.33.037	1	0.9808045390888779	randproj	combined+cov	9 subclasses
H20.33.038	1	0.9144839307414211	randproj	combined+cov	9 subclasses
H20.33.039	1	0.7153262809533613	randproj	combined+cov	9 subclasses
H20.33.040	1	0.9142157156186459	randproj	combined+cov	9 subclasses
H20.33.041	1	0.6808820637199758	randproj	combined+cov	9 subclasses
H20.33.043	1	0.7971302882757215	randproj	combined+cov	9 subclasses
H20.33.044	0	0.4067813039515589	randproj	combined+cov	9 subclasses
H20.33.045	1	0.9803543924024105	randproj	combined+cov	9 subclasses
H20.33.046	1	0.9022608007067385	randproj	combined+cov	9 subclasses
H21.33.001	0	0.8007503920695298	randproj	combined+cov	9 subclasses
H21.33.002	1	0.9275458122694404	randproj	combined+cov	9 subclasses
H21.33.003	0	0.755360517621355	randproj	combined+cov	9 subclasses
H21.33.004	0	0.6279205671655776	randproj	combined+cov	9 subclasses
H21.33.005	1	0.7710379994117446	randproj	combined+cov	9 subclasses
H21.33.006	1	0.744801413727696	randproj	combined+cov	9 subclasses
H21.33.007	1	0.9143415303410422	randproj	combined+cov	9 subclasses
H21.33.008	1	0.8150032865181505	randproj	combined+cov	9 subclasses
H21.33.009	1	0.9797618623351992	randproj	combined+cov	9 subclasses
H21.33.010	1	0.8611264011493404	randproj	combined+cov	9 subclasses
H21.33.011	0	0.5512453060979003	randproj	combined+cov	9 subclasses
H21.33.012	1	0.8252960671013551	randproj	combined+cov	9 subclasses
H21.33.013	1	0.9381831268477097	randproj	combined+cov	9 subclasses
H21.33.014	1	0.739246162923966	randproj	combined+cov	9 subclasses
H21.33.015	0	0.5412256533225228	randproj	combined+cov	9 subclasses
H21.33.016	0	0.4790069788043878	randproj	combined+cov	9 subclasses
H21.33.017	1	0.8210911533131799	randproj	combined+cov	9 subclasses
H21.33.018	0	0.8651828767279653	randproj	combined+cov	9 subclasses
H21.33.019	0	0.6905918491099015	randproj	combined+cov	9 subclasses
H21.33.020	1	0.9811846249305907	randproj	combined+cov	9 subclasses
H21.33.021	1	0.9291156820093747	randproj	combined+cov	9 subclasses
H21.33.022	1	0.6039282443546632	randproj	combined+cov	9 subclasses
H21.33.023	0	0.849148429283623	randproj	combined+cov	9 subclasses
H21.33.025	1	0.5133226234071618	randproj	combined+cov	9 subclasses
H21.33.026	1	0.6639078420497438	randproj	combined+cov	9 subclasses
H21.33.027	1	0.8639484681563374	randproj	combined+cov	9 subclasses
H21.33.028	0	0.7121795976376416	randproj	combined+cov	9 subclasses
H21.33.029	1	0.9533561357570335	randproj	combined+cov	9 subclasses
H21.33.030	1	0.8574638533138244	randproj	combined+cov	9 subclasses
H21.33.031	1	0.7077397240672151	randproj	combined+cov	9 subclasses
H21.33.032	0	0.7752981700701985	randproj	combined+cov	9 subclasses
H21.33.033	1	0.8313891283187813	randproj	combined+cov	9 subclasses
H21.33.034	1	0.9933313955583912	randproj	combined+cov	9 subclasses
H21.33.035	1	0.8061662644239795	randproj	combined+cov	9 subclasses
H21.33.036	1	0.32635695527190234	randproj	combined+cov	9 subclasses
H21.33.037	0	0.8142767203114529	randproj	combined+cov	9 subclasses
H21.33.038	0	0.7872851776865692	randproj	combined+cov	9 subclasses
H21.33.039	1	0.802812865197066	randproj	combined+cov	9 subclasses
H21.33.040	1	0.8493054590828855	randproj	combined+cov	9 subclasses
H21.33.041	0	0.7670680117814402	randproj	combined+cov	9 subclasses
H21.33.042	1	0.792186770139994	randproj	combined+cov	9 subclasses
H21.33.043	0	0.7942306909644777	randproj	combined+cov	9 subclasses
H21.33.044	1	0.665060487767962	randproj	combined+cov	9 subclasses
H21.33.045	1	0.9878473003793277	randproj	combined+cov	9 subclasses
H21.33.046	1	0.9579982466242226	randproj	combined+cov	9 subclasses
H21.33.047	1	0.5505574745204056	randproj	combined+cov	9 subclasses
H19.33.004	0	0.9297750948226934	ref_scvi	per_subclass	Astrocyte
H20.33.001	0	0.7608595878063623	ref_scvi	per_subclass	Astrocyte
H20.33.002	0	0.5592392499751897	ref_scvi	per_subclass	Astrocyte
H20.33.004	1	0.7675632609285519	ref_scvi	per_subclass	Astrocyte
H20.33.005	1	0.9035532226164144	ref_scvi	per_subclass	Astrocyte
H20.33.008	1	0.7743796626905303	ref_scvi	per_subclass	Astrocyte
H20.33.011	1	0.7930064688727158	ref_scvi	per_subclass	Astrocyte
H20.33.012	0	0.9449771483837232	ref_scvi	per_subclass	Astrocyte
H20.33.013	1	0.9214473759074169	ref_scvi	per_subclass	Astrocyte
H20.33.014	1	0.6747128107313156	ref_scvi	per_subclass	Astrocyte
H20.33.015	1	0.9544181528675327	ref_scvi	per_subclass	Astrocyte
H20.33.016	1	0.6586278677589735	ref_scvi	per_subclass	Astrocyte
H20.33.017	1	0.8757812239702896	ref_scvi	per_subclass	Astrocyte
H20.33.018	1	0.9262665543734213	ref_scvi	per_subclass	Astrocyte
H20.33.019	1	0.882484597266	ref_scvi	per_subclass	Astrocyte
H20.33.020	1	0.7439503041208666	ref_scvi	per_subclass	Astrocyte
H20.33.024	1	0.3737252812253068	ref_scvi	per_subclass	Astrocyte
H20.33.025	1	0.7990315283044396	ref_scvi	per_subclass	Astrocyte
H20.33.026	1	0.8809813614187837	ref_scvi	per_subclass	Astrocyte
H20.33.027	1	0.9021317882703045	ref_scvi	per_subclass	Astrocyte
H20.33.028	1	0.8642470149344579	ref_scvi	per_subclass	Astrocyte
H20.33.029	1	0.8510722208868351	ref_scvi	per_subclass	Astrocyte
H20.33.030	1	0.5681837462127634	ref_scvi	per_subclass	Astrocyte
H20.33.031	1	0.6928731657475686	ref_scvi	per_subclass	Astrocyte
H20.33.032	1	0.43804183450588996	ref_scvi	per_subclass	Astrocyte
H20.33.033	1	0.9413841194148336	ref_scvi	per_subclass	Astrocyte
H20.33.034	1	0.6601707913964837	ref_scvi	per_subclass	Astrocyte
H20.33.035	0	0.9590970317296106	ref_scvi	per_subclass	Astrocyte
H20.33.036	1	0.8986358282010005	ref_scvi	per_subclass	Astrocyte
H20.33.037	1	0.8562304688075735	ref_scvi	per_subclass	Astrocyte
H20.33.038	1	0.5262122658913764	ref_scvi	per_subclass	Astrocyte
H20.33.039	1	0.7952391602610742	ref_scvi	per_subclass	Astrocyte
H20.33.040	1	0.7044108325989901	ref_scvi	per_subclass	Astrocyte
H20.33.041	1	0.5539176797923793	ref_scvi	per_subclass	Astrocyte
H20.33.043	1	0.7828382430121442	ref_scvi	per_subclass	Astrocyte
H20.33.044	0	0.8734172359504848	ref_scvi	per_subclass	Astrocyte
H20.33.045	1	0.75665090110671	ref_scvi	per_subclass	Astrocyte
H20.33.046	1	0.7788584896184625	ref_scvi	per_subclass	Astrocyte
H21.33.001	0	0.9893941486949117	ref_scvi	per_subclass	Astrocyte
H21.33.002	1	0.7233019821519361	ref_scvi	per_subclass	Astrocyte
H21.33.003	0	0.5774182345368142	ref_scvi	per_subclass	Astrocyte
H21.33.004	0	0.7721006099612386	ref_scvi	per_subclass	Astrocyte
H21.33.005	1	0.7299539586220107	ref_scvi	per_subclass	Astrocyte
H21.33.006	1	0.6793155915040293	ref_scvi	per_subclass	Astrocyte
H21.33.007	1	0.8867985387612413	ref_scvi	per_subclass	Astrocyte
H21.33.008	1	0.5915391602079305	ref_scvi	per_subclass	Astrocyte
H21.33.009	1	0.7555954916657818	ref_scvi	per_subclass	Astrocyte
H21.33.010	1	0.7568548518382896	ref_scvi	per_subclass	Astrocyte
H21.33.011	0	0.4587553964724803	ref_scvi	per_subclass	Astrocyte
H21.33.012	1	0.5947331397126793	ref_scvi	per_subclass	Astrocyte
H21.33.013	1	0.9830653963698491	ref_scvi	per_subclass	Astrocyte
H21.33.014	1	0.871730013509221	ref_scvi	per_subclass	Astrocyte
H21.33.015	0	0.7050762622603621	ref_scvi	per_subclass	Astrocyte
H21.33.016	0	0.7591314054270015	ref_scvi	per_subclass	Astrocyte
H21.33.017	1	0.8425215034811903	ref_scvi	per_subclass	Astrocyte
H21.33.018	0	0.8570672502080006	ref_scvi	per_subclass	Astrocyte
H21.33.019	0	0.7779849932469638	ref_scvi	per_subclass	Astrocyte
H21.33.020	1	0.8915616148769008	ref_scvi	per_subclass	Astrocyte
H21.33.021	1	0.8240404427420692	ref_scvi	per_subclass	Astrocyte
H21.33.022	1	0.7802018449980151	ref_scvi	per_subclass	Astrocyte
H21.33.023	0	0.7405835809266582	ref_scvi	per_subclass	Astrocyte
H21.33.025	1	0.24392292865192755	ref_scvi	per_subclass	Astrocyte
H21.33.026	1	0.5931511853234461	ref_scvi	per_subclass	Astrocyte
H21.33.027	1	0.6190601781650152	ref_scvi	per_subclass	Astrocyte
H21.33.028	0	0.804940272574348	ref_scvi	per_subclass	Astrocyte
H21.33.029	1	0.7600805565828455	ref_scvi	per_subclass	Astrocyte
H21.33.030	1	0.7163728220586656	ref_scvi	per_subclass	Astrocyte
H21.33.031	1	0.6187353793804502	ref_scvi	per_subclass	Astrocyte
H21.33.032	0	0.7981672148714767	ref_scvi	per_subclass	Astrocyte
H21.33.033	1	0.8645524548740324	ref_scvi	per_subclass	Astrocyte
H21.33.034	1	0.9126296365525104	ref_scvi	per_subclass	Astrocyte
H21.33.035	1	0.8482462315586468	ref_scvi	per_subclass	Astrocyte
H21.33.036	1	0.4185957881157532	ref_scvi	per_subclass	Astrocyte
H21.33.037	0	0.5627577033735134	ref_scvi	per_subclass	Astrocyte
H21.33.038	0	0.6125247800136794	ref_scvi	per_subclass	Astrocyte
H21.33.039	1	0.793063064392957	ref_scvi	per_subclass	Astrocyte
H21.33.040	1	0.9156894031400933	ref_scvi	per_subclass	Astrocyte
H21.33.041	0	0.8871004167451669	ref_scvi	per_subclass	Astrocyte
H21.33.042	1	0.49625198507111845	ref_scvi	per_subclass	Astrocyte
H21.33.043	0	0.5942959628634072	ref_scvi	per_subclass	Astrocyte
H21.33.044	1	0.7763200937153151	ref_scvi	per_subclass	Astrocyte
H21.33.045	1	0.7504578443946359	ref_scvi	per_subclass	Astrocyte
H21.33.046	1	0.8767544316869709	ref_scvi	per_subclass	Astrocyte
H21.33.047	1	0.21955915537112877	ref_scvi	per_subclass	Astrocyte
H19.33.004	0	0.8041568696021404	ref_scvi	per_subclass	Chandelier
H20.33.001	0	0.5488741307779799	ref_scvi	per_subclass	Chandelier
H20.33.002	0	0.6076523478684399	ref_scvi	per_subclass	Chandelier
H20.33.004	1	0.47702899742021143	ref_scvi	per_subclass	Chandelier
H20.33.005	1	0.9354412191028325	ref_scvi	per_subclass	Chandelier
H20.33.008	1	0.836623820265741	ref_scvi	per_subclass	Chandelier
H20.33.011	1	0.5000412674952172	ref_scvi	per_subclass	Chandelier
H20.33.012	0	0.6922471601034634	ref_scvi	per_subclass	Chandelier
H20.33.013	1	0.25764471929556454	ref_scvi	per_subclass	Chandelier
H20.33.014	1	0.6205868665513873	ref_scvi	per_subclass	Chandelier
H20.33.015	1	0.8801600322524414	ref_scvi	per_subclass	Chandelier
H20.33.016	1	0.8147548368550668	ref_scvi	per_subclass	Chandelier
H20.33.017	1	0.905570845751909	ref_scvi	per_subclass	Chandelier
H20.33.018	1	0.9519531434363235	ref_scvi	per_subclass	Chandelier
H20.33.019	1	0.7567690770662192	ref_scvi	per_subclass	Chandelier
H20.33.020	1	0.8428700520167611	ref_scvi	per_subclass	Chandelier
H20.33.024	1	0.5586687268950334	ref_scvi	per_subclass	Chandelier
H20.33.025	1	0.6207406084443867	ref_scvi	per_subclass	Chandelier
H20.33.026	1	0.6982452570632669	ref_scvi	per_subclass	Chandelier
H20.33.027	1	0.5805238027758168	ref_scvi	per_subclass	Chandelier
H20.33.028	1	0.9637923377019428	ref_scvi	per_subclass	Chandelier
H20.33.029	1	0.8258649176296832	ref_scvi	per_subclass	Chandelier
H20.33.030	1	0.8687395788460556	ref_scvi	per_subclass	Chandelier
H20.33.031	1	0.8621927152350743	ref_scvi	per_subclass	Chandelier
H20.33.032	1	0.8068180094905767	ref_scvi	per_subclass	Chandelier
H20.33.033	1	0.9388919136249001	ref_scvi	per_subclass	Chandelier
H20.33.034	1	0.701539559642398	ref_scvi	per_subclass	Chandelier
H20.33.035	0	0.6358127183427671	ref_scvi	per_subclass	Chandelier
H20.33.036	1	0.9267738122550909	ref_scvi	per_subclass	Chandelier
H20.33.037	1	0.920563614644489	ref_scvi	per_subclass	Chandelier
H20.33.039	1	0.439620615466743	ref_scvi	per_subclass	Chandelier
H20.33.040	1	0.9504175538765512	ref_scvi	per_subclass	Chandelier
H20.33.041	1	0.6181918512903674	ref_scvi	per_subclass	Chandelier
H20.33.043	1	0.6323832613735607	ref_scvi	per_subclass	Chandelier
H20.33.044	0	0.9218936012914909	ref_scvi	per_subclass	Chandelier
H20.33.045	1	0.890095172164625	ref_scvi	per_subclass	Chandelier
H20.33.046	1	0.8122518394294023	ref_scvi	per_subclass	Chandelier
H21.33.001	0	0.016406070286911607	ref_scvi	per_subclass	Chandelier
H21.33.002	1	0.5719400612671468	ref_scvi	per_subclass	Chandelier
H21.33.003	0	0.7067659532592552	ref_scvi	per_subclass	Chandelier
H21.33.004	0	0.6780828163017045	ref_scvi	per_subclass	Chandelier
H21.33.005	1	0.8727394499429557	ref_scvi	per_subclass	Chandelier
H21.33.006	1	0.6984770740370051	ref_scvi	per_subclass	Chandelier
H21.33.007	1	0.7676847205703489	ref_scvi	per_subclass	Chandelier
H21.33.008	1	0.9375601337803552	ref_scvi	per_subclass	Chandelier
H21.33.009	1	0.9382027890006969	ref_scvi	per_subclass	Chandelier
H21.33.010	1	0.9071842517415186	ref_scvi	per_subclass	Chandelier
H21.33.011	0	0.41711426193460815	ref_scvi	per_subclass	Chandelier
H21.33.012	1	0.6505228411952423	ref_scvi	per_subclass	Chandelier
H21.33.013	1	0.9532071995549556	ref_scvi	per_subclass	Chandelier
H21.33.014	1	0.3752159135738939	ref_scvi	per_subclass	Chandelier
H21.33.015	0	0.6254480309454407	ref_scvi	per_subclass	Chandelier
H21.33.016	0	0.8441269236860898	ref_scvi	per_subclass	Chandelier
H21.33.017	1	0.8923084731475743	ref_scvi	per_subclass	Chandelier
H21.33.018	0	0.9046509358893189	ref_scvi	per_subclass	Chandelier
H21.33.019	0	0.7720015391963203	ref_scvi	per_subclass	Chandelier
H21.33.021	1	0.9644083950264795	ref_scvi	per_subclass	Chandelier
H21.33.022	1	0.7573669911644476	ref_scvi	per_subclass	Chandelier
H21.33.023	0	0.7560820717893487	ref_scvi	per_subclass	Chandelier
H21.33.025	1	0.8425635765514781	ref_scvi	per_subclass	Chandelier
H21.33.026	1	0.9309727357121454	ref_scvi	per_subclass	Chandelier
H21.33.027	1	0.4883116886680243	ref_scvi	per_subclass	Chandelier
H21.33.028	0	0.7666473957705289	ref_scvi	per_subclass	Chandelier
H21.33.029	1	0.6378888306567059	ref_scvi	per_subclass	Chandelier
H21.33.030	1	0.6431643105958651	ref_scvi	per_subclass	Chandelier
H21.33.031	1	0.6579551645898339	ref_scvi	per_subclass	Chandelier
H21.33.032	0	0.4245567758986444	ref_scvi	per_subclass	Chandelier
H21.33.033	1	0.9538454464074471	ref_scvi	per_subclass	Chandelier
H21.33.035	1	0.867992649753076	ref_scvi	per_subclass	Chandelier
H21.33.036	1	0.486747888381614	ref_scvi	per_subclass	Chandelier
H21.33.037	0	0.6425631324822997	ref_scvi	per_subclass	Chandelier
H21.33.038	0	0.8432348610092673	ref_scvi	per_subclass	Chandelier
H21.33.039	1	0.9271976093364052	ref_scvi	per_subclass	Chandelier
H21.33.040	1	0.9074328848368485	ref_scvi	per_subclass	Chandelier
H21.33.041	0	0.7640519203093046	ref_scvi	per_subclass	Chandelier
H21.33.042	1	0.7193460470346655	ref_scvi	per_subclass	Chandelier
H21.33.043	0	0.9208569437384672	ref_scvi	per_subclass	Chandelier
H21.33.044	1	0.19784289751099637	ref_scvi	per_subclass	Chandelier
H21.33.045	1	0.9610624262194669	ref_scvi	per_subclass	Chandelier
H21.33.046	1	0.8877359644798222	ref_scvi	per_subclass	Chandelier
H21.33.047	1	0.40989049547005185	ref_scvi	per_subclass	Chandelier
H19.33.004	0	0.6362468138908162	ref_scvi	per_subclass	Endothelial
H20.33.001	0	0.528515788806591	ref_scvi	per_subclass	Endothelial
H20.33.002	0	0.7482101203558758	ref_scvi	per_subclass	Endothelial
H20.33.004	1	0.8447908708791212	ref_scvi	per_subclass	Endothelial
H20.33.005	1	0.8092978554656931	ref_scvi	per_subclass	Endothelial
H20.33.008	1	0.9092687745259598	ref_scvi	per_subclass	Endothelial
H20.33.011	1	0.9011315267000329	ref_scvi	per_subclass	Endothelial
H20.33.012	0	0.6512093818219817	ref_scvi	per_subclass	Endothelial
H20.33.013	1	0.3194408329866009	ref_scvi	per_subclass	Endothelial
H20.33.014	1	0.7048373552531342	ref_scvi	per_subclass	Endothelial
H20.33.015	1	0.7111457330132678	ref_scvi	per_subclass	Endothelial
H20.33.016	1	0.8849261492604417	ref_scvi	per_subclass	Endothelial
H20.33.017	1	0.8983580635911125	ref_scvi	per_subclass	Endothelial
H20.33.018	1	0.9212550356090023	ref_scvi	per_subclass	Endothelial
H20.33.019	1	0.9229086317814998	ref_scvi	per_subclass	Endothelial
H20.33.020	1	0.7569079821866199	ref_scvi	per_subclass	Endothelial
H20.33.025	1	0.7516904820498952	ref_scvi	per_subclass	Endothelial
H20.33.027	1	0.9210620300841054	ref_scvi	per_subclass	Endothelial
H20.33.028	1	0.9867737638768853	ref_scvi	per_subclass	Endothelial
H20.33.030	1	0.8133672826636735	ref_scvi	per_subclass	Endothelial
H20.33.032	1	0.48270952518532273	ref_scvi	per_subclass	Endothelial
H20.33.033	1	0.5056171407216048	ref_scvi	per_subclass	Endothelial
H20.33.034	1	0.8037285132991074	ref_scvi	per_subclass	Endothelial
H20.33.035	0	0.2573817530525081	ref_scvi	per_subclass	Endothelial
H20.33.036	1	0.9038538700013177	ref_scvi	per_subclass	Endothelial
H20.33.037	1	0.9336172781897943	ref_scvi	per_subclass	Endothelial
H20.33.038	1	0.7724308757000765	ref_scvi	per_subclass	Endothelial
H20.33.039	1	0.2629223240769784	ref_scvi	per_subclass	Endothelial
H20.33.040	1	0.811761433057591	ref_scvi	per_subclass	Endothelial
H20.33.041	1	0.3238295757537707	ref_scvi	per_subclass	Endothelial
H20.33.043	1	0.8907978306780617	ref_scvi	per_subclass	Endothelial
H20.33.044	0	0.5184811673195362	ref_scvi	per_subclass	Endothelial
H20.33.045	1	0.9846198688220416	ref_scvi	per_subclass	Endothelial
H20.33.046	1	0.9218538323014382	ref_scvi	per_subclass	Endothelial
H21.33.001	0	0.2105333280343506	ref_scvi	per_subclass	Endothelial
H21.33.002	1	0.6042283414242242	ref_scvi	per_subclass	Endothelial
H21.33.003	0	0.9043842859436146	ref_scvi	per_subclass	Endothelial
H21.33.004	0	0.7248925061372127	ref_scvi	per_subclass	Endothelial
H21.33.005	1	0.8690885029968127	ref_scvi	per_subclass	Endothelial
H21.33.007	1	0.9339408232083883	ref_scvi	per_subclass	Endothelial
H21.33.009	1	0.8616501609420208	ref_scvi	per_subclass	Endothelial
H21.33.010	1	0.8782024450612157	ref_scvi	per_subclass	Endothelial
H21.33.011	0	0.6596889023876376	ref_scvi	per_subclass	Endothelial
H21.33.012	1	0.9447498165523822	ref_scvi	per_subclass	Endothelial
H21.33.013	1	0.9460084214802457	ref_scvi	per_subclass	Endothelial
H21.33.015	0	0.7775091327810619	ref_scvi	per_subclass	Endothelial
H21.33.017	1	0.5807485842941518	ref_scvi	per_subclass	Endothelial
H21.33.018	0	0.9169450147834786	ref_scvi	per_subclass	Endothelial
H21.33.019	0	0.8099852703932242	ref_scvi	per_subclass	Endothelial
H21.33.020	1	0.8676981477907851	ref_scvi	per_subclass	Endothelial
H21.33.021	1	0.8624597924583473	ref_scvi	per_subclass	Endothelial
H21.33.022	1	0.27816327312392336	ref_scvi	per_subclass	Endothelial
H21.33.023	0	0.8459821612011128	ref_scvi	per_subclass	Endothelial
H21.33.025	1	0.8225475268088905	ref_scvi	per_subclass	Endothelial
H21.33.026	1	0.7021332533146273	ref_scvi	per_subclass	Endothelial
H21.33.027	1	0.507912968744813	ref_scvi	per_subclass	Endothelial
H21.33.028	0	0.3895353541012564	ref_scvi	per_subclass	Endothelial
H21.33.029	1	0.6798310385463495	ref_scvi	per_subclass	Endothelial
H21.33.030	1	0.887821359075262	ref_scvi	per_subclass	Endothelial
H21.33.031	1	0.724244611387763	ref_scvi	per_subclass	Endothelial
H21.33.032	0	0.4912718834004153	ref_scvi	per_subclass	Endothelial
H21.33.033	1	0.7635067458254406	ref_scvi	per_subclass	Endothelial
H21.33.034	1	0.8842543482439353	ref_scvi	per_subclass	Endothelial
H21.33.035	1	0.7241060676467399	ref_scvi	per_subclass	Endothelial
H21.33.037	0	0.8597736526622229	ref_scvi	per_subclass	Endothelial
H21.33.038	0	0.536385648902882	ref_scvi	per_subclass	Endothelial
H21.33.040	1	0.5437907123445943	ref_scvi	per_subclass	Endothelial
H21.33.041	0	0.1541755332603441	ref_scvi	per_subclass	Endothelial
H21.33.043	0	0.9431967263516563	ref_scvi	per_subclass	Endothelial
H21.33.044	1	0.5427193825788229	ref_scvi	per_subclass	Endothelial
H21.33.045	1	0.7716078365294268	ref_scvi	per_subclass	Endothelial
H21.33.046	1	0.5389457436126135	ref_scvi	per_subclass	Endothelial
H21.33.047	1	0.5998564008673726	ref_scvi	per_subclass	Endothelial
H19.33.004	0	0.726620197929012	ref_scvi	per_subclass	Immune
H20.33.001	0	0.6818535034657989	ref_scvi	per_subclass	Immune
H20.33.002	0	0.36228293118422783	ref_scvi	per_subclass	Immune
H20.33.004	1	0.9487599598552829	ref_scvi	per_subclass	Immune
H20.33.005	1	0.9192587662460451	ref_scvi	per_subclass	Immune
H20.33.008	1	0.16861238371060386	ref_scvi	per_subclass	Immune
H20.33.011	1	0.9171634906723026	ref_scvi	per_subclass	Immune
H20.33.012	0	0.8974722868358171	ref_scvi	per_subclass	Immune
H20.33.013	1	0.6499094246984309	ref_scvi	per_subclass	Immune
H20.33.014	1	0.44560431116396354	ref_scvi	per_subclass	Immune
H20.33.015	1	0.9669621119021503	ref_scvi	per_subclass	Immune
H20.33.016	1	0.83259316054062	ref_scvi	per_subclass	Immune
H20.33.017	1	0.7775915734912893	ref_scvi	per_subclass	Immune
H20.33.018	1	0.9758101244453374	ref_scvi	per_subclass	Immune
H20.33.019	1	0.8802660787019059	ref_scvi	per_subclass	Immune
H20.33.020	1	0.8863699420006075	ref_scvi	per_subclass	Immune
H20.33.024	1	0.3844949109995845	ref_scvi	per_subclass	Immune
H20.33.025	1	0.8406263884287423	ref_scvi	per_subclass	Immune
H20.33.026	1	0.9336529753929923	ref_scvi	per_subclass	Immune
H20.33.027	1	0.9939019461908218	ref_scvi	per_subclass	Immune
H20.33.028	1	0.9582066989035336	ref_scvi	per_subclass	Immune
H20.33.029	1	0.6072520332143977	ref_scvi	per_subclass	Immune
H20.33.030	1	0.8055015110711892	ref_scvi	per_subclass	Immune
H20.33.031	1	0.9088733986572366	ref_scvi	per_subclass	Immune
H20.33.032	1	0.57918557479064	ref_scvi	per_subclass	Immune
H20.33.033	1	0.7635127559545118	ref_scvi	per_subclass	Immune
H20.33.034	1	0.9599248478590061	ref_scvi	per_subclass	Immune
H20.33.035	0	0.6964577723669964	ref_scvi	per_subclass	Immune
H20.33.036	1	0.9030685831245497	ref_scvi	per_subclass	Immune
H20.33.037	1	0.9910733062846395	ref_scvi	per_subclass	Immune
H20.33.038	1	0.9756351963665526	ref_scvi	per_subclass	Immune
H20.33.039	1	0.6371311219873939	ref_scvi	per_subclass	Immune
H20.33.040	1	0.9328564164186226	ref_scvi	per_subclass	Immune
H20.33.041	1	0.7910864323139977	ref_scvi	per_subclass	Immune
H20.33.043	1	0.5531178130777846	ref_scvi	per_subclass	Immune
H20.33.044	0	0.3004990789682239	ref_scvi	per_subclass	Immune
H20.33.045	1	0.9975698084820198	ref_scvi	per_subclass	Immune
H20.33.046	1	0.9749865938676985	ref_scvi	per_subclass	Immune
H21.33.001	0	0.4927434607362414	ref_scvi	per_subclass	Immune
H21.33.002	1	0.8760008908801813	ref_scvi	per_subclass	Immune
H21.33.003	0	0.5925928581231926	ref_scvi	per_subclass	Immune
H21.33.004	0	0.4289114479828572	ref_scvi	per_subclass	Immune
H21.33.005	1	0.8464936542703192	ref_scvi	per_subclass	Immune
H21.33.006	1	0.7234246601526056	ref_scvi	per_subclass	Immune
H21.33.007	1	0.9402564936832792	ref_scvi	per_subclass	Immune
H21.33.008	1	0.338702461719082	ref_scvi	per_subclass	Immune
H21.33.009	1	0.9147454788110446	ref_scvi	per_subclass	Immune
H21.33.010	1	0.8559629884835832	ref_scvi	per_subclass	Immune
H21.33.011	0	0.504878971613476	ref_scvi	per_subclass	Immune
H21.33.012	1	0.8174131985532489	ref_scvi	per_subclass	Immune
H21.33.013	1	0.7862804411033821	ref_scvi	per_subclass	Immune
H21.33.014	1	0.8863683291852162	ref_scvi	per_subclass	Immune
H21.33.015	0	0.9318855881306012	ref_scvi	per_subclass	Immune
H21.33.016	0	0.2846271746765097	ref_scvi	per_subclass	Immune
H21.33.017	1	0.8034466896976488	ref_scvi	per_subclass	Immune
H21.33.018	0	0.6139402616113847	ref_scvi	per_subclass	Immune
H21.33.019	0	0.7913821599626605	ref_scvi	per_subclass	Immune
H21.33.020	1	0.9900433586434895	ref_scvi	per_subclass	Immune
H21.33.021	1	0.8149654236530104	ref_scvi	per_subclass	Immune
H21.33.022	1	0.3534148496489281	ref_scvi	per_subclass	Immune
H21.33.023	0	0.9383167375637089	ref_scvi	per_subclass	Immune
H21.33.025	1	0.4905237649828849	ref_scvi	per_subclass	Immune
H21.33.026	1	0.5332632578785494	ref_scvi	per_subclass	Immune
H21.33.027	1	0.5104448091963677	ref_scvi	per_subclass	Immune
H21.33.028	0	0.6431979603527771	ref_scvi	per_subclass	Immune
H21.33.029	1	0.8989003611868306	ref_scvi	per_subclass	Immune
H21.33.030	1	0.8277894018433791	ref_scvi	per_subclass	Immune
H21.33.031	1	0.8684629749362163	ref_scvi	per_subclass	Immune
H21.33.032	0	0.8577357948480138	ref_scvi	per_subclass	Immune
H21.33.033	1	0.9357367967829779	ref_scvi	per_subclass	Immune
H21.33.034	1	0.984303245144423	ref_scvi	per_subclass	Immune
H21.33.035	1	0.8684631824086899	ref_scvi	per_subclass	Immune
H21.33.036	1	0.7080272761212804	ref_scvi	per_subclass	Immune
H21.33.037	0	0.6262374726088897	ref_scvi	per_subclass	Immune
H21.33.038	0	0.7730279335921945	ref_scvi	per_subclass	Immune
H21.33.039	1	0.8326210280334102	ref_scvi	per_subclass	Immune
H21.33.040	1	0.9274724079120631	ref_scvi	per_subclass	Immune
H21.33.041	0	0.474186357761198	ref_scvi	per_subclass	Immune
H21.33.042	1	0.059183084709464776	ref_scvi	per_subclass	Immune
H21.33.043	0	0.5621981972763486	ref_scvi	per_subclass	Immune
H21.33.044	1	0.9121876634040522	ref_scvi	per_subclass	Immune
H21.33.045	1	0.9913399971753748	ref_scvi	per_subclass	Immune
H21.33.046	1	0.9221100586372722	ref_scvi	per_subclass	Immune
H21.33.047	1	0.6388067540740933	ref_scvi	per_subclass	Immune
H19.33.004	0	0.8404173488394407	ref_scvi	per_subclass	L2/3 IT
H20.33.001	0	0.6870796338967482	ref_scvi	per_subclass	L2/3 IT
H20.33.002	0	0.5101808290331895	ref_scvi	per_subclass	L2/3 IT
H20.33.004	1	0.46691654087457624	ref_scvi	per_subclass	L2/3 IT
H20.33.005	1	0.9025602420412466	ref_scvi	per_subclass	L2/3 IT
H20.33.008	1	0.7777909806359526	ref_scvi	per_subclass	L2/3 IT
H20.33.011	1	0.721324943573553	ref_scvi	per_subclass	L2/3 IT
H20.33.012	0	0.7081043592910554	ref_scvi	per_subclass	L2/3 IT
H20.33.013	1	0.4522636486389676	ref_scvi	per_subclass	L2/3 IT
H20.33.014	1	0.3599673123106152	ref_scvi	per_subclass	L2/3 IT
H20.33.015	1	0.4729054512366192	ref_scvi	per_subclass	L2/3 IT
H20.33.016	1	0.8617278132989133	ref_scvi	per_subclass	L2/3 IT
H20.33.017	1	0.8630775285132524	ref_scvi	per_subclass	L2/3 IT
H20.33.018	1	0.9358854079226264	ref_scvi	per_subclass	L2/3 IT
H20.33.019	1	0.7869853912179864	ref_scvi	per_subclass	L2/3 IT
H20.33.020	1	0.9250847086556485	ref_scvi	per_subclass	L2/3 IT
H20.33.024	1	0.2874547639496903	ref_scvi	per_subclass	L2/3 IT
H20.33.025	1	0.5791303036526403	ref_scvi	per_subclass	L2/3 IT
H20.33.026	1	0.9710064561997303	ref_scvi	per_subclass	L2/3 IT
H20.33.027	1	0.513892137500345	ref_scvi	per_subclass	L2/3 IT
H20.33.028	1	0.9588522936747597	ref_scvi	per_subclass	L2/3 IT
H20.33.029	1	0.9301594132590127	ref_scvi	per_subclass	L2/3 IT
H20.33.030	1	0.7295003441830754	ref_scvi	per_subclass	L2/3 IT
H20.33.031	1	0.5767841099723351	ref_scvi	per_subclass	L2/3 IT
H20.33.032	1	0.38417615751485046	ref_scvi	per_subclass	L2/3 IT
H20.33.033	1	0.9719468229006967	ref_scvi	per_subclass	L2/3 IT
H20.33.034	1	0.6140516619321279	ref_scvi	per_subclass	L2/3 IT
H20.33.035	0	0.8093816814189537	ref_scvi	per_subclass	L2/3 IT
H20.33.036	1	0.9711319079672898	ref_scvi	per_subclass	L2/3 IT
H20.33.037	1	0.981598012926218	ref_scvi	per_subclass	L2/3 IT
H20.33.038	1	0.9758121413205197	ref_scvi	per_subclass	L2/3 IT
H20.33.039	1	0.14855868798529773	ref_scvi	per_subclass	L2/3 IT
H20.33.040	1	0.6933583486426051	ref_scvi	per_subclass	L2/3 IT
H20.33.041	1	0.6439546681785073	ref_scvi	per_subclass	L2/3 IT
H20.33.043	1	0.7789991549253406	ref_scvi	per_subclass	L2/3 IT
H20.33.044	0	0.6583113982210879	ref_scvi	per_subclass	L2/3 IT
H20.33.045	1	0.880400250165291	ref_scvi	per_subclass	L2/3 IT
H20.33.046	1	0.9409278875536226	ref_scvi	per_subclass	L2/3 IT
H21.33.001	0	0.5529637270476162	ref_scvi	per_subclass	L2/3 IT
H21.33.002	1	0.8993525991379148	ref_scvi	per_subclass	L2/3 IT
H21.33.003	0	0.5918881561930307	ref_scvi	per_subclass	L2/3 IT
H21.33.004	0	0.7749760171979222	ref_scvi	per_subclass	L2/3 IT
H21.33.005	1	0.8181590597810864	ref_scvi	per_subclass	L2/3 IT
H21.33.006	1	0.5900129979961387	ref_scvi	per_subclass	L2/3 IT
H21.33.007	1	0.6496980703139668	ref_scvi	per_subclass	L2/3 IT
H21.33.008	1	0.9828841293548909	ref_scvi	per_subclass	L2/3 IT
H21.33.009	1	0.9689881215030537	ref_scvi	per_subclass	L2/3 IT
H21.33.010	1	0.6758933412688551	ref_scvi	per_subclass	L2/3 IT
H21.33.011	0	0.793323664757147	ref_scvi	per_subclass	L2/3 IT
H21.33.012	1	0.7136701267380133	ref_scvi	per_subclass	L2/3 IT
H21.33.013	1	0.9232146475736425	ref_scvi	per_subclass	L2/3 IT
H21.33.014	1	0.44680858569793996	ref_scvi	per_subclass	L2/3 IT
H21.33.015	0	0.7746973830495147	ref_scvi	per_subclass	L2/3 IT
H21.33.016	0	0.6460094864966331	ref_scvi	per_subclass	L2/3 IT
H21.33.017	1	0.9690205805466873	ref_scvi	per_subclass	L2/3 IT
H21.33.018	0	0.9089988800009013	ref_scvi	per_subclass	L2/3 IT
H21.33.019	0	0.7454359548076355	ref_scvi	per_subclass	L2/3 IT
H21.33.020	1	0.9567322285870651	ref_scvi	per_subclass	L2/3 IT
H21.33.021	1	0.9161078845795296	ref_scvi	per_subclass	L2/3 IT
H21.33.022	1	0.9074196111827557	ref_scvi	per_subclass	L2/3 IT
H21.33.023	0	0.8067538916874494	ref_scvi	per_subclass	L2/3 IT
H21.33.025	1	0.8050242055453427	ref_scvi	per_subclass	L2/3 IT
H21.33.026	1	0.9056810636750157	ref_scvi	per_subclass	L2/3 IT
H21.33.027	1	0.8000276059500532	ref_scvi	per_subclass	L2/3 IT
H21.33.028	0	0.3091022217588613	ref_scvi	per_subclass	L2/3 IT
H21.33.029	1	0.8412691886850002	ref_scvi	per_subclass	L2/3 IT
H21.33.030	1	0.8407210382939198	ref_scvi	per_subclass	L2/3 IT
H21.33.031	1	0.5346950037555497	ref_scvi	per_subclass	L2/3 IT
H21.33.032	0	0.7637732410213972	ref_scvi	per_subclass	L2/3 IT
H21.33.033	1	0.9378063149327678	ref_scvi	per_subclass	L2/3 IT
H21.33.034	1	0.8981282579268483	ref_scvi	per_subclass	L2/3 IT
H21.33.035	1	0.8278412658058951	ref_scvi	per_subclass	L2/3 IT
H21.33.036	1	0.8398347809504827	ref_scvi	per_subclass	L2/3 IT
H21.33.037	0	0.6915924810645168	ref_scvi	per_subclass	L2/3 IT
H21.33.038	0	0.9480861684826918	ref_scvi	per_subclass	L2/3 IT
H21.33.039	1	0.9604629654370456	ref_scvi	per_subclass	L2/3 IT
H21.33.040	1	0.7533799704757955	ref_scvi	per_subclass	L2/3 IT
H21.33.041	0	0.8836276079165156	ref_scvi	per_subclass	L2/3 IT
H21.33.042	1	0.5023946931930418	ref_scvi	per_subclass	L2/3 IT
H21.33.043	0	0.636111825116356	ref_scvi	per_subclass	L2/3 IT
H21.33.044	1	0.07596812613440229	ref_scvi	per_subclass	L2/3 IT
H21.33.045	1	0.9914130283427799	ref_scvi	per_subclass	L2/3 IT
H21.33.046	1	0.965673567040908	ref_scvi	per_subclass	L2/3 IT
H21.33.047	1	0.5041967147594113	ref_scvi	per_subclass	L2/3 IT
H19.33.004	0	0.8511417768492094	ref_scvi	per_subclass	L4 IT
H20.33.001	0	0.7457816580920956	ref_scvi	per_subclass	L4 IT
H20.33.002	0	0.6661719953738937	ref_scvi	per_subclass	L4 IT
H20.33.004	1	0.9655047384456237	ref_scvi	per_subclass	L4 IT
H20.33.005	1	0.8293995686606802	ref_scvi	per_subclass	L4 IT
H20.33.008	1	0.760107186688935	ref_scvi	per_subclass	L4 IT
H20.33.011	1	0.4432337714047854	ref_scvi	per_subclass	L4 IT
H20.33.012	0	0.8023985264160419	ref_scvi	per_subclass	L4 IT
H20.33.013	1	0.901473074065897	ref_scvi	per_subclass	L4 IT
H20.33.014	1	0.6598961671245475	ref_scvi	per_subclass	L4 IT
H20.33.015	1	0.25333292272576635	ref_scvi	per_subclass	L4 IT
H20.33.016	1	0.5113392152512622	ref_scvi	per_subclass	L4 IT
H20.33.017	1	0.8862385745746166	ref_scvi	per_subclass	L4 IT
H20.33.018	1	0.8162852677108878	ref_scvi	per_subclass	L4 IT
H20.33.019	1	0.7031794665576372	ref_scvi	per_subclass	L4 IT
H20.33.020	1	0.9309894164862553	ref_scvi	per_subclass	L4 IT
H20.33.024	1	0.47612263667115606	ref_scvi	per_subclass	L4 IT
H20.33.025	1	0.5495741491222276	ref_scvi	per_subclass	L4 IT
H20.33.026	1	0.8821739660083721	ref_scvi	per_subclass	L4 IT
H20.33.027	1	0.9418082978808169	ref_scvi	per_subclass	L4 IT
H20.33.028	1	0.9366859724803582	ref_scvi	per_subclass	L4 IT
H20.33.029	1	0.9418652882096611	ref_scvi	per_subclass	L4 IT
H20.33.030	1	0.8788085121181917	ref_scvi	per_subclass	L4 IT
H20.33.031	1	0.4808846855403816	ref_scvi	per_subclass	L4 IT
H20.33.032	1	0.7089611084557226	ref_scvi	per_subclass	L4 IT
H20.33.033	1	0.9024796513728294	ref_scvi	per_subclass	L4 IT
H20.33.034	1	0.794238310735926	ref_scvi	per_subclass	L4 IT
H20.33.035	0	0.23686056257510413	ref_scvi	per_subclass	L4 IT
H20.33.036	1	0.8890192286698818	ref_scvi	per_subclass	L4 IT
H20.33.037	1	0.9895375313467285	ref_scvi	per_subclass	L4 IT
H20.33.038	1	0.9069538240934278	ref_scvi	per_subclass	L4 IT
H20.33.039	1	0.745158487013548	ref_scvi	per_subclass	L4 IT
H20.33.040	1	0.6536778487123063	ref_scvi	per_subclass	L4 IT
H20.33.041	1	0.5819163219401723	ref_scvi	per_subclass	L4 IT
H20.33.043	1	0.45050494153907933	ref_scvi	per_subclass	L4 IT
H20.33.044	0	0.9752859777106904	ref_scvi	per_subclass	L4 IT
H20.33.045	1	0.983145171589482	ref_scvi	per_subclass	L4 IT
H20.33.046	1	0.9201393821828056	ref_scvi	per_subclass	L4 IT
H21.33.001	0	0.2676445695395928	ref_scvi	per_subclass	L4 IT
H21.33.002	1	0.843697359811524	ref_scvi	per_subclass	L4 IT
H21.33.003	0	0.6252100603322244	ref_scvi	per_subclass	L4 IT
H21.33.004	0	0.7982160478114186	ref_scvi	per_subclass	L4 IT
H21.33.005	1	0.8650430731132369	ref_scvi	per_subclass	L4 IT
H21.33.006	1	0.605989098683841	ref_scvi	per_subclass	L4 IT
H21.33.007	1	0.7052384307758113	ref_scvi	per_subclass	L4 IT
H21.33.008	1	0.9652362145821382	ref_scvi	per_subclass	L4 IT
H21.33.009	1	0.986406578966097	ref_scvi	per_subclass	L4 IT
H21.33.010	1	0.9486633092758652	ref_scvi	per_subclass	L4 IT
H21.33.011	0	0.4499413920419409	ref_scvi	per_subclass	L4 IT
H21.33.012	1	0.8174326792442683	ref_scvi	per_subclass	L4 IT
H21.33.013	1	0.8706657959475479	ref_scvi	per_subclass	L4 IT
H21.33.014	1	0.32207600693440447	ref_scvi	per_subclass	L4 IT
H21.33.015	0	0.7001162749899636	ref_scvi	per_subclass	L4 IT
H21.33.016	0	0.5566301106609854	ref_scvi	per_subclass	L4 IT
H21.33.017	1	0.9306806354264303	ref_scvi	per_subclass	L4 IT
H21.33.018	0	0.8926744228073057	ref_scvi	per_subclass	L4 IT
H21.33.019	0	0.37755671445948896	ref_scvi	per_subclass	L4 IT
H21.33.020	1	0.9763394385824486	ref_scvi	per_subclass	L4 IT
H21.33.021	1	0.9036966138750472	ref_scvi	per_subclass	L4 IT
H21.33.022	1	0.7387938187193864	ref_scvi	per_subclass	L4 IT
H21.33.023	0	0.34126710688944195	ref_scvi	per_subclass	L4 IT
H21.33.025	1	0.9417531457861102	ref_scvi	per_subclass	L4 IT
H21.33.026	1	0.9194972392576345	ref_scvi	per_subclass	L4 IT
H21.33.027	1	0.9114393920624071	ref_scvi	per_subclass	L4 IT
H21.33.028	0	0.8767827872409228	ref_scvi	per_subclass	L4 IT
H21.33.029	1	0.64618944295107	ref_scvi	per_subclass	L4 IT
H21.33.030	1	0.560341420083079	ref_scvi	per_subclass	L4 IT
H21.33.031	1	0.7730968477644604	ref_scvi	per_subclass	L4 IT
H21.33.032	0	0.25871785505743056	ref_scvi	per_subclass	L4 IT
H21.33.033	1	0.9605287947216817	ref_scvi	per_subclass	L4 IT
H21.33.034	1	0.9826460368168692	ref_scvi	per_subclass	L4 IT
H21.33.035	1	0.9414967648993724	ref_scvi	per_subclass	L4 IT
H21.33.036	1	0.8580816050564843	ref_scvi	per_subclass	L4 IT
H21.33.037	0	0.6405521669712301	ref_scvi	per_subclass	L4 IT
H21.33.038	0	0.9233918667075904	ref_scvi	per_subclass	L4 IT
H21.33.039	1	0.9510634537963787	ref_scvi	per_subclass	L4 IT
H21.33.040	1	0.8334530323197324	ref_scvi	per_subclass	L4 IT
H21.33.041	0	0.856521532397237	ref_scvi	per_subclass	L4 IT
H21.33.042	1	0.7939929070551076	ref_scvi	per_subclass	L4 IT
H21.33.043	0	0.7792759584297688	ref_scvi	per_subclass	L4 IT
H21.33.044	1	0.3635183376022361	ref_scvi	per_subclass	L4 IT
H21.33.045	1	0.9917858719754712	ref_scvi	per_subclass	L4 IT
H21.33.046	1	0.9343602559402878	ref_scvi	per_subclass	L4 IT
H21.33.047	1	0.869828652461484	ref_scvi	per_subclass	L4 IT
H19.33.004	0	0.9443226033254731	ref_scvi	per_subclass	L5 ET
H20.33.001	0	0.6386929341349854	ref_scvi	per_subclass	L5 ET
H20.33.002	0	0.7203315263053846	ref_scvi	per_subclass	L5 ET
H20.33.004	1	0.7366381180069664	ref_scvi	per_subclass	L5 ET
H20.33.005	1	0.8875298496517781	ref_scvi	per_subclass	L5 ET
H20.33.008	1	0.7460819281428142	ref_scvi	per_subclass	L5 ET
H20.33.011	1	0.4996896207076814	ref_scvi	per_subclass	L5 ET
H20.33.012	0	0.5580086217874032	ref_scvi	per_subclass	L5 ET
H20.33.013	1	0.5106545974134693	ref_scvi	per_subclass	L5 ET
H20.33.014	1	0.2650201884831772	ref_scvi	per_subclass	L5 ET
H20.33.015	1	0.6311473966407639	ref_scvi	per_subclass	L5 ET
H20.33.016	1	0.5090680739175246	ref_scvi	per_subclass	L5 ET
H20.33.017	1	0.8832367378934982	ref_scvi	per_subclass	L5 ET
H20.33.018	1	0.9635146428980343	ref_scvi	per_subclass	L5 ET
H20.33.019	1	0.5424879025944238	ref_scvi	per_subclass	L5 ET
H20.33.020	1	0.9724117550202556	ref_scvi	per_subclass	L5 ET
H20.33.024	1	0.6745501585031863	ref_scvi	per_subclass	L5 ET
H20.33.025	1	0.7493235737311909	ref_scvi	per_subclass	L5 ET
H20.33.026	1	0.9382695794085386	ref_scvi	per_subclass	L5 ET
H20.33.027	1	0.6953730123679694	ref_scvi	per_subclass	L5 ET
H20.33.028	1	0.9798324365649972	ref_scvi	per_subclass	L5 ET
H20.33.029	1	0.3413658592265868	ref_scvi	per_subclass	L5 ET
H20.33.030	1	0.8099321851102023	ref_scvi	per_subclass	L5 ET
H20.33.031	1	0.4235488800278846	ref_scvi	per_subclass	L5 ET
H20.33.032	1	0.4676699217437408	ref_scvi	per_subclass	L5 ET
H20.33.034	1	0.5597457357612958	ref_scvi	per_subclass	L5 ET
H20.33.035	0	0.8175821635991323	ref_scvi	per_subclass	L5 ET
H20.33.039	1	0.6157046018221098	ref_scvi	per_subclass	L5 ET
H20.33.040	1	0.7062598460572362	ref_scvi	per_subclass	L5 ET
H20.33.041	1	0.8373725540649122	ref_scvi	per_subclass	L5 ET
H20.33.043	1	0.28866181430838334	ref_scvi	per_subclass	L5 ET
H20.33.044	0	0.7799190626566233	ref_scvi	per_subclass	L5 ET
H20.33.046	1	0.9581401938238233	ref_scvi	per_subclass	L5 ET
H21.33.001	0	0.7711626369162567	ref_scvi	per_subclass	L5 ET
H21.33.002	1	0.9248620933893299	ref_scvi	per_subclass	L5 ET
H21.33.003	0	0.7496248697110218	ref_scvi	per_subclass	L5 ET
H21.33.004	0	0.5112161012321431	ref_scvi	per_subclass	L5 ET
H21.33.005	1	0.7971455667008056	ref_scvi	per_subclass	L5 ET
H21.33.006	1	0.5739055443129893	ref_scvi	per_subclass	L5 ET
H21.33.007	1	0.7766497524337719	ref_scvi	per_subclass	L5 ET
H21.33.010	1	0.8744510111154448	ref_scvi	per_subclass	L5 ET
H21.33.011	0	0.4608400918006493	ref_scvi	per_subclass	L5 ET
H21.33.012	1	0.7422783017782799	ref_scvi	per_subclass	L5 ET
H21.33.013	1	0.7229267109776617	ref_scvi	per_subclass	L5 ET
H21.33.014	1	0.6623243628520588	ref_scvi	per_subclass	L5 ET
H21.33.015	0	0.5659836071315412	ref_scvi	per_subclass	L5 ET
H21.33.016	0	0.31731209811421196	ref_scvi	per_subclass	L5 ET
H21.33.017	1	0.7296495224618362	ref_scvi	per_subclass	L5 ET
H21.33.018	0	0.8694177539308068	ref_scvi	per_subclass	L5 ET
H21.33.019	0	0.6517442577831549	ref_scvi	per_subclass	L5 ET
H21.33.022	1	0.8273948679296943	ref_scvi	per_subclass	L5 ET
H21.33.023	0	0.7636608404258133	ref_scvi	per_subclass	L5 ET
H21.33.025	1	0.8362799970511062	ref_scvi	per_subclass	L5 ET
H21.33.027	1	0.8506797761864734	ref_scvi	per_subclass	L5 ET
H21.33.028	0	0.5809406634593358	ref_scvi	per_subclass	L5 ET
H21.33.029	1	0.8830587252341028	ref_scvi	per_subclass	L5 ET
H21.33.030	1	0.8229401944689366	ref_scvi	per_subclass	L5 ET
H21.33.031	1	0.7453172476792637	ref_scvi	per_subclass	L5 ET
H21.33.032	0	0.5943411483794315	ref_scvi	per_subclass	L5 ET
H21.33.033	1	0.7286924094106433	ref_scvi	per_subclass	L5 ET
H21.33.035	1	0.8656280923576558	ref_scvi	per_subclass	L5 ET
H21.33.036	1	0.8652459367135178	ref_scvi	per_subclass	L5 ET
H21.33.038	0	0.5881235195337865	ref_scvi	per_subclass	L5 ET
H21.33.039	1	0.8832214377075992	ref_scvi	per_subclass	L5 ET
H21.33.040	1	0.8423446599203883	ref_scvi	per_subclass	L5 ET
H21.33.041	0	0.8275064023556642	ref_scvi	per_subclass	L5 ET
H21.33.042	1	0.7195260617093986	ref_scvi	per_subclass	L5 ET
H21.33.043	0	0.8629527412480492	ref_scvi	per_subclass	L5 ET
H21.33.044	1	0.22759206345687438	ref_scvi	per_subclass	L5 ET
H21.33.046	1	0.9873265911842987	ref_scvi	per_subclass	L5 ET
H19.33.004	0	0.8310089321678641	ref_scvi	per_subclass	L5 IT
H20.33.001	0	0.46457521457880224	ref_scvi	per_subclass	L5 IT
H20.33.002	0	0.8288138699983014	ref_scvi	per_subclass	L5 IT
H20.33.004	1	0.5776468487410623	ref_scvi	per_subclass	L5 IT
H20.33.005	1	0.8815960369782985	ref_scvi	per_subclass	L5 IT
H20.33.008	1	0.5979849725375026	ref_scvi	per_subclass	L5 IT
H20.33.011	1	0.3511170100736682	ref_scvi	per_subclass	L5 IT
H20.33.012	0	0.6999562259396552	ref_scvi	per_subclass	L5 IT
H20.33.013	1	0.6517347425065486	ref_scvi	per_subclass	L5 IT
H20.33.014	1	0.405725597966469	ref_scvi	per_subclass	L5 IT
H20.33.015	1	0.6621869472073862	ref_scvi	per_subclass	L5 IT
H20.33.016	1	0.7029420802054862	ref_scvi	per_subclass	L5 IT
H20.33.017	1	0.7752250782994661	ref_scvi	per_subclass	L5 IT
H20.33.018	1	0.9488651808310407	ref_scvi	per_subclass	L5 IT
H20.33.019	1	0.6271599294254677	ref_scvi	per_subclass	L5 IT
H20.33.020	1	0.9377721982692021	ref_scvi	per_subclass	L5 IT
H20.33.024	1	0.4625430872346782	ref_scvi	per_subclass	L5 IT
H20.33.025	1	0.2710077272368984	ref_scvi	per_subclass	L5 IT
H20.33.026	1	0.971641742272926	ref_scvi	per_subclass	L5 IT
H20.33.027	1	0.8334456943236479	ref_scvi	per_subclass	L5 IT
H20.33.028	1	0.891645156173861	ref_scvi	per_subclass	L5 IT
H20.33.029	1	0.822470737416794	ref_scvi	per_subclass	L5 IT
H20.33.030	1	0.9056623488353761	ref_scvi	per_subclass	L5 IT
H20.33.031	1	0.6694470580587508	ref_scvi	per_subclass	L5 IT
H20.33.032	1	0.7100630310448598	ref_scvi	per_subclass	L5 IT
H20.33.033	1	0.9895146254134207	ref_scvi	per_subclass	L5 IT
H20.33.034	1	0.5966795182497043	ref_scvi	per_subclass	L5 IT
H20.33.035	0	0.8838069414633036	ref_scvi	per_subclass	L5 IT
H20.33.036	1	0.9193599824694484	ref_scvi	per_subclass	L5 IT
H20.33.037	1	0.9668867415761234	ref_scvi	per_subclass	L5 IT
H20.33.038	1	0.967803580379108	ref_scvi	per_subclass	L5 IT
H20.33.039	1	0.5020489533313689	ref_scvi	per_subclass	L5 IT
H20.33.040	1	0.7468280337675488	ref_scvi	per_subclass	L5 IT
H20.33.041	1	0.44256510682850214	ref_scvi	per_subclass	L5 IT
H20.33.043	1	0.3755448684611669	ref_scvi	per_subclass	L5 IT
H20.33.044	0	0.8757661587494369	ref_scvi	per_subclass	L5 IT
H20.33.045	1	0.9350683490345946	ref_scvi	per_subclass	L5 IT
H20.33.046	1	0.8621700962542288	ref_scvi	per_subclass	L5 IT
H21.33.001	0	0.9634836797052608	ref_scvi	per_subclass	L5 IT
H21.33.002	1	0.9549599724027111	ref_scvi	per_subclass	L5 IT
H21.33.003	0	0.8099574416276483	ref_scvi	per_subclass	L5 IT
H21.33.004	0	0.4301311916053219	ref_scvi	per_subclass	L5 IT
H21.33.005	1	0.8987046217611256	ref_scvi	per_subclass	L5 IT
H21.33.006	1	0.6075966213733167	ref_scvi	per_subclass	L5 IT
H21.33.007	1	0.7119870197271362	ref_scvi	per_subclass	L5 IT
H21.33.008	1	0.9734250518913417	ref_scvi	per_subclass	L5 IT
H21.33.009	1	0.9637850425398998	ref_scvi	per_subclass	L5 IT
H21.33.010	1	0.9090765119322344	ref_scvi	per_subclass	L5 IT
H21.33.011	0	0.40989795883837987	ref_scvi	per_subclass	L5 IT
H21.33.012	1	0.6218303182628651	ref_scvi	per_subclass	L5 IT
H21.33.013	1	0.8463788789444397	ref_scvi	per_subclass	L5 IT
H21.33.014	1	0.32137230629530666	ref_scvi	per_subclass	L5 IT
H21.33.015	0	0.6587551412341776	ref_scvi	per_subclass	L5 IT
H21.33.016	0	0.5694790118596309	ref_scvi	per_subclass	L5 IT
H21.33.017	1	0.596357328954346	ref_scvi	per_subclass	L5 IT
H21.33.018	0	0.8900028938020513	ref_scvi	per_subclass	L5 IT
H21.33.019	0	0.4664335051488454	ref_scvi	per_subclass	L5 IT
H21.33.020	1	0.9922797498333864	ref_scvi	per_subclass	L5 IT
H21.33.021	1	0.7993624869837326	ref_scvi	per_subclass	L5 IT
H21.33.022	1	0.7535428587827036	ref_scvi	per_subclass	L5 IT
H21.33.023	0	0.8334514596035258	ref_scvi	per_subclass	L5 IT
H21.33.025	1	0.9587231447664518	ref_scvi	per_subclass	L5 IT
H21.33.026	1	0.7964512129308318	ref_scvi	per_subclass	L5 IT
H21.33.027	1	0.9160464066115441	ref_scvi	per_subclass	L5 IT
H21.33.028	0	0.6129358755525902	ref_scvi	per_subclass	L5 IT
H21.33.029	1	0.7732991294324755	ref_scvi	per_subclass	L5 IT
H21.33.030	1	0.7678694816817402	ref_scvi	per_subclass	L5 IT
H21.33.031	1	0.909971541509518	ref_scvi	per_subclass	L5 IT
H21.33.032	0	0.8083224700725392	ref_scvi	per_subclass	L5 IT
H21.33.033	1	0.8488273975997066	ref_scvi	per_subclass	L5 IT
H21.33.034	1	0.8012773024247402	ref_scvi	per_subclass	L5 IT
H21.33.035	1	0.9189212353586662	ref_scvi	per_subclass	L5 IT
H21.33.036	1	0.8232914192139258	ref_scvi	per_subclass	L5 IT
H21.33.037	0	0.7679440818169033	ref_scvi	per_subclass	L5 IT
H21.33.038	0	0.587936179035468	ref_scvi	per_subclass	L5 IT
H21.33.039	1	0.8803134349731305	ref_scvi	per_subclass	L5 IT
H21.33.040	1	0.8367082477348946	ref_scvi	per_subclass	L5 IT
H21.33.041	0	0.840448920346428	ref_scvi	per_subclass	L5 IT
H21.33.042	1	0.778425589795123	ref_scvi	per_subclass	L5 IT
H21.33.043	0	0.9492277862471308	ref_scvi	per_subclass	L5 IT
H21.33.044	1	0.6998931694759584	ref_scvi	per_subclass	L5 IT
H21.33.045	1	0.9591015173124436	ref_scvi	per_subclass	L5 IT
H21.33.046	1	0.96640623887542	ref_scvi	per_subclass	L5 IT
H21.33.047	1	0.5427405193033267	ref_scvi	per_subclass	L5 IT
H19.33.004	0	0.8703918263320751	ref_scvi	per_subclass	L5/6 NP
H20.33.001	0	0.8683055885879026	ref_scvi	per_subclass	L5/6 NP
H20.33.002	0	0.7988167590742188	ref_scvi	per_subclass	L5/6 NP
H20.33.004	1	0.7781177718188194	ref_scvi	per_subclass	L5/6 NP
H20.33.005	1	0.8929900218593818	ref_scvi	per_subclass	L5/6 NP
H20.33.008	1	0.7397830096003822	ref_scvi	per_subclass	L5/6 NP
H20.33.011	1	0.4477163414491129	ref_scvi	per_subclass	L5/6 NP
H20.33.012	0	0.630197735369584	ref_scvi	per_subclass	L5/6 NP
H20.33.013	1	0.6266884578581682	ref_scvi	per_subclass	L5/6 NP
H20.33.014	1	0.762359601107675	ref_scvi	per_subclass	L5/6 NP
H20.33.015	1	0.1327852163248596	ref_scvi	per_subclass	L5/6 NP
H20.33.016	1	0.31188897853456105	ref_scvi	per_subclass	L5/6 NP
H20.33.017	1	0.9677465026172728	ref_scvi	per_subclass	L5/6 NP
H20.33.018	1	0.8753739905205494	ref_scvi	per_subclass	L5/6 NP
H20.33.019	1	0.5586490201586771	ref_scvi	per_subclass	L5/6 NP
H20.33.020	1	0.8665021943983238	ref_scvi	per_subclass	L5/6 NP
H20.33.024	1	0.5854186781560916	ref_scvi	per_subclass	L5/6 NP
H20.33.025	1	0.7440621360174728	ref_scvi	per_subclass	L5/6 NP
H20.33.026	1	0.8405402362861407	ref_scvi	per_subclass	L5/6 NP
H20.33.027	1	0.8976340434166337	ref_scvi	per_subclass	L5/6 NP
H20.33.028	1	0.9621018389783377	ref_scvi	per_subclass	L5/6 NP
H20.33.029	1	0.46848676002243855	ref_scvi	per_subclass	L5/6 NP
H20.33.030	1	0.7816635111082565	ref_scvi	per_subclass	L5/6 NP
H20.33.031	1	0.6676797031022856	ref_scvi	per_subclass	L5/6 NP
H20.33.032	1	0.5632902365619487	ref_scvi	per_subclass	L5/6 NP
H20.33.033	1	0.9161972805696564	ref_scvi	per_subclass	L5/6 NP
H20.33.034	1	0.8323179420970345	ref_scvi	per_subclass	L5/6 NP
H20.33.035	0	0.6441343060769951	ref_scvi	per_subclass	L5/6 NP
H20.33.036	1	0.9632483023965879	ref_scvi	per_subclass	L5/6 NP
H20.33.037	1	0.9685425720445053	ref_scvi	per_subclass	L5/6 NP
H20.33.039	1	0.3990814007999314	ref_scvi	per_subclass	L5/6 NP
H20.33.040	1	0.7346378028098935	ref_scvi	per_subclass	L5/6 NP
H20.33.041	1	0.742603459751924	ref_scvi	per_subclass	L5/6 NP
H20.33.043	1	0.5431284289753082	ref_scvi	per_subclass	L5/6 NP
H20.33.044	0	0.9138104469469264	ref_scvi	per_subclass	L5/6 NP
H20.33.045	1	0.9743865825982339	ref_scvi	per_subclass	L5/6 NP
H20.33.046	1	0.9843133971124185	ref_scvi	per_subclass	L5/6 NP
H21.33.001	0	0.7297877049032101	ref_scvi	per_subclass	L5/6 NP
H21.33.002	1	0.8710140242309684	ref_scvi	per_subclass	L5/6 NP
H21.33.003	0	0.8608335487720604	ref_scvi	per_subclass	L5/6 NP
H21.33.004	0	0.5159600617005993	ref_scvi	per_subclass	L5/6 NP
H21.33.005	1	0.913631885486442	ref_scvi	per_subclass	L5/6 NP
H21.33.006	1	0.6649248266587497	ref_scvi	per_subclass	L5/6 NP
H21.33.007	1	0.8141643604896422	ref_scvi	per_subclass	L5/6 NP
H21.33.008	1	0.9760985208282923	ref_scvi	per_subclass	L5/6 NP
H21.33.009	1	0.9617310733584785	ref_scvi	per_subclass	L5/6 NP
H21.33.010	1	0.9116645053917523	ref_scvi	per_subclass	L5/6 NP
H21.33.011	0	0.395971991161485	ref_scvi	per_subclass	L5/6 NP
H21.33.012	1	0.649484852369136	ref_scvi	per_subclass	L5/6 NP
H21.33.013	1	0.5666657411349375	ref_scvi	per_subclass	L5/6 NP
H21.33.014	1	0.36039495793222703	ref_scvi	per_subclass	L5/6 NP
H21.33.015	0	0.6969216951232384	ref_scvi	per_subclass	L5/6 NP
H21.33.016	0	0.6163471705046262	ref_scvi	per_subclass	L5/6 NP
H21.33.017	1	0.8206915579206886	ref_scvi	per_subclass	L5/6 NP
H21.33.018	0	0.9406857530603709	ref_scvi	per_subclass	L5/6 NP
H21.33.019	0	0.6272445477112113	ref_scvi	per_subclass	L5/6 NP
H21.33.021	1	0.9302224233027386	ref_scvi	per_subclass	L5/6 NP
H21.33.022	1	0.9413811469133092	ref_scvi	per_subclass	L5/6 NP
H21.33.023	0	0.8709318548208115	ref_scvi	per_subclass	L5/6 NP
H21.33.025	1	0.8705485850425042	ref_scvi	per_subclass	L5/6 NP
H21.33.026	1	0.7738875120967194	ref_scvi	per_subclass	L5/6 NP
H21.33.027	1	0.7766010548393261	ref_scvi	per_subclass	L5/6 NP
H21.33.028	0	0.761431901551651	ref_scvi	per_subclass	L5/6 NP
H21.33.029	1	0.916573154731531	ref_scvi	per_subclass	L5/6 NP
H21.33.030	1	0.7627633262955786	ref_scvi	per_subclass	L5/6 NP
H21.33.031	1	0.6518983636010302	ref_scvi	per_subclass	L5/6 NP
H21.33.032	0	0.6576634707644	ref_scvi	per_subclass	L5/6 NP
H21.33.033	1	0.9062023190617083	ref_scvi	per_subclass	L5/6 NP
H21.33.034	1	0.8079831430845147	ref_scvi	per_subclass	L5/6 NP
H21.33.035	1	0.6428886152814363	ref_scvi	per_subclass	L5/6 NP
H21.33.036	1	0.7334942320925345	ref_scvi	per_subclass	L5/6 NP
H21.33.037	0	0.38184311754263345	ref_scvi	per_subclass	L5/6 NP
H21.33.038	0	0.8059232637815488	ref_scvi	per_subclass	L5/6 NP
H21.33.039	1	0.8872657249518721	ref_scvi	per_subclass	L5/6 NP
H21.33.040	1	0.7911105569094365	ref_scvi	per_subclass	L5/6 NP
H21.33.041	0	0.746498177145229	ref_scvi	per_subclass	L5/6 NP
H21.33.042	1	0.926687988058263	ref_scvi	per_subclass	L5/6 NP
H21.33.043	0	0.8254828495097316	ref_scvi	per_subclass	L5/6 NP
H21.33.044	1	0.6213144725708567	ref_scvi	per_subclass	L5/6 NP
H21.33.045	1	0.9476715670194741	ref_scvi	per_subclass	L5/6 NP
H21.33.046	1	0.9486783626965074	ref_scvi	per_subclass	L5/6 NP
H21.33.047	1	0.19488283132998915	ref_scvi	per_subclass	L5/6 NP
H19.33.004	0	0.9588265641513216	ref_scvi	per_subclass	L6 CT
H20.33.001	0	0.6290600153432583	ref_scvi	per_subclass	L6 CT
H20.33.002	0	0.689881692136983	ref_scvi	per_subclass	L6 CT
H20.33.004	1	0.854041846257025	ref_scvi	per_subclass	L6 CT
H20.33.005	1	0.7929152080166626	ref_scvi	per_subclass	L6 CT
H20.33.008	1	0.39067522983198955	ref_scvi	per_subclass	L6 CT
H20.33.011	1	0.6376212570711839	ref_scvi	per_subclass	L6 CT
H20.33.012	0	0.6614071196256542	ref_scvi	per_subclass	L6 CT
H20.33.013	1	0.6279540698343862	ref_scvi	per_subclass	L6 CT
H20.33.014	1	0.43491776765381485	ref_scvi	per_subclass	L6 CT
H20.33.015	1	0.7550262031519795	ref_scvi	per_subclass	L6 CT
H20.33.016	1	0.4731123862894829	ref_scvi	per_subclass	L6 CT
H20.33.017	1	0.9281661842616884	ref_scvi	per_subclass	L6 CT
H20.33.018	1	0.9608745042749239	ref_scvi	per_subclass	L6 CT
H20.33.019	1	0.6238581434073096	ref_scvi	per_subclass	L6 CT
H20.33.020	1	0.9586670046069254	ref_scvi	per_subclass	L6 CT
H20.33.024	1	0.5605180850050189	ref_scvi	per_subclass	L6 CT
H20.33.025	1	0.3908110759606318	ref_scvi	per_subclass	L6 CT
H20.33.026	1	0.9866170646917224	ref_scvi	per_subclass	L6 CT
H20.33.027	1	0.6009899846657428	ref_scvi	per_subclass	L6 CT
H20.33.028	1	0.5256981236386146	ref_scvi	per_subclass	L6 CT
H20.33.029	1	0.6772384247566592	ref_scvi	per_subclass	L6 CT
H20.33.030	1	0.8634055796470481	ref_scvi	per_subclass	L6 CT
H20.33.031	1	0.4406934753116321	ref_scvi	per_subclass	L6 CT
H20.33.032	1	0.6252504734289757	ref_scvi	per_subclass	L6 CT
H20.33.033	1	0.9757338697070457	ref_scvi	per_subclass	L6 CT
H20.33.034	1	0.8264107607148692	ref_scvi	per_subclass	L6 CT
H20.33.035	0	0.7399343435868768	ref_scvi	per_subclass	L6 CT
H20.33.036	1	0.9929329203759905	ref_scvi	per_subclass	L6 CT
H20.33.037	1	0.9452064394921227	ref_scvi	per_subclass	L6 CT
H20.33.039	1	0.539243136389789	ref_scvi	per_subclass	L6 CT
H20.33.040	1	0.6325167476066769	ref_scvi	per_subclass	L6 CT
H20.33.041	1	0.8044908338639292	ref_scvi	per_subclass	L6 CT
H20.33.043	1	0.7150505189065861	ref_scvi	per_subclass	L6 CT
H20.33.044	0	0.8030247360038469	ref_scvi	per_subclass	L6 CT
H20.33.045	1	0.9715965835939576	ref_scvi	per_subclass	L6 CT
H20.33.046	1	0.972297243167489	ref_scvi	per_subclass	L6 CT
H21.33.001	0	0.884377282863016	ref_scvi	per_subclass	L6 CT
H21.33.002	1	0.9594291781980662	ref_scvi	per_subclass	L6 CT
H21.33.003	0	0.7151881844224065	ref_scvi	per_subclass	L6 CT
H21.33.004	0	0.4399008404922725	ref_scvi	per_subclass	L6 CT
H21.33.005	1	0.728886984655486	ref_scvi	per_subclass	L6 CT
H21.33.006	1	0.7330584057833678	ref_scvi	per_subclass	L6 CT
H21.33.007	1	0.7024120931503857	ref_scvi	per_subclass	L6 CT
H21.33.008	1	0.9678625946042099	ref_scvi	per_subclass	L6 CT
H21.33.009	1	0.9797223465395574	ref_scvi	per_subclass	L6 CT
H21.33.010	1	0.9440624074014383	ref_scvi	per_subclass	L6 CT
H21.33.011	0	0.6139883627225652	ref_scvi	per_subclass	L6 CT
H21.33.012	1	0.7357266020390331	ref_scvi	per_subclass	L6 CT
H21.33.013	1	0.9244065949530308	ref_scvi	per_subclass	L6 CT
H21.33.014	1	0.8087263621783721	ref_scvi	per_subclass	L6 CT
H21.33.015	0	0.7888568417750579	ref_scvi	per_subclass	L6 CT
H21.33.016	0	0.8229987841474966	ref_scvi	per_subclass	L6 CT
H21.33.017	1	0.41549347598114206	ref_scvi	per_subclass	L6 CT
H21.33.018	0	0.973106113635249	ref_scvi	per_subclass	L6 CT
H21.33.019	0	0.5268925189517162	ref_scvi	per_subclass	L6 CT
H21.33.021	1	0.9620887711124748	ref_scvi	per_subclass	L6 CT
H21.33.022	1	0.7046731250022423	ref_scvi	per_subclass	L6 CT
H21.33.023	0	0.8402776633303342	ref_scvi	per_subclass	L6 CT
H21.33.025	1	0.7556259996408705	ref_scvi	per_subclass	L6 CT
H21.33.026	1	0.7935240329632858	ref_scvi	per_subclass	L6 CT
H21.33.027	1	0.8997410485399275	ref_scvi	per_subclass	L6 CT
H21.33.028	0	0.5379502219128323	ref_scvi	per_subclass	L6 CT
H21.33.029	1	0.8935550208776448	ref_scvi	per_subclass	L6 CT
H21.33.030	1	0.7989481679023058	ref_scvi	per_subclass	L6 CT
H21.33.031	1	0.5276672106448703	ref_scvi	per_subclass	L6 CT
H21.33.032	0	0.4234298316620645	ref_scvi	per_subclass	L6 CT
H21.33.033	1	0.627477569292898	ref_scvi	per_subclass	L6 CT
H21.33.035	1	0.6598182774433324	ref_scvi	per_subclass	L6 CT
H21.33.036	1	0.5272292635401075	ref_scvi	per_subclass	L6 CT
H21.33.037	0	0.4308113414638105	ref_scvi	per_subclass	L6 CT
H21.33.038	0	0.7121454141831659	ref_scvi	per_subclass	L6 CT
H21.33.039	1	0.8246404738554908	ref_scvi	per_subclass	L6 CT
H21.33.040	1	0.6821599461513858	ref_scvi	per_subclass	L6 CT
H21.33.041	0	0.927589742702858	ref_scvi	per_subclass	L6 CT
H21.33.042	1	0.7323526071820652	ref_scvi	per_subclass	L6 CT
H21.33.043	0	0.773908450861668	ref_scvi	per_subclass	L6 CT
H21.33.044	1	0.2953154519416391	ref_scvi	per_subclass	L6 CT
H21.33.045	1	0.9436725283570011	ref_scvi	per_subclass	L6 CT
H21.33.046	1	0.9177766937174162	ref_scvi	per_subclass	L6 CT
H21.33.047	1	0.7980382084652017	ref_scvi	per_subclass	L6 CT
H19.33.004	0	0.8326241848194729	ref_scvi	per_subclass	L6 IT
H20.33.001	0	0.3344253445957751	ref_scvi	per_subclass	L6 IT
H20.33.002	0	0.6289502987242861	ref_scvi	per_subclass	L6 IT
H20.33.004	1	0.7097834454068291	ref_scvi	per_subclass	L6 IT
H20.33.005	1	0.8139450611542062	ref_scvi	per_subclass	L6 IT
H20.33.008	1	0.7084277532157648	ref_scvi	per_subclass	L6 IT
H20.33.011	1	0.45590394883808205	ref_scvi	per_subclass	L6 IT
H20.33.012	0	0.586042183336368	ref_scvi	per_subclass	L6 IT
H20.33.013	1	0.8171183442951812	ref_scvi	per_subclass	L6 IT
H20.33.014	1	0.27802683427474884	ref_scvi	per_subclass	L6 IT
H20.33.015	1	0.4913378777903219	ref_scvi	per_subclass	L6 IT
H20.33.016	1	0.76769714334383	ref_scvi	per_subclass	L6 IT
H20.33.017	1	0.7860893830957172	ref_scvi	per_subclass	L6 IT
H20.33.018	1	0.9170141500287997	ref_scvi	per_subclass	L6 IT
H20.33.019	1	0.4971516185041823	ref_scvi	per_subclass	L6 IT
H20.33.020	1	0.9223817147176605	ref_scvi	per_subclass	L6 IT
H20.33.024	1	0.36389202038310675	ref_scvi	per_subclass	L6 IT
H20.33.025	1	0.6933726912673417	ref_scvi	per_subclass	L6 IT
H20.33.026	1	0.9610392720853405	ref_scvi	per_subclass	L6 IT
H20.33.027	1	0.6587153007726616	ref_scvi	per_subclass	L6 IT
H20.33.028	1	0.981114747707554	ref_scvi	per_subclass	L6 IT
H20.33.029	1	0.8309996142894326	ref_scvi	per_subclass	L6 IT
H20.33.030	1	0.9236936466540216	ref_scvi	per_subclass	L6 IT
H20.33.031	1	0.5150663298764194	ref_scvi	per_subclass	L6 IT
H20.33.032	1	0.7713854787404422	ref_scvi	per_subclass	L6 IT
H20.33.033	1	0.9875652216732569	ref_scvi	per_subclass	L6 IT
H20.33.034	1	0.4947852183455822	ref_scvi	per_subclass	L6 IT
H20.33.035	0	0.6784850714371362	ref_scvi	per_subclass	L6 IT
H20.33.036	1	0.9381166555508379	ref_scvi	per_subclass	L6 IT
H20.33.037	1	0.985710240501535	ref_scvi	per_subclass	L6 IT
H20.33.039	1	0.7540803105991839	ref_scvi	per_subclass	L6 IT
H20.33.040	1	0.5436368210655254	ref_scvi	per_subclass	L6 IT
H20.33.041	1	0.7932810561298956	ref_scvi	per_subclass	L6 IT
H20.33.043	1	0.8041943500052933	ref_scvi	per_subclass	L6 IT
H20.33.044	0	0.844175511743758	ref_scvi	per_subclass	L6 IT
H20.33.045	1	0.9598528466626451	ref_scvi	per_subclass	L6 IT
H20.33.046	1	0.9419692371681148	ref_scvi	per_subclass	L6 IT
H21.33.001	0	0.9261009520224176	ref_scvi	per_subclass	L6 IT
H21.33.002	1	0.8181394167543555	ref_scvi	per_subclass	L6 IT
H21.33.003	0	0.5218478104510664	ref_scvi	per_subclass	L6 IT
H21.33.004	0	0.7402754652385916	ref_scvi	per_subclass	L6 IT
H21.33.005	1	0.8256160492882595	ref_scvi	per_subclass	L6 IT
H21.33.006	1	0.4500601856350904	ref_scvi	per_subclass	L6 IT
H21.33.007	1	0.6720237363715222	ref_scvi	per_subclass	L6 IT
H21.33.008	1	0.9952548209824513	ref_scvi	per_subclass	L6 IT
H21.33.009	1	0.9554113486065319	ref_scvi	per_subclass	L6 IT
H21.33.010	1	0.7928526359295098	ref_scvi	per_subclass	L6 IT
H21.33.011	0	0.8152991988090399	ref_scvi	per_subclass	L6 IT
H21.33.012	1	0.6595810921217005	ref_scvi	per_subclass	L6 IT
H21.33.013	1	0.8792668701610087	ref_scvi	per_subclass	L6 IT
H21.33.014	1	0.4937877443825265	ref_scvi	per_subclass	L6 IT
H21.33.015	0	0.5053189652658951	ref_scvi	per_subclass	L6 IT
H21.33.016	0	0.6473839250019796	ref_scvi	per_subclass	L6 IT
H21.33.017	1	0.42577127290289435	ref_scvi	per_subclass	L6 IT
H21.33.018	0	0.8494751774574414	ref_scvi	per_subclass	L6 IT
H21.33.019	0	0.7862123898131653	ref_scvi	per_subclass	L6 IT
H21.33.021	1	0.9948748556753377	ref_scvi	per_subclass	L6 IT
H21.33.022	1	0.83195646049804	ref_scvi	per_subclass	L6 IT
H21.33.023	0	0.9676842355960312	ref_scvi	per_subclass	L6 IT
H21.33.025	1	0.7951005617140071	ref_scvi	per_subclass	L6 IT
H21.33.026	1	0.81660948615677	ref_scvi	per_subclass	L6 IT
H21.33.027	1	0.8100073164376514	ref_scvi	per_subclass	L6 IT
H21.33.028	0	0.4395732332818924	ref_scvi	per_subclass	L6 IT
H21.33.029	1	0.9225302611823223	ref_scvi	per_subclass	L6 IT
H21.33.030	1	0.7348697663462324	ref_scvi	per_subclass	L6 IT
H21.33.031	1	0.8141799856046867	ref_scvi	per_subclass	L6 IT
H21.33.032	0	0.6827533235178402	ref_scvi	per_subclass	L6 IT
H21.33.033	1	0.6905772974676291	ref_scvi	per_subclass	L6 IT
H21.33.034	1	0.9691256524197585	ref_scvi	per_subclass	L6 IT
H21.33.035	1	0.6928888867616608	ref_scvi	per_subclass	L6 IT
H21.33.036	1	0.6827211749696832	ref_scvi	per_subclass	L6 IT
H21.33.037	0	0.7112739004560831	ref_scvi	per_subclass	L6 IT
H21.33.038	0	0.8523955675221231	ref_scvi	per_subclass	L6 IT
H21.33.039	1	0.8426290415302331	ref_scvi	per_subclass	L6 IT
H21.33.040	1	0.685779510731118	ref_scvi	per_subclass	L6 IT
H21.33.041	0	0.6645474791346384	ref_scvi	per_subclass	L6 IT
H21.33.042	1	0.6348328437596698	ref_scvi	per_subclass	L6 IT
H21.33.043	0	0.8772557434166016	ref_scvi	per_subclass	L6 IT
H21.33.044	1	0.33666127636934895	ref_scvi	per_subclass	L6 IT
H21.33.045	1	0.9619455115743369	ref_scvi	per_subclass	L6 IT
H21.33.046	1	0.8759938467163494	ref_scvi	per_subclass	L6 IT
H21.33.047	1	0.565534894920204	ref_scvi	per_subclass	L6 IT
H19.33.004	0	0.6513240200445172	ref_scvi	per_subclass	L6 IT Car3
H20.33.001	0	0.7728652482090463	ref_scvi	per_subclass	L6 IT Car3
H20.33.002	0	0.7471273015711531	ref_scvi	per_subclass	L6 IT Car3
H20.33.004	1	0.6671396045740413	ref_scvi	per_subclass	L6 IT Car3
H20.33.005	1	0.8253292015054919	ref_scvi	per_subclass	L6 IT Car3
H20.33.008	1	0.2849927380999387	ref_scvi	per_subclass	L6 IT Car3
H20.33.011	1	0.6567584526777952	ref_scvi	per_subclass	L6 IT Car3
H20.33.012	0	0.9268057602006647	ref_scvi	per_subclass	L6 IT Car3
H20.33.013	1	0.7405490997158507	ref_scvi	per_subclass	L6 IT Car3
H20.33.014	1	0.7452760280003776	ref_scvi	per_subclass	L6 IT Car3
H20.33.015	1	0.5727291141015767	ref_scvi	per_subclass	L6 IT Car3
H20.33.016	1	0.904819078575111	ref_scvi	per_subclass	L6 IT Car3
H20.33.017	1	0.6785145674121437	ref_scvi	per_subclass	L6 IT Car3
H20.33.018	1	0.8678163882178245	ref_scvi	per_subclass	L6 IT Car3
H20.33.019	1	0.79103195972266	ref_scvi	per_subclass	L6 IT Car3
H20.33.020	1	0.7158972755874691	ref_scvi	per_subclass	L6 IT Car3
H20.33.024	1	0.6127960810899604	ref_scvi	per_subclass	L6 IT Car3
H20.33.025	1	0.699077855392342	ref_scvi	per_subclass	L6 IT Car3
H20.33.026	1	0.8503288182334204	ref_scvi	per_subclass	L6 IT Car3
H20.33.027	1	0.7611830620495169	ref_scvi	per_subclass	L6 IT Car3
H20.33.028	1	0.919126335937745	ref_scvi	per_subclass	L6 IT Car3
H20.33.029	1	0.6049478299793838	ref_scvi	per_subclass	L6 IT Car3
H20.33.030	1	0.798163391642146	ref_scvi	per_subclass	L6 IT Car3
H20.33.031	1	0.7108574587361234	ref_scvi	per_subclass	L6 IT Car3
H20.33.032	1	0.5906007130354879	ref_scvi	per_subclass	L6 IT Car3
H20.33.033	1	0.9361481322139884	ref_scvi	per_subclass	L6 IT Car3
H20.33.034	1	0.7442443542908046	ref_scvi	per_subclass	L6 IT Car3
H20.33.035	0	0.9609680440356941	ref_scvi	per_subclass	L6 IT Car3
H20.33.036	1	0.8124157376375024	ref_scvi	per_subclass	L6 IT Car3
H20.33.037	1	0.8745713049349011	ref_scvi	per_subclass	L6 IT Car3
H20.33.038	1	0.6606844517794134	ref_scvi	per_subclass	L6 IT Car3
H20.33.039	1	0.7979561232608201	ref_scvi	per_subclass	L6 IT Car3
H20.33.040	1	0.7869987185746614	ref_scvi	per_subclass	L6 IT Car3
H20.33.041	1	0.8298545850458308	ref_scvi	per_subclass	L6 IT Car3
H20.33.043	1	0.7308175464554448	ref_scvi	per_subclass	L6 IT Car3
H20.33.044	0	0.9729277522457036	ref_scvi	per_subclass	L6 IT Car3
H20.33.045	1	0.8207473495187276	ref_scvi	per_subclass	L6 IT Car3
H20.33.046	1	0.9127724030974121	ref_scvi	per_subclass	L6 IT Car3
H21.33.001	0	0.9715348270435348	ref_scvi	per_subclass	L6 IT Car3
H21.33.002	1	0.5116391173494548	ref_scvi	per_subclass	L6 IT Car3
H21.33.003	0	0.5257285478215359	ref_scvi	per_subclass	L6 IT Car3
H21.33.004	0	0.6748411136347621	ref_scvi	per_subclass	L6 IT Car3
H21.33.005	1	0.5028635634901911	ref_scvi	per_subclass	L6 IT Car3
H21.33.006	1	0.6416432193358632	ref_scvi	per_subclass	L6 IT Car3
H21.33.007	1	0.6333469661216287	ref_scvi	per_subclass	L6 IT Car3
H21.33.008	1	0.8248990968125923	ref_scvi	per_subclass	L6 IT Car3
H21.33.009	1	0.8132637812490996	ref_scvi	per_subclass	L6 IT Car3
H21.33.010	1	0.756216028625947	ref_scvi	per_subclass	L6 IT Car3
H21.33.011	0	0.8683949651254066	ref_scvi	per_subclass	L6 IT Car3
H21.33.012	1	0.8502093310825567	ref_scvi	per_subclass	L6 IT Car3
H21.33.013	1	0.7501429567630875	ref_scvi	per_subclass	L6 IT Car3
H21.33.014	1	0.6411796382754501	ref_scvi	per_subclass	L6 IT Car3
H21.33.015	0	0.8462315240036317	ref_scvi	per_subclass	L6 IT Car3
H21.33.016	0	0.8330805384882082	ref_scvi	per_subclass	L6 IT Car3
H21.33.017	1	0.6703219554827055	ref_scvi	per_subclass	L6 IT Car3
H21.33.018	0	0.5788090961765034	ref_scvi	per_subclass	L6 IT Car3
H21.33.019	0	0.6970205493740516	ref_scvi	per_subclass	L6 IT Car3
H21.33.021	1	0.3377424144527952	ref_scvi	per_subclass	L6 IT Car3
H21.33.022	1	0.6289508400660626	ref_scvi	per_subclass	L6 IT Car3
H21.33.023	0	0.6006050886455654	ref_scvi	per_subclass	L6 IT Car3
H21.33.025	1	0.7141520616627288	ref_scvi	per_subclass	L6 IT Car3
H21.33.026	1	0.380056684362884	ref_scvi	per_subclass	L6 IT Car3
H21.33.027	1	0.7482817892017477	ref_scvi	per_subclass	L6 IT Car3
H21.33.028	0	0.7246275690792174	ref_scvi	per_subclass	L6 IT Car3
H21.33.029	1	0.8019870352527457	ref_scvi	per_subclass	L6 IT Car3
H21.33.030	1	0.4656831157911908	ref_scvi	per_subclass	L6 IT Car3
H21.33.031	1	0.7149827610405521	ref_scvi	per_subclass	L6 IT Car3
H21.33.032	0	0.8175074446995685	ref_scvi	per_subclass	L6 IT Car3
H21.33.033	1	0.7626894530098906	ref_scvi	per_subclass	L6 IT Car3
H21.33.034	1	0.539393899001164	ref_scvi	per_subclass	L6 IT Car3
H21.33.035	1	0.8427381441583183	ref_scvi	per_subclass	L6 IT Car3
H21.33.036	1	0.6650457230840071	ref_scvi	per_subclass	L6 IT Car3
H21.33.037	0	0.6754315354102873	ref_scvi	per_subclass	L6 IT Car3
H21.33.038	0	0.7138639090773574	ref_scvi	per_subclass	L6 IT Car3
H21.33.039	1	0.8454420585659677	ref_scvi	per_subclass	L6 IT Car3
H21.33.040	1	0.7836213977604178	ref_scvi	per_subclass	L6 IT Car3
H21.33.041	0	0.744314974321088	ref_scvi	per_subclass	L6 IT Car3
H21.33.042	1	0.8555333822502666	ref_scvi	per_subclass	L6 IT Car3
H21.33.043	0	0.8395645683718588	ref_scvi	per_subclass	L6 IT Car3
H21.33.044	1	0.9497416887202865	ref_scvi	per_subclass	L6 IT Car3
H21.33.045	1	0.8621796399008131	ref_scvi	per_subclass	L6 IT Car3
H21.33.046	1	0.8250742287633214	ref_scvi	per_subclass	L6 IT Car3
H21.33.047	1	0.4104599369592151	ref_scvi	per_subclass	L6 IT Car3
H19.33.004	0	0.9689419868793356	ref_scvi	per_subclass	L6b
H20.33.001	0	0.6786685861374296	ref_scvi	per_subclass	L6b
H20.33.002	0	0.6579479642967563	ref_scvi	per_subclass	L6b
H20.33.004	1	0.8968562045763632	ref_scvi	per_subclass	L6b
H20.33.005	1	0.843818044240264	ref_scvi	per_subclass	L6b
H20.33.008	1	0.384137288049408	ref_scvi	per_subclass	L6b
H20.33.011	1	0.578071677147511	ref_scvi	per_subclass	L6b
H20.33.012	0	0.6464297095190725	ref_scvi	per_subclass	L6b
H20.33.013	1	0.7794338217707836	ref_scvi	per_subclass	L6b
H20.33.014	1	0.2320042865025648	ref_scvi	per_subclass	L6b
H20.33.015	1	0.41929015459736807	ref_scvi	per_subclass	L6b
H20.33.016	1	0.5750517619063584	ref_scvi	per_subclass	L6b
H20.33.017	1	0.915959581124452	ref_scvi	per_subclass	L6b
H20.33.018	1	0.9715993342057434	ref_scvi	per_subclass	L6b
H20.33.019	1	0.41172589439721274	ref_scvi	per_subclass	L6b
H20.33.020	1	0.9745862203141364	ref_scvi	per_subclass	L6b
H20.33.024	1	0.39037565126715057	ref_scvi	per_subclass	L6b
H20.33.025	1	0.5401249104029275	ref_scvi	per_subclass	L6b
H20.33.026	1	0.9647928473663221	ref_scvi	per_subclass	L6b
H20.33.027	1	0.6964905940034015	ref_scvi	per_subclass	L6b
H20.33.028	1	0.910955981928011	ref_scvi	per_subclass	L6b
H20.33.029	1	0.5266196271293159	ref_scvi	per_subclass	L6b
H20.33.030	1	0.9548751274923399	ref_scvi	per_subclass	L6b
H20.33.031	1	0.8639189450613362	ref_scvi	per_subclass	L6b
H20.33.032	1	0.7925173761351122	ref_scvi	per_subclass	L6b
H20.33.033	1	0.9702474397974118	ref_scvi	per_subclass	L6b
H20.33.034	1	0.9275418122091891	ref_scvi	per_subclass	L6b
H20.33.035	0	0.3058546435735998	ref_scvi	per_subclass	L6b
H20.33.036	1	0.8664898496090571	ref_scvi	per_subclass	L6b
H20.33.037	1	0.9565965084144784	ref_scvi	per_subclass	L6b
H20.33.039	1	0.6581007856080145	ref_scvi	per_subclass	L6b
H20.33.040	1	0.5704807941777763	ref_scvi	per_subclass	L6b
H20.33.041	1	0.7166084470919837	ref_scvi	per_subclass	L6b
H20.33.043	1	0.894736598404355	ref_scvi	per_subclass	L6b
H20.33.044	0	0.8120447544117514	ref_scvi	per_subclass	L6b
H20.33.045	1	0.9778289556282951	ref_scvi	per_subclass	L6b
H20.33.046	1	0.9789163950959303	ref_scvi	per_subclass	L6b
H21.33.001	0	0.8344693116710241	ref_scvi	per_subclass	L6b
H21.33.002	1	0.9485355026764539	ref_scvi	per_subclass	L6b
H21.33.003	0	0.5168228818620706	ref_scvi	per_subclass	L6b
H21.33.004	0	0.4669684958727947	ref_scvi	per_subclass	L6b
H21.33.005	1	0.7925666868478646	ref_scvi	per_subclass	L6b
H21.33.006	1	0.8075984920738011	ref_scvi	per_subclass	L6b
H21.33.007	1	0.7185883200307819	ref_scvi	per_subclass	L6b
H21.33.008	1	0.9961577529346657	ref_scvi	per_subclass	L6b
H21.33.009	1	0.9358664147742163	ref_scvi	per_subclass	L6b
H21.33.010	1	0.912509272257765	ref_scvi	per_subclass	L6b
H21.33.011	0	0.2791103848006157	ref_scvi	per_subclass	L6b
H21.33.012	1	0.8762843503299138	ref_scvi	per_subclass	L6b
H21.33.013	1	0.4996721961101618	ref_scvi	per_subclass	L6b
H21.33.014	1	0.7473456573847084	ref_scvi	per_subclass	L6b
H21.33.015	0	0.7381946526301953	ref_scvi	per_subclass	L6b
H21.33.016	0	0.5967364511072432	ref_scvi	per_subclass	L6b
H21.33.017	1	0.7657467127316734	ref_scvi	per_subclass	L6b
H21.33.018	0	0.9648707418782296	ref_scvi	per_subclass	L6b
H21.33.019	0	0.5194766082457074	ref_scvi	per_subclass	L6b
H21.33.021	1	0.9402036127048718	ref_scvi	per_subclass	L6b
H21.33.022	1	0.9084989140697358	ref_scvi	per_subclass	L6b
H21.33.023	0	0.5767606019033746	ref_scvi	per_subclass	L6b
H21.33.025	1	0.9046915645066702	ref_scvi	per_subclass	L6b
H21.33.026	1	0.9585767984655398	ref_scvi	per_subclass	L6b
H21.33.027	1	0.6751237525794027	ref_scvi	per_subclass	L6b
H21.33.028	0	0.8589435894980509	ref_scvi	per_subclass	L6b
H21.33.029	1	0.8047142813704425	ref_scvi	per_subclass	L6b
H21.33.030	1	0.847013179306057	ref_scvi	per_subclass	L6b
H21.33.031	1	0.8001319306762564	ref_scvi	per_subclass	L6b
H21.33.032	0	0.8686236006786304	ref_scvi	per_subclass	L6b
H21.33.033	1	0.8581415733658311	ref_scvi	per_subclass	L6b
H21.33.034	1	0.5702395880724375	ref_scvi	per_subclass	L6b
H21.33.035	1	0.6328766404165103	ref_scvi	per_subclass	L6b
H21.33.036	1	0.8456955854539473	ref_scvi	per_subclass	L6b
H21.33.037	0	0.40703027228483757	ref_scvi	per_subclass	L6b
H21.33.038	0	0.5132629133421467	ref_scvi	per_subclass	L6b
H21.33.039	1	0.709272529473062	ref_scvi	per_subclass	L6b
H21.33.040	1	0.8929848368587331	ref_scvi	per_subclass	L6b
H21.33.041	0	0.5033775828506049	ref_scvi	per_subclass	L6b
H21.33.042	1	0.7417730244419187	ref_scvi	per_subclass	L6b
H21.33.043	0	0.9197330715249687	ref_scvi	per_subclass	L6b
H21.33.044	1	0.21239214641959397	ref_scvi	per_subclass	L6b
H21.33.045	1	0.9581513607085924	ref_scvi	per_subclass	L6b
H21.33.046	1	0.8817874306671204	ref_scvi	per_subclass	L6b
H21.33.047	1	0.5933769624021838	ref_scvi	per_subclass	L6b
H19.33.004	0	0.7520155822952952	ref_scvi	per_subclass	Lamp5
H20.33.001	0	0.8953359481689842	ref_scvi	per_subclass	Lamp5
H20.33.002	0	0.6560103296153444	ref_scvi	per_subclass	Lamp5
H20.33.004	1	0.800297460800644	ref_scvi	per_subclass	Lamp5
H20.33.005	1	0.48636389791177254	ref_scvi	per_subclass	Lamp5
H20.33.008	1	0.9265388829891064	ref_scvi	per_subclass	Lamp5
H20.33.011	1	0.5094922478012422	ref_scvi	per_subclass	Lamp5
H20.33.012	0	0.6891127077535334	ref_scvi	per_subclass	Lamp5
H20.33.013	1	0.6500451956548544	ref_scvi	per_subclass	Lamp5
H20.33.014	1	0.5583221449722463	ref_scvi	per_subclass	Lamp5
H20.33.015	1	0.5118243311070549	ref_scvi	per_subclass	Lamp5
H20.33.016	1	0.8781431070057671	ref_scvi	per_subclass	Lamp5
H20.33.017	1	0.8107620421097298	ref_scvi	per_subclass	Lamp5
H20.33.018	1	0.90510523555803	ref_scvi	per_subclass	Lamp5
H20.33.019	1	0.8375008768106775	ref_scvi	per_subclass	Lamp5
H20.33.020	1	0.7157284518240249	ref_scvi	per_subclass	Lamp5
H20.33.024	1	0.12745199680436872	ref_scvi	per_subclass	Lamp5
H20.33.025	1	0.6693331549749503	ref_scvi	per_subclass	Lamp5
H20.33.026	1	0.5593529832033782	ref_scvi	per_subclass	Lamp5
H20.33.027	1	0.6854373768110069	ref_scvi	per_subclass	Lamp5
H20.33.028	1	0.8466549074496607	ref_scvi	per_subclass	Lamp5
H20.33.029	1	0.9444020417793707	ref_scvi	per_subclass	Lamp5
H20.33.030	1	0.6864392999203205	ref_scvi	per_subclass	Lamp5
H20.33.031	1	0.8487966000282867	ref_scvi	per_subclass	Lamp5
H20.33.032	1	0.8815405038951409	ref_scvi	per_subclass	Lamp5
H20.33.033	1	0.8332956083849791	ref_scvi	per_subclass	Lamp5
H20.33.034	1	0.5893662223710393	ref_scvi	per_subclass	Lamp5
H20.33.035	0	0.7592693325638216	ref_scvi	per_subclass	Lamp5
H20.33.036	1	0.9412063371431248	ref_scvi	per_subclass	Lamp5
H20.33.037	1	0.9282675297358944	ref_scvi	per_subclass	Lamp5
H20.33.038	1	0.7716478270214369	ref_scvi	per_subclass	Lamp5
H20.33.039	1	0.3434592840388642	ref_scvi	per_subclass	Lamp5
H20.33.040	1	0.8835625751923463	ref_scvi	per_subclass	Lamp5
H20.33.041	1	0.8243567344131837	ref_scvi	per_subclass	Lamp5
H20.33.043	1	0.2633657912504698	ref_scvi	per_subclass	Lamp5
H20.33.044	0	0.8140025320919264	ref_scvi	per_subclass	Lamp5
H20.33.045	1	0.8916560898097934	ref_scvi	per_subclass	Lamp5
H20.33.046	1	0.9164440593046482	ref_scvi	per_subclass	Lamp5
H21.33.001	0	0.16308547156090678	ref_scvi	per_subclass	Lamp5
H21.33.002	1	0.7181620482733897	ref_scvi	per_subclass	Lamp5
H21.33.003	0	0.5607053433880766	ref_scvi	per_subclass	Lamp5
H21.33.004	0	0.7910256111505964	ref_scvi	per_subclass	Lamp5
H21.33.005	1	0.9384149708639795	ref_scvi	per_subclass	Lamp5
H21.33.006	1	0.7195349893099293	ref_scvi	per_subclass	Lamp5
H21.33.007	1	0.81902937984593	ref_scvi	per_subclass	Lamp5
H21.33.008	1	0.8950851612452266	ref_scvi	per_subclass	Lamp5
H21.33.009	1	0.9115251140668172	ref_scvi	per_subclass	Lamp5
H21.33.010	1	0.8317602648962499	ref_scvi	per_subclass	Lamp5
H21.33.011	0	0.16248450550286422	ref_scvi	per_subclass	Lamp5
H21.33.012	1	0.7314480246054277	ref_scvi	per_subclass	Lamp5
H21.33.013	1	0.9316827073450256	ref_scvi	per_subclass	Lamp5
H21.33.014	1	0.42359943652035953	ref_scvi	per_subclass	Lamp5
H21.33.015	0	0.5289093288622533	ref_scvi	per_subclass	Lamp5
H21.33.016	0	0.6463245314122903	ref_scvi	per_subclass	Lamp5
H21.33.017	1	0.9115505175239536	ref_scvi	per_subclass	Lamp5
H21.33.018	0	0.8531330578679274	ref_scvi	per_subclass	Lamp5
H21.33.019	0	0.6608864124507946	ref_scvi	per_subclass	Lamp5
H21.33.021	1	0.8858263553507852	ref_scvi	per_subclass	Lamp5
H21.33.022	1	0.8195622809406663	ref_scvi	per_subclass	Lamp5
H21.33.023	0	0.6186753228001212	ref_scvi	per_subclass	Lamp5
H21.33.025	1	0.92684039291284	ref_scvi	per_subclass	Lamp5
H21.33.026	1	0.8816935717015022	ref_scvi	per_subclass	Lamp5
H21.33.027	1	0.6700052577083622	ref_scvi	per_subclass	Lamp5
H21.33.028	0	0.9007175764034697	ref_scvi	per_subclass	Lamp5
H21.33.029	1	0.9369483140890731	ref_scvi	per_subclass	Lamp5
H21.33.030	1	0.8578384289162336	ref_scvi	per_subclass	Lamp5
H21.33.031	1	0.7646815502478315	ref_scvi	per_subclass	Lamp5
H21.33.032	0	0.47355818124705146	ref_scvi	per_subclass	Lamp5
H21.33.033	1	0.9609118005215131	ref_scvi	per_subclass	Lamp5
H21.33.034	1	0.9795404675171229	ref_scvi	per_subclass	Lamp5
H21.33.035	1	0.9031201890818344	ref_scvi	per_subclass	Lamp5
H21.33.036	1	0.7642244878803268	ref_scvi	per_subclass	Lamp5
H21.33.037	0	0.4650612949316402	ref_scvi	per_subclass	Lamp5
H21.33.038	0	0.9069241961108979	ref_scvi	per_subclass	Lamp5
H21.33.039	1	0.903859608609614	ref_scvi	per_subclass	Lamp5
H21.33.040	1	0.7969862182682682	ref_scvi	per_subclass	Lamp5
H21.33.041	0	0.8000391179138517	ref_scvi	per_subclass	Lamp5
H21.33.042	1	0.8967717813449468	ref_scvi	per_subclass	Lamp5
H21.33.043	0	0.8824166988277062	ref_scvi	per_subclass	Lamp5
H21.33.044	1	0.7591984111481754	ref_scvi	per_subclass	Lamp5
H21.33.045	1	0.8386357833195275	ref_scvi	per_subclass	Lamp5
H21.33.046	1	0.9291422970972014	ref_scvi	per_subclass	Lamp5
H21.33.047	1	0.13984145794525357	ref_scvi	per_subclass	Lamp5
H19.33.004	0	0.8478216518710907	ref_scvi	per_subclass	Lamp5 Lhx6
H20.33.001	0	0.7762302482682379	ref_scvi	per_subclass	Lamp5 Lhx6
H20.33.002	0	0.43770779955413985	ref_scvi	per_subclass	Lamp5 Lhx6
H20.33.004	1	0.8370243664587192	ref_scvi	per_subclass	Lamp5 Lhx6
H20.33.005	1	0.7470726270579543	ref_scvi	per_subclass	Lamp5 Lhx6
H20.33.008	1	0.6352770233574504	ref_scvi	per_subclass	Lamp5 Lhx6
H20.33.011	1	0.6744148161247466	ref_scvi	per_subclass	Lamp5 Lhx6
H20.33.012	0	0.5247347533628466	ref_scvi	per_subclass	Lamp5 Lhx6
H20.33.013	1	0.41458937678700875	ref_scvi	per_subclass	Lamp5 Lhx6
H20.33.014	1	0.6987157399410647	ref_scvi	per_subclass	Lamp5 Lhx6
H20.33.015	1	0.9420556135722828	ref_scvi	per_subclass	Lamp5 Lhx6
H20.33.016	1	0.7891499539309466	ref_scvi	per_subclass	Lamp5 Lhx6
H20.33.017	1	0.7557295347448628	ref_scvi	per_subclass	Lamp5 Lhx6
H20.33.018	1	0.8702364367567601	ref_scvi	per_subclass	Lamp5 Lhx6
H20.33.019	1	0.6283197162428283	ref_scvi	per_subclass	Lamp5 Lhx6
H20.33.020	1	0.7753148549881482	ref_scvi	per_subclass	Lamp5 Lhx6
H20.33.024	1	0.6534651369475675	ref_scvi	per_subclass	Lamp5 Lhx6
H20.33.025	1	0.21504725422108106	ref_scvi	per_subclass	Lamp5 Lhx6
H20.33.026	1	0.9762876492386976	ref_scvi	per_subclass	Lamp5 Lhx6
H20.33.027	1	0.7299875919711225	ref_scvi	per_subclass	Lamp5 Lhx6
H20.33.028	1	0.7501116574166622	ref_scvi	per_subclass	Lamp5 Lhx6
H20.33.029	1	0.6294810669874532	ref_scvi	per_subclass	Lamp5 Lhx6
H20.33.030	1	0.8994936341227415	ref_scvi	per_subclass	Lamp5 Lhx6
H20.33.031	1	0.6412134922586912	ref_scvi	per_subclass	Lamp5 Lhx6
H20.33.032	1	0.7552987874935789	ref_scvi	per_subclass	Lamp5 Lhx6
H20.33.033	1	0.9784103333154821	ref_scvi	per_subclass	Lamp5 Lhx6
H20.33.034	1	0.8558630079614187	ref_scvi	per_subclass	Lamp5 Lhx6
H20.33.035	0	0.47253668051448583	ref_scvi	per_subclass	Lamp5 Lhx6
H20.33.036	1	0.847793613712526	ref_scvi	per_subclass	Lamp5 Lhx6
H20.33.037	1	0.9535365919846951	ref_scvi	per_subclass	Lamp5 Lhx6
H20.33.039	1	0.6223638720022855	ref_scvi	per_subclass	Lamp5 Lhx6
H20.33.040	1	0.5807391187508643	ref_scvi	per_subclass	Lamp5 Lhx6
H20.33.041	1	0.7180657171067327	ref_scvi	per_subclass	Lamp5 Lhx6
H20.33.043	1	0.6148355004364324	ref_scvi	per_subclass	Lamp5 Lhx6
H20.33.044	0	0.4444119834540502	ref_scvi	per_subclass	Lamp5 Lhx6
H20.33.045	1	0.8967804514801954	ref_scvi	per_subclass	Lamp5 Lhx6
H20.33.046	1	0.8426756504609744	ref_scvi	per_subclass	Lamp5 Lhx6
H21.33.001	0	0.9158779070065183	ref_scvi	per_subclass	Lamp5 Lhx6
H21.33.002	1	0.574026257138393	ref_scvi	per_subclass	Lamp5 Lhx6
H21.33.003	0	0.5582904298842315	ref_scvi	per_subclass	Lamp5 Lhx6
H21.33.004	0	0.6044851847256629	ref_scvi	per_subclass	Lamp5 Lhx6
H21.33.005	1	0.7905302175114377	ref_scvi	per_subclass	Lamp5 Lhx6
H21.33.006	1	0.8529566027107658	ref_scvi	per_subclass	Lamp5 Lhx6
H21.33.007	1	0.7024661651615526	ref_scvi	per_subclass	Lamp5 Lhx6
H21.33.008	1	0.9902633874905209	ref_scvi	per_subclass	Lamp5 Lhx6
H21.33.009	1	0.9791232088199671	ref_scvi	per_subclass	Lamp5 Lhx6
H21.33.010	1	0.9731075830605945	ref_scvi	per_subclass	Lamp5 Lhx6
H21.33.011	0	0.7088880649322898	ref_scvi	per_subclass	Lamp5 Lhx6
H21.33.012	1	0.9416905410290066	ref_scvi	per_subclass	Lamp5 Lhx6
H21.33.013	1	0.9392466842002882	ref_scvi	per_subclass	Lamp5 Lhx6
H21.33.014	1	0.31091849974040986	ref_scvi	per_subclass	Lamp5 Lhx6
H21.33.015	0	0.5723547613399944	ref_scvi	per_subclass	Lamp5 Lhx6
H21.33.016	0	0.8559933810201651	ref_scvi	per_subclass	Lamp5 Lhx6
H21.33.017	1	0.9095540119210191	ref_scvi	per_subclass	Lamp5 Lhx6
H21.33.018	0	0.898773441738063	ref_scvi	per_subclass	Lamp5 Lhx6
H21.33.019	0	0.6777437539781932	ref_scvi	per_subclass	Lamp5 Lhx6
H21.33.021	1	0.9743348919810216	ref_scvi	per_subclass	Lamp5 Lhx6
H21.33.022	1	0.7942050676855905	ref_scvi	per_subclass	Lamp5 Lhx6
H21.33.023	0	0.7425967310570747	ref_scvi	per_subclass	Lamp5 Lhx6
H21.33.025	1	0.7826150305840092	ref_scvi	per_subclass	Lamp5 Lhx6
H21.33.026	1	0.6990592112622619	ref_scvi	per_subclass	Lamp5 Lhx6
H21.33.027	1	0.41744839739323797	ref_scvi	per_subclass	Lamp5 Lhx6
H21.33.028	0	0.8500629557135534	ref_scvi	per_subclass	Lamp5 Lhx6
H21.33.029	1	0.7260225453069294	ref_scvi	per_subclass	Lamp5 Lhx6
H21.33.030	1	0.2929477468428891	ref_scvi	per_subclass	Lamp5 Lhx6
H21.33.031	1	0.7771492524768803	ref_scvi	per_subclass	Lamp5 Lhx6
H21.33.032	0	0.6935750391129016	ref_scvi	per_subclass	Lamp5 Lhx6
H21.33.033	1	0.9303291450785199	ref_scvi	per_subclass	Lamp5 Lhx6
H21.33.034	1	0.5599317450394696	ref_scvi	per_subclass	Lamp5 Lhx6
H21.33.035	1	0.7915240489147586	ref_scvi	per_subclass	Lamp5 Lhx6
H21.33.036	1	0.8505931696604276	ref_scvi	per_subclass	Lamp5 Lhx6
H21.33.037	0	0.6654557516068245	ref_scvi	per_subclass	Lamp5 Lhx6
H21.33.038	0	0.7714371805931901	ref_scvi	per_subclass	Lamp5 Lhx6
H21.33.039	1	0.9495751575643592	ref_scvi	per_subclass	Lamp5 Lhx6
H21.33.040	1	0.7048237235043703	ref_scvi	per_subclass	Lamp5 Lhx6
H21.33.041	0	0.8551414476307512	ref_scvi	per_subclass	Lamp5 Lhx6
H21.33.042	1	0.8621162256847036	ref_scvi	per_subclass	Lamp5 Lhx6
H21.33.043	0	0.9066774851948667	ref_scvi	per_subclass	Lamp5 Lhx6
H21.33.044	1	0.9488891727004614	ref_scvi	per_subclass	Lamp5 Lhx6
H21.33.045	1	0.9709045912428624	ref_scvi	per_subclass	Lamp5 Lhx6
H21.33.046	1	0.8473440827417109	ref_scvi	per_subclass	Lamp5 Lhx6
H21.33.047	1	0.1606374226106099	ref_scvi	per_subclass	Lamp5 Lhx6
H19.33.004	0	0.909355587388354	ref_scvi	per_subclass	OPC
H20.33.001	0	0.3086168013440463	ref_scvi	per_subclass	OPC
H20.33.002	0	0.862511793889027	ref_scvi	per_subclass	OPC
H20.33.004	1	0.2814258725916507	ref_scvi	per_subclass	OPC
H20.33.005	1	0.921901394192019	ref_scvi	per_subclass	OPC
H20.33.008	1	0.7547153501050379	ref_scvi	per_subclass	OPC
H20.33.011	1	0.9186363191861924	ref_scvi	per_subclass	OPC
H20.33.012	0	0.8250846764768764	ref_scvi	per_subclass	OPC
H20.33.013	1	0.9320117411216534	ref_scvi	per_subclass	OPC
H20.33.014	1	0.7861464559051038	ref_scvi	per_subclass	OPC
H20.33.015	1	0.813748813485728	ref_scvi	per_subclass	OPC
H20.33.016	1	0.9340315748366305	ref_scvi	per_subclass	OPC
H20.33.017	1	0.8459577152443589	ref_scvi	per_subclass	OPC
H20.33.018	1	0.9049910991042406	ref_scvi	per_subclass	OPC
H20.33.019	1	0.8391764311658123	ref_scvi	per_subclass	OPC
H20.33.020	1	0.5793274412265295	ref_scvi	per_subclass	OPC
H20.33.024	1	0.4464877266825152	ref_scvi	per_subclass	OPC
H20.33.025	1	0.6610274421867433	ref_scvi	per_subclass	OPC
H20.33.026	1	0.7805507318670578	ref_scvi	per_subclass	OPC
H20.33.027	1	0.9650410735710764	ref_scvi	per_subclass	OPC
H20.33.028	1	0.9176692978036257	ref_scvi	per_subclass	OPC
H20.33.029	1	0.7472625122416847	ref_scvi	per_subclass	OPC
H20.33.030	1	0.9116430741606578	ref_scvi	per_subclass	OPC
H20.33.031	1	0.49456342129102443	ref_scvi	per_subclass	OPC
H20.33.032	1	0.6799905996030677	ref_scvi	per_subclass	OPC
H20.33.033	1	0.6575774083675682	ref_scvi	per_subclass	OPC
H20.33.034	1	0.9617393663506313	ref_scvi	per_subclass	OPC
H20.33.035	0	0.5903796760487208	ref_scvi	per_subclass	OPC
H20.33.036	1	0.9759372539938415	ref_scvi	per_subclass	OPC
H20.33.037	1	0.9673323149782542	ref_scvi	per_subclass	OPC
H20.33.038	1	0.2638102064923828	ref_scvi	per_subclass	OPC
H20.33.039	1	0.6507840230335221	ref_scvi	per_subclass	OPC
H20.33.040	1	0.5155301267146963	ref_scvi	per_subclass	OPC
H20.33.041	1	0.9526192214719821	ref_scvi	per_subclass	OPC
H20.33.043	1	0.5760543918255712	ref_scvi	per_subclass	OPC
H20.33.044	0	0.8148013123287814	ref_scvi	per_subclass	OPC
H20.33.045	1	0.9775526784849718	ref_scvi	per_subclass	OPC
H20.33.046	1	0.8712700494055419	ref_scvi	per_subclass	OPC
H21.33.001	0	0.6832695688869463	ref_scvi	per_subclass	OPC
H21.33.002	1	0.6029828180339987	ref_scvi	per_subclass	OPC
H21.33.003	0	0.6010502639153035	ref_scvi	per_subclass	OPC
H21.33.004	0	0.6062344299427123	ref_scvi	per_subclass	OPC
H21.33.005	1	0.9430499956514561	ref_scvi	per_subclass	OPC
H21.33.006	1	0.46261783371291365	ref_scvi	per_subclass	OPC
H21.33.007	1	0.7645673880316843	ref_scvi	per_subclass	OPC
H21.33.008	1	0.8497976885135333	ref_scvi	per_subclass	OPC
H21.33.009	1	0.6678863726220565	ref_scvi	per_subclass	OPC
H21.33.010	1	0.6516989289244035	ref_scvi	per_subclass	OPC
H21.33.011	0	0.19851315051094848	ref_scvi	per_subclass	OPC
H21.33.012	1	0.7999376342907736	ref_scvi	per_subclass	OPC
H21.33.013	1	0.8247801266739536	ref_scvi	per_subclass	OPC
H21.33.014	1	0.7941094837129954	ref_scvi	per_subclass	OPC
H21.33.015	0	0.44595704010915166	ref_scvi	per_subclass	OPC
H21.33.016	0	0.3918617469318447	ref_scvi	per_subclass	OPC
H21.33.017	1	0.8820508751801835	ref_scvi	per_subclass	OPC
H21.33.018	0	0.9728835777998344	ref_scvi	per_subclass	OPC
H21.33.019	0	0.70238462500605	ref_scvi	per_subclass	OPC
H21.33.020	1	0.787736263815334	ref_scvi	per_subclass	OPC
H21.33.021	1	0.9101878753285508	ref_scvi	per_subclass	OPC
H21.33.022	1	0.48499218176467523	ref_scvi	per_subclass	OPC
H21.33.023	0	0.49267359610445	ref_scvi	per_subclass	OPC
H21.33.025	1	0.8904948073594365	ref_scvi	per_subclass	OPC
H21.33.026	1	0.6696517538216128	ref_scvi	per_subclass	OPC
H21.33.027	1	0.8095500129858701	ref_scvi	per_subclass	OPC
H21.33.028	0	0.7698478060812386	ref_scvi	per_subclass	OPC
H21.33.029	1	0.7911854771298399	ref_scvi	per_subclass	OPC
H21.33.030	1	0.7924846121919211	ref_scvi	per_subclass	OPC
H21.33.031	1	0.6852381850964507	ref_scvi	per_subclass	OPC
H21.33.032	0	0.8663659593451195	ref_scvi	per_subclass	OPC
H21.33.033	1	0.9556724753788473	ref_scvi	per_subclass	OPC
H21.33.034	1	0.9636139417864958	ref_scvi	per_subclass	OPC
H21.33.035	1	0.9219172328031187	ref_scvi	per_subclass	OPC
H21.33.036	1	0.458509977019233	ref_scvi	per_subclass	OPC
H21.33.037	0	0.8050366016316065	ref_scvi	per_subclass	OPC
H21.33.038	0	0.8631152573202823	ref_scvi	per_subclass	OPC
H21.33.039	1	0.9525175820399223	ref_scvi	per_subclass	OPC
H21.33.040	1	0.9605503608018939	ref_scvi	per_subclass	OPC
H21.33.041	0	0.6682343018761169	ref_scvi	per_subclass	OPC
H21.33.042	1	0.1782940391064781	ref_scvi	per_subclass	OPC
H21.33.043	0	0.9012949430301228	ref_scvi	per_subclass	OPC
H21.33.044	1	0.8783090970244212	ref_scvi	per_subclass	OPC
H21.33.045	1	0.9940343525577822	ref_scvi	per_subclass	OPC
H21.33.046	1	0.7673228383649454	ref_scvi	per_subclass	OPC
H21.33.047	1	0.7466137139252151	ref_scvi	per_subclass	OPC
H19.33.004	0	0.9094885812908627	ref_scvi	per_subclass	Oligodendrocyte
H20.33.001	0	0.44168589400277003	ref_scvi	per_subclass	Oligodendrocyte
H20.33.002	0	0.6604366941486592	ref_scvi	per_subclass	Oligodendrocyte
H20.33.004	1	0.8162602349999407	ref_scvi	per_subclass	Oligodendrocyte
H20.33.005	1	0.7797937341763863	ref_scvi	per_subclass	Oligodendrocyte
H20.33.008	1	0.27129602991560864	ref_scvi	per_subclass	Oligodendrocyte
H20.33.011	1	0.4629285079102118	ref_scvi	per_subclass	Oligodendrocyte
H20.33.012	0	0.8621457563713291	ref_scvi	per_subclass	Oligodendrocyte
H20.33.013	1	0.6353488073139479	ref_scvi	per_subclass	Oligodendrocyte
H20.33.014	1	0.7344605443299496	ref_scvi	per_subclass	Oligodendrocyte
H20.33.015	1	0.9297442521220333	ref_scvi	per_subclass	Oligodendrocyte
H20.33.016	1	0.7013922961616166	ref_scvi	per_subclass	Oligodendrocyte
H20.33.017	1	0.5733334494241583	ref_scvi	per_subclass	Oligodendrocyte
H20.33.018	1	0.9183796655105928	ref_scvi	per_subclass	Oligodendrocyte
H20.33.019	1	0.7876435444905618	ref_scvi	per_subclass	Oligodendrocyte
H20.33.020	1	0.9166024839270417	ref_scvi	per_subclass	Oligodendrocyte
H20.33.024	1	0.23507370060943433	ref_scvi	per_subclass	Oligodendrocyte
H20.33.025	1	0.3854274578038425	ref_scvi	per_subclass	Oligodendrocyte
H20.33.026	1	0.8240056190353385	ref_scvi	per_subclass	Oligodendrocyte
H20.33.027	1	0.7137941905042727	ref_scvi	per_subclass	Oligodendrocyte
H20.33.028	1	0.7771865290813497	ref_scvi	per_subclass	Oligodendrocyte
H20.33.029	1	0.7992127758991948	ref_scvi	per_subclass	Oligodendrocyte
H20.33.030	1	0.7264648291255238	ref_scvi	per_subclass	Oligodendrocyte
H20.33.031	1	0.3886252972233926	ref_scvi	per_subclass	Oligodendrocyte
H20.33.032	1	0.8438322726993626	ref_scvi	per_subclass	Oligodendrocyte
H20.33.033	1	0.9403713209396803	ref_scvi	per_subclass	Oligodendrocyte
H20.33.034	1	0.7648911916412166	ref_scvi	per_subclass	Oligodendrocyte
H20.33.035	0	0.6876737377975153	ref_scvi	per_subclass	Oligodendrocyte
H20.33.036	1	0.9226425453412981	ref_scvi	per_subclass	Oligodendrocyte
H20.33.037	1	0.9927323243370267	ref_scvi	per_subclass	Oligodendrocyte
H20.33.038	1	0.5567409861231272	ref_scvi	per_subclass	Oligodendrocyte
H20.33.039	1	0.7939511935739599	ref_scvi	per_subclass	Oligodendrocyte
H20.33.040	1	0.9341548702331961	ref_scvi	per_subclass	Oligodendrocyte
H20.33.041	1	0.95367807356889	ref_scvi	per_subclass	Oligodendrocyte
H20.33.043	1	0.4613739129159805	ref_scvi	per_subclass	Oligodendrocyte
H20.33.044	0	0.7883039268279006	ref_scvi	per_subclass	Oligodendrocyte
H20.33.045	1	0.9818752461832687	ref_scvi	per_subclass	Oligodendrocyte
H20.33.046	1	0.955037350611757	ref_scvi	per_subclass	Oligodendrocyte
H21.33.001	0	0.9455169159787111	ref_scvi	per_subclass	Oligodendrocyte
H21.33.002	1	0.7665898016531952	ref_scvi	per_subclass	Oligodendrocyte
H21.33.003	0	0.4215722721762506	ref_scvi	per_subclass	Oligodendrocyte
H21.33.004	0	0.045035014846701006	ref_scvi	per_subclass	Oligodendrocyte
H21.33.005	1	0.8944196942526302	ref_scvi	per_subclass	Oligodendrocyte
H21.33.006	1	0.9314167551895277	ref_scvi	per_subclass	Oligodendrocyte
H21.33.007	1	0.9482748626843888	ref_scvi	per_subclass	Oligodendrocyte
H21.33.008	1	0.8198229801232273	ref_scvi	per_subclass	Oligodendrocyte
H21.33.009	1	0.9739730501326708	ref_scvi	per_subclass	Oligodendrocyte
H21.33.010	1	0.8492284691636505	ref_scvi	per_subclass	Oligodendrocyte
H21.33.011	0	0.4568836011112669	ref_scvi	per_subclass	Oligodendrocyte
H21.33.012	1	0.8269464714684256	ref_scvi	per_subclass	Oligodendrocyte
H21.33.013	1	0.9645720137757363	ref_scvi	per_subclass	Oligodendrocyte
H21.33.014	1	0.6648370003649594	ref_scvi	per_subclass	Oligodendrocyte
H21.33.015	0	0.7321244494004567	ref_scvi	per_subclass	Oligodendrocyte
H21.33.016	0	0.8058327850450864	ref_scvi	per_subclass	Oligodendrocyte
H21.33.017	1	0.7465474283678069	ref_scvi	per_subclass	Oligodendrocyte
H21.33.018	0	0.7389586913730458	ref_scvi	per_subclass	Oligodendrocyte
H21.33.019	0	0.6884146666013032	ref_scvi	per_subclass	Oligodendrocyte
H21.33.020	1	0.93566284851591	ref_scvi	per_subclass	Oligodendrocyte
H21.33.021	1	0.8970013652986145	ref_scvi	per_subclass	Oligodendrocyte
H21.33.022	1	0.7708334798742096	ref_scvi	per_subclass	Oligodendrocyte
H21.33.023	0	0.8118823199075228	ref_scvi	per_subclass	Oligodendrocyte
H21.33.025	1	0.8219588202329524	ref_scvi	per_subclass	Oligodendrocyte
H21.33.026	1	0.27634778390637854	ref_scvi	per_subclass	Oligodendrocyte
H21.33.027	1	0.8720832231280683	ref_scvi	per_subclass	Oligodendrocyte
H21.33.028	0	0.796293159019384	ref_scvi	per_subclass	Oligodendrocyte
H21.33.029	1	0.8677100550183352	ref_scvi	per_subclass	Oligodendrocyte
H21.33.030	1	0.8236053018053203	ref_scvi	per_subclass	Oligodendrocyte
H21.33.031	1	0.8563454213310189	ref_scvi	per_subclass	Oligodendrocyte
H21.33.032	0	0.7406256929031091	ref_scvi	per_subclass	Oligodendrocyte
H21.33.033	1	0.9003738815061414	ref_scvi	per_subclass	Oligodendrocyte
H21.33.034	1	0.9908031534698157	ref_scvi	per_subclass	Oligodendrocyte
H21.33.035	1	0.8905764010846953	ref_scvi	per_subclass	Oligodendrocyte
H21.33.036	1	0.5596717807281489	ref_scvi	per_subclass	Oligodendrocyte
H21.33.037	0	0.4926633474083477	ref_scvi	per_subclass	Oligodendrocyte
H21.33.038	0	0.46722808106263586	ref_scvi	per_subclass	Oligodendrocyte
H21.33.039	1	0.717403872535368	ref_scvi	per_subclass	Oligodendrocyte
H21.33.040	1	0.7777970230300123	ref_scvi	per_subclass	Oligodendrocyte
H21.33.041	0	0.8307178131300397	ref_scvi	per_subclass	Oligodendrocyte
H21.33.042	1	0.7115662903598788	ref_scvi	per_subclass	Oligodendrocyte
H21.33.043	0	0.8653001117511765	ref_scvi	per_subclass	Oligodendrocyte
H21.33.044	1	0.9439027632850194	ref_scvi	per_subclass	Oligodendrocyte
H21.33.045	1	0.9796956594165508	ref_scvi	per_subclass	Oligodendrocyte
H21.33.046	1	0.908668340161302	ref_scvi	per_subclass	Oligodendrocyte
H21.33.047	1	0.7910265214181548	ref_scvi	per_subclass	Oligodendrocyte
H19.33.004	0	0.90413040067465	ref_scvi	per_subclass	Pax6
H20.33.001	0	0.6921704621392796	ref_scvi	per_subclass	Pax6
H20.33.002	0	0.558700821504558	ref_scvi	per_subclass	Pax6
H20.33.004	1	0.943624287317949	ref_scvi	per_subclass	Pax6
H20.33.005	1	0.9075835817547875	ref_scvi	per_subclass	Pax6
H20.33.008	1	0.6458712306927442	ref_scvi	per_subclass	Pax6
H20.33.011	1	0.7972503765809441	ref_scvi	per_subclass	Pax6
H20.33.012	0	0.5811783127874822	ref_scvi	per_subclass	Pax6
H20.33.013	1	0.776430601577333	ref_scvi	per_subclass	Pax6
H20.33.014	1	0.46743389440437444	ref_scvi	per_subclass	Pax6
H20.33.015	1	0.6476790497389942	ref_scvi	per_subclass	Pax6
H20.33.016	1	0.8665979858271127	ref_scvi	per_subclass	Pax6
H20.33.017	1	0.9732574560744283	ref_scvi	per_subclass	Pax6
H20.33.018	1	0.7694440507407395	ref_scvi	per_subclass	Pax6
H20.33.019	1	0.9824717572805529	ref_scvi	per_subclass	Pax6
H20.33.020	1	0.6070900862736182	ref_scvi	per_subclass	Pax6
H20.33.024	1	0.2558835977133681	ref_scvi	per_subclass	Pax6
H20.33.025	1	0.37239650369049454	ref_scvi	per_subclass	Pax6
H20.33.026	1	0.7824903453457633	ref_scvi	per_subclass	Pax6
H20.33.027	1	0.8786096660155819	ref_scvi	per_subclass	Pax6
H20.33.028	1	0.9600669395091097	ref_scvi	per_subclass	Pax6
H20.33.029	1	0.3171737435596941	ref_scvi	per_subclass	Pax6
H20.33.030	1	0.9890042473919625	ref_scvi	per_subclass	Pax6
H20.33.031	1	0.8031849591720931	ref_scvi	per_subclass	Pax6
H20.33.032	1	0.7477555941543896	ref_scvi	per_subclass	Pax6
H20.33.033	1	0.8890081257177862	ref_scvi	per_subclass	Pax6
H20.33.034	1	0.47281925863411994	ref_scvi	per_subclass	Pax6
H20.33.035	0	0.3840096194630164	ref_scvi	per_subclass	Pax6
H20.33.036	1	0.9609300559705833	ref_scvi	per_subclass	Pax6
H20.33.037	1	0.8593737621085641	ref_scvi	per_subclass	Pax6
H20.33.039	1	0.7511705581465357	ref_scvi	per_subclass	Pax6
H20.33.040	1	0.7779916030422612	ref_scvi	per_subclass	Pax6
H20.33.041	1	0.669830732202918	ref_scvi	per_subclass	Pax6
H20.33.043	1	0.912455758972099	ref_scvi	per_subclass	Pax6
H20.33.044	0	0.6890332487730929	ref_scvi	per_subclass	Pax6
H20.33.045	1	0.4610512109806752	ref_scvi	per_subclass	Pax6
H20.33.046	1	0.8831734863881872	ref_scvi	per_subclass	Pax6
H21.33.001	0	0.3351974658289337	ref_scvi	per_subclass	Pax6
H21.33.002	1	0.3091751654916652	ref_scvi	per_subclass	Pax6
H21.33.003	0	0.7289655616070172	ref_scvi	per_subclass	Pax6
H21.33.004	0	0.5349731006721369	ref_scvi	per_subclass	Pax6
H21.33.005	1	0.6324212582559637	ref_scvi	per_subclass	Pax6
H21.33.006	1	0.7797946354654526	ref_scvi	per_subclass	Pax6
H21.33.007	1	0.361236885002059	ref_scvi	per_subclass	Pax6
H21.33.008	1	0.94062293247787	ref_scvi	per_subclass	Pax6
H21.33.009	1	0.9761502729331106	ref_scvi	per_subclass	Pax6
H21.33.010	1	0.778588057930443	ref_scvi	per_subclass	Pax6
H21.33.011	0	0.1099461424742959	ref_scvi	per_subclass	Pax6
H21.33.012	1	0.8988165521579206	ref_scvi	per_subclass	Pax6
H21.33.013	1	0.9488054950390568	ref_scvi	per_subclass	Pax6
H21.33.014	1	0.46260185511261953	ref_scvi	per_subclass	Pax6
H21.33.015	0	0.3594880801853567	ref_scvi	per_subclass	Pax6
H21.33.016	0	0.8991083404839166	ref_scvi	per_subclass	Pax6
H21.33.017	1	0.7883916158108464	ref_scvi	per_subclass	Pax6
H21.33.018	0	0.9041916360364933	ref_scvi	per_subclass	Pax6
H21.33.019	0	0.6664315989616038	ref_scvi	per_subclass	Pax6
H21.33.021	1	0.9445270296224239	ref_scvi	per_subclass	Pax6
H21.33.022	1	0.8463748385578851	ref_scvi	per_subclass	Pax6
H21.33.023	0	0.5764153421581558	ref_scvi	per_subclass	Pax6
H21.33.025	1	0.7904502892083215	ref_scvi	per_subclass	Pax6
H21.33.026	1	0.9593550511378102	ref_scvi	per_subclass	Pax6
H21.33.027	1	0.8076588869441022	ref_scvi	per_subclass	Pax6
H21.33.028	0	0.9467943234057975	ref_scvi	per_subclass	Pax6
H21.33.029	1	0.8516610842859313	ref_scvi	per_subclass	Pax6
H21.33.030	1	0.9758623650436066	ref_scvi	per_subclass	Pax6
H21.33.031	1	0.4964622766437893	ref_scvi	per_subclass	Pax6
H21.33.032	0	0.23331095112340322	ref_scvi	per_subclass	Pax6
H21.33.033	1	0.9984410638658829	ref_scvi	per_subclass	Pax6
H21.33.034	1	0.6379604381793111	ref_scvi	per_subclass	Pax6
H21.33.035	1	0.7946498444342065	ref_scvi	per_subclass	Pax6
H21.33.036	1	0.9214936017257885	ref_scvi	per_subclass	Pax6
H21.33.037	0	0.5850834439762826	ref_scvi	per_subclass	Pax6
H21.33.038	0	0.857205432625175	ref_scvi	per_subclass	Pax6
H21.33.039	1	0.9442636866727518	ref_scvi	per_subclass	Pax6
H21.33.040	1	0.9896169327863404	ref_scvi	per_subclass	Pax6
H21.33.041	0	0.8308723755301051	ref_scvi	per_subclass	Pax6
H21.33.042	1	0.7713528632283454	ref_scvi	per_subclass	Pax6
H21.33.043	0	0.897790160238334	ref_scvi	per_subclass	Pax6
H21.33.044	1	0.9504739708230134	ref_scvi	per_subclass	Pax6
H21.33.045	1	0.7199684157299242	ref_scvi	per_subclass	Pax6
H21.33.046	1	0.8583796714075065	ref_scvi	per_subclass	Pax6
H21.33.047	1	0.5864026345951561	ref_scvi	per_subclass	Pax6
H19.33.004	0	0.6600888975619761	ref_scvi	per_subclass	Pvalb
H20.33.001	0	0.8006632732837419	ref_scvi	per_subclass	Pvalb
H20.33.002	0	0.6885700301374866	ref_scvi	per_subclass	Pvalb
H20.33.004	1	0.800015654422476	ref_scvi	per_subclass	Pvalb
H20.33.005	1	0.8232589391393981	ref_scvi	per_subclass	Pvalb
H20.33.008	1	0.9141152701670958	ref_scvi	per_subclass	Pvalb
H20.33.011	1	0.4696910378091671	ref_scvi	per_subclass	Pvalb
H20.33.012	0	0.9201935622526056	ref_scvi	per_subclass	Pvalb
H20.33.013	1	0.4935831680074051	ref_scvi	per_subclass	Pvalb
H20.33.014	1	0.510177418056392	ref_scvi	per_subclass	Pvalb
H20.33.015	1	0.6951675356720318	ref_scvi	per_subclass	Pvalb
H20.33.016	1	0.7791457703465051	ref_scvi	per_subclass	Pvalb
H20.33.017	1	0.8864969181735874	ref_scvi	per_subclass	Pvalb
H20.33.018	1	0.8441675056878852	ref_scvi	per_subclass	Pvalb
H20.33.019	1	0.8886955028049559	ref_scvi	per_subclass	Pvalb
H20.33.020	1	0.832816534980991	ref_scvi	per_subclass	Pvalb
H20.33.024	1	0.6505107904839023	ref_scvi	per_subclass	Pvalb
H20.33.025	1	0.495558660244551	ref_scvi	per_subclass	Pvalb
H20.33.026	1	0.6874228366391306	ref_scvi	per_subclass	Pvalb
H20.33.027	1	0.7117117621638929	ref_scvi	per_subclass	Pvalb
H20.33.028	1	0.9693851171519461	ref_scvi	per_subclass	Pvalb
H20.33.029	1	0.47278824782107803	ref_scvi	per_subclass	Pvalb
H20.33.030	1	0.7546324922620679	ref_scvi	per_subclass	Pvalb
H20.33.031	1	0.5469011602925863	ref_scvi	per_subclass	Pvalb
H20.33.032	1	0.733745254395165	ref_scvi	per_subclass	Pvalb
H20.33.033	1	0.919779734539593	ref_scvi	per_subclass	Pvalb
H20.33.034	1	0.5545991310606992	ref_scvi	per_subclass	Pvalb
H20.33.035	0	0.6681908661143925	ref_scvi	per_subclass	Pvalb
H20.33.036	1	0.9879301412931432	ref_scvi	per_subclass	Pvalb
H20.33.037	1	0.9283750647719053	ref_scvi	per_subclass	Pvalb
H20.33.038	1	0.923006125733736	ref_scvi	per_subclass	Pvalb
H20.33.039	1	0.4760939259389151	ref_scvi	per_subclass	Pvalb
H20.33.040	1	0.542269636996221	ref_scvi	per_subclass	Pvalb
H20.33.041	1	0.5614813217513429	ref_scvi	per_subclass	Pvalb
H20.33.043	1	0.6210269384380241	ref_scvi	per_subclass	Pvalb
H20.33.044	0	0.766352105051423	ref_scvi	per_subclass	Pvalb
H20.33.045	1	0.7357423030271388	ref_scvi	per_subclass	Pvalb
H20.33.046	1	0.9523050296985455	ref_scvi	per_subclass	Pvalb
H21.33.001	0	0.7525621292195487	ref_scvi	per_subclass	Pvalb
H21.33.002	1	0.5892554322503669	ref_scvi	per_subclass	Pvalb
H21.33.003	0	0.7400056593376829	ref_scvi	per_subclass	Pvalb
H21.33.004	0	0.7398456627047609	ref_scvi	per_subclass	Pvalb
H21.33.005	1	0.8690368588244006	ref_scvi	per_subclass	Pvalb
H21.33.006	1	0.7379792224600583	ref_scvi	per_subclass	Pvalb
H21.33.007	1	0.6974069972471906	ref_scvi	per_subclass	Pvalb
H21.33.008	1	0.9312114331016893	ref_scvi	per_subclass	Pvalb
H21.33.009	1	0.8559751327660964	ref_scvi	per_subclass	Pvalb
H21.33.010	1	0.84548563761103	ref_scvi	per_subclass	Pvalb
H21.33.011	0	0.4322509736006818	ref_scvi	per_subclass	Pvalb
H21.33.012	1	0.7310339129808654	ref_scvi	per_subclass	Pvalb
H21.33.013	1	0.9142660242372619	ref_scvi	per_subclass	Pvalb
H21.33.014	1	0.7087517110672111	ref_scvi	per_subclass	Pvalb
H21.33.015	0	0.5548617052338323	ref_scvi	per_subclass	Pvalb
H21.33.016	0	0.8648811134140718	ref_scvi	per_subclass	Pvalb
H21.33.017	1	0.4568157743968527	ref_scvi	per_subclass	Pvalb
H21.33.018	0	0.8289617765902758	ref_scvi	per_subclass	Pvalb
H21.33.019	0	0.677260410064703	ref_scvi	per_subclass	Pvalb
H21.33.021	1	0.8986890158552832	ref_scvi	per_subclass	Pvalb
H21.33.022	1	0.6954655924285094	ref_scvi	per_subclass	Pvalb
H21.33.023	0	0.8266230720198919	ref_scvi	per_subclass	Pvalb
H21.33.025	1	0.922526605293756	ref_scvi	per_subclass	Pvalb
H21.33.026	1	0.8348193707567221	ref_scvi	per_subclass	Pvalb
H21.33.027	1	0.6642892706822379	ref_scvi	per_subclass	Pvalb
H21.33.028	0	0.8090486117107275	ref_scvi	per_subclass	Pvalb
H21.33.029	1	0.8057048177769195	ref_scvi	per_subclass	Pvalb
H21.33.030	1	0.6888434659909975	ref_scvi	per_subclass	Pvalb
H21.33.031	1	0.6539377063521492	ref_scvi	per_subclass	Pvalb
H21.33.032	0	0.543433974546655	ref_scvi	per_subclass	Pvalb
H21.33.033	1	0.954080719145695	ref_scvi	per_subclass	Pvalb
H21.33.034	1	0.9341011757458993	ref_scvi	per_subclass	Pvalb
H21.33.035	1	0.7240365856058466	ref_scvi	per_subclass	Pvalb
H21.33.036	1	0.7609805094336771	ref_scvi	per_subclass	Pvalb
H21.33.037	0	0.5738636641327642	ref_scvi	per_subclass	Pvalb
H21.33.038	0	0.7682836998898643	ref_scvi	per_subclass	Pvalb
H21.33.039	1	0.8699201932078122	ref_scvi	per_subclass	Pvalb
H21.33.040	1	0.7286434137266838	ref_scvi	per_subclass	Pvalb
H21.33.041	0	0.8560537280254193	ref_scvi	per_subclass	Pvalb
H21.33.042	1	0.8864571548719425	ref_scvi	per_subclass	Pvalb
H21.33.043	0	0.8579843436660448	ref_scvi	per_subclass	Pvalb
H21.33.044	1	0.7846258401622717	ref_scvi	per_subclass	Pvalb
H21.33.045	1	0.8888027348157829	ref_scvi	per_subclass	Pvalb
H21.33.046	1	0.8646559386221535	ref_scvi	per_subclass	Pvalb
H21.33.047	1	0.2958998877807015	ref_scvi	per_subclass	Pvalb
H19.33.004	0	0.4636949558773015	ref_scvi	per_subclass	Sncg
H20.33.001	0	0.7259877302269678	ref_scvi	per_subclass	Sncg
H20.33.002	0	0.9110686514836663	ref_scvi	per_subclass	Sncg
H20.33.004	1	0.8749172568322054	ref_scvi	per_subclass	Sncg
H20.33.005	1	0.8244915295993724	ref_scvi	per_subclass	Sncg
H20.33.008	1	0.7077503900217011	ref_scvi	per_subclass	Sncg
H20.33.011	1	0.749421408393622	ref_scvi	per_subclass	Sncg
H20.33.012	0	0.844832137782911	ref_scvi	per_subclass	Sncg
H20.33.013	1	0.8956625153261554	ref_scvi	per_subclass	Sncg
H20.33.014	1	0.7979951241605721	ref_scvi	per_subclass	Sncg
H20.33.015	1	0.7592146273295166	ref_scvi	per_subclass	Sncg
H20.33.016	1	0.6702880392092968	ref_scvi	per_subclass	Sncg
H20.33.017	1	0.9225278572805706	ref_scvi	per_subclass	Sncg
H20.33.018	1	0.48620516498524263	ref_scvi	per_subclass	Sncg
H20.33.019	1	0.7288068951773459	ref_scvi	per_subclass	Sncg
H20.33.020	1	0.8640728107469184	ref_scvi	per_subclass	Sncg
H20.33.024	1	0.8143409979167139	ref_scvi	per_subclass	Sncg
H20.33.025	1	0.5170721446836549	ref_scvi	per_subclass	Sncg
H20.33.026	1	0.5577072439346181	ref_scvi	per_subclass	Sncg
H20.33.027	1	0.871838323145063	ref_scvi	per_subclass	Sncg
H20.33.028	1	0.47319964742844345	ref_scvi	per_subclass	Sncg
H20.33.029	1	0.9427174991566772	ref_scvi	per_subclass	Sncg
H20.33.030	1	0.8332731675895945	ref_scvi	per_subclass	Sncg
H20.33.031	1	0.7495562047646395	ref_scvi	per_subclass	Sncg
H20.33.032	1	0.5894198545636309	ref_scvi	per_subclass	Sncg
H20.33.033	1	0.8653912845136637	ref_scvi	per_subclass	Sncg
H20.33.034	1	0.6724993608431828	ref_scvi	per_subclass	Sncg
H20.33.035	0	0.8773125680707263	ref_scvi	per_subclass	Sncg
H20.33.036	1	0.9080916792819466	ref_scvi	per_subclass	Sncg
H20.33.037	1	0.8672020708137909	ref_scvi	per_subclass	Sncg
H20.33.038	1	0.9511545523349749	ref_scvi	per_subclass	Sncg
H20.33.039	1	0.6354073351473468	ref_scvi	per_subclass	Sncg
H20.33.040	1	0.8420189498571171	ref_scvi	per_subclass	Sncg
H20.33.041	1	0.747717898452946	ref_scvi	per_subclass	Sncg
H20.33.043	1	0.45658255995521546	ref_scvi	per_subclass	Sncg
H20.33.044	0	0.9246608152279732	ref_scvi	per_subclass	Sncg
H20.33.045	1	0.9024628830726765	ref_scvi	per_subclass	Sncg
H20.33.046	1	0.906803119956663	ref_scvi	per_subclass	Sncg
H21.33.001	0	0.45039271095521843	ref_scvi	per_subclass	Sncg
H21.33.002	1	0.4253584001481891	ref_scvi	per_subclass	Sncg
H21.33.003	0	0.8298157397365463	ref_scvi	per_subclass	Sncg
H21.33.004	0	0.7301706914172341	ref_scvi	per_subclass	Sncg
H21.33.005	1	0.839520394745087	ref_scvi	per_subclass	Sncg
H21.33.006	1	0.8691562117592724	ref_scvi	per_subclass	Sncg
H21.33.007	1	0.732750006109179	ref_scvi	per_subclass	Sncg
H21.33.008	1	0.6901224848263731	ref_scvi	per_subclass	Sncg
H21.33.009	1	0.9340870091803108	ref_scvi	per_subclass	Sncg
H21.33.010	1	0.9037275771138853	ref_scvi	per_subclass	Sncg
H21.33.011	0	0.3980320171691651	ref_scvi	per_subclass	Sncg
H21.33.012	1	0.7361856408496255	ref_scvi	per_subclass	Sncg
H21.33.013	1	0.8975451069808562	ref_scvi	per_subclass	Sncg
H21.33.014	1	0.7678586326251317	ref_scvi	per_subclass	Sncg
H21.33.015	0	0.23772607886376962	ref_scvi	per_subclass	Sncg
H21.33.016	0	0.7683095406843851	ref_scvi	per_subclass	Sncg
H21.33.017	1	0.5235353517755283	ref_scvi	per_subclass	Sncg
H21.33.018	0	0.8960200928700228	ref_scvi	per_subclass	Sncg
H21.33.019	0	0.890203625464735	ref_scvi	per_subclass	Sncg
H21.33.021	1	0.9295805295202901	ref_scvi	per_subclass	Sncg
H21.33.022	1	0.4201525754660647	ref_scvi	per_subclass	Sncg
H21.33.023	0	0.8582063546819387	ref_scvi	per_subclass	Sncg
H21.33.025	1	0.8718687101552943	ref_scvi	per_subclass	Sncg
H21.33.026	1	0.8426875426552028	ref_scvi	per_subclass	Sncg
H21.33.027	1	0.46697689654738006	ref_scvi	per_subclass	Sncg
H21.33.028	0	0.6853374666212466	ref_scvi	per_subclass	Sncg
H21.33.029	1	0.6448437607600128	ref_scvi	per_subclass	Sncg
H21.33.030	1	0.6316790632057551	ref_scvi	per_subclass	Sncg
H21.33.031	1	0.6065157118243063	ref_scvi	per_subclass	Sncg
H21.33.032	0	0.3971425944911039	ref_scvi	per_subclass	Sncg
H21.33.033	1	0.9311992174871259	ref_scvi	per_subclass	Sncg
H21.33.034	1	0.7797347990660264	ref_scvi	per_subclass	Sncg
H21.33.035	1	0.8304256397258104	ref_scvi	per_subclass	Sncg
H21.33.036	1	0.5949563381219145	ref_scvi	per_subclass	Sncg
H21.33.037	0	0.7865389276667505	ref_scvi	per_subclass	Sncg
H21.33.038	0	0.8518079204620568	ref_scvi	per_subclass	Sncg
H21.33.039	1	0.8669296267421995	ref_scvi	per_subclass	Sncg
H21.33.040	1	0.8287553175131975	ref_scvi	per_subclass	Sncg
H21.33.041	0	0.9276045601952789	ref_scvi	per_subclass	Sncg
H21.33.042	1	0.8183665635788104	ref_scvi	per_subclass	Sncg
H21.33.043	0	0.8445862143277891	ref_scvi	per_subclass	Sncg
H21.33.044	1	0.7037988472863435	ref_scvi	per_subclass	Sncg
H21.33.045	1	0.9051422134675745	ref_scvi	per_subclass	Sncg
H21.33.046	1	0.8285202944802178	ref_scvi	per_subclass	Sncg
H21.33.047	1	0.5014657387924427	ref_scvi	per_subclass	Sncg
H19.33.004	0	0.6663593417404142	ref_scvi	per_subclass	Sst
H20.33.001	0	0.8403833355263807	ref_scvi	per_subclass	Sst
H20.33.002	0	0.2704626094616658	ref_scvi	per_subclass	Sst
H20.33.004	1	0.9771275762975884	ref_scvi	per_subclass	Sst
H20.33.005	1	0.8916774721754426	ref_scvi	per_subclass	Sst
H20.33.008	1	0.7459333674827531	ref_scvi	per_subclass	Sst
H20.33.011	1	0.4293160300748343	ref_scvi	per_subclass	Sst
H20.33.012	0	0.9438405412426005	ref_scvi	per_subclass	Sst
H20.33.013	1	0.6242973709697203	ref_scvi	per_subclass	Sst
H20.33.014	1	0.9259416105421316	ref_scvi	per_subclass	Sst
H20.33.015	1	0.8893055306014658	ref_scvi	per_subclass	Sst
H20.33.016	1	0.8288906961653808	ref_scvi	per_subclass	Sst
H20.33.017	1	0.9846906187299835	ref_scvi	per_subclass	Sst
H20.33.018	1	0.9868193196431803	ref_scvi	per_subclass	Sst
H20.33.019	1	0.8978023669244676	ref_scvi	per_subclass	Sst
H20.33.020	1	0.8718400378553743	ref_scvi	per_subclass	Sst
H20.33.024	1	0.8724442410642055	ref_scvi	per_subclass	Sst
H20.33.025	1	0.8060605446923479	ref_scvi	per_subclass	Sst
H20.33.026	1	0.8204674604359734	ref_scvi	per_subclass	Sst
H20.33.027	1	0.7018552202557157	ref_scvi	per_subclass	Sst
H20.33.028	1	0.8978875256178542	ref_scvi	per_subclass	Sst
H20.33.029	1	0.6563616763898578	ref_scvi	per_subclass	Sst
H20.33.030	1	0.6750783917796706	ref_scvi	per_subclass	Sst
H20.33.031	1	0.485029672737582	ref_scvi	per_subclass	Sst
H20.33.032	1	0.4599341352267259	ref_scvi	per_subclass	Sst
H20.33.033	1	0.7590648879065443	ref_scvi	per_subclass	Sst
H20.33.034	1	0.8575031787052314	ref_scvi	per_subclass	Sst
H20.33.035	0	0.48373294289370905	ref_scvi	per_subclass	Sst
H20.33.036	1	0.9564228514498178	ref_scvi	per_subclass	Sst
H20.33.037	1	0.8713101400745987	ref_scvi	per_subclass	Sst
H20.33.038	1	0.9480866739319381	ref_scvi	per_subclass	Sst
H20.33.039	1	0.9917917440153182	ref_scvi	per_subclass	Sst
H20.33.040	1	0.9402583231608688	ref_scvi	per_subclass	Sst
H20.33.041	1	0.9863733037710496	ref_scvi	per_subclass	Sst
H20.33.043	1	0.3323939859566811	ref_scvi	per_subclass	Sst
H20.33.044	0	0.4730299921829374	ref_scvi	per_subclass	Sst
H20.33.045	1	0.5682788919078176	ref_scvi	per_subclass	Sst
H20.33.046	1	0.8638572301759371	ref_scvi	per_subclass	Sst
H21.33.001	0	0.9633604605438748	ref_scvi	per_subclass	Sst
H21.33.002	1	0.15209746380651837	ref_scvi	per_subclass	Sst
H21.33.003	0	0.6760237043888069	ref_scvi	per_subclass	Sst
H21.33.004	0	0.6298865521625301	ref_scvi	per_subclass	Sst
H21.33.005	1	0.7341357523596528	ref_scvi	per_subclass	Sst
H21.33.006	1	0.7054389141089809	ref_scvi	per_subclass	Sst
H21.33.007	1	0.9710473476110542	ref_scvi	per_subclass	Sst
H21.33.008	1	0.9562028710850592	ref_scvi	per_subclass	Sst
H21.33.009	1	0.7757172694138561	ref_scvi	per_subclass	Sst
H21.33.010	1	0.8647779650648555	ref_scvi	per_subclass	Sst
H21.33.011	0	0.5488246391264519	ref_scvi	per_subclass	Sst
H21.33.012	1	0.9381911835992316	ref_scvi	per_subclass	Sst
H21.33.013	1	0.9709513579691974	ref_scvi	per_subclass	Sst
H21.33.014	1	0.8679634632344095	ref_scvi	per_subclass	Sst
H21.33.015	0	0.35339183332264135	ref_scvi	per_subclass	Sst
H21.33.016	0	0.953767852584335	ref_scvi	per_subclass	Sst
H21.33.017	1	0.6096849372702826	ref_scvi	per_subclass	Sst
H21.33.018	0	0.7972839164865293	ref_scvi	per_subclass	Sst
H21.33.019	0	0.7243666453448816	ref_scvi	per_subclass	Sst
H21.33.021	1	0.9377871858182312	ref_scvi	per_subclass	Sst
H21.33.022	1	0.9237790057488675	ref_scvi	per_subclass	Sst
H21.33.023	0	0.7420904948011856	ref_scvi	per_subclass	Sst
H21.33.025	1	0.8794085450490838	ref_scvi	per_subclass	Sst
H21.33.026	1	0.9289568758127384	ref_scvi	per_subclass	Sst
H21.33.027	1	0.29567309977611045	ref_scvi	per_subclass	Sst
H21.33.028	0	0.5656177681482609	ref_scvi	per_subclass	Sst
H21.33.029	1	0.9202693856542672	ref_scvi	per_subclass	Sst
H21.33.030	1	0.4654522184267325	ref_scvi	per_subclass	Sst
H21.33.031	1	0.8368595141152415	ref_scvi	per_subclass	Sst
H21.33.032	0	0.5734845244704132	ref_scvi	per_subclass	Sst
H21.33.033	1	0.9282321663466322	ref_scvi	per_subclass	Sst
H21.33.034	1	0.7105337802763103	ref_scvi	per_subclass	Sst
H21.33.035	1	0.9783644006237674	ref_scvi	per_subclass	Sst
H21.33.036	1	0.7135639087775238	ref_scvi	per_subclass	Sst
H21.33.037	0	0.08606105274501757	ref_scvi	per_subclass	Sst
H21.33.038	0	0.9415988980058924	ref_scvi	per_subclass	Sst
H21.33.039	1	0.7688297602478793	ref_scvi	per_subclass	Sst
H21.33.040	1	0.8954064229420753	ref_scvi	per_subclass	Sst
H21.33.041	0	0.911195428625072	ref_scvi	per_subclass	Sst
H21.33.042	1	0.8270171039242072	ref_scvi	per_subclass	Sst
H21.33.043	0	0.6585369432686085	ref_scvi	per_subclass	Sst
H21.33.044	1	0.8693409288029667	ref_scvi	per_subclass	Sst
H21.33.045	1	0.683351878388721	ref_scvi	per_subclass	Sst
H21.33.046	1	0.42288279162304426	ref_scvi	per_subclass	Sst
H21.33.047	1	0.4689126262975408	ref_scvi	per_subclass	Sst
H19.33.004	0	0.8332984546471861	ref_scvi	per_subclass	Sst Chodl
H20.33.001	0	0.761013521480918	ref_scvi	per_subclass	Sst Chodl
H20.33.002	0	0.6231207446743532	ref_scvi	per_subclass	Sst Chodl
H20.33.004	1	0.860796457574239	ref_scvi	per_subclass	Sst Chodl
H20.33.005	1	0.735928998629497	ref_scvi	per_subclass	Sst Chodl
H20.33.008	1	0.849633735050635	ref_scvi	per_subclass	Sst Chodl
H20.33.011	1	0.5743758821136622	ref_scvi	per_subclass	Sst Chodl
H20.33.013	1	0.33925905399339956	ref_scvi	per_subclass	Sst Chodl
H20.33.014	1	0.4283597836400582	ref_scvi	per_subclass	Sst Chodl
H20.33.015	1	0.8662259609355478	ref_scvi	per_subclass	Sst Chodl
H20.33.016	1	0.7016779023666162	ref_scvi	per_subclass	Sst Chodl
H20.33.017	1	0.8010004258329033	ref_scvi	per_subclass	Sst Chodl
H20.33.018	1	0.9036805691120563	ref_scvi	per_subclass	Sst Chodl
H20.33.019	1	0.7689897364744108	ref_scvi	per_subclass	Sst Chodl
H20.33.020	1	0.6266152569428781	ref_scvi	per_subclass	Sst Chodl
H20.33.024	1	0.8836380271413683	ref_scvi	per_subclass	Sst Chodl
H20.33.025	1	0.5829204910033723	ref_scvi	per_subclass	Sst Chodl
H20.33.026	1	0.7817775005305445	ref_scvi	per_subclass	Sst Chodl
H20.33.027	1	0.6956312910834013	ref_scvi	per_subclass	Sst Chodl
H20.33.029	1	0.39582836328624826	ref_scvi	per_subclass	Sst Chodl
H20.33.030	1	0.825217999641348	ref_scvi	per_subclass	Sst Chodl
H20.33.031	1	0.4832012073826756	ref_scvi	per_subclass	Sst Chodl
H20.33.032	1	0.6316429571411755	ref_scvi	per_subclass	Sst Chodl
H20.33.034	1	0.6827570189108463	ref_scvi	per_subclass	Sst Chodl
H20.33.035	0	0.9124493262460458	ref_scvi	per_subclass	Sst Chodl
H20.33.039	1	0.8921283100684967	ref_scvi	per_subclass	Sst Chodl
H20.33.040	1	0.6116092475561385	ref_scvi	per_subclass	Sst Chodl
H20.33.041	1	0.81804464968314	ref_scvi	per_subclass	Sst Chodl
H20.33.043	1	0.7278757559270478	ref_scvi	per_subclass	Sst Chodl
H20.33.044	0	0.6852073402926819	ref_scvi	per_subclass	Sst Chodl
H21.33.001	0	0.6648025172202345	ref_scvi	per_subclass	Sst Chodl
H21.33.002	1	0.3304795644489794	ref_scvi	per_subclass	Sst Chodl
H21.33.003	0	0.6518813013537014	ref_scvi	per_subclass	Sst Chodl
H21.33.004	0	0.5540771531274491	ref_scvi	per_subclass	Sst Chodl
H21.33.006	1	0.36715229106115027	ref_scvi	per_subclass	Sst Chodl
H21.33.007	1	0.9581397530824873	ref_scvi	per_subclass	Sst Chodl
H21.33.008	1	0.8872529646464035	ref_scvi	per_subclass	Sst Chodl
H21.33.010	1	0.9294043703284564	ref_scvi	per_subclass	Sst Chodl
H21.33.011	0	0.5774911887305532	ref_scvi	per_subclass	Sst Chodl
H21.33.012	1	0.7779994795089726	ref_scvi	per_subclass	Sst Chodl
H21.33.013	1	0.9507942560094442	ref_scvi	per_subclass	Sst Chodl
H21.33.014	1	0.5190545168136297	ref_scvi	per_subclass	Sst Chodl
H21.33.015	0	0.6925582196244559	ref_scvi	per_subclass	Sst Chodl
H21.33.016	0	0.680926696343655	ref_scvi	per_subclass	Sst Chodl
H21.33.018	0	0.825668238179339	ref_scvi	per_subclass	Sst Chodl
H21.33.019	0	0.7119972941450523	ref_scvi	per_subclass	Sst Chodl
H21.33.021	1	0.9171722199843275	ref_scvi	per_subclass	Sst Chodl
H21.33.022	1	0.8297727737527685	ref_scvi	per_subclass	Sst Chodl
H21.33.023	0	0.8905193611827856	ref_scvi	per_subclass	Sst Chodl
H21.33.025	1	0.8780870225815154	ref_scvi	per_subclass	Sst Chodl
H21.33.026	1	0.331912568916771	ref_scvi	per_subclass	Sst Chodl
H21.33.027	1	0.6580545960816975	ref_scvi	per_subclass	Sst Chodl
H21.33.028	0	0.497735847074797	ref_scvi	per_subclass	Sst Chodl
H21.33.030	1	0.3808471318115218	ref_scvi	per_subclass	Sst Chodl
H21.33.031	1	0.104873207222129	ref_scvi	per_subclass	Sst Chodl
H21.33.032	0	0.5444153356642607	ref_scvi	per_subclass	Sst Chodl
H21.33.035	1	0.6290184130346965	ref_scvi	per_subclass	Sst Chodl
H21.33.040	1	0.7233990812602682	ref_scvi	per_subclass	Sst Chodl
H21.33.041	0	0.9153602347451251	ref_scvi	per_subclass	Sst Chodl
H21.33.042	1	0.8116864164870587	ref_scvi	per_subclass	Sst Chodl
H21.33.043	0	0.5781601325352781	ref_scvi	per_subclass	Sst Chodl
H21.33.047	1	0.3213729244037812	ref_scvi	per_subclass	Sst Chodl
H19.33.004	0	0.9552908853941325	ref_scvi	per_subclass	VLMC & Perivascular
H20.33.001	0	0.7692773836305924	ref_scvi	per_subclass	VLMC & Perivascular
H20.33.002	0	0.7785720567331327	ref_scvi	per_subclass	VLMC & Perivascular
H20.33.004	1	0.8996330417140657	ref_scvi	per_subclass	VLMC & Perivascular
H20.33.005	1	0.4912326869975699	ref_scvi	per_subclass	VLMC & Perivascular
H20.33.008	1	0.9257978919126154	ref_scvi	per_subclass	VLMC & Perivascular
H20.33.011	1	0.8924500308067161	ref_scvi	per_subclass	VLMC & Perivascular
H20.33.012	0	0.9350822070863518	ref_scvi	per_subclass	VLMC & Perivascular
H20.33.013	1	0.554499310412172	ref_scvi	per_subclass	VLMC & Perivascular
H20.33.014	1	0.8743168480600436	ref_scvi	per_subclass	VLMC & Perivascular
H20.33.015	1	0.8551565215136463	ref_scvi	per_subclass	VLMC & Perivascular
H20.33.016	1	0.8638198685140719	ref_scvi	per_subclass	VLMC & Perivascular
H20.33.017	1	0.9264223447450689	ref_scvi	per_subclass	VLMC & Perivascular
H20.33.018	1	0.9481213122690578	ref_scvi	per_subclass	VLMC & Perivascular
H20.33.019	1	0.8893676348254445	ref_scvi	per_subclass	VLMC & Perivascular
H20.33.020	1	0.9476658076698351	ref_scvi	per_subclass	VLMC & Perivascular
H20.33.024	1	0.5435235432386711	ref_scvi	per_subclass	VLMC & Perivascular
H20.33.025	1	0.6483403740308527	ref_scvi	per_subclass	VLMC & Perivascular
H20.33.026	1	0.8865129157897664	ref_scvi	per_subclass	VLMC & Perivascular
H20.33.027	1	0.8814236571760258	ref_scvi	per_subclass	VLMC & Perivascular
H20.33.028	1	0.7468721406553074	ref_scvi	per_subclass	VLMC & Perivascular
H20.33.029	1	0.8948351222173846	ref_scvi	per_subclass	VLMC & Perivascular
H20.33.030	1	0.9570414872437455	ref_scvi	per_subclass	VLMC & Perivascular
H20.33.031	1	0.6701864740889862	ref_scvi	per_subclass	VLMC & Perivascular
H20.33.032	1	0.7775350574598077	ref_scvi	per_subclass	VLMC & Perivascular
H20.33.033	1	0.7333143680041476	ref_scvi	per_subclass	VLMC & Perivascular
H20.33.034	1	0.9874983637993209	ref_scvi	per_subclass	VLMC & Perivascular
H20.33.035	0	0.34177981820263004	ref_scvi	per_subclass	VLMC & Perivascular
H20.33.036	1	0.9779179208651916	ref_scvi	per_subclass	VLMC & Perivascular
H20.33.037	1	0.9767132211322883	ref_scvi	per_subclass	VLMC & Perivascular
H20.33.038	1	0.32566868778386276	ref_scvi	per_subclass	VLMC & Perivascular
H20.33.039	1	0.8568601552395133	ref_scvi	per_subclass	VLMC & Perivascular
H20.33.040	1	0.9099168407540098	ref_scvi	per_subclass	VLMC & Perivascular
H20.33.041	1	0.8279725597211669	ref_scvi	per_subclass	VLMC & Perivascular
H20.33.043	1	0.5757172969084461	ref_scvi	per_subclass	VLMC & Perivascular
H20.33.044	0	0.9181608101283736	ref_scvi	per_subclass	VLMC & Perivascular
H20.33.045	1	0.9647776009096194	ref_scvi	per_subclass	VLMC & Perivascular
H20.33.046	1	0.8861191499619562	ref_scvi	per_subclass	VLMC & Perivascular
H21.33.001	0	0.5826205545804525	ref_scvi	per_subclass	VLMC & Perivascular
H21.33.002	1	0.8262193769542752	ref_scvi	per_subclass	VLMC & Perivascular
H21.33.003	0	0.8905102099100285	ref_scvi	per_subclass	VLMC & Perivascular
H21.33.004	0	0.7209094490827306	ref_scvi	per_subclass	VLMC & Perivascular
H21.33.005	1	0.842902120260842	ref_scvi	per_subclass	VLMC & Perivascular
H21.33.006	1	0.5464635566509116	ref_scvi	per_subclass	VLMC & Perivascular
H21.33.007	1	0.8175028190811267	ref_scvi	per_subclass	VLMC & Perivascular
H21.33.008	1	0.8281479657935812	ref_scvi	per_subclass	VLMC & Perivascular
H21.33.009	1	0.35937652794365743	ref_scvi	per_subclass	VLMC & Perivascular
H21.33.010	1	0.43106694827484515	ref_scvi	per_subclass	VLMC & Perivascular
H21.33.011	0	0.25395609763749594	ref_scvi	per_subclass	VLMC & Perivascular
H21.33.012	1	0.9324521616705752	ref_scvi	per_subclass	VLMC & Perivascular
H21.33.013	1	0.5477591066283377	ref_scvi	per_subclass	VLMC & Perivascular
H21.33.014	1	0.4525855439292192	ref_scvi	per_subclass	VLMC & Perivascular
H21.33.015	0	0.6491031890464912	ref_scvi	per_subclass	VLMC & Perivascular
H21.33.016	0	0.2458553467575327	ref_scvi	per_subclass	VLMC & Perivascular
H21.33.017	1	0.2493003792863521	ref_scvi	per_subclass	VLMC & Perivascular
H21.33.018	0	0.9300661023800767	ref_scvi	per_subclass	VLMC & Perivascular
H21.33.019	0	0.7441080084305637	ref_scvi	per_subclass	VLMC & Perivascular
H21.33.020	1	0.9596797916767141	ref_scvi	per_subclass	VLMC & Perivascular
H21.33.021	1	0.877238877174834	ref_scvi	per_subclass	VLMC & Perivascular
H21.33.022	1	0.602606875205645	ref_scvi	per_subclass	VLMC & Perivascular
H21.33.023	0	0.8323657660863077	ref_scvi	per_subclass	VLMC & Perivascular
H21.33.025	1	0.7308875156919127	ref_scvi	per_subclass	VLMC & Perivascular
H21.33.026	1	0.5008918011176268	ref_scvi	per_subclass	VLMC & Perivascular
H21.33.027	1	0.6681201448555916	ref_scvi	per_subclass	VLMC & Perivascular
H21.33.028	0	0.6267124227066869	ref_scvi	per_subclass	VLMC & Perivascular
H21.33.029	1	0.969057358663609	ref_scvi	per_subclass	VLMC & Perivascular
H21.33.030	1	0.9540915384489264	ref_scvi	per_subclass	VLMC & Perivascular
H21.33.031	1	0.6586204291376371	ref_scvi	per_subclass	VLMC & Perivascular
H21.33.032	0	0.6027725181731262	ref_scvi	per_subclass	VLMC & Perivascular
H21.33.033	1	0.9676754848794996	ref_scvi	per_subclass	VLMC & Perivascular
H21.33.034	1	0.8646107601140496	ref_scvi	per_subclass	VLMC & Perivascular
H21.33.035	1	0.8321251346390044	ref_scvi	per_subclass	VLMC & Perivascular
H21.33.036	1	0.18305948915319362	ref_scvi	per_subclass	VLMC & Perivascular
H21.33.037	0	0.8105039716727266	ref_scvi	per_subclass	VLMC & Perivascular
H21.33.038	0	0.45933554733269133	ref_scvi	per_subclass	VLMC & Perivascular
H21.33.039	1	0.8631812184071886	ref_scvi	per_subclass	VLMC & Perivascular
H21.33.040	1	0.9046519277247921	ref_scvi	per_subclass	VLMC & Perivascular
H21.33.041	0	0.7360291403680211	ref_scvi	per_subclass	VLMC & Perivascular
H21.33.042	1	0.5362312755828442	ref_scvi	per_subclass	VLMC & Perivascular
H21.33.043	0	0.6612020728191578	ref_scvi	per_subclass	VLMC & Perivascular
H21.33.044	1	0.944185875506026	ref_scvi	per_subclass	VLMC & Perivascular
H21.33.045	1	0.9180560351076676	ref_scvi	per_subclass	VLMC & Perivascular
H21.33.046	1	0.9170488795664546	ref_scvi	per_subclass	VLMC & Perivascular
H21.33.047	1	0.8994018587704483	ref_scvi	per_subclass	VLMC & Perivascular
H19.33.004	0	0.8993220985741169	ref_scvi	per_subclass	Vip
H20.33.001	0	0.8647229717633307	ref_scvi	per_subclass	Vip
H20.33.002	0	0.8424254333471595	ref_scvi	per_subclass	Vip
H20.33.004	1	0.6038449815770391	ref_scvi	per_subclass	Vip
H20.33.005	1	0.8850293120593061	ref_scvi	per_subclass	Vip
H20.33.008	1	0.6447983053298478	ref_scvi	per_subclass	Vip
H20.33.011	1	0.7275691481596732	ref_scvi	per_subclass	Vip
H20.33.012	0	0.7295396398882685	ref_scvi	per_subclass	Vip
H20.33.013	1	0.7482899323452663	ref_scvi	per_subclass	Vip
H20.33.014	1	0.5375924634716609	ref_scvi	per_subclass	Vip
H20.33.015	1	0.7963347293627974	ref_scvi	per_subclass	Vip
H20.33.016	1	0.8900023164860299	ref_scvi	per_subclass	Vip
H20.33.017	1	0.873999204858429	ref_scvi	per_subclass	Vip
H20.33.018	1	0.7772436387250085	ref_scvi	per_subclass	Vip
H20.33.019	1	0.7630584557300519	ref_scvi	per_subclass	Vip
H20.33.020	1	0.895242523208138	ref_scvi	per_subclass	Vip
H20.33.024	1	0.45804897695971325	ref_scvi	per_subclass	Vip
H20.33.025	1	0.6748837559012225	ref_scvi	per_subclass	Vip
H20.33.026	1	0.7354370101863207	ref_scvi	per_subclass	Vip
H20.33.027	1	0.7529502353845892	ref_scvi	per_subclass	Vip
H20.33.028	1	0.8106370834130299	ref_scvi	per_subclass	Vip
H20.33.029	1	0.7031585761820153	ref_scvi	per_subclass	Vip
H20.33.030	1	0.760745362213229	ref_scvi	per_subclass	Vip
H20.33.031	1	0.5941067242519816	ref_scvi	per_subclass	Vip
H20.33.032	1	0.8600614393524042	ref_scvi	per_subclass	Vip
H20.33.033	1	0.858380052663428	ref_scvi	per_subclass	Vip
H20.33.034	1	0.7630273320507927	ref_scvi	per_subclass	Vip
H20.33.035	0	0.7945099605815104	ref_scvi	per_subclass	Vip
H20.33.036	1	0.8801570895386395	ref_scvi	per_subclass	Vip
H20.33.037	1	0.7897230154138745	ref_scvi	per_subclass	Vip
H20.33.038	1	0.7893238243396394	ref_scvi	per_subclass	Vip
H20.33.039	1	0.6533879512718606	ref_scvi	per_subclass	Vip
H20.33.040	1	0.8941560352804508	ref_scvi	per_subclass	Vip
H20.33.041	1	0.8369733594640956	ref_scvi	per_subclass	Vip
H20.33.043	1	0.6800893284436911	ref_scvi	per_subclass	Vip
H20.33.044	0	0.6170880241628289	ref_scvi	per_subclass	Vip
H20.33.045	1	0.7866475998301754	ref_scvi	per_subclass	Vip
H20.33.046	1	0.8030235658545883	ref_scvi	per_subclass	Vip
H21.33.001	0	0.4605961693715127	ref_scvi	per_subclass	Vip
H21.33.002	1	0.44597359607096065	ref_scvi	per_subclass	Vip
H21.33.003	0	0.875540973632224	ref_scvi	per_subclass	Vip
H21.33.004	0	0.8891467439750489	ref_scvi	per_subclass	Vip
H21.33.005	1	0.8226634471445985	ref_scvi	per_subclass	Vip
H21.33.006	1	0.8128759250991218	ref_scvi	per_subclass	Vip
H21.33.007	1	0.5627482438113416	ref_scvi	per_subclass	Vip
H21.33.008	1	0.9033561643877464	ref_scvi	per_subclass	Vip
H21.33.009	1	0.9219155520347844	ref_scvi	per_subclass	Vip
H21.33.010	1	0.8341652580650578	ref_scvi	per_subclass	Vip
H21.33.011	0	0.4295951130731231	ref_scvi	per_subclass	Vip
H21.33.012	1	0.7042556040847042	ref_scvi	per_subclass	Vip
H21.33.013	1	0.854473878738097	ref_scvi	per_subclass	Vip
H21.33.014	1	0.19358165829161014	ref_scvi	per_subclass	Vip
H21.33.015	0	0.7413751003785305	ref_scvi	per_subclass	Vip
H21.33.016	0	0.8548969340016169	ref_scvi	per_subclass	Vip
H21.33.017	1	0.941316370682886	ref_scvi	per_subclass	Vip
H21.33.018	0	0.8089627827930446	ref_scvi	per_subclass	Vip
H21.33.019	0	0.9239537075165247	ref_scvi	per_subclass	Vip
H21.33.020	1	0.9363296499537963	ref_scvi	per_subclass	Vip
H21.33.021	1	0.8867952866236652	ref_scvi	per_subclass	Vip
H21.33.022	1	0.6975645176825417	ref_scvi	per_subclass	Vip
H21.33.023	0	0.6898487645671902	ref_scvi	per_subclass	Vip
H21.33.025	1	0.8941930640701384	ref_scvi	per_subclass	Vip
H21.33.026	1	0.8076827205677628	ref_scvi	per_subclass	Vip
H21.33.027	1	0.8857357616282732	ref_scvi	per_subclass	Vip
H21.33.028	0	0.8330121493121349	ref_scvi	per_subclass	Vip
H21.33.029	1	0.9456998965457512	ref_scvi	per_subclass	Vip
H21.33.030	1	0.5486483894363385	ref_scvi	per_subclass	Vip
H21.33.031	1	0.7619986189198522	ref_scvi	per_subclass	Vip
H21.33.032	0	0.5790364191280309	ref_scvi	per_subclass	Vip
H21.33.033	1	0.9658882452953403	ref_scvi	per_subclass	Vip
H21.33.034	1	0.8799819065728627	ref_scvi	per_subclass	Vip
H21.33.035	1	0.8240604657129651	ref_scvi	per_subclass	Vip
H21.33.036	1	0.6821148927739916	ref_scvi	per_subclass	Vip
H21.33.037	0	0.4045351984154196	ref_scvi	per_subclass	Vip
H21.33.038	0	0.9115052893083206	ref_scvi	per_subclass	Vip
H21.33.039	1	0.8648084759171996	ref_scvi	per_subclass	Vip
H21.33.040	1	0.4587093700871889	ref_scvi	per_subclass	Vip
H21.33.041	0	0.6653798743463961	ref_scvi	per_subclass	Vip
H21.33.042	1	0.8605970547083682	ref_scvi	per_subclass	Vip
H21.33.043	0	0.8227170752862195	ref_scvi	per_subclass	Vip
H21.33.044	1	0.8084943578703436	ref_scvi	per_subclass	Vip
H21.33.045	1	0.8713557976697339	ref_scvi	per_subclass	Vip
H21.33.046	1	0.7836403200299173	ref_scvi	per_subclass	Vip
H21.33.047	1	0.2644779856339261	ref_scvi	per_subclass	Vip
H19.33.004	0	0.9409196001904723	ref_scvi	combined	9 subclasses
H20.33.001	0	0.49128255657485764	ref_scvi	combined	9 subclasses
H20.33.002	0	0.5897247387003395	ref_scvi	combined	9 subclasses
H20.33.004	1	0.7182030724589592	ref_scvi	combined	9 subclasses
H20.33.005	1	0.9051102597993073	ref_scvi	combined	9 subclasses
H20.33.008	1	0.6009791917998369	ref_scvi	combined	9 subclasses
H20.33.011	1	0.6285202216719741	ref_scvi	combined	9 subclasses
H20.33.012	0	0.9008893635807974	ref_scvi	combined	9 subclasses
H20.33.013	1	0.717145339946248	ref_scvi	combined	9 subclasses
H20.33.014	1	0.5835067453537135	ref_scvi	combined	9 subclasses
H20.33.015	1	0.9233622427210559	ref_scvi	combined	9 subclasses
H20.33.016	1	0.8797299668744156	ref_scvi	combined	9 subclasses
H20.33.017	1	0.889649708629894	ref_scvi	combined	9 subclasses
H20.33.018	1	0.9444301847909653	ref_scvi	combined	9 subclasses
H20.33.019	1	0.9224092541401283	ref_scvi	combined	9 subclasses
H20.33.020	1	0.8676580006660141	ref_scvi	combined	9 subclasses
H20.33.024	1	0.2852927207210736	ref_scvi	combined	9 subclasses
H20.33.025	1	0.4560456797340985	ref_scvi	combined	9 subclasses
H20.33.026	1	0.9399375394608335	ref_scvi	combined	9 subclasses
H20.33.027	1	0.981139493588023	ref_scvi	combined	9 subclasses
H20.33.028	1	0.8423213527647928	ref_scvi	combined	9 subclasses
H20.33.029	1	0.8291409701264414	ref_scvi	combined	9 subclasses
H20.33.030	1	0.9092472184216724	ref_scvi	combined	9 subclasses
H20.33.031	1	0.2832087163173804	ref_scvi	combined	9 subclasses
H20.33.032	1	0.7769515914886569	ref_scvi	combined	9 subclasses
H20.33.033	1	0.8647112065443434	ref_scvi	combined	9 subclasses
H20.33.034	1	0.9584291247192525	ref_scvi	combined	9 subclasses
H20.33.035	0	0.6392575069244596	ref_scvi	combined	9 subclasses
H20.33.036	1	0.9815547727755428	ref_scvi	combined	9 subclasses
H20.33.037	1	0.9933846874101169	ref_scvi	combined	9 subclasses
H20.33.038	1	0.7683835153184845	ref_scvi	combined	9 subclasses
H20.33.039	1	0.6629752297975708	ref_scvi	combined	9 subclasses
H20.33.040	1	0.8124532796527296	ref_scvi	combined	9 subclasses
H20.33.041	1	0.8965075793141741	ref_scvi	combined	9 subclasses
H20.33.043	1	0.551174374652486	ref_scvi	combined	9 subclasses
H20.33.044	0	0.7467370658077975	ref_scvi	combined	9 subclasses
H20.33.045	1	0.9871638835470158	ref_scvi	combined	9 subclasses
H20.33.046	1	0.9198703314623045	ref_scvi	combined	9 subclasses
H21.33.001	0	0.7549525365456292	ref_scvi	combined	9 subclasses
H21.33.002	1	0.5794350820868277	ref_scvi	combined	9 subclasses
H21.33.003	0	0.6590688994539338	ref_scvi	combined	9 subclasses
H21.33.004	0	0.6160824873594755	ref_scvi	combined	9 subclasses
H21.33.005	1	0.9119886597252822	ref_scvi	combined	9 subclasses
H21.33.006	1	0.7485531757957922	ref_scvi	combined	9 subclasses
H21.33.007	1	0.8957173727542825	ref_scvi	combined	9 subclasses
H21.33.008	1	0.9426111018554544	ref_scvi	combined	9 subclasses
H21.33.009	1	0.9730144806043283	ref_scvi	combined	9 subclasses
H21.33.010	1	0.8353218841243428	ref_scvi	combined	9 subclasses
H21.33.011	0	0.2093350524132985	ref_scvi	combined	9 subclasses
H21.33.012	1	0.8037788638541385	ref_scvi	combined	9 subclasses
H21.33.013	1	0.9534290875086459	ref_scvi	combined	9 subclasses
H21.33.014	1	0.5385474283052716	ref_scvi	combined	9 subclasses
H21.33.015	0	0.7795770090972268	ref_scvi	combined	9 subclasses
H21.33.016	0	0.41477972538141233	ref_scvi	combined	9 subclasses
H21.33.017	1	0.8814272729726454	ref_scvi	combined	9 subclasses
H21.33.018	0	0.9043371352754559	ref_scvi	combined	9 subclasses
H21.33.019	0	0.6397473284589774	ref_scvi	combined	9 subclasses
H21.33.020	1	0.9898839523470706	ref_scvi	combined	9 subclasses
H21.33.021	1	0.9323771809126782	ref_scvi	combined	9 subclasses
H21.33.022	1	0.4501630482273741	ref_scvi	combined	9 subclasses
H21.33.023	0	0.8104861578732561	ref_scvi	combined	9 subclasses
H21.33.025	1	0.855364330185721	ref_scvi	combined	9 subclasses
H21.33.026	1	0.5898593576849688	ref_scvi	combined	9 subclasses
H21.33.027	1	0.8875991067778859	ref_scvi	combined	9 subclasses
H21.33.028	0	0.45830566122414884	ref_scvi	combined	9 subclasses
H21.33.029	1	0.9250407890228576	ref_scvi	combined	9 subclasses
H21.33.030	1	0.9302181437737159	ref_scvi	combined	9 subclasses
H21.33.031	1	0.9225648572599916	ref_scvi	combined	9 subclasses
H21.33.032	0	0.5598439961128919	ref_scvi	combined	9 subclasses
H21.33.033	1	0.9781211529664521	ref_scvi	combined	9 subclasses
H21.33.034	1	0.9839106864873157	ref_scvi	combined	9 subclasses
H21.33.035	1	0.9447891674495796	ref_scvi	combined	9 subclasses
H21.33.036	1	0.3931799594156967	ref_scvi	combined	9 subclasses
H21.33.037	0	0.47023529387574925	ref_scvi	combined	9 subclasses
H21.33.038	0	0.8583441313268105	ref_scvi	combined	9 subclasses
H21.33.039	1	0.9366522801104532	ref_scvi	combined	9 subclasses
H21.33.040	1	0.9389604889097332	ref_scvi	combined	9 subclasses
H21.33.041	0	0.8700263825597171	ref_scvi	combined	9 subclasses
H21.33.042	1	0.30666787919804833	ref_scvi	combined	9 subclasses
H21.33.043	0	0.8052426612657048	ref_scvi	combined	9 subclasses
H21.33.044	1	0.5906660045071226	ref_scvi	combined	9 subclasses
H21.33.045	1	0.9966948118307739	ref_scvi	combined	9 subclasses
H21.33.046	1	0.9750196306927489	ref_scvi	combined	9 subclasses
H21.33.047	1	0.5026933505495288	ref_scvi	combined	9 subclasses
H19.33.004	0	0.9310510570339217	ref_scvi	combined+cov	9 subclasses
H20.33.001	0	0.462515624031444	ref_scvi	combined+cov	9 subclasses
H20.33.002	0	0.5759962109915986	ref_scvi	combined+cov	9 subclasses
H20.33.004	1	0.756102058505927	ref_scvi	combined+cov	9 subclasses
H20.33.005	1	0.8926201806986146	ref_scvi	combined+cov	9 subclasses
H20.33.008	1	0.75235055722056	ref_scvi	combined+cov	9 subclasses
H20.33.011	1	0.7592200534918542	ref_scvi	combined+cov	9 subclasses
H20.33.012	0	0.8936146906507535	ref_scvi	combined+cov	9 subclasses
H20.33.013	1	0.7268148590132091	ref_scvi	combined+cov	9 subclasses
H20.33.014	1	0.5907539207910825	ref_scvi	combined+cov	9 subclasses
H20.33.015	1	0.900515691707597	ref_scvi	combined+cov	9 subclasses
H20.33.016	1	0.8751955215126144	ref_scvi	combined+cov	9 subclasses
H20.33.017	1	0.8827740391474548	ref_scvi	combined+cov	9 subclasses
H20.33.018	1	0.9645451558333431	ref_scvi	combined+cov	9 subclasses
H20.33.019	1	0.935615019347779	ref_scvi	combined+cov	9 subclasses
H20.33.020	1	0.940438332905264	ref_scvi	combined+cov	9 subclasses
H20.33.024	1	0.2583977983668483	ref_scvi	combined+cov	9 subclasses
H20.33.025	1	0.4760770402008842	ref_scvi	combined+cov	9 subclasses
H20.33.026	1	0.9684990747072248	ref_scvi	combined+cov	9 subclasses
H20.33.027	1	0.9801304690128795	ref_scvi	combined+cov	9 subclasses
H20.33.028	1	0.8357186768260035	ref_scvi	combined+cov	9 subclasses
H20.33.029	1	0.7975934523931381	ref_scvi	combined+cov	9 subclasses
H20.33.030	1	0.9365006430873273	ref_scvi	combined+cov	9 subclasses
H20.33.031	1	0.2556888374659909	ref_scvi	combined+cov	9 subclasses
H20.33.032	1	0.7031921900286329	ref_scvi	combined+cov	9 subclasses
H20.33.033	1	0.8421653899485226	ref_scvi	combined+cov	9 subclasses
H20.33.034	1	0.9447489972564836	ref_scvi	combined+cov	9 subclasses
H20.33.035	0	0.6621095749075827	ref_scvi	combined+cov	9 subclasses
H20.33.036	1	0.9724419982962749	ref_scvi	combined+cov	9 subclasses
H20.33.037	1	0.988278393263154	ref_scvi	combined+cov	9 subclasses
H20.33.038	1	0.814917801861258	ref_scvi	combined+cov	9 subclasses
H20.33.039	1	0.6019594062466236	ref_scvi	combined+cov	9 subclasses
H20.33.040	1	0.7449536969678907	ref_scvi	combined+cov	9 subclasses
H20.33.041	1	0.8615806081309809	ref_scvi	combined+cov	9 subclasses
H20.33.043	1	0.7618169735628634	ref_scvi	combined+cov	9 subclasses
H20.33.044	0	0.7313600046004514	ref_scvi	combined+cov	9 subclasses
H20.33.045	1	0.9950488274089494	ref_scvi	combined+cov	9 subclasses
H20.33.046	1	0.9058406381705808	ref_scvi	combined+cov	9 subclasses
H21.33.001	0	0.7336288223180454	ref_scvi	combined+cov	9 subclasses
H21.33.002	1	0.6765086909357754	ref_scvi	combined+cov	9 subclasses
H21.33.003	0	0.5567286834690618	ref_scvi	combined+cov	9 subclasses
H21.33.004	0	0.5633043667086346	ref_scvi	combined+cov	9 subclasses
H21.33.005	1	0.8750750114236663	ref_scvi	combined+cov	9 subclasses
H21.33.006	1	0.770189562543968	ref_scvi	combined+cov	9 subclasses
H21.33.007	1	0.865225594492483	ref_scvi	combined+cov	9 subclasses
H21.33.008	1	0.9285649775440266	ref_scvi	combined+cov	9 subclasses
H21.33.009	1	0.9904156213813842	ref_scvi	combined+cov	9 subclasses
H21.33.010	1	0.7877248734326924	ref_scvi	combined+cov	9 subclasses
H21.33.011	0	0.19331745609248585	ref_scvi	combined+cov	9 subclasses
H21.33.012	1	0.8349603691001622	ref_scvi	combined+cov	9 subclasses
H21.33.013	1	0.9703914920504756	ref_scvi	combined+cov	9 subclasses
H21.33.014	1	0.48822779787401005	ref_scvi	combined+cov	9 subclasses
H21.33.015	0	0.7327383335587881	ref_scvi	combined+cov	9 subclasses
H21.33.016	0	0.38713906569609147	ref_scvi	combined+cov	9 subclasses
H21.33.017	1	0.8667273667892372	ref_scvi	combined+cov	9 subclasses
H21.33.018	0	0.8853571807662479	ref_scvi	combined+cov	9 subclasses
H21.33.019	0	0.651946917987169	ref_scvi	combined+cov	9 subclasses
H21.33.020	1	0.9849417223522275	ref_scvi	combined+cov	9 subclasses
H21.33.021	1	0.8982224665918606	ref_scvi	combined+cov	9 subclasses
H21.33.022	1	0.41153467142433026	ref_scvi	combined+cov	9 subclasses
H21.33.023	0	0.7863635987790701	ref_scvi	combined+cov	9 subclasses
H21.33.025	1	0.7832849635618497	ref_scvi	combined+cov	9 subclasses
H21.33.026	1	0.6983797371535345	ref_scvi	combined+cov	9 subclasses
H21.33.027	1	0.9245563002001054	ref_scvi	combined+cov	9 subclasses
H21.33.028	0	0.4625442483773097	ref_scvi	combined+cov	9 subclasses
H21.33.029	1	0.9299599711863642	ref_scvi	combined+cov	9 subclasses
H21.33.030	1	0.9468778196908557	ref_scvi	combined+cov	9 subclasses
H21.33.031	1	0.9437375501120637	ref_scvi	combined+cov	9 subclasses
H21.33.032	0	0.5733641580770344	ref_scvi	combined+cov	9 subclasses
H21.33.033	1	0.985109422191545	ref_scvi	combined+cov	9 subclasses
H21.33.034	1	0.9900433297640838	ref_scvi	combined+cov	9 subclasses
H21.33.035	1	0.9373726478913647	ref_scvi	combined+cov	9 subclasses
H21.33.036	1	0.35088350715140515	ref_scvi	combined+cov	9 subclasses
H21.33.037	0	0.4636575265560331	ref_scvi	combined+cov	9 subclasses
H21.33.038	0	0.8143358963555499	ref_scvi	combined+cov	9 subclasses
H21.33.039	1	0.9185667041840823	ref_scvi	combined+cov	9 subclasses
H21.33.040	1	0.962840597033605	ref_scvi	combined+cov	9 subclasses
H21.33.041	0	0.8503614897766164	ref_scvi	combined+cov	9 subclasses
H21.33.042	1	0.48780665576344767	ref_scvi	combined+cov	9 subclasses
H21.33.043	0	0.7886551874540891	ref_scvi	combined+cov	9 subclasses
H21.33.044	1	0.5879295616263754	ref_scvi	combined+cov	9 subclasses
H21.33.045	1	0.9976334582753527	ref_scvi	combined+cov	9 subclasses
H21.33.046	1	0.9641738279991966	ref_scvi	combined+cov	9 subclasses
H21.33.047	1	0.5214019937463417	ref_scvi	combined+cov	9 subclasses
