label	embedding	probe	donor	n	accuracy	macro_f1
Subclass	gf_random_v2_104m_cls	logreg	H19.33.004	720	0.8944444444444445	0.8945049314042741
Subclass	gf_random_v2_104m_cls	logreg	H20.33.001	700	0.92	0.9168981642999027
Subclass	gf_random_v2_104m_cls	logreg	H20.33.002	680	0.9220588235294118	0.9200966146079722
Subclass	gf_random_v2_104m_cls	logreg	H20.33.004	698	0.9283667621776505	0.9282607930030996
Subclass	gf_random_v2_104m_cls	logreg	H20.33.005	688	0.8982558139534884	0.8998751892171496
Subclass	gf_random_v2_104m_cls	logreg	H20.33.008	648	0.9290123456790124	0.9322545945711695
Subclass	gf_random_v2_104m_cls	logreg	H20.33.011	677	0.914327917282127	0.9172588525666526
Subclass	gf_random_v2_104m_cls	logreg	H20.33.012	678	0.9085545722713865	0.872243317590892
Subclass	gf_random_v2_104m_cls	logreg	H20.33.013	676	0.9289940828402367	0.9268109180514674
Subclass	gf_random_v2_104m_cls	logreg	H20.33.014	665	0.912781954887218	0.9158579749202724
Subclass	gf_random_v2_104m_cls	logreg	H20.33.015	679	0.9160530191458026	0.918767670478713
Subclass	gf_random_v2_104m_cls	logreg	H20.33.016	671	0.9135618479880775	0.91939394654355
Subclass	gf_random_v2_104m_cls	logreg	H20.33.017	685	0.9284671532846716	0.9302102771398483
Subclass	gf_random_v2_104m_cls	logreg	H20.33.018	709	0.921015514809591	0.9214801909042833
Subclass	gf_random_v2_104m_cls	logreg	H20.33.019	681	0.9060205580029369	0.9032263285776265
Subclass	gf_random_v2_104m_cls	logreg	H20.33.020	695	0.8964028776978418	0.8996429093406529
Subclass	gf_random_v2_104m_cls	logreg	H20.33.024	666	0.9084084084084084	0.9150050939406492
Subclass	gf_random_v2_104m_cls	logreg	H20.33.025	693	0.9163059163059163	0.9181182501704234
Subclass	gf_random_v2_104m_cls	logreg	H20.33.026	643	0.926905132192846	0.9181704760856828
Subclass	gf_random_v2_104m_cls	logreg	H20.33.027	713	0.9200561009817672	0.9200117609170828
Subclass	gf_random_v2_104m_cls	logreg	H20.33.028	590	0.8542372881355932	0.8012073508947378
Subclass	gf_random_v2_104m_cls	logreg	H20.33.029	659	0.9301972685887708	0.9325745317811518
Subclass	gf_random_v2_104m_cls	logreg	H20.33.030	701	0.8958630527817404	0.8950303432746215
Subclass	gf_random_v2_104m_cls	logreg	H20.33.031	627	0.9202551834130781	0.9233956279852893
Subclass	gf_random_v2_104m_cls	logreg	H20.33.032	696	0.8979885057471264	0.8984525834842368
Subclass	gf_random_v2_104m_cls	logreg	H20.33.033	635	0.8551181102362204	0.8367697738690015
Subclass	gf_random_v2_104m_cls	logreg	H20.33.034	700	0.9171428571428571	0.915180762881063
Subclass	gf_random_v2_104m_cls	logreg	H20.33.035	633	0.9146919431279621	0.9097133804567589
Subclass	gf_random_v2_104m_cls	logreg	H20.33.036	625	0.8992	0.8621645291641089
Subclass	gf_random_v2_104m_cls	logreg	H20.33.037	647	0.865533230293663	0.8638597928856832
Subclass	gf_random_v2_104m_cls	logreg	H20.33.038	397	0.871536523929471	0.6904224423098353
Subclass	gf_random_v2_104m_cls	logreg	H20.33.039	695	0.8892086330935252	0.8911297196209507
Subclass	gf_random_v2_104m_cls	logreg	H20.33.040	689	0.9085631349782293	0.9043977893700662
Subclass	gf_random_v2_104m_cls	logreg	H20.33.041	668	0.907185628742515	0.9111527141911541
Subclass	gf_random_v2_104m_cls	logreg	H20.33.043	681	0.9236417033773862	0.9270484351997278
Subclass	gf_random_v2_104m_cls	logreg	H20.33.044	676	0.915680473372781	0.9176792125699368
Subclass	gf_random_v2_104m_cls	logreg	H20.33.045	651	0.869431643625192	0.8566966172836817
Subclass	gf_random_v2_104m_cls	logreg	H20.33.046	687	0.9082969432314411	0.9130185882609689
Subclass	gf_random_v2_104m_cls	logreg	H21.33.001	689	0.8606676342525399	0.8547056649969279
Subclass	gf_random_v2_104m_cls	logreg	H21.33.002	674	0.9287833827893175	0.9261403191212386
Subclass	gf_random_v2_104m_cls	logreg	H21.33.003	690	0.9289855072463769	0.927458888951636
Subclass	gf_random_v2_104m_cls	logreg	H21.33.004	668	0.9296407185628742	0.9323835686106481
Subclass	gf_random_v2_104m_cls	logreg	H21.33.005	679	0.8689248895434463	0.8497780250187331
Subclass	gf_random_v2_104m_cls	logreg	H21.33.006	650	0.916923076923077	0.9143603275368992
Subclass	gf_random_v2_104m_cls	logreg	H21.33.007	676	0.9275147928994083	0.9201379811651641
Subclass	gf_random_v2_104m_cls	logreg	H21.33.008	638	0.8855799373040752	0.8887703873825379
Subclass	gf_random_v2_104m_cls	logreg	H21.33.009	646	0.8622291021671826	0.8539359825856178
Subclass	gf_random_v2_104m_cls	logreg	H21.33.010	685	0.9036496350364963	0.9016700251516037
Subclass	gf_random_v2_104m_cls	logreg	H21.33.011	665	0.8736842105263158	0.8716015127856069
Subclass	gf_random_v2_104m_cls	logreg	H21.33.012	693	0.9365079365079365	0.9375923263335245
Subclass	gf_random_v2_104m_cls	logreg	H21.33.013	672	0.9122023809523809	0.9127591682476374
Subclass	gf_random_v2_104m_cls	logreg	H21.33.014	662	0.9078549848942599	0.9139514536515838
Subclass	gf_random_v2_104m_cls	logreg	H21.33.015	681	0.9192364170337739	0.918526651203337
Subclass	gf_random_v2_104m_cls	logreg	H21.33.016	644	0.9332298136645962	0.9327197468963999
Subclass	gf_random_v2_104m_cls	logreg	H21.33.017	639	0.918622848200313	0.9129397779262917
Subclass	gf_random_v2_104m_cls	logreg	H21.33.018	672	0.9122023809523809	0.9124684269866897
Subclass	gf_random_v2_104m_cls	logreg	H21.33.019	717	0.9246861924686193	0.9244127469465884
Subclass	gf_random_v2_104m_cls	logreg	H21.33.020	236	0.8813559322033898	0.7010962729671265
Subclass	gf_random_v2_104m_cls	logreg	H21.33.021	647	0.9041731066460588	0.8968810272393505
Subclass	gf_random_v2_104m_cls	logreg	H21.33.022	684	0.9298245614035088	0.9305593220550286
Subclass	gf_random_v2_104m_cls	logreg	H21.33.023	690	0.9217391304347826	0.920427461033486
Subclass	gf_random_v2_104m_cls	logreg	H21.33.025	691	0.9406657018813314	0.9397758059055942
Subclass	gf_random_v2_104m_cls	logreg	H21.33.026	662	0.9033232628398792	0.8988908465511424
Subclass	gf_random_v2_104m_cls	logreg	H21.33.027	709	0.9083215796897038	0.9069905564435147
Subclass	gf_random_v2_104m_cls	logreg	H21.33.028	668	0.8892215568862275	0.884863372645977
Subclass	gf_random_v2_104m_cls	logreg	H21.33.029	670	0.9208955223880597	0.9152770750922427
Subclass	gf_random_v2_104m_cls	logreg	H21.33.030	677	0.9217134416543574	0.9226494135968618
Subclass	gf_random_v2_104m_cls	logreg	H21.33.031	674	0.8813056379821959	0.8754259193250807
Subclass	gf_random_v2_104m_cls	logreg	H21.33.032	684	0.8961988304093568	0.8942040743294317
Subclass	gf_random_v2_104m_cls	logreg	H21.33.033	666	0.8828828828828829	0.8499016590977174
Subclass	gf_random_v2_104m_cls	logreg	H21.33.034	472	0.8538135593220338	0.7935258814210095
Subclass	gf_random_v2_104m_cls	logreg	H21.33.035	694	0.9236311239193083	0.9191955866083048
Subclass	gf_random_v2_104m_cls	logreg	H21.33.036	633	0.9131121642969984	0.911003881923958
Subclass	gf_random_v2_104m_cls	logreg	H21.33.037	628	0.9219745222929936	0.9226550375708239
Subclass	gf_random_v2_104m_cls	logreg	H21.33.038	641	0.9032761310452418	0.894975210450097
Subclass	gf_random_v2_104m_cls	logreg	H21.33.039	632	0.9003164556962026	0.9107355624454017
Subclass	gf_random_v2_104m_cls	logreg	H21.33.040	710	0.9042253521126761	0.903423821123547
Subclass	gf_random_v2_104m_cls	logreg	H21.33.041	687	0.901018922852984	0.9004402339617131
Subclass	gf_random_v2_104m_cls	logreg	H21.33.042	672	0.9241071428571429	0.9274322026172445
Subclass	gf_random_v2_104m_cls	logreg	H21.33.043	688	0.9026162790697675	0.8988331192386984
Subclass	gf_random_v2_104m_cls	logreg	H21.33.044	662	0.8595166163141994	0.8547932729642218
Subclass	gf_random_v2_104m_cls	logreg	H21.33.045	638	0.822884012539185	0.8060571432605576
Subclass	gf_random_v2_104m_cls	logreg	H21.33.046	623	0.8940609951845907	0.8864233070781214
Subclass	gf_random_v2_104m_cls	logreg	H21.33.047	661	0.8638426626323752	0.8678162620352775
Subclass	gf_random_v2_104m_cls	knn	H19.33.004	720	0.525	0.5068231005247371
Subclass	gf_random_v2_104m_cls	knn	H20.33.001	700	0.4957142857142857	0.4744967742160029
Subclass	gf_random_v2_104m_cls	knn	H20.33.002	680	0.5102941176470588	0.497758850014237
Subclass	gf_random_v2_104m_cls	knn	H20.33.004	698	0.5114613180515759	0.5008390001869104
Subclass	gf_random_v2_104m_cls	knn	H20.33.005	688	0.49273255813953487	0.47448900559006457
Subclass	gf_random_v2_104m_cls	knn	H20.33.008	648	0.529320987654321	0.5147731608493213
Subclass	gf_random_v2_104m_cls	knn	H20.33.011	677	0.5051698670605613	0.5109315465841725
Subclass	gf_random_v2_104m_cls	knn	H20.33.012	678	0.4882005899705015	0.4734043497039265
Subclass	gf_random_v2_104m_cls	knn	H20.33.013	676	0.4911242603550296	0.4728931965877261
Subclass	gf_random_v2_104m_cls	knn	H20.33.014	665	0.48120300751879697	0.4624986854423739
Subclass	gf_random_v2_104m_cls	knn	H20.33.015	679	0.48159057437407954	0.4538703008161777
Subclass	gf_random_v2_104m_cls	knn	H20.33.016	671	0.5096870342771982	0.5080316726771622
Subclass	gf_random_v2_104m_cls	knn	H20.33.017	685	0.48613138686131385	0.47728234611616677
Subclass	gf_random_v2_104m_cls	knn	H20.33.018	709	0.5289139633286318	0.5140085712154554
Subclass	gf_random_v2_104m_cls	knn	H20.33.019	681	0.4919236417033774	0.46603041523588923
Subclass	gf_random_v2_104m_cls	knn	H20.33.020	695	0.5237410071942447	0.4981079257125729
Subclass	gf_random_v2_104m_cls	knn	H20.33.024	666	0.46546546546546547	0.4614689680666954
Subclass	gf_random_v2_104m_cls	knn	H20.33.025	693	0.5122655122655123	0.49656720145306793
Subclass	gf_random_v2_104m_cls	knn	H20.33.026	643	0.49144634525660963	0.47695161417056114
Subclass	gf_random_v2_104m_cls	knn	H20.33.027	713	0.5652173913043478	0.5473210819031206
Subclass	gf_random_v2_104m_cls	knn	H20.33.028	590	0.45084745762711864	0.43216441279035517
Subclass	gf_random_v2_104m_cls	knn	H20.33.029	659	0.4779969650986343	0.4765163196304522
Subclass	gf_random_v2_104m_cls	knn	H20.33.030	701	0.48787446504992865	0.4763134920873708
Subclass	gf_random_v2_104m_cls	knn	H20.33.031	627	0.4864433811802233	0.48511699092966015
Subclass	gf_random_v2_104m_cls	knn	H20.33.032	696	0.4885057471264368	0.48240849191115104
Subclass	gf_random_v2_104m_cls	knn	H20.33.033	635	0.4645669291338583	0.4304058021248873
Subclass	gf_random_v2_104m_cls	knn	H20.33.034	700	0.5371428571428571	0.516153935368944
Subclass	gf_random_v2_104m_cls	knn	H20.33.035	633	0.45339652448657186	0.43746967525993163
Subclass	gf_random_v2_104m_cls	knn	H20.33.036	625	0.4896	0.4592927400226177
Subclass	gf_random_v2_104m_cls	knn	H20.33.037	647	0.4559505409582689	0.4380526543055148
Subclass	gf_random_v2_104m_cls	knn	H20.33.038	397	0.44836272040302266	0.3495947897564944
Subclass	gf_random_v2_104m_cls	knn	H20.33.039	695	0.46906474820143884	0.45595534557787776
Subclass	gf_random_v2_104m_cls	knn	H20.33.040	689	0.5268505079825835	0.5079140898286937
Subclass	gf_random_v2_104m_cls	knn	H20.33.041	668	0.5179640718562875	0.5102943232145303
Subclass	gf_random_v2_104m_cls	knn	H20.33.043	681	0.5447870778267254	0.5347267401051322
Subclass	gf_random_v2_104m_cls	knn	H20.33.044	676	0.48372781065088755	0.4717419562357372
Subclass	gf_random_v2_104m_cls	knn	H20.33.045	651	0.4807987711213518	0.44642341211173786
Subclass	gf_random_v2_104m_cls	knn	H20.33.046	687	0.5327510917030568	0.5042601111557152
Subclass	gf_random_v2_104m_cls	knn	H21.33.001	689	0.43686502177068215	0.4163823958649666
Subclass	gf_random_v2_104m_cls	knn	H21.33.002	674	0.486646884272997	0.4558669575337781
Subclass	gf_random_v2_104m_cls	knn	H21.33.003	690	0.5608695652173913	0.5352769830521819
Subclass	gf_random_v2_104m_cls	knn	H21.33.004	668	0.4940119760479042	0.49095409304259
Subclass	gf_random_v2_104m_cls	knn	H21.33.005	679	0.49337260677466865	0.4681033477636707
Subclass	gf_random_v2_104m_cls	knn	H21.33.006	650	0.5138461538461538	0.5096999331519859
Subclass	gf_random_v2_104m_cls	knn	H21.33.007	676	0.507396449704142	0.48056686174644164
Subclass	gf_random_v2_104m_cls	knn	H21.33.008	638	0.46551724137931033	0.4596937628115274
Subclass	gf_random_v2_104m_cls	knn	H21.33.009	646	0.42879256965944273	0.4066499059460913
Subclass	gf_random_v2_104m_cls	knn	H21.33.010	685	0.4744525547445255	0.45040948588545165
Subclass	gf_random_v2_104m_cls	knn	H21.33.011	665	0.5218045112781955	0.5086898905543201
Subclass	gf_random_v2_104m_cls	knn	H21.33.012	693	0.4790764790764791	0.457361935313693
Subclass	gf_random_v2_104m_cls	knn	H21.33.013	672	0.5193452380952381	0.5001427300020141
Subclass	gf_random_v2_104m_cls	knn	H21.33.014	662	0.525679758308157	0.520196690918831
Subclass	gf_random_v2_104m_cls	knn	H21.33.015	681	0.5066079295154186	0.49078169516232073
Subclass	gf_random_v2_104m_cls	knn	H21.33.016	644	0.5093167701863354	0.4936355619228037
Subclass	gf_random_v2_104m_cls	knn	H21.33.017	639	0.48513302034428796	0.4670109525702892
Subclass	gf_random_v2_104m_cls	knn	H21.33.018	672	0.5	0.48410673308629154
Subclass	gf_random_v2_104m_cls	knn	H21.33.019	717	0.5188284518828452	0.49922016195545327
Subclass	gf_random_v2_104m_cls	knn	H21.33.020	236	0.6016949152542372	0.341789238450021
Subclass	gf_random_v2_104m_cls	knn	H21.33.021	647	0.47295208655332305	0.4442760613965526
Subclass	gf_random_v2_104m_cls	knn	H21.33.022	684	0.5087719298245614	0.48771114126223303
Subclass	gf_random_v2_104m_cls	knn	H21.33.023	690	0.5420289855072464	0.515692358173042
Subclass	gf_random_v2_104m_cls	knn	H21.33.025	691	0.5658465991316932	0.5408250343825666
Subclass	gf_random_v2_104m_cls	knn	H21.33.026	662	0.49395770392749244	0.4741460490069207
Subclass	gf_random_v2_104m_cls	knn	H21.33.027	709	0.4795486600846262	0.45792577314677096
Subclass	gf_random_v2_104m_cls	knn	H21.33.028	668	0.49550898203592814	0.48062387138540386
Subclass	gf_random_v2_104m_cls	knn	H21.33.029	670	0.4880597014925373	0.46265929966438485
Subclass	gf_random_v2_104m_cls	knn	H21.33.030	677	0.5140324963072378	0.5036641833780584
Subclass	gf_random_v2_104m_cls	knn	H21.33.031	674	0.49554896142433236	0.48578341606578784
Subclass	gf_random_v2_104m_cls	knn	H21.33.032	684	0.5043859649122807	0.49270436708489435
Subclass	gf_random_v2_104m_cls	knn	H21.33.033	666	0.515015015015015	0.49058218775410606
Subclass	gf_random_v2_104m_cls	knn	H21.33.034	472	0.510593220338983	0.4371658848085962
Subclass	gf_random_v2_104m_cls	knn	H21.33.035	694	0.5273775216138329	0.5010770481117682
Subclass	gf_random_v2_104m_cls	knn	H21.33.036	633	0.42496050552922593	0.41141873614756336
Subclass	gf_random_v2_104m_cls	knn	H21.33.037	628	0.46337579617834396	0.44288323805364627
Subclass	gf_random_v2_104m_cls	knn	H21.33.038	641	0.44617784711388453	0.44786403589158313
Subclass	gf_random_v2_104m_cls	knn	H21.33.039	632	0.4762658227848101	0.48696985514287866
Subclass	gf_random_v2_104m_cls	knn	H21.33.040	710	0.5253521126760563	0.5063715725579747
Subclass	gf_random_v2_104m_cls	knn	H21.33.041	687	0.4847161572052402	0.47817239915846227
Subclass	gf_random_v2_104m_cls	knn	H21.33.042	672	0.47767857142857145	0.4795769857646941
Subclass	gf_random_v2_104m_cls	knn	H21.33.043	688	0.5087209302325582	0.48602733333886655
Subclass	gf_random_v2_104m_cls	knn	H21.33.044	662	0.49697885196374625	0.4766467655181166
Subclass	gf_random_v2_104m_cls	knn	H21.33.045	638	0.384012539184953	0.36866133383118416
Subclass	gf_random_v2_104m_cls	knn	H21.33.046	623	0.4895666131621188	0.4645659166160689
Subclass	gf_random_v2_104m_cls	knn	H21.33.047	661	0.4508320726172466	0.43573773699137625
Subclass	gf_v2_104m_cls	logreg	H19.33.004	720	0.9958333333333333	0.9958298575707442
Subclass	gf_v2_104m_cls	logreg	H20.33.001	700	0.9957142857142857	0.9958321756043347
Subclass	gf_v2_104m_cls	logreg	H20.33.002	680	0.9941176470588236	0.9944429008057795
Subclass	gf_v2_104m_cls	logreg	H20.33.004	698	0.998567335243553	0.9986107252014449
Subclass	gf_v2_104m_cls	logreg	H20.33.005	688	0.9927325581395349	0.9930013218159545
Subclass	gf_v2_104m_cls	logreg	H20.33.008	648	0.9969135802469136	0.9972214504028898
Subclass	gf_v2_104m_cls	logreg	H20.33.011	677	0.9955686853766618	0.9958325615140008
Subclass	gf_v2_104m_cls	logreg	H20.33.012	678	0.9882005899705014	0.9889037340543267
Subclass	gf_v2_104m_cls	logreg	H20.33.013	676	0.9940828402366864	0.9926737828722237
Subclass	gf_v2_104m_cls	logreg	H20.33.014	665	0.9954887218045113	0.9955670800119476
Subclass	gf_v2_104m_cls	logreg	H20.33.015	679	0.9985272459499264	0.9986107252014449
Subclass	gf_v2_104m_cls	logreg	H20.33.016	671	0.9865871833084948	0.9863652488544483
Subclass	gf_v2_104m_cls	logreg	H20.33.017	685	0.9956204379562044	0.9958542098014084
Subclass	gf_v2_104m_cls	logreg	H20.33.018	709	0.995768688293371	0.9958321756043347
Subclass	gf_v2_104m_cls	logreg	H20.33.019	681	0.9926578560939795	0.9930699748896376
Subclass	gf_v2_104m_cls	logreg	H20.33.020	695	0.9971223021582734	0.9972214504028897
Subclass	gf_v2_104m_cls	logreg	H20.33.024	666	0.996996996996997	0.9972214504028897
Subclass	gf_v2_104m_cls	logreg	H20.33.025	693	0.9927849927849928	0.9930760461139644
Subclass	gf_v2_104m_cls	logreg	H20.33.026	643	0.9984447900466563	0.9986107252014449
Subclass	gf_v2_104m_cls	logreg	H20.33.027	713	0.9957924263674615	0.9956287108909292
Subclass	gf_v2_104m_cls	logreg	H20.33.028	590	0.9932203389830508	0.9942250853796721
Subclass	gf_v2_104m_cls	logreg	H20.33.029	659	0.9954476479514416	0.995832947423667
Subclass	gf_v2_104m_cls	logreg	H20.33.030	701	0.985734664764622	0.9861026159472676
Subclass	gf_v2_104m_cls	logreg	H20.33.031	627	0.9904306220095693	0.9895856727059368
Subclass	gf_v2_104m_cls	logreg	H20.33.032	696	0.9985632183908046	0.9986107252014449
Subclass	gf_v2_104m_cls	logreg	H20.33.033	635	0.988976377952756	0.9902990028094223
Subclass	gf_v2_104m_cls	logreg	H20.33.034	700	0.9928571428571429	0.99256975041568
Subclass	gf_v2_104m_cls	logreg	H20.33.035	633	0.9889415481832543	0.9865688155361755
Subclass	gf_v2_104m_cls	logreg	H20.33.036	625	0.9984	0.9984844274924853
Subclass	gf_v2_104m_cls	logreg	H20.33.037	647	0.9938176197836167	0.9939111439001255
Subclass	gf_v2_104m_cls	logreg	H20.33.038	397	0.9949622166246851	0.9817590424147802
Subclass	gf_v2_104m_cls	logreg	H20.33.039	695	0.9928057553956835	0.993054783736223
Subclass	gf_v2_104m_cls	logreg	H20.33.040	689	0.9927431059506531	0.9914986032394898
Subclass	gf_v2_104m_cls	logreg	H20.33.041	668	0.9970059880239521	0.9972191323692993
Subclass	gf_v2_104m_cls	logreg	H20.33.043	681	0.9955947136563876	0.9958298575707439
Subclass	gf_v2_104m_cls	logreg	H20.33.044	676	0.9940828402366864	0.9944649350028533
Subclass	gf_v2_104m_cls	logreg	H20.33.045	651	0.989247311827957	0.9904098743281802
Subclass	gf_v2_104m_cls	logreg	H20.33.046	687	0.9941775836972343	0.9944440585347781
Subclass	gf_v2_104m_cls	logreg	H21.33.001	689	0.9912917271407837	0.9917058241410791
Subclass	gf_v2_104m_cls	logreg	H21.33.002	674	0.9940652818991098	0.9944626169692627
Subclass	gf_v2_104m_cls	logreg	H21.33.003	690	0.9927536231884058	0.9930501875907317
Subclass	gf_v2_104m_cls	logreg	H21.33.004	668	0.9910179640718563	0.9916608355243902
Subclass	gf_v2_104m_cls	logreg	H21.33.005	679	0.9955817378497791	0.9905628547612433
Subclass	gf_v2_104m_cls	logreg	H21.33.006	650	0.9938461538461538	0.994418548575115
Subclass	gf_v2_104m_cls	logreg	H21.33.007	676	0.9896449704142012	0.9871663934836764
Subclass	gf_v2_104m_cls	logreg	H21.33.008	638	0.9921630094043887	0.9927237799057071
Subclass	gf_v2_104m_cls	logreg	H21.33.009	646	0.9938080495356038	0.9929329784589287
Subclass	gf_v2_104m_cls	logreg	H21.33.010	685	0.9897810218978103	0.9902085141982108
Subclass	gf_v2_104m_cls	logreg	H21.33.011	665	0.9864661654135338	0.987495366508412
Subclass	gf_v2_104m_cls	logreg	H21.33.012	693	0.9927849927849928	0.9930017077256207
Subclass	gf_v2_104m_cls	logreg	H21.33.013	672	0.9970238095238095	0.9972214504028898
Subclass	gf_v2_104m_cls	logreg	H21.33.014	662	0.9954682779456193	0.995832947423667
Subclass	gf_v2_104m_cls	logreg	H21.33.015	681	0.9926578560939795	0.992225643386761
Subclass	gf_v2_104m_cls	logreg	H21.33.016	644	0.9953416149068323	0.9949697078034904
Subclass	gf_v2_104m_cls	logreg	H21.33.017	639	0.9890453834115805	0.9902893318551542
Subclass	gf_v2_104m_cls	logreg	H21.33.018	672	0.9880952380952381	0.9889537964050149
Subclass	gf_v2_104m_cls	logreg	H21.33.019	717	0.99721059972106	0.9972222222222222
Subclass	gf_v2_104m_cls	logreg	H21.33.020	236	0.9788135593220338	0.9541440389788358
Subclass	gf_v2_104m_cls	logreg	H21.33.021	647	0.9922720247295209	0.992749190929009
Subclass	gf_v2_104m_cls	logreg	H21.33.022	684	0.9941520467836257	0.9944444444444445
Subclass	gf_v2_104m_cls	logreg	H21.33.023	690	0.9942028985507246	0.9944432867154456
Subclass	gf_v2_104m_cls	logreg	H21.33.025	691	0.9985528219971056	0.9986107252014449
Subclass	gf_v2_104m_cls	logreg	H21.33.026	662	0.9924471299093656	0.9927511654009059
Subclass	gf_v2_104m_cls	logreg	H21.33.027	709	0.9915373765867419	0.9912275028776453
Subclass	gf_v2_104m_cls	logreg	H21.33.028	668	0.9955089820359282	0.9958298575707442
Subclass	gf_v2_104m_cls	logreg	H21.33.029	670	0.9955223880597015	0.9953247595231479
Subclass	gf_v2_104m_cls	logreg	H21.33.030	677	0.9970457902511078	0.9972214504028897
Subclass	gf_v2_104m_cls	logreg	H21.33.031	674	0.9955489614243324	0.9958325615140008
Subclass	gf_v2_104m_cls	logreg	H21.33.032	684	0.9941520467836257	0.9944653209125196
Subclass	gf_v2_104m_cls	logreg	H21.33.033	666	0.9954954954954955	0.9958298575707442
Subclass	gf_v2_104m_cls	logreg	H21.33.034	472	0.9936440677966102	0.995478963011611
Subclass	gf_v2_104m_cls	logreg	H21.33.035	694	0.9927953890489913	0.993075968846178
Subclass	gf_v2_104m_cls	logreg	H21.33.036	633	0.9968404423380727	0.9972214504028898
Subclass	gf_v2_104m_cls	logreg	H21.33.037	628	0.9856687898089171	0.9795510591486116
Subclass	gf_v2_104m_cls	logreg	H21.33.038	641	0.9890795631825273	0.9886900541203035
Subclass	gf_v2_104m_cls	logreg	H21.33.039	632	0.9889240506329114	0.990276620048779
Subclass	gf_v2_104m_cls	logreg	H21.33.040	710	0.995774647887324	0.9958557160939767
Subclass	gf_v2_104m_cls	logreg	H21.33.041	687	0.9941775836972343	0.9944429008057792
Subclass	gf_v2_104m_cls	logreg	H21.33.042	672	0.9895833333333334	0.990270440342933
Subclass	gf_v2_104m_cls	logreg	H21.33.043	688	0.9927325581395349	0.9930489899400433
Subclass	gf_v2_104m_cls	logreg	H21.33.044	662	0.9879154078549849	0.9888846039608703
Subclass	gf_v2_104m_cls	logreg	H21.33.045	638	0.9905956112852664	0.9916882776079775
Subclass	gf_v2_104m_cls	logreg	H21.33.046	623	0.9919743178170144	0.9877819871305425
Subclass	gf_v2_104m_cls	logreg	H21.33.047	661	0.9954614220877458	0.995446859645248
Subclass	gf_v2_104m_cls	knn	H19.33.004	720	0.9930555555555556	0.9930269557429695
Subclass	gf_v2_104m_cls	knn	H20.33.001	700	0.9957142857142857	0.9958321756043347
Subclass	gf_v2_104m_cls	knn	H20.33.002	680	0.9955882352941177	0.9958325615140008
Subclass	gf_v2_104m_cls	knn	H20.33.004	698	0.997134670487106	0.9966650388295291
Subclass	gf_v2_104m_cls	knn	H20.33.005	688	0.9927325581395349	0.9930013218159545
Subclass	gf_v2_104m_cls	knn	H20.33.008	648	0.9891975308641975	0.9902918112021935
Subclass	gf_v2_104m_cls	knn	H20.33.011	677	0.9911373707533235	0.9916631909040774
Subclass	gf_v2_104m_cls	knn	H20.33.012	678	0.9867256637168141	0.9874431477828676
Subclass	gf_v2_104m_cls	knn	H20.33.013	676	0.9881656804733728	0.9871095682637829
Subclass	gf_v2_104m_cls	knn	H20.33.014	665	0.9954887218045113	0.9955869917541077
Subclass	gf_v2_104m_cls	knn	H20.33.015	679	0.9911634756995582	0.9916620331750786
Subclass	gf_v2_104m_cls	knn	H20.33.016	671	0.9910581222056631	0.9916855736647209
Subclass	gf_v2_104m_cls	knn	H20.33.017	685	0.9941605839416059	0.9944649350028533
Subclass	gf_v2_104m_cls	knn	H20.33.018	709	0.9915373765867419	0.9916573971078977
Subclass	gf_v2_104m_cls	knn	H20.33.019	681	0.9897209985315712	0.9902750764101139
Subclass	gf_v2_104m_cls	knn	H20.33.020	695	0.9928057553956835	0.9930536260072244
Subclass	gf_v2_104m_cls	knn	H20.33.024	666	0.993993993993994	0.9944382647385984
Subclass	gf_v2_104m_cls	knn	H20.33.025	693	0.9971139971139971	0.9972214504028898
Subclass	gf_v2_104m_cls	knn	H20.33.026	643	0.9984447900466563	0.9986107252014449
Subclass	gf_v2_104m_cls	knn	H20.33.027	713	0.9859747545582047	0.9856410498499478
Subclass	gf_v2_104m_cls	knn	H20.33.028	590	0.9864406779661017	0.9841257546864489
Subclass	gf_v2_104m_cls	knn	H20.33.029	659	0.9863429438543247	0.9874904929347735
Subclass	gf_v2_104m_cls	knn	H20.33.030	701	0.9828815977175464	0.9820924301665768
Subclass	gf_v2_104m_cls	knn	H20.33.031	627	0.9936204146730463	0.9944196428571429
Subclass	gf_v2_104m_cls	knn	H20.33.032	696	0.9913793103448276	0.9917027342881561
Subclass	gf_v2_104m_cls	knn	H20.33.033	635	0.9811023622047244	0.9832948076433629
Subclass	gf_v2_104m_cls	knn	H20.33.034	700	0.99	0.9898128491059772
Subclass	gf_v2_104m_cls	knn	H20.33.035	633	0.9842022116903634	0.9829297998996293
Subclass	gf_v2_104m_cls	knn	H20.33.036	625	0.9936	0.9939364034419174
Subclass	gf_v2_104m_cls	knn	H20.33.037	647	0.9891808346213292	0.9893807014134218
Subclass	gf_v2_104m_cls	knn	H20.33.038	397	0.9899244332493703	0.9774858977581955
Subclass	gf_v2_104m_cls	knn	H20.33.039	695	0.9870503597122302	0.9875356817118233
Subclass	gf_v2_104m_cls	knn	H20.33.040	689	0.988388969521045	0.98678550995402
Subclass	gf_v2_104m_cls	knn	H20.33.041	668	0.9940119760479041	0.9944653209125195
Subclass	gf_v2_104m_cls	knn	H20.33.043	681	0.9897209985315712	0.9899879466206531
Subclass	gf_v2_104m_cls	knn	H20.33.044	676	0.9940828402366864	0.9944185485751151
Subclass	gf_v2_104m_cls	knn	H20.33.045	651	0.989247311827957	0.9902747278465446
Subclass	gf_v2_104m_cls	knn	H20.33.046	687	0.9883551673944687	0.9889314136443715
Subclass	gf_v2_104m_cls	knn	H21.33.001	689	0.9724238026124818	0.9704342088073231
Subclass	gf_v2_104m_cls	knn	H21.33.002	674	0.9881305637982196	0.983008359999037
Subclass	gf_v2_104m_cls	knn	H21.33.003	690	0.9869565217391304	0.9874860814638101
Subclass	gf_v2_104m_cls	knn	H21.33.004	668	0.9865269461077845	0.987471336740443
Subclass	gf_v2_104m_cls	knn	H21.33.005	679	0.9926362297496318	0.9930516938833001
Subclass	gf_v2_104m_cls	knn	H21.33.006	650	0.9846153846153847	0.985219620241918
Subclass	gf_v2_104m_cls	knn	H21.33.007	676	0.9896449704142012	0.9872333789513424
Subclass	gf_v2_104m_cls	knn	H21.33.008	638	0.9858934169278997	0.9869778642215429
Subclass	gf_v2_104m_cls	knn	H21.33.009	646	0.9876160990712074	0.9873526213160716
Subclass	gf_v2_104m_cls	knn	H21.33.010	685	0.9912408759124087	0.9916445963090865
Subclass	gf_v2_104m_cls	knn	H21.33.011	665	0.9789473684210527	0.9764992381679272
Subclass	gf_v2_104m_cls	knn	H21.33.012	693	0.9884559884559885	0.9889540677007981
Subclass	gf_v2_104m_cls	knn	H21.33.013	672	0.9895833333333334	0.9902750364884243
Subclass	gf_v2_104m_cls	knn	H21.33.014	662	0.9939577039274925	0.994443672625112
Subclass	gf_v2_104m_cls	knn	H21.33.015	681	0.9882525697503671	0.9872799712575041
Subclass	gf_v2_104m_cls	knn	H21.33.016	644	0.9953416149068323	0.9957798714130647
Subclass	gf_v2_104m_cls	knn	H21.33.017	639	0.9843505477308294	0.9857236269552277
Subclass	gf_v2_104m_cls	knn	H21.33.018	672	0.9806547619047619	0.9820781268284646
Subclass	gf_v2_104m_cls	knn	H21.33.019	717	0.99721059972106	0.9972191323692993
Subclass	gf_v2_104m_cls	knn	H21.33.020	236	0.9745762711864406	0.9555119103841359
Subclass	gf_v2_104m_cls	knn	H21.33.021	647	0.9922720247295209	0.9927270041000615
Subclass	gf_v2_104m_cls	knn	H21.33.022	684	0.9897660818713451	0.9902499897062138
Subclass	gf_v2_104m_cls	knn	H21.33.023	690	0.9927536231884058	0.9930540119168905
Subclass	gf_v2_104m_cls	knn	H21.33.025	691	0.9942112879884226	0.9944201321354699
Subclass	gf_v2_104m_cls	knn	H21.33.026	662	0.9909365558912386	0.9899442966961721
Subclass	gf_v2_104m_cls	knn	H21.33.027	709	0.9802538787023978	0.9798029794279352
Subclass	gf_v2_104m_cls	knn	H21.33.028	668	0.9880239520958084	0.9887839384947265
Subclass	gf_v2_104m_cls	knn	H21.33.029	670	0.991044776119403	0.9906030315247336
Subclass	gf_v2_104m_cls	knn	H21.33.030	677	0.9955686853766618	0.9958325615140008
Subclass	gf_v2_104m_cls	knn	H21.33.031	674	0.9851632047477745	0.9837489998022528
Subclass	gf_v2_104m_cls	knn	H21.33.032	684	0.9883040935672515	0.9888801536429949
Subclass	gf_v2_104m_cls	knn	H21.33.033	666	0.996996996996997	0.9971970981722255
Subclass	gf_v2_104m_cls	knn	H21.33.034	472	0.9830508474576272	0.9866793867736944
Subclass	gf_v2_104m_cls	knn	H21.33.035	694	0.9956772334293948	0.9958545957110747
Subclass	gf_v2_104m_cls	knn	H21.33.036	633	0.9936808846761453	0.9944420890647573
Subclass	gf_v2_104m_cls	knn	H21.33.037	628	0.9777070063694268	0.9354302359444651
Subclass	gf_v2_104m_cls	knn	H21.33.038	641	0.9875195007800313	0.9873104012752006
Subclass	gf_v2_104m_cls	knn	H21.33.039	632	0.9920886075949367	0.9930536260072241
Subclass	gf_v2_104m_cls	knn	H21.33.040	710	0.9901408450704225	0.9902681223093426
Subclass	gf_v2_104m_cls	knn	H21.33.041	687	0.992721979621543	0.9930528915339885
Subclass	gf_v2_104m_cls	knn	H21.33.042	672	0.9895833333333334	0.9862504876053583
Subclass	gf_v2_104m_cls	knn	H21.33.043	688	0.9811046511627907	0.9796270767351049
Subclass	gf_v2_104m_cls	knn	H21.33.044	662	0.9773413897280967	0.9760449220387813
Subclass	gf_v2_104m_cls	knn	H21.33.045	638	0.987460815047022	0.9888718804997759
Subclass	gf_v2_104m_cls	knn	H21.33.046	623	0.9935794542536116	0.994443672625112
Subclass	gf_v2_104m_cls	knn	H21.33.047	661	0.989409984871407	0.9899911639572645
Subclass	pca	logreg	H19.33.004	720	0.9875	0.9874165793030082
Subclass	pca	logreg	H20.33.001	700	0.9928571428571429	0.993052428356536
Subclass	pca	logreg	H20.33.002	680	0.9970588235294118	0.9972191323692993
Subclass	pca	logreg	H20.33.004	698	0.998567335243553	0.9986107252014449
Subclass	pca	logreg	H20.33.005	688	0.9941860465116279	0.9944432867154456
Subclass	pca	logreg	H20.33.008	648	0.9922839506172839	0.9930296596862261
Subclass	pca	logreg	H20.33.011	677	0.9911373707533235	0.9913014553563227
Subclass	pca	logreg	H20.33.012	678	0.9882005899705014	0.9889041199639929
Subclass	pca	logreg	H20.33.013	676	0.9911242603550295	0.9898893155115817
Subclass	pca	logreg	H20.33.014	665	0.9969924812030075	0.9972214504028897
Subclass	pca	logreg	H20.33.015	679	0.9955817378497791	0.9958321756043347
Subclass	pca	logreg	H20.33.016	671	0.9865871833084948	0.9874906930951344
Subclass	pca	logreg	H20.33.017	685	0.9941605839416059	0.9944432867154457
Subclass	pca	logreg	H20.33.018	709	0.9943582510578279	0.9944429008057792
Subclass	pca	logreg	H20.33.019	681	0.9897209985315712	0.9902455020422417
Subclass	pca	logreg	H20.33.020	695	0.9928057553956835	0.9930536260072244
Subclass	pca	logreg	H20.33.024	666	0.9924924924924925	0.9930516938833001
Subclass	pca	logreg	H20.33.025	693	0.9927849927849928	0.9930775524065328
Subclass	pca	logreg	H20.33.026	643	0.9937791601866252	0.9944429008057792
Subclass	pca	logreg	H20.33.027	713	0.9873772791023843	0.9871269218301381
Subclass	pca	logreg	H20.33.028	590	0.9932203389830508	0.9933508937206007
Subclass	pca	logreg	H20.33.029	659	0.9969650986342944	0.9972214504028898
Subclass	pca	logreg	H20.33.030	701	0.9885877318116976	0.9889089162698451
Subclass	pca	logreg	H20.33.031	627	0.9920255183413078	0.9930771664968665
Subclass	pca	logreg	H20.33.032	696	0.9913793103448276	0.991682283651437
Subclass	pca	logreg	H20.33.033	635	0.9968503937007874	0.9972214504028898
Subclass	pca	logreg	H20.33.034	700	0.9928571428571429	0.9921288578102971
Subclass	pca	logreg	H20.33.035	633	0.9873617693522907	0.9871391037847433
Subclass	pca	logreg	H20.33.036	625	0.9952	0.9954507537135389
Subclass	pca	logreg	H20.33.037	647	0.990726429675425	0.9908194788606296
Subclass	pca	logreg	H20.33.038	397	0.9924433249370277	0.9952367721192394
Subclass	pca	logreg	H20.33.039	695	0.9928057553956835	0.9930520797929662
Subclass	pca	logreg	H20.33.040	689	0.9956458635703919	0.9958228905597327
Subclass	pca	logreg	H20.33.041	668	0.9940119760479041	0.9945222701149424
Subclass	pca	logreg	H20.33.043	681	0.9911894273127754	0.9916579314207726
Subclass	pca	logreg	H20.33.044	676	0.9940828402366864	0.99378226080323
Subclass	pca	logreg	H20.33.045	651	0.9938556067588326	0.9868378163587854
Subclass	pca	logreg	H20.33.046	687	0.9912663755458515	0.9917099258953851
Subclass	pca	logreg	H21.33.001	689	0.988388969521045	0.988784710314059
Subclass	pca	logreg	H21.33.002	674	0.9940652818991098	0.9926981351028882
Subclass	pca	logreg	H21.33.003	690	0.9855072463768116	0.9860852551634713
Subclass	pca	logreg	H21.33.004	668	0.9970059880239521	0.9971970981722255
Subclass	pca	logreg	H21.33.005	679	0.9926362297496318	0.9930049215458956
Subclass	pca	logreg	H21.33.006	650	0.9938461538461538	0.9944432867154457
Subclass	pca	logreg	H21.33.007	676	0.992603550295858	0.9899495791479676
Subclass	pca	logreg	H21.33.008	638	0.9921630094043887	0.9927029492246884
Subclass	pca	logreg	H21.33.009	646	0.9907120743034056	0.9901779693514605
Subclass	pca	logreg	H21.33.010	685	0.9912408759124087	0.9916851877550545
Subclass	pca	logreg	H21.33.011	665	0.98796992481203	0.9859202416675279
Subclass	pca	logreg	H21.33.012	693	0.9942279942279942	0.9944409686818552
Subclass	pca	logreg	H21.33.013	672	0.9910714285714286	0.9916407707973374
Subclass	pca	logreg	H21.33.014	662	0.9939577039274925	0.994440582772189
Subclass	pca	logreg	H21.33.015	681	0.9897209985315712	0.989448600082219
Subclass	pca	logreg	H21.33.016	644	0.9922360248447205	0.9930528915339885
Subclass	pca	logreg	H21.33.017	639	0.9843505477308294	0.9860280773985629
Subclass	pca	logreg	H21.33.018	672	0.9880952380952381	0.9889265027246363
Subclass	pca	logreg	H21.33.019	717	0.99860529986053	0.9986107252014449
Subclass	pca	logreg	H21.33.020	236	0.9830508474576272	0.9746471464889979
Subclass	pca	logreg	H21.33.021	647	0.9953632148377125	0.9957188475979927
Subclass	pca	logreg	H21.33.022	684	0.9912280701754386	0.9916651230280017
Subclass	pca	logreg	H21.33.023	690	0.9956521739130435	0.9958325615140008
Subclass	pca	logreg	H21.33.025	691	0.9956584659913169	0.995832947423667
Subclass	pca	logreg	H21.33.026	662	0.9818731117824774	0.9812579938800635
Subclass	pca	logreg	H21.33.027	709	0.9901269393511989	0.9902754623197803
Subclass	pca	logreg	H21.33.028	668	1.0	1.0
Subclass	pca	logreg	H21.33.029	670	0.9895522388059701	0.9881524370422431
Subclass	pca	logreg	H21.33.030	677	0.9970457902511078	0.9972218363125559
Subclass	pca	logreg	H21.33.031	674	0.9881305637982196	0.9888462077038765
Subclass	pca	logreg	H21.33.032	684	0.9912280701754386	0.9903856271727856
Subclass	pca	logreg	H21.33.033	666	0.9924924924924925	0.9930520797929662
Subclass	pca	logreg	H21.33.034	472	0.9872881355932204	0.9876874889489504
Subclass	pca	logreg	H21.33.035	694	0.9942363112391931	0.994440582772189
Subclass	pca	logreg	H21.33.036	633	0.9889415481832543	0.9902918112021935
Subclass	pca	logreg	H21.33.037	628	0.9840764331210191	0.9813808605296579
Subclass	pca	logreg	H21.33.038	641	0.9875195007800313	0.9873355253251974
Subclass	pca	logreg	H21.33.039	632	0.990506329113924	0.9916631909040774
Subclass	pca	logreg	H21.33.040	710	0.9887323943661972	0.988882671836946
Subclass	pca	logreg	H21.33.041	687	0.9912663755458515	0.9916388785951028
Subclass	pca	logreg	H21.33.042	672	0.9910714285714286	0.9903057556078249
Subclass	pca	logreg	H21.33.043	688	0.9912790697674418	0.9898465656781719
Subclass	pca	logreg	H21.33.044	662	0.9803625377643505	0.9818827906250972
Subclass	pca	logreg	H21.33.045	638	0.9905956112852664	0.9917062499724351
Subclass	pca	logreg	H21.33.046	623	0.9983948635634029	0.9986107252014449
Subclass	pca	logreg	H21.33.047	661	0.9954614220877458	0.995446859645248
Subclass	pca	knn	H19.33.004	720	0.9930555555555556	0.99297696958529
Subclass	pca	knn	H20.33.001	700	0.9942857142857143	0.9944432867154456
Subclass	pca	knn	H20.33.002	680	0.9985294117647059	0.9986107252014449
Subclass	pca	knn	H20.33.004	698	0.998567335243553	0.9986107252014449
Subclass	pca	knn	H20.33.005	688	0.997093023255814	0.9972214504028898
Subclass	pca	knn	H20.33.008	648	0.9953703703703703	0.9958325615140008
Subclass	pca	knn	H20.33.011	677	0.9955686853766618	0.9958553301843104
Subclass	pca	knn	H20.33.012	678	0.995575221238938	0.9958078233736702
Subclass	pca	knn	H20.33.013	676	0.992603550295858	0.9912845080736686
Subclass	pca	knn	H20.33.014	665	0.9954887218045113	0.9958298575707442
Subclass	pca	knn	H20.33.015	679	0.9911634756995582	0.9916628049944111
Subclass	pca	knn	H20.33.016	671	0.9880774962742176	0.9888822859272799
Subclass	pca	knn	H20.33.017	685	0.9912408759124087	0.9916628049944111
Subclass	pca	knn	H20.33.018	709	0.995768688293371	0.9958078233736702
Subclass	pca	knn	H20.33.019	681	0.9926578560939795	0.9930269557429695
Subclass	pca	knn	H20.33.020	695	0.9942446043165467	0.9944336157611776
Subclass	pca	knn	H20.33.024	666	0.990990990990991	0.9916608355243902
Subclass	pca	knn	H20.33.025	693	0.9956709956709957	0.9958321756043346
Subclass	pca	knn	H20.33.026	643	0.9922239502332815	0.9930528142662021
Subclass	pca	knn	H20.33.027	713	0.9929873772791024	0.9926604805347164
Subclass	pca	knn	H20.33.028	590	0.9915254237288136	0.9914737358197595
Subclass	pca	knn	H20.33.029	659	0.9954476479514416	0.9958321756043347
Subclass	pca	knn	H20.33.030	701	0.9900142653352354	0.9891175540186596
Subclass	pca	knn	H20.33.031	627	0.9936204146730463	0.9943941963444507
Subclass	pca	knn	H20.33.032	696	0.9942528735632183	0.9944653209125196
Subclass	pca	knn	H20.33.033	635	0.9905511811023622	0.9916399989780048
Subclass	pca	knn	H20.33.034	700	0.99	0.9898085989484624
Subclass	pca	knn	H20.33.035	633	0.990521327014218	0.9915788446526151
Subclass	pca	knn	H20.33.036	625	0.9936	0.9939364034419174
Subclass	pca	knn	H20.33.037	647	0.9891808346213292	0.9893456759683015
Subclass	pca	knn	H20.33.038	397	0.9924433249370277	0.9812571902180126
Subclass	pca	knn	H20.33.039	695	0.9928057553956835	0.9931329953163873
Subclass	pca	knn	H20.33.040	689	0.9912917271407837	0.9916620331750786
Subclass	pca	knn	H20.33.041	668	0.9955089820359282	0.9958542098014084
Subclass	pca	knn	H20.33.043	681	0.9970631424375918	0.9972191323692993
Subclass	pca	knn	H20.33.044	676	0.9955621301775148	0.9958321756043346
Subclass	pca	knn	H20.33.045	651	0.9861751152073732	0.9798102982801032
Subclass	pca	knn	H20.33.046	687	0.9941775836972343	0.9944440585347781
Subclass	pca	knn	H21.33.001	689	0.97677793904209	0.9763242241335414
Subclass	pca	knn	H21.33.002	674	0.9955489614243324	0.9940881817207758
Subclass	pca	knn	H21.33.003	690	0.9869565217391304	0.9874872417684019
Subclass	pca	knn	H21.33.004	668	0.9895209580838323	0.990249500427887
Subclass	pca	knn	H21.33.005	679	0.9926362297496318	0.9929792876188804
Subclass	pca	knn	H21.33.006	650	0.9953846153846154	0.9958078233736702
Subclass	pca	knn	H21.33.007	676	0.9940828402366864	0.9913601163242641
Subclass	pca	knn	H21.33.008	638	0.9937304075235109	0.9941988689796754
Subclass	pca	knn	H21.33.009	646	0.9845201238390093	0.9846547294122484
Subclass	pca	knn	H21.33.010	685	0.9927007299270073	0.9930516938833001
Subclass	pca	knn	H21.33.011	665	0.9894736842105263	0.9873245836521454
Subclass	pca	knn	H21.33.012	693	0.9942279942279942	0.9944660553857553
Subclass	pca	knn	H21.33.013	672	0.9955357142857143	0.9958078233736701
Subclass	pca	knn	H21.33.014	662	0.9939577039274925	0.9944409686818553
Subclass	pca	knn	H21.33.015	681	0.9911894273127754	0.9907895563291117
Subclass	pca	knn	H21.33.016	644	0.9906832298136646	0.9916635768137437
Subclass	pca	knn	H21.33.017	639	0.9906103286384976	0.9916636167354334
Subclass	pca	knn	H21.33.018	672	0.9925595238095238	0.9930733421707076
Subclass	pca	knn	H21.33.019	717	0.9944211994421199	0.9944336157611775
Subclass	pca	knn	H21.33.020	236	0.9872881355932204	0.9894344052660266
Subclass	pca	knn	H21.33.021	647	0.9922720247295209	0.9927507627125586
Subclass	pca	knn	H21.33.022	684	0.9941520467836257	0.9944429008057795
Subclass	pca	knn	H21.33.023	690	0.9956521739130435	0.9958325615140008
Subclass	pca	knn	H21.33.025	691	0.9956584659913169	0.9958321756043346
Subclass	pca	knn	H21.33.026	662	0.9879154078549849	0.9869945212365832
Subclass	pca	knn	H21.33.027	709	0.995768688293371	0.9958329474236671
Subclass	pca	knn	H21.33.028	668	0.9940119760479041	0.994418548575115
Subclass	pca	knn	H21.33.029	670	0.9955223880597015	0.9958321756043346
Subclass	pca	knn	H21.33.030	677	0.9970457902511078	0.9972214504028898
Subclass	pca	knn	H21.33.031	674	0.9881305637982196	0.9888753961840547
Subclass	pca	knn	H21.33.032	684	0.9941520467836257	0.9917106977147178
Subclass	pca	knn	H21.33.033	666	0.996996996996997	0.9972214504028898
Subclass	pca	knn	H21.33.034	472	0.9957627118644068	0.9969663262210537
Subclass	pca	knn	H21.33.035	694	0.9942363112391931	0.9905198717750815
Subclass	pca	knn	H21.33.036	633	0.995260663507109	0.9958542098014084
Subclass	pca	knn	H21.33.037	628	0.9856687898089171	0.9869247039845348
Subclass	pca	knn	H21.33.038	641	0.9890795631825273	0.9887280139440277
Subclass	pca	knn	H21.33.039	632	0.9920886075949367	0.993054783736223
Subclass	pca	knn	H21.33.040	710	0.9929577464788732	0.9930024421988565
Subclass	pca	knn	H21.33.041	687	0.992721979621543	0.9930525056243221
Subclass	pca	knn	H21.33.042	672	0.9851190476190477	0.9807789323132883
Subclass	pca	knn	H21.33.043	688	0.9912790697674418	0.9887806772428753
Subclass	pca	knn	H21.33.044	662	0.9879154078549849	0.9888827491047326
Subclass	pca	knn	H21.33.045	638	0.9890282131661442	0.9902565063209101
Subclass	pca	knn	H21.33.046	623	0.9967897271268058	0.9972222222222222
Subclass	pca	knn	H21.33.047	661	0.9863842662632375	0.9875168146354588
Subclass	pca_harmony	logreg	H19.33.004	720	0.9888888888888889	0.9888574238195974
Subclass	pca_harmony	logreg	H20.33.001	700	0.9957142857142857	0.9958325615140008
Subclass	pca_harmony	logreg	H20.33.002	680	0.9955882352941177	0.995832947423667
Subclass	pca_harmony	logreg	H20.33.004	698	0.997134670487106	0.9972214504028897
Subclass	pca_harmony	logreg	H20.33.005	688	0.9927325581395349	0.993051307973634
Subclass	pca_harmony	logreg	H20.33.008	648	0.9907407407407407	0.9916415825383594
Subclass	pca_harmony	logreg	H20.33.011	677	0.9926144756277696	0.9926895325041896
Subclass	pca_harmony	logreg	H20.33.012	678	0.9867256637168141	0.9680228939103532
Subclass	pca_harmony	logreg	H20.33.013	676	0.9881656804733728	0.9871331860212117
Subclass	pca_harmony	logreg	H20.33.014	665	0.9834586466165414	0.9835251442557275
Subclass	pca_harmony	logreg	H20.33.015	679	0.9911634756995582	0.9916628049944113
Subclass	pca_harmony	logreg	H20.33.016	671	0.9880774962742176	0.9888799678936894
Subclass	pca_harmony	logreg	H20.33.017	685	0.9912408759124087	0.9916601010511544
Subclass	pca_harmony	logreg	H20.33.018	709	0.9929478138222849	0.9930443409626224
Subclass	pca_harmony	logreg	H20.33.019	681	0.9911894273127754	0.9916396504144354
Subclass	pca_harmony	logreg	H20.33.020	695	0.9942446043165467	0.9944429008057795
Subclass	pca_harmony	logreg	H20.33.024	666	0.990990990990991	0.991640384887671
Subclass	pca_harmony	logreg	H20.33.025	693	0.9927849927849928	0.9930943271203018
Subclass	pca_harmony	logreg	H20.33.026	643	0.9968895800933126	0.9972214504028898
Subclass	pca_harmony	logreg	H20.33.027	713	0.9943899018232819	0.9942239613884517
Subclass	pca_harmony	logreg	H20.33.028	590	0.988135593220339	0.986853581881059
Subclass	pca_harmony	logreg	H20.33.029	659	0.9984825493171472	0.9986107252014449
Subclass	pca_harmony	logreg	H20.33.030	701	0.9843081312410842	0.9835815932348284
Subclass	pca_harmony	logreg	H20.33.031	627	0.9904306220095693	0.9917099258953851
Subclass	pca_harmony	logreg	H20.33.032	696	0.992816091954023	0.9930520797929662
Subclass	pca_harmony	logreg	H20.33.033	635	0.9858267716535433	0.9742427653914083
Subclass	pca_harmony	logreg	H20.33.034	700	0.99	0.98939279304698
Subclass	pca_harmony	logreg	H20.33.035	633	0.990521327014218	0.9899187737647557
Subclass	pca_harmony	logreg	H20.33.036	625	0.992	0.9924665386766928
Subclass	pca_harmony	logreg	H20.33.037	647	0.9891808346213292	0.9470624819868874
Subclass	pca_harmony	logreg	H20.33.038	397	0.9874055415617129	0.9632402860234345
Subclass	pca_harmony	logreg	H20.33.039	695	0.9928057553956835	0.9930520797929662
Subclass	pca_harmony	logreg	H20.33.040	689	0.9912917271407837	0.9913848865375051
Subclass	pca_harmony	logreg	H20.33.041	668	0.9925149700598802	0.9930950989396342
Subclass	pca_harmony	logreg	H20.33.043	681	0.9941262848751835	0.9944653209125195
Subclass	pca_harmony	logreg	H20.33.044	676	0.9970414201183432	0.9972214504028898
Subclass	pca_harmony	logreg	H20.33.045	651	0.9923195084485407	0.9877774994665702
Subclass	pca_harmony	logreg	H20.33.046	687	0.992721979621543	0.9930760461139645
Subclass	pca_harmony	logreg	H21.33.001	689	0.988388969521045	0.9889086076279652
Subclass	pca_harmony	logreg	H21.33.002	674	0.9896142433234422	0.988553116723629
Subclass	pca_harmony	logreg	H21.33.003	690	0.9840579710144928	0.9847368816383546
Subclass	pca_harmony	logreg	H21.33.004	668	0.9925149700598802	0.9920924395565872
Subclass	pca_harmony	logreg	H21.33.005	679	0.9896907216494846	0.9901767717007721
Subclass	pca_harmony	logreg	H21.33.006	650	0.9907692307692307	0.9907267052476744
Subclass	pca_harmony	logreg	H21.33.007	676	0.992603550295858	0.989924841007637
Subclass	pca_harmony	logreg	H21.33.008	638	0.9890282131661442	0.9865922317303739
Subclass	pca_harmony	logreg	H21.33.009	646	0.9829721362229102	0.9832621173050168
Subclass	pca_harmony	logreg	H21.33.010	685	0.9927007299270073	0.9930465105930041
Subclass	pca_harmony	logreg	H21.33.011	665	0.9909774436090225	0.9887231434953025
Subclass	pca_harmony	logreg	H21.33.012	693	0.9913419913419913	0.9916145263644384
Subclass	pca_harmony	logreg	H21.33.013	672	0.9895833333333334	0.9902463127084863
Subclass	pca_harmony	logreg	H21.33.014	662	0.9879154078549849	0.9885191020310579
Subclass	pca_harmony	logreg	H21.33.015	681	0.9882525697503671	0.9880130161237122
Subclass	pca_harmony	logreg	H21.33.016	644	0.9922360248447205	0.9930041870726597
Subclass	pca_harmony	logreg	H21.33.017	639	0.9780907668231612	0.9646457077232018
Subclass	pca_harmony	logreg	H21.33.018	672	0.9851190476190477	0.9862567612767621
Subclass	pca_harmony	logreg	H21.33.019	717	0.99581589958159	0.9958321756043347
Subclass	pca_harmony	logreg	H21.33.020	236	0.9745762711864406	0.9046139359698682
Subclass	pca_harmony	logreg	H21.33.021	647	0.990726429675425	0.9865150992263986
Subclass	pca_harmony	logreg	H21.33.022	684	0.9926900584795322	0.9930536260072244
Subclass	pca_harmony	logreg	H21.33.023	690	0.9942028985507246	0.9944432867154456
Subclass	pca_harmony	logreg	H21.33.025	691	0.9927641099855282	0.9917764855316952
Subclass	pca_harmony	logreg	H21.33.026	662	0.9848942598187311	0.9839485437978722
Subclass	pca_harmony	logreg	H21.33.027	709	0.9873060648801129	0.9875409811168175
Subclass	pca_harmony	logreg	H21.33.028	668	0.9955089820359282	0.9958298575707442
Subclass	pca_harmony	logreg	H21.33.029	670	0.9925373134328358	0.9918839229161626
Subclass	pca_harmony	logreg	H21.33.030	677	0.9970457902511078	0.9972214504028898
Subclass	pca_harmony	logreg	H21.33.031	674	0.9925816023738873	0.993054783736223
Subclass	pca_harmony	logreg	H21.33.032	684	0.9883040935672515	0.9876074634853415
Subclass	pca_harmony	logreg	H21.33.033	666	0.990990990990991	0.9916376809444142
Subclass	pca_harmony	logreg	H21.33.034	472	0.9809322033898306	0.9815279031952528
Subclass	pca_harmony	logreg	H21.33.035	694	0.9971181556195965	0.9972214504028897
Subclass	pca_harmony	logreg	H21.33.036	633	0.9842022116903634	0.9807689154104825
Subclass	pca_harmony	logreg	H21.33.037	628	0.9808917197452229	0.9785610992611558
Subclass	pca_harmony	logreg	H21.33.038	641	0.9875195007800313	0.9873107871848669
Subclass	pca_harmony	logreg	H21.33.039	632	0.990506329113924	0.9916128188367317
Subclass	pca_harmony	logreg	H21.33.040	710	0.9859154929577465	0.9861454338587973
Subclass	pca_harmony	logreg	H21.33.041	687	0.9898107714701602	0.9902495265287611
Subclass	pca_harmony	logreg	H21.33.042	672	0.9895833333333334	0.983091058307072
Subclass	pca_harmony	logreg	H21.33.043	688	0.9869186046511628	0.9856459157482623
Subclass	pca_harmony	logreg	H21.33.044	662	0.9788519637462235	0.9672421123602266
Subclass	pca_harmony	logreg	H21.33.045	638	0.9811912225705329	0.9825132956854173
Subclass	pca_harmony	logreg	H21.33.046	623	0.9951845906902087	0.9905628547612432
Subclass	pca_harmony	logreg	H21.33.047	661	0.9909228441754917	0.991235540636873
Subclass	pca_harmony	knn	H19.33.004	720	0.9916666666666667	0.9915876947867348
Subclass	pca_harmony	knn	H20.33.001	700	0.9942857142857143	0.9944409686818552
Subclass	pca_harmony	knn	H20.33.002	680	1.0	1.0
Subclass	pca_harmony	knn	H20.33.004	698	0.998567335243553	0.9986107252014449
Subclass	pca_harmony	knn	H20.33.005	688	0.9941860465116279	0.9944405827721888
Subclass	pca_harmony	knn	H20.33.008	648	0.9953703703703703	0.9958321756043347
Subclass	pca_harmony	knn	H20.33.011	677	0.9940915805022157	0.9944660553857553
Subclass	pca_harmony	knn	H20.33.012	678	0.9896755162241888	0.9770441609266145
Subclass	pca_harmony	knn	H20.33.013	676	0.9896449704142012	0.9885000407130266
Subclass	pca_harmony	knn	H20.33.014	665	0.98796992481203	0.9880182520984931
Subclass	pca_harmony	knn	H20.33.015	679	0.9911634756995582	0.9916631535579806
Subclass	pca_harmony	knn	H20.33.016	671	0.9895678092399404	0.990271560725835
Subclass	pca_harmony	knn	H20.33.017	685	0.9912408759124087	0.9916601010511544
Subclass	pca_harmony	knn	H20.33.018	709	0.9943582510578279	0.9944432867154457
Subclass	pca_harmony	knn	H20.33.019	681	0.9941262848751835	0.994440582772189
Subclass	pca_harmony	knn	H20.33.020	695	0.9942446043165467	0.9944336157611776
Subclass	pca_harmony	knn	H20.33.024	666	0.9924924924924925	0.9930269557429695
Subclass	pca_harmony	knn	H20.33.025	693	0.9956709956709957	0.9958321756043346
Subclass	pca_harmony	knn	H20.33.026	643	0.9922239502332815	0.9899476096779466
Subclass	pca_harmony	knn	H20.33.027	713	0.9957924263674615	0.9956290968005955
Subclass	pca_harmony	knn	H20.33.028	590	0.9847457627118644	0.98091777957916
Subclass	pca_harmony	knn	H20.33.029	659	0.9984825493171472	0.9986107252014449
Subclass	pca_harmony	knn	H20.33.030	701	0.9914407988587732	0.9905365889343928
Subclass	pca_harmony	knn	H20.33.031	627	0.9968102073365231	0.9971970981722253
Subclass	pca_harmony	knn	H20.33.032	696	0.9913793103448276	0.9916871572250754
Subclass	pca_harmony	knn	H20.33.033	635	0.9826771653543307	0.9651273726878973
Subclass	pca_harmony	knn	H20.33.034	700	0.9885714285714285	0.9883604505120115
Subclass	pca_harmony	knn	H20.33.035	633	0.9921011058451816	0.9930020936352868
Subclass	pca_harmony	knn	H20.33.036	625	0.9888	0.9890050191612452
Subclass	pca_harmony	knn	H20.33.037	647	0.9799072642967542	0.937773850801602
Subclass	pca_harmony	knn	H20.33.038	397	0.9874055415617129	0.9770884822222837
Subclass	pca_harmony	knn	H20.33.039	695	0.9928057553956835	0.9930733421707076
Subclass	pca_harmony	knn	H20.33.040	689	0.9869375907111756	0.9871521095911655
Subclass	pca_harmony	knn	H20.33.041	668	0.9940119760479041	0.9944417804228775
Subclass	pca_harmony	knn	H20.33.043	681	0.9926578560939795	0.9930525056243221
Subclass	pca_harmony	knn	H20.33.044	676	0.9970414201183432	0.9972214504028898
Subclass	pca_harmony	knn	H20.33.045	651	0.9815668202764977	0.9779132289052809
Subclass	pca_harmony	knn	H20.33.046	687	0.9956331877729258	0.9958321756043347
Subclass	pca_harmony	knn	H21.33.001	689	0.9854862119013063	0.9860733836910723
Subclass	pca_harmony	knn	H21.33.002	674	0.9955489614243324	0.9940874099014433
Subclass	pca_harmony	knn	H21.33.003	690	0.9884057971014493	0.988876516566957
Subclass	pca_harmony	knn	H21.33.004	668	0.9910179640718563	0.9906992631640871
Subclass	pca_harmony	knn	H21.33.005	679	0.9911634756995582	0.9915900128203253
Subclass	pca_harmony	knn	H21.33.006	650	0.9923076923076923	0.9930540119168906
Subclass	pca_harmony	knn	H21.33.007	676	0.9911242603550295	0.9860401037325183
Subclass	pca_harmony	knn	H21.33.008	638	0.987460815047022	0.9851533238902522
Subclass	pca_harmony	knn	H21.33.009	646	0.9829721362229102	0.9832594133617599
Subclass	pca_harmony	knn	H21.33.010	685	0.9912408759124087	0.9916392645047689
Subclass	pca_harmony	knn	H21.33.011	665	0.9864661654135338	0.9845518806831445
Subclass	pca_harmony	knn	H21.33.012	693	0.9942279942279942	0.9944660553857553
Subclass	pca_harmony	knn	H21.33.013	672	0.9910714285714286	0.9917449181685206
Subclass	pca_harmony	knn	H21.33.014	662	0.9939577039274925	0.9944432867154456
Subclass	pca_harmony	knn	H21.33.015	681	0.9941262848751835	0.9935928839882423
Subclass	pca_harmony	knn	H21.33.016	644	0.9906832298136646	0.991615684093437
Subclass	pca_harmony	knn	H21.33.017	639	0.9796557120500783	0.966053648362983
Subclass	pca_harmony	knn	H21.33.018	672	0.9910714285714286	0.9917282069017226
Subclass	pca_harmony	knn	H21.33.019	717	0.9944211994421199	0.9944409686818552
Subclass	pca_harmony	knn	H21.33.020	236	0.9703389830508474	0.8996715927750409
Subclass	pca_harmony	knn	H21.33.021	647	0.990726429675425	0.9913010846618922
Subclass	pca_harmony	knn	H21.33.022	684	0.9941520467836257	0.9944432867154456
Subclass	pca_harmony	knn	H21.33.023	690	0.9942028985507246	0.9944432867154456
Subclass	pca_harmony	knn	H21.33.025	691	0.9927641099855282	0.9917533309517195
Subclass	pca_harmony	knn	H21.33.026	662	0.986404833836858	0.9853772847420484
Subclass	pca_harmony	knn	H21.33.027	709	0.9901269393511989	0.9902043750978082
Subclass	pca_harmony	knn	H21.33.028	668	0.9925149700598802	0.9930017077256207
Subclass	pca_harmony	knn	H21.33.029	670	0.991044776119403	0.9904946481176075
Subclass	pca_harmony	knn	H21.33.030	677	0.9940915805022157	0.9944432867154456
Subclass	pca_harmony	knn	H21.33.031	674	0.9881305637982196	0.9888266917227262
Subclass	pca_harmony	knn	H21.33.032	684	0.9941520467836257	0.9917118180976198
Subclass	pca_harmony	knn	H21.33.033	666	0.9924924924924925	0.9930513079736337
Subclass	pca_harmony	knn	H21.33.034	472	0.9851694915254238	0.9857028935976305
Subclass	pca_harmony	knn	H21.33.035	694	0.9985590778097982	0.9946873102610807
Subclass	pca_harmony	knn	H21.33.036	633	0.9889415481832543	0.9902292152292151
Subclass	pca_harmony	knn	H21.33.037	628	0.9872611464968153	0.9842528300142844
Subclass	pca_harmony	knn	H21.33.038	641	0.9875195007800313	0.9796911698646854
Subclass	pca_harmony	knn	H21.33.039	632	0.9920886075949367	0.9930536260072241
Subclass	pca_harmony	knn	H21.33.040	710	0.9859154929577465	0.9861454338587973
Subclass	pca_harmony	knn	H21.33.041	687	0.992721979621543	0.9930516938833001
Subclass	pca_harmony	knn	H21.33.042	672	0.9821428571428571	0.9761365969203828
Subclass	pca_harmony	knn	H21.33.043	688	0.9883720930232558	0.984787052470562
Subclass	pca_harmony	knn	H21.33.044	662	0.9848942598187311	0.9860787268940557
Subclass	pca_harmony	knn	H21.33.045	638	0.9780564263322884	0.9663672596350491
Subclass	pca_harmony	knn	H21.33.046	623	0.9967897271268058	0.9972214504028898
Subclass	pca_harmony	knn	H21.33.047	661	0.9909228441754917	0.9916651230280017
Subclass	randproj	logreg	H19.33.004	720	0.8902777777777777	0.8903581800835854
Subclass	randproj	logreg	H20.33.001	700	0.9242857142857143	0.9229431536800897
Subclass	randproj	logreg	H20.33.002	680	0.9294117647058824	0.9275916893720643
Subclass	randproj	logreg	H20.33.004	698	0.9570200573065902	0.9578795756001703
Subclass	randproj	logreg	H20.33.005	688	0.9055232558139535	0.9103603241256657
Subclass	randproj	logreg	H20.33.008	648	0.9197530864197531	0.9221704720377355
Subclass	randproj	logreg	H20.33.011	677	0.9409158050221565	0.9437389144066556
Subclass	randproj	logreg	H20.33.012	678	0.915929203539823	0.9008508563837013
Subclass	randproj	logreg	H20.33.013	676	0.9230769230769231	0.9211896775691789
Subclass	randproj	logreg	H20.33.014	665	0.9172932330827067	0.9197997902950398
Subclass	randproj	logreg	H20.33.015	679	0.8998527245949927	0.904105643296424
Subclass	randproj	logreg	H20.33.016	671	0.9299552906110283	0.9319630613255039
Subclass	randproj	logreg	H20.33.017	685	0.9051094890510949	0.9090914099081883
Subclass	randproj	logreg	H20.33.018	709	0.922425952045134	0.9212413671484523
Subclass	randproj	logreg	H20.33.019	681	0.8883994126284875	0.8865982354815576
Subclass	randproj	logreg	H20.33.020	695	0.8863309352517985	0.8782725259395306
Subclass	randproj	logreg	H20.33.024	666	0.8603603603603603	0.8543539368919498
Subclass	randproj	logreg	H20.33.025	693	0.9365079365079365	0.9388770757239749
Subclass	randproj	logreg	H20.33.026	643	0.926905132192846	0.927743032497467
Subclass	randproj	logreg	H20.33.027	713	0.9144460028050491	0.9140319306615936
Subclass	randproj	logreg	H20.33.028	590	0.8016949152542373	0.749217157181631
Subclass	randproj	logreg	H20.33.029	659	0.9150227617602428	0.911872852978797
Subclass	randproj	logreg	H20.33.030	701	0.8958630527817404	0.8919952489078979
Subclass	randproj	logreg	H20.33.031	627	0.9122807017543859	0.9189021252380374
Subclass	randproj	logreg	H20.33.032	696	0.8735632183908046	0.8750659944026186
Subclass	randproj	logreg	H20.33.033	635	0.8015748031496063	0.8018571082390707
Subclass	randproj	logreg	H20.33.034	700	0.9071428571428571	0.9063046156517146
Subclass	randproj	logreg	H20.33.035	633	0.8878357030015798	0.8956456592318386
Subclass	randproj	logreg	H20.33.036	625	0.8944	0.8939584968882226
Subclass	randproj	logreg	H20.33.037	647	0.8145285935085008	0.7763292011009627
Subclass	randproj	logreg	H20.33.038	397	0.8765743073047859	0.7866803360936532
Subclass	randproj	logreg	H20.33.039	695	0.9194244604316547	0.9197479639652787
Subclass	randproj	logreg	H20.33.040	689	0.9129172714078374	0.9082096357710981
Subclass	randproj	logreg	H20.33.041	668	0.9356287425149701	0.9371971983199693
Subclass	randproj	logreg	H20.33.043	681	0.9295154185022027	0.9318607913810993
Subclass	randproj	logreg	H20.33.044	676	0.8920118343195266	0.8923780876140416
Subclass	randproj	logreg	H20.33.045	651	0.8602150537634409	0.8537834231834482
Subclass	randproj	logreg	H20.33.046	687	0.901018922852984	0.9061832037916145
Subclass	randproj	logreg	H21.33.001	689	0.8200290275761973	0.8146826550455591
Subclass	randproj	logreg	H21.33.002	674	0.9183976261127597	0.909642684025311
Subclass	randproj	logreg	H21.33.003	690	0.9318840579710145	0.9294894623495361
Subclass	randproj	logreg	H21.33.004	668	0.9446107784431138	0.9449621989469681
Subclass	randproj	logreg	H21.33.005	679	0.8969072164948454	0.8901670849373403
Subclass	randproj	logreg	H21.33.006	650	0.9323076923076923	0.9334289793102623
Subclass	randproj	logreg	H21.33.007	676	0.9215976331360947	0.9225446167220114
Subclass	randproj	logreg	H21.33.008	638	0.8887147335423198	0.8446352635940674
Subclass	randproj	logreg	H21.33.009	646	0.8328173374613003	0.8265304801756378
Subclass	randproj	logreg	H21.33.010	685	0.9065693430656935	0.9087718165356193
Subclass	randproj	logreg	H21.33.011	665	0.8827067669172932	0.88654233627211
Subclass	randproj	logreg	H21.33.012	693	0.9278499278499278	0.9302487227070354
Subclass	randproj	logreg	H21.33.013	672	0.8988095238095238	0.9026014321409778
Subclass	randproj	logreg	H21.33.014	662	0.877643504531722	0.8766871672665381
Subclass	randproj	logreg	H21.33.015	681	0.933920704845815	0.9341871356500776
Subclass	randproj	logreg	H21.33.016	644	0.937888198757764	0.9408334619642168
Subclass	randproj	logreg	H21.33.017	639	0.8982785602503912	0.9061077001322525
Subclass	randproj	logreg	H21.33.018	672	0.9196428571428571	0.9208466339736029
Subclass	randproj	logreg	H21.33.019	717	0.9400278940027894	0.9398534619504121
Subclass	randproj	logreg	H21.33.020	236	0.8516949152542372	0.6143556730115126
Subclass	randproj	logreg	H21.33.021	647	0.9180834621329211	0.9190308599695374
Subclass	randproj	logreg	H21.33.022	684	0.935672514619883	0.9368628395656602
Subclass	randproj	logreg	H21.33.023	690	0.9289855072463769	0.9304473990699412
Subclass	randproj	logreg	H21.33.025	691	0.8958031837916064	0.8918957050820037
Subclass	randproj	logreg	H21.33.026	662	0.8987915407854985	0.8952899928015963
Subclass	randproj	logreg	H21.33.027	709	0.9167842031029619	0.9160129897063056
Subclass	randproj	logreg	H21.33.028	668	0.9011976047904192	0.8966277327775088
Subclass	randproj	logreg	H21.33.029	670	0.9164179104477612	0.9130651487425157
Subclass	randproj	logreg	H21.33.030	677	0.9350073855243722	0.9351682208637954
Subclass	randproj	logreg	H21.33.031	674	0.8635014836795252	0.8618806507551272
Subclass	randproj	logreg	H21.33.032	684	0.8771929824561403	0.8733626112181013
Subclass	randproj	logreg	H21.33.033	666	0.8888888888888888	0.8941248095042683
Subclass	randproj	logreg	H21.33.034	472	0.809322033898305	0.7137209447331371
Subclass	randproj	logreg	H21.33.035	694	0.9164265129682997	0.9125570731202375
Subclass	randproj	logreg	H21.33.036	633	0.9052132701421801	0.8993239871650388
Subclass	randproj	logreg	H21.33.037	628	0.8996815286624203	0.899178605664593
Subclass	randproj	logreg	H21.33.038	641	0.8689547581903276	0.8783594475104222
Subclass	randproj	logreg	H21.33.039	632	0.8908227848101266	0.8742581656175524
Subclass	randproj	logreg	H21.33.040	710	0.895774647887324	0.8962486062284869
Subclass	randproj	logreg	H21.33.041	687	0.8966521106259098	0.8960879979436737
Subclass	randproj	logreg	H21.33.042	672	0.9092261904761905	0.9075988449733141
Subclass	randproj	logreg	H21.33.043	688	0.9011627906976745	0.8978142719166776
Subclass	randproj	logreg	H21.33.044	662	0.8383685800604229	0.8266753946427358
Subclass	randproj	logreg	H21.33.045	638	0.8307210031347962	0.8318664846664525
Subclass	randproj	logreg	H21.33.046	623	0.9117174959871589	0.9161875668503027
Subclass	randproj	logreg	H21.33.047	661	0.8290468986384266	0.8160049579876166
Subclass	randproj	knn	H19.33.004	720	0.8388888888888889	0.8393233015603311
Subclass	randproj	knn	H20.33.001	700	0.8928571428571429	0.891253607798108
Subclass	randproj	knn	H20.33.002	680	0.8852941176470588	0.8870539069610212
Subclass	randproj	knn	H20.33.004	698	0.9154727793696275	0.9165320525455906
Subclass	randproj	knn	H20.33.005	688	0.8604651162790697	0.8597581117180334
Subclass	randproj	knn	H20.33.008	648	0.8858024691358025	0.8771872713742628
Subclass	randproj	knn	H20.33.011	677	0.9010339734121122	0.9038861215477829
Subclass	randproj	knn	H20.33.012	678	0.8864306784660767	0.8769789963044158
Subclass	randproj	knn	H20.33.013	676	0.871301775147929	0.8716019605180181
Subclass	randproj	knn	H20.33.014	665	0.8827067669172932	0.8848955075165503
Subclass	randproj	knn	H20.33.015	679	0.8733431516936672	0.8742405675968548
Subclass	randproj	knn	H20.33.016	671	0.8971684053651267	0.9002815539723783
Subclass	randproj	knn	H20.33.017	685	0.8832116788321168	0.8852591515433542
Subclass	randproj	knn	H20.33.018	709	0.8801128349788434	0.8794193727997447
Subclass	randproj	knn	H20.33.019	681	0.8428781204111601	0.8306397839657441
Subclass	randproj	knn	H20.33.020	695	0.8517985611510791	0.8529469785211728
Subclass	randproj	knn	H20.33.024	666	0.8123123123123123	0.8260975506502303
Subclass	randproj	knn	H20.33.025	693	0.8845598845598845	0.8857141243880132
Subclass	randproj	knn	H20.33.026	643	0.8693623639191291	0.8692111881496126
Subclass	randproj	knn	H20.33.027	713	0.8906030855539971	0.8902401520831914
Subclass	randproj	knn	H20.33.028	590	0.7813559322033898	0.7564759767738568
Subclass	randproj	knn	H20.33.029	659	0.8907435508345979	0.8962913777871577
Subclass	randproj	knn	H20.33.030	701	0.884450784593438	0.8824701227071386
Subclass	randproj	knn	H20.33.031	627	0.8771929824561403	0.8877382594605456
Subclass	randproj	knn	H20.33.032	696	0.8347701149425287	0.834062912274689
Subclass	randproj	knn	H20.33.033	635	0.7433070866141732	0.7300245612712652
Subclass	randproj	knn	H20.33.034	700	0.8842857142857142	0.8861434738302624
Subclass	randproj	knn	H20.33.035	633	0.8436018957345972	0.8457916409285774
Subclass	randproj	knn	H20.33.036	625	0.8768	0.8722756299577529
Subclass	randproj	knn	H20.33.037	647	0.7465224111282844	0.7155985898944942
Subclass	randproj	knn	H20.33.038	397	0.8337531486146096	0.7225432467913863
Subclass	randproj	knn	H20.33.039	695	0.9035971223021583	0.9040429115284563
Subclass	randproj	knn	H20.33.040	689	0.9071117561683599	0.9034776642275416
Subclass	randproj	knn	H20.33.041	668	0.9026946107784432	0.9029061443327709
Subclass	randproj	knn	H20.33.043	681	0.9074889867841409	0.9092215399988414
Subclass	randproj	knn	H20.33.044	676	0.8476331360946746	0.8493725412406476
Subclass	randproj	knn	H20.33.045	651	0.7603686635944701	0.7736153473098369
Subclass	randproj	knn	H20.33.046	687	0.8777292576419214	0.8823541065332116
Subclass	randproj	knn	H21.33.001	689	0.7489114658925979	0.753150154936022
Subclass	randproj	knn	H21.33.002	674	0.8620178041543026	0.8568285996074007
Subclass	randproj	knn	H21.33.003	690	0.9217391304347826	0.9211756248604818
Subclass	randproj	knn	H21.33.004	668	0.905688622754491	0.9088315653437139
Subclass	randproj	knn	H21.33.005	679	0.8527245949926362	0.8375661148050946
Subclass	randproj	knn	H21.33.006	650	0.9215384615384615	0.9240780272466479
Subclass	randproj	knn	H21.33.007	676	0.893491124260355	0.8959789630693359
Subclass	randproj	knn	H21.33.008	638	0.8307210031347962	0.7970041066868854
Subclass	randproj	knn	H21.33.009	646	0.7786377708978328	0.7773332650850141
Subclass	randproj	knn	H21.33.010	685	0.8671532846715329	0.8740636423651322
Subclass	randproj	knn	H21.33.011	665	0.837593984962406	0.837023307741911
Subclass	randproj	knn	H21.33.012	693	0.9177489177489178	0.9181528237715727
Subclass	randproj	knn	H21.33.013	672	0.8794642857142857	0.8832353464344121
Subclass	randproj	knn	H21.33.014	662	0.8474320241691843	0.8480805536006875
Subclass	randproj	knn	H21.33.015	681	0.8928046989720999	0.89408600620999
Subclass	randproj	knn	H21.33.016	644	0.90527950310559	0.9130127409639899
Subclass	randproj	knn	H21.33.017	639	0.8873239436619719	0.8946336005325044
Subclass	randproj	knn	H21.33.018	672	0.8854166666666666	0.889528711073115
Subclass	randproj	knn	H21.33.019	717	0.900976290097629	0.9013790964272901
Subclass	randproj	knn	H21.33.020	236	0.7711864406779662	0.4958162130438116
Subclass	randproj	knn	H21.33.021	647	0.8809891808346213	0.8846552634061504
Subclass	randproj	knn	H21.33.022	684	0.8991228070175439	0.9022526631492008
Subclass	randproj	knn	H21.33.023	690	0.8956521739130435	0.8978624410806244
Subclass	randproj	knn	H21.33.025	691	0.8885672937771346	0.8876863702454134
Subclass	randproj	knn	H21.33.026	662	0.8731117824773413	0.8744628241252985
Subclass	randproj	knn	H21.33.027	709	0.8660084626234132	0.8614871297100491
Subclass	randproj	knn	H21.33.028	668	0.8772455089820359	0.8739626124065043
Subclass	randproj	knn	H21.33.029	670	0.8761194029850746	0.8709279119941672
Subclass	randproj	knn	H21.33.030	677	0.8936484490398818	0.898117814246686
Subclass	randproj	knn	H21.33.031	674	0.827893175074184	0.826204898939892
Subclass	randproj	knn	H21.33.032	684	0.8567251461988304	0.8540984217297513
Subclass	randproj	knn	H21.33.033	666	0.8708708708708709	0.8805722773501913
Subclass	randproj	knn	H21.33.034	472	0.7648305084745762	0.6936094666285415
Subclass	randproj	knn	H21.33.035	694	0.8890489913544669	0.8862251898715124
Subclass	randproj	knn	H21.33.036	633	0.8657187993680885	0.8774335320100205
Subclass	randproj	knn	H21.33.037	628	0.8503184713375797	0.8407766145195745
Subclass	randproj	knn	H21.33.038	641	0.859594383775351	0.8711678940439221
Subclass	randproj	knn	H21.33.039	632	0.8575949367088608	0.8477631921512295
Subclass	randproj	knn	H21.33.040	710	0.8549295774647887	0.8552544865898728
Subclass	randproj	knn	H21.33.041	687	0.8777292576419214	0.8794732878196978
Subclass	randproj	knn	H21.33.042	672	0.8452380952380952	0.8495600220717215
Subclass	randproj	knn	H21.33.043	688	0.8619186046511628	0.8620631540998324
Subclass	randproj	knn	H21.33.044	662	0.8021148036253777	0.8178870603173186
Subclass	randproj	knn	H21.33.045	638	0.7884012539184952	0.8003639308267445
Subclass	randproj	knn	H21.33.046	623	0.884430176565008	0.8944243291874878
Subclass	randproj	knn	H21.33.047	661	0.7881996974281392	0.7995488683603796
Subclass	ref_scvi	logreg	H19.33.004	720	0.9958333333333333	0.9958078233736702
Subclass	ref_scvi	logreg	H20.33.001	700	0.9971428571428571	0.9972214504028898
Subclass	ref_scvi	logreg	H20.33.002	680	0.9985294117647059	0.9986107252014449
Subclass	ref_scvi	logreg	H20.33.004	698	0.997134670487106	0.9972214504028898
Subclass	ref_scvi	logreg	H20.33.005	688	0.9941860465116279	0.994418548575115
Subclass	ref_scvi	logreg	H20.33.008	648	0.9969135802469136	0.9972214504028897
Subclass	ref_scvi	logreg	H20.33.011	677	0.9926144756277696	0.99269185053778
Subclass	ref_scvi	logreg	H20.33.012	678	0.9941002949852508	0.9944649350028533
Subclass	ref_scvi	logreg	H20.33.013	676	0.9911242603550295	0.988377261386287
Subclass	ref_scvi	logreg	H20.33.014	665	0.9939849624060151	0.9941801232469829
Subclass	ref_scvi	logreg	H20.33.015	679	0.9926362297496318	0.9930013218159544
Subclass	ref_scvi	logreg	H20.33.016	671	0.9895678092399404	0.9902723325451676
Subclass	ref_scvi	logreg	H20.33.017	685	0.9941605839416059	0.9944432867154457
Subclass	ref_scvi	logreg	H20.33.018	709	0.9943582510578279	0.994440582772189
Subclass	ref_scvi	logreg	H20.33.019	681	0.9897209985315712	0.9902003894582007
Subclass	ref_scvi	logreg	H20.33.020	695	0.9971223021582734	0.9972214504028898
Subclass	ref_scvi	logreg	H20.33.024	666	0.993993993993994	0.9944649350028533
Subclass	ref_scvi	logreg	H20.33.025	693	0.9927849927849928	0.9930540119168905
Subclass	ref_scvi	logreg	H20.33.026	643	0.9968895800933126	0.9972214504028897
Subclass	ref_scvi	logreg	H20.33.027	713	0.9901823281907434	0.9901152542595003
Subclass	ref_scvi	logreg	H20.33.028	590	0.9932203389830508	0.9933254826972986
Subclass	ref_scvi	logreg	H20.33.029	659	0.9984825493171472	0.9986107252014449
Subclass	ref_scvi	logreg	H20.33.030	701	0.9914407988587732	0.9916604869608207
Subclass	ref_scvi	logreg	H20.33.031	627	0.9920255183413078	0.9930501103229453
Subclass	ref_scvi	logreg	H20.33.032	696	0.9971264367816092	0.9972218363125559
Subclass	ref_scvi	logreg	H20.33.033	635	0.9921259842519685	0.9930543978265568
Subclass	ref_scvi	logreg	H20.33.034	700	0.99	0.9893479901795964
Subclass	ref_scvi	logreg	H20.33.035	633	0.9889415481832543	0.9884444182415025
Subclass	ref_scvi	logreg	H20.33.036	625	0.9952	0.9954532824774557
Subclass	ref_scvi	logreg	H20.33.037	647	0.9922720247295209	0.9499594465062551
Subclass	ref_scvi	logreg	H20.33.038	397	0.9924433249370277	0.9941135324186172
Subclass	ref_scvi	logreg	H20.33.039	695	0.99568345323741	0.995832947423667
Subclass	ref_scvi	logreg	H20.33.040	689	0.988388969521045	0.9889074872450632
Subclass	ref_scvi	logreg	H20.33.041	668	0.9970059880239521	0.9972214504028898
Subclass	ref_scvi	logreg	H20.33.043	681	0.9926578560939795	0.9930516938833001
Subclass	ref_scvi	logreg	H20.33.044	676	0.9955621301775148	0.9958542098014084
Subclass	ref_scvi	logreg	H20.33.045	651	0.9877112135176651	0.9813157329629818
Subclass	ref_scvi	logreg	H20.33.046	687	0.9970887918486172	0.9972214504028897
Subclass	ref_scvi	logreg	H21.33.001	689	0.988388969521045	0.988943425952427
Subclass	ref_scvi	logreg	H21.33.002	674	0.9925816023738873	0.9898136570858159
Subclass	ref_scvi	logreg	H21.33.003	690	0.9898550724637681	0.9902682707125513
Subclass	ref_scvi	logreg	H21.33.004	668	0.9940119760479041	0.9944197462258035
Subclass	ref_scvi	logreg	H21.33.005	679	0.9926362297496318	0.9930292737765599
Subclass	ref_scvi	logreg	H21.33.006	650	0.9938461538461538	0.9935835228578584
Subclass	ref_scvi	logreg	H21.33.007	676	0.9896449704142012	0.9871687115172669
Subclass	ref_scvi	logreg	H21.33.008	638	0.9937304075235109	0.9941915990551415
Subclass	ref_scvi	logreg	H21.33.009	646	0.9891640866873065	0.9888058551763409
Subclass	ref_scvi	logreg	H21.33.010	685	0.9941605839416059	0.9944417031550911
Subclass	ref_scvi	logreg	H21.33.011	665	0.9924812030075187	0.9901120323841913
Subclass	ref_scvi	logreg	H21.33.012	693	0.9956709956709957	0.9958321756043347
Subclass	ref_scvi	logreg	H21.33.013	672	0.9940476190476191	0.9944405827721888
Subclass	ref_scvi	logreg	H21.33.014	662	0.9939577039274925	0.9944436726251119
Subclass	ref_scvi	logreg	H21.33.015	681	0.9926578560939795	0.9926329800971279
Subclass	ref_scvi	logreg	H21.33.016	644	0.9937888198757764	0.9944417804228772
Subclass	ref_scvi	logreg	H21.33.017	639	0.9859154929577465	0.9874429988701711
Subclass	ref_scvi	logreg	H21.33.018	672	0.9821428571428571	0.9834823507800544
Subclass	ref_scvi	logreg	H21.33.019	717	0.99721059972106	0.9972191323692993
Subclass	ref_scvi	logreg	H21.33.020	236	0.9788135593220338	0.9621111602535751
Subclass	ref_scvi	logreg	H21.33.021	647	0.9969088098918083	0.9971006438986673
Subclass	ref_scvi	logreg	H21.33.022	684	0.9912280701754386	0.9916855736647209
Subclass	ref_scvi	logreg	H21.33.023	690	0.9927536231884058	0.9930543978265568
Subclass	ref_scvi	logreg	H21.33.025	691	0.9985528219971056	0.9986107252014449
Subclass	ref_scvi	logreg	H21.33.026	662	0.9894259818731118	0.9898990434333155
Subclass	ref_scvi	logreg	H21.33.027	709	0.9901269393511989	0.9898555508829195
Subclass	ref_scvi	logreg	H21.33.028	668	0.9970059880239521	0.9972191323692993
Subclass	ref_scvi	logreg	H21.33.029	670	0.9940298507462687	0.9939354847245928
Subclass	ref_scvi	logreg	H21.33.030	677	0.9970457902511078	0.9972218363125559
Subclass	ref_scvi	logreg	H21.33.031	674	0.9925816023738873	0.9930516938833001
Subclass	ref_scvi	logreg	H21.33.032	684	0.9839181286549707	0.9835017521692939
Subclass	ref_scvi	logreg	H21.33.033	666	0.987987987987988	0.988874970352699
Subclass	ref_scvi	logreg	H21.33.034	472	0.9978813559322034	0.9981977610647074
Subclass	ref_scvi	logreg	H21.33.035	694	0.9971181556195965	0.9972214504028897
Subclass	ref_scvi	logreg	H21.33.036	633	0.995260663507109	0.9958321756043346
Subclass	ref_scvi	logreg	H21.33.037	628	0.9904458598726115	0.9913035424493922
Subclass	ref_scvi	logreg	H21.33.038	641	0.9890795631825273	0.9887550701179487
Subclass	ref_scvi	logreg	H21.33.039	632	0.9936708860759493	0.9944649350028533
Subclass	ref_scvi	logreg	H21.33.040	710	0.9943661971830986	0.9944201321354699
Subclass	ref_scvi	logreg	H21.33.041	687	0.992721979621543	0.9930764320236306
Subclass	ref_scvi	logreg	H21.33.042	672	0.9866071428571429	0.9822156366546974
Subclass	ref_scvi	logreg	H21.33.043	688	0.9912790697674418	0.9908034669681797
Subclass	ref_scvi	logreg	H21.33.044	662	0.986404833836858	0.9843886556275883
Subclass	ref_scvi	logreg	H21.33.045	638	0.9921630094043887	0.9930767805872002
Subclass	ref_scvi	logreg	H21.33.046	623	0.9935794542536116	0.9944429008057795
Subclass	ref_scvi	logreg	H21.33.047	661	0.9939485627836612	0.9944626169692627
Subclass	ref_scvi	knn	H19.33.004	720	0.9916666666666667	0.9916631909040774
Subclass	ref_scvi	knn	H20.33.001	700	0.9957142857142857	0.9958298575707442
Subclass	ref_scvi	knn	H20.33.002	680	0.9926470588235294	0.9923218614366061
Subclass	ref_scvi	knn	H20.33.004	698	0.997134670487106	0.9972214504028898
Subclass	ref_scvi	knn	H20.33.005	688	0.997093023255814	0.9972214504028898
Subclass	ref_scvi	knn	H20.33.008	648	1.0	1.0
Subclass	ref_scvi	knn	H20.33.011	677	0.9985228951255539	0.9986107252014449
Subclass	ref_scvi	knn	H20.33.012	678	0.9926253687315634	0.9930525056243221
Subclass	ref_scvi	knn	H20.33.013	676	0.9911242603550295	0.9898893155115817
Subclass	ref_scvi	knn	H20.33.014	665	0.9939849624060151	0.994440582772189
Subclass	ref_scvi	knn	H20.33.015	679	0.9955817378497791	0.9958321756043347
Subclass	ref_scvi	knn	H20.33.016	671	0.9865871833084948	0.9874574713273354
Subclass	ref_scvi	knn	H20.33.017	685	0.9941605839416059	0.9944189344847815
Subclass	ref_scvi	knn	H20.33.018	709	0.9943582510578279	0.9943905966145096
Subclass	ref_scvi	knn	H20.33.019	681	0.9941262848751835	0.9944664412954216
Subclass	ref_scvi	knn	H20.33.020	695	0.99568345323741	0.9958078233736701
Subclass	ref_scvi	knn	H20.33.024	666	0.9954954954954955	0.9958321756043346
Subclass	ref_scvi	knn	H20.33.025	693	0.9956709956709957	0.9958298575707442
Subclass	ref_scvi	knn	H20.33.026	643	0.9937791601866252	0.9944432867154456
Subclass	ref_scvi	knn	H20.33.027	713	0.9957924263674615	0.9956290968005953
Subclass	ref_scvi	knn	H20.33.028	590	0.988135593220339	0.9851556243449523
Subclass	ref_scvi	knn	H20.33.029	659	0.9939301972685888	0.9944444444444445
Subclass	ref_scvi	knn	H20.33.030	701	0.992867332382311	0.9919227738800248
Subclass	ref_scvi	knn	H20.33.031	627	0.9952153110047847	0.9958309779536462
Subclass	ref_scvi	knn	H20.33.032	696	0.9971264367816092	0.9972214504028897
Subclass	ref_scvi	knn	H20.33.033	635	0.9984251968503937	0.9986107252014449
Subclass	ref_scvi	knn	H20.33.034	700	0.9857142857142858	0.9851585947643097
Subclass	ref_scvi	knn	H20.33.035	633	0.990521327014218	0.9899435119050862
Subclass	ref_scvi	knn	H20.33.036	625	0.9936	0.9935036620719919
Subclass	ref_scvi	knn	H20.33.037	647	0.9876352395672334	0.9878575285302582
Subclass	ref_scvi	knn	H20.33.038	397	0.9924433249370277	0.9918630380360172
Subclass	ref_scvi	knn	H20.33.039	695	0.9928057553956835	0.9930755829365117
Subclass	ref_scvi	knn	H20.33.040	689	0.9927431059506531	0.9926895325041896
Subclass	ref_scvi	knn	H20.33.041	668	0.9955089820359282	0.9958329474236671
Subclass	ref_scvi	knn	H20.33.043	681	0.9897209985315712	0.9903168267706711
Subclass	ref_scvi	knn	H20.33.044	676	0.992603550295858	0.9930733421707076
Subclass	ref_scvi	knn	H20.33.045	651	0.9877112135176651	0.9835805254596108
Subclass	ref_scvi	knn	H20.33.046	687	0.9868995633187773	0.9875208391219784
Subclass	ref_scvi	knn	H21.33.001	689	0.9825834542815675	0.9832557603392282
Subclass	ref_scvi	knn	H21.33.002	674	0.9896142433234422	0.987227311708461
Subclass	ref_scvi	knn	H21.33.003	690	0.991304347826087	0.9905996728081137
Subclass	ref_scvi	knn	H21.33.004	668	0.9940119760479041	0.9944432867154457
Subclass	ref_scvi	knn	H21.33.005	679	0.9911634756995582	0.9916399989780048
Subclass	ref_scvi	knn	H21.33.006	650	0.9953846153846154	0.9949724117467472
Subclass	ref_scvi	knn	H21.33.007	676	0.9940828402366864	0.9913361500032659
Subclass	ref_scvi	knn	H21.33.008	638	0.9968652037617555	0.9970982250810079
Subclass	ref_scvi	knn	H21.33.009	646	0.9876160990712074	0.9873669801297723
Subclass	ref_scvi	knn	H21.33.010	685	0.9927007299270073	0.9930516938833001
Subclass	ref_scvi	knn	H21.33.011	665	0.98796992481203	0.9859391860116786
Subclass	ref_scvi	knn	H21.33.012	693	0.9927849927849928	0.9930767805872002
Subclass	ref_scvi	knn	H21.33.013	672	0.9985119047619048	0.9986107252014449
Subclass	ref_scvi	knn	H21.33.014	662	0.9939577039274925	0.9944432867154456
Subclass	ref_scvi	knn	H21.33.015	681	0.986784140969163	0.9867502315352942
Subclass	ref_scvi	knn	H21.33.016	644	0.9953416149068323	0.9940646412311335
Subclass	ref_scvi	knn	H21.33.017	639	0.9937402190923318	0.9944649350028533
Subclass	ref_scvi	knn	H21.33.018	672	0.9836309523809523	0.9847567462050467
Subclass	ref_scvi	knn	H21.33.019	717	0.99721059972106	0.9972222222222222
Subclass	ref_scvi	knn	H21.33.020	236	0.9872881355932204	0.9147058823529413
Subclass	ref_scvi	knn	H21.33.021	647	0.9953632148377125	0.9956509658480011
Subclass	ref_scvi	knn	H21.33.022	684	0.9926900584795322	0.9930513079736337
Subclass	ref_scvi	knn	H21.33.023	690	0.9971014492753624	0.9972214504028898
Subclass	ref_scvi	knn	H21.33.025	691	0.9971056439942113	0.9972214504028898
Subclass	ref_scvi	knn	H21.33.026	662	0.9984894259818731	0.9971926869495035
Subclass	ref_scvi	knn	H21.33.027	709	0.9929478138222849	0.9930073168472724
Subclass	ref_scvi	knn	H21.33.028	668	0.9940119760479041	0.9944436726251119
Subclass	ref_scvi	knn	H21.33.029	670	0.9940298507462687	0.9934698539788794
Subclass	ref_scvi	knn	H21.33.030	677	0.9985228951255539	0.9986107252014449
Subclass	ref_scvi	knn	H21.33.031	674	0.9896142433234422	0.9902487920555254
Subclass	ref_scvi	knn	H21.33.032	684	0.9970760233918129	0.9972214504028898
Subclass	ref_scvi	knn	H21.33.033	666	0.9954954954954955	0.995832947423667
Subclass	ref_scvi	knn	H21.33.034	472	0.989406779661017	0.9923686250716284
Subclass	ref_scvi	knn	H21.33.035	694	0.9927953890489913	0.9931376960161297
Subclass	ref_scvi	knn	H21.33.036	633	0.9936808846761453	0.9944162305415247
Subclass	ref_scvi	knn	H21.33.037	628	0.9872611464968153	0.9883469159127469
Subclass	ref_scvi	knn	H21.33.038	641	0.9953198127925117	0.9943121693121694
Subclass	ref_scvi	knn	H21.33.039	632	0.9920886075949367	0.9930536260072244
Subclass	ref_scvi	knn	H21.33.040	710	0.9985915492957746	0.9986107252014449
Subclass	ref_scvi	knn	H21.33.041	687	0.9956331877729258	0.9958321756043346
Subclass	ref_scvi	knn	H21.33.042	672	0.9880952380952381	0.9835083915394036
Subclass	ref_scvi	knn	H21.33.043	688	0.9941860465116279	0.9935831369481921
Subclass	ref_scvi	knn	H21.33.044	662	0.9833836858006042	0.9847261626221971
Subclass	ref_scvi	knn	H21.33.045	638	0.9905956112852664	0.9909325878236412
Subclass	ref_scvi	knn	H21.33.046	623	0.9967897271268058	0.9972434845999635
Subclass	ref_scvi	knn	H21.33.047	661	0.983358547655068	0.9769855570385007
Supertype	gf_random_v2_104m_cls	logreg	H19.33.004	690	0.6710144927536232	0.4053806890764638
Supertype	gf_random_v2_104m_cls	logreg	H20.33.001	670	0.6582089552238806	0.4662090376461763
Supertype	gf_random_v2_104m_cls	logreg	H20.33.002	659	0.6934749620637329	0.4648746627218088
Supertype	gf_random_v2_104m_cls	logreg	H20.33.004	666	0.7252252252252253	0.48200685566175966
Supertype	gf_random_v2_104m_cls	logreg	H20.33.005	665	0.681203007518797	0.41907623693334817
Supertype	gf_random_v2_104m_cls	logreg	H20.33.008	627	0.7001594896331739	0.42848733896439023
Supertype	gf_random_v2_104m_cls	logreg	H20.33.011	662	0.7099697885196374	0.46395873578647445
Supertype	gf_random_v2_104m_cls	logreg	H20.33.012	653	0.6600306278713629	0.41141249719720185
Supertype	gf_random_v2_104m_cls	logreg	H20.33.013	652	0.6809815950920245	0.4467585644234638
Supertype	gf_random_v2_104m_cls	logreg	H20.33.014	650	0.7138461538461538	0.49186069282163497
Supertype	gf_random_v2_104m_cls	logreg	H20.33.015	651	0.6804915514592934	0.41437928949478187
Supertype	gf_random_v2_104m_cls	logreg	H20.33.016	646	0.6888544891640866	0.4240521237348602
Supertype	gf_random_v2_104m_cls	logreg	H20.33.017	659	0.6843702579666161	0.4733458573692494
Supertype	gf_random_v2_104m_cls	logreg	H20.33.018	687	0.6899563318777293	0.47245619572567193
Supertype	gf_random_v2_104m_cls	logreg	H20.33.019	663	0.6546003016591252	0.44181244997344155
Supertype	gf_random_v2_104m_cls	logreg	H20.33.020	668	0.657185628742515	0.43757922934949284
Supertype	gf_random_v2_104m_cls	logreg	H20.33.024	642	0.6635514018691588	0.4605052030997801
Supertype	gf_random_v2_104m_cls	logreg	H20.33.025	664	0.6882530120481928	0.4029266258583017
Supertype	gf_random_v2_104m_cls	logreg	H20.33.026	617	0.7050243111831442	0.48169591610356327
Supertype	gf_random_v2_104m_cls	logreg	H20.33.027	688	0.7441860465116279	0.5240910443750909
Supertype	gf_random_v2_104m_cls	logreg	H20.33.028	573	0.6335078534031413	0.3217998034167948
Supertype	gf_random_v2_104m_cls	logreg	H20.33.029	637	0.7205651491365777	0.5001645376733307
Supertype	gf_random_v2_104m_cls	logreg	H20.33.030	676	0.7026627218934911	0.47044363479583096
Supertype	gf_random_v2_104m_cls	logreg	H20.33.031	608	0.6611842105263158	0.47499950355298276
Supertype	gf_random_v2_104m_cls	logreg	H20.33.032	671	0.6706408345752608	0.4005262210580356
Supertype	gf_random_v2_104m_cls	logreg	H20.33.033	607	0.6062602965403624	0.36621716310805985
Supertype	gf_random_v2_104m_cls	logreg	H20.33.034	677	0.6868537666174298	0.45742355379943306
Supertype	gf_random_v2_104m_cls	logreg	H20.33.035	609	0.6912972085385879	0.4468052289358137
Supertype	gf_random_v2_104m_cls	logreg	H20.33.036	605	0.6694214876033058	0.3950365470765768
Supertype	gf_random_v2_104m_cls	logreg	H20.33.037	621	0.6151368760064412	0.42353241464196467
Supertype	gf_random_v2_104m_cls	logreg	H20.33.038	387	0.5943152454780362	0.315970220234082
Supertype	gf_random_v2_104m_cls	logreg	H20.33.039	667	0.6881559220389805	0.41812412175292446
Supertype	gf_random_v2_104m_cls	logreg	H20.33.040	653	0.6799387442572741	0.41862873204876216
Supertype	gf_random_v2_104m_cls	logreg	H20.33.041	642	0.6635514018691588	0.441830280860684
Supertype	gf_random_v2_104m_cls	logreg	H20.33.043	658	0.7203647416413373	0.45715046160809963
Supertype	gf_random_v2_104m_cls	logreg	H20.33.044	649	0.6671802773497689	0.44380819840854263
Supertype	gf_random_v2_104m_cls	logreg	H20.33.045	635	0.6409448818897637	0.38480550860631607
Supertype	gf_random_v2_104m_cls	logreg	H20.33.046	663	0.665158371040724	0.3994344450469094
Supertype	gf_random_v2_104m_cls	logreg	H21.33.001	646	0.6021671826625387	0.4096441271968313
Supertype	gf_random_v2_104m_cls	logreg	H21.33.002	656	0.6753048780487805	0.4276360049634386
Supertype	gf_random_v2_104m_cls	logreg	H21.33.003	668	0.7125748502994012	0.48725184744886196
Supertype	gf_random_v2_104m_cls	logreg	H21.33.004	650	0.7123076923076923	0.4358434899367323
Supertype	gf_random_v2_104m_cls	logreg	H21.33.005	658	0.6306990881458967	0.3782132744108049
Supertype	gf_random_v2_104m_cls	logreg	H21.33.006	622	0.707395498392283	0.48592436711456677
Supertype	gf_random_v2_104m_cls	logreg	H21.33.007	643	0.7122861586314152	0.5066667481357028
Supertype	gf_random_v2_104m_cls	logreg	H21.33.008	625	0.6336	0.39472054979093363
Supertype	gf_random_v2_104m_cls	logreg	H21.33.009	617	0.6094003241491086	0.3753663974989108
Supertype	gf_random_v2_104m_cls	logreg	H21.33.010	659	0.6767830045523521	0.38846545343178696
Supertype	gf_random_v2_104m_cls	logreg	H21.33.011	637	0.6923076923076923	0.4815863666186673
Supertype	gf_random_v2_104m_cls	logreg	H21.33.012	668	0.7140718562874252	0.4664537465588847
Supertype	gf_random_v2_104m_cls	logreg	H21.33.013	644	0.6816770186335404	0.42914306985691836
Supertype	gf_random_v2_104m_cls	logreg	H21.33.014	632	0.7056962025316456	0.49176941219358894
Supertype	gf_random_v2_104m_cls	logreg	H21.33.015	655	0.7145038167938931	0.4902728472539582
Supertype	gf_random_v2_104m_cls	logreg	H21.33.016	619	0.7205169628432956	0.496269268424655
Supertype	gf_random_v2_104m_cls	logreg	H21.33.017	604	0.7003311258278145	0.43962108765139446
Supertype	gf_random_v2_104m_cls	logreg	H21.33.018	650	0.6953846153846154	0.41199887771169325
Supertype	gf_random_v2_104m_cls	logreg	H21.33.019	694	0.6974063400576369	0.45913012344758924
Supertype	gf_random_v2_104m_cls	logreg	H21.33.020	228	0.5964912280701754	0.35982704365057305
Supertype	gf_random_v2_104m_cls	logreg	H21.33.021	633	0.6714060031595577	0.43158525543201076
Supertype	gf_random_v2_104m_cls	logreg	H21.33.022	666	0.6981981981981982	0.5068099057552555
Supertype	gf_random_v2_104m_cls	logreg	H21.33.023	671	0.6959761549925484	0.4282940842659655
Supertype	gf_random_v2_104m_cls	logreg	H21.33.025	660	0.7136363636363636	0.46259670919870094
Supertype	gf_random_v2_104m_cls	logreg	H21.33.026	642	0.6869158878504673	0.455120172418105
Supertype	gf_random_v2_104m_cls	logreg	H21.33.027	683	0.6866764275256223	0.395569487578184
Supertype	gf_random_v2_104m_cls	logreg	H21.33.028	646	0.6455108359133127	0.36730762965313585
Supertype	gf_random_v2_104m_cls	logreg	H21.33.029	637	0.7017268445839875	0.3998950858367152
Supertype	gf_random_v2_104m_cls	logreg	H21.33.030	654	0.7370030581039755	0.4936352840096869
Supertype	gf_random_v2_104m_cls	logreg	H21.33.031	655	0.650381679389313	0.43903636630063
Supertype	gf_random_v2_104m_cls	logreg	H21.33.032	668	0.6691616766467066	0.4331187138042509
Supertype	gf_random_v2_104m_cls	logreg	H21.33.033	644	0.6521739130434783	0.36136096177554117
Supertype	gf_random_v2_104m_cls	logreg	H21.33.034	462	0.5238095238095238	0.29336150568719016
Supertype	gf_random_v2_104m_cls	logreg	H21.33.035	670	0.691044776119403	0.45497317404043314
Supertype	gf_random_v2_104m_cls	logreg	H21.33.036	609	0.6371100164203612	0.3669784581253042
Supertype	gf_random_v2_104m_cls	logreg	H21.33.037	605	0.6925619834710743	0.40666541982067894
Supertype	gf_random_v2_104m_cls	logreg	H21.33.038	618	0.6747572815533981	0.42730291340798915
Supertype	gf_random_v2_104m_cls	logreg	H21.33.039	610	0.5983606557377049	0.36612411121785865
Supertype	gf_random_v2_104m_cls	logreg	H21.33.040	682	0.6906158357771262	0.4394474466641532
Supertype	gf_random_v2_104m_cls	logreg	H21.33.041	666	0.6651651651651652	0.3836105801041633
Supertype	gf_random_v2_104m_cls	logreg	H21.33.042	654	0.6620795107033639	0.4475552212613678
Supertype	gf_random_v2_104m_cls	logreg	H21.33.043	673	0.662704309063893	0.43751929959641067
Supertype	gf_random_v2_104m_cls	logreg	H21.33.044	630	0.6095238095238096	0.37250377944740565
Supertype	gf_random_v2_104m_cls	logreg	H21.33.045	616	0.538961038961039	0.31833257709003276
Supertype	gf_random_v2_104m_cls	logreg	H21.33.046	597	0.7051926298157454	0.4013016570945232
Supertype	gf_random_v2_104m_cls	logreg	H21.33.047	642	0.660436137071651	0.44592914151616514
Supertype	gf_random_v2_104m_cls	knn	H19.33.004	690	0.32608695652173914	0.11632778968463953
Supertype	gf_random_v2_104m_cls	knn	H20.33.001	670	0.29701492537313434	0.11123935312988238
Supertype	gf_random_v2_104m_cls	knn	H20.33.002	659	0.3353566009104704	0.12904497823203295
Supertype	gf_random_v2_104m_cls	knn	H20.33.004	666	0.34984984984984985	0.12861905335790416
Supertype	gf_random_v2_104m_cls	knn	H20.33.005	665	0.30526315789473685	0.11155494665129577
Supertype	gf_random_v2_104m_cls	knn	H20.33.008	627	0.3492822966507177	0.12457691597384689
Supertype	gf_random_v2_104m_cls	knn	H20.33.011	662	0.32779456193353473	0.12163843803501084
Supertype	gf_random_v2_104m_cls	knn	H20.33.012	653	0.3093415007656968	0.10507553670315507
Supertype	gf_random_v2_104m_cls	knn	H20.33.013	652	0.3266871165644172	0.11139210148331943
Supertype	gf_random_v2_104m_cls	knn	H20.33.014	650	0.33384615384615385	0.13039803716151024
Supertype	gf_random_v2_104m_cls	knn	H20.33.015	651	0.3118279569892473	0.1193919394805316
Supertype	gf_random_v2_104m_cls	knn	H20.33.016	646	0.3235294117647059	0.11086949779784168
Supertype	gf_random_v2_104m_cls	knn	H20.33.017	659	0.3141122913505311	0.12809778241449232
Supertype	gf_random_v2_104m_cls	knn	H20.33.018	687	0.34788937409024745	0.15532310769814933
Supertype	gf_random_v2_104m_cls	knn	H20.33.019	663	0.2986425339366516	0.12820289941578275
Supertype	gf_random_v2_104m_cls	knn	H20.33.020	668	0.31137724550898205	0.11148594612024815
Supertype	gf_random_v2_104m_cls	knn	H20.33.024	642	0.26635514018691586	0.11554186415639427
Supertype	gf_random_v2_104m_cls	knn	H20.33.025	664	0.3539156626506024	0.12375241191810352
Supertype	gf_random_v2_104m_cls	knn	H20.33.026	617	0.3047001620745543	0.11876768066629795
Supertype	gf_random_v2_104m_cls	knn	H20.33.027	688	0.39244186046511625	0.14568092294542684
Supertype	gf_random_v2_104m_cls	knn	H20.33.028	573	0.3106457242582897	0.11690880545461264
Supertype	gf_random_v2_104m_cls	knn	H20.33.029	637	0.2794348508634223	0.09816300466518807
Supertype	gf_random_v2_104m_cls	knn	H20.33.030	676	0.3210059171597633	0.11655500278818261
Supertype	gf_random_v2_104m_cls	knn	H20.33.031	608	0.2894736842105263	0.11776949935183144
Supertype	gf_random_v2_104m_cls	knn	H20.33.032	671	0.30849478390462	0.11078376574603271
Supertype	gf_random_v2_104m_cls	knn	H20.33.033	607	0.29983525535420097	0.12304553973696283
Supertype	gf_random_v2_104m_cls	knn	H20.33.034	677	0.34416543574593794	0.12816635192108963
Supertype	gf_random_v2_104m_cls	knn	H20.33.035	609	0.28407224958949095	0.11209154151246102
Supertype	gf_random_v2_104m_cls	knn	H20.33.036	605	0.33884297520661155	0.13644663375855257
Supertype	gf_random_v2_104m_cls	knn	H20.33.037	621	0.2318840579710145	0.09277826726531498
Supertype	gf_random_v2_104m_cls	knn	H20.33.038	387	0.22739018087855298	0.07935465004239882
Supertype	gf_random_v2_104m_cls	knn	H20.33.039	667	0.2983508245877061	0.11036432668624636
Supertype	gf_random_v2_104m_cls	knn	H20.33.040	653	0.32006125574272587	0.11415929932718738
Supertype	gf_random_v2_104m_cls	knn	H20.33.041	642	0.3161993769470405	0.12782444844968302
Supertype	gf_random_v2_104m_cls	knn	H20.33.043	658	0.33282674772036475	0.12081008682845085
Supertype	gf_random_v2_104m_cls	knn	H20.33.044	649	0.3020030816640986	0.12232941562183636
Supertype	gf_random_v2_104m_cls	knn	H20.33.045	635	0.30236220472440944	0.10232397892047308
Supertype	gf_random_v2_104m_cls	knn	H20.33.046	663	0.2986425339366516	0.09842028801306411
Supertype	gf_random_v2_104m_cls	knn	H21.33.001	646	0.2306501547987616	0.0967603976224337
Supertype	gf_random_v2_104m_cls	knn	H21.33.002	656	0.3003048780487805	0.12157277893679015
Supertype	gf_random_v2_104m_cls	knn	H21.33.003	668	0.3383233532934132	0.11980932665652497
Supertype	gf_random_v2_104m_cls	knn	H21.33.004	650	0.3261538461538461	0.12242064014674992
Supertype	gf_random_v2_104m_cls	knn	H21.33.005	658	0.3069908814589666	0.0962222868059224
Supertype	gf_random_v2_104m_cls	knn	H21.33.006	622	0.3295819935691318	0.12820987539827938
Supertype	gf_random_v2_104m_cls	knn	H21.33.007	643	0.30171073094867806	0.11494102308652036
Supertype	gf_random_v2_104m_cls	knn	H21.33.008	625	0.2544	0.1073884289946757
Supertype	gf_random_v2_104m_cls	knn	H21.33.009	617	0.2625607779578606	0.10150585635192264
Supertype	gf_random_v2_104m_cls	knn	H21.33.010	659	0.2883156297420334	0.09992766988209234
Supertype	gf_random_v2_104m_cls	knn	H21.33.011	637	0.3108320251177394	0.11372212093664195
Supertype	gf_random_v2_104m_cls	knn	H21.33.012	668	0.2964071856287425	0.10783311334391613
Supertype	gf_random_v2_104m_cls	knn	H21.33.013	644	0.36645962732919257	0.13798806021812332
Supertype	gf_random_v2_104m_cls	knn	H21.33.014	632	0.3275316455696203	0.12697179758228538
Supertype	gf_random_v2_104m_cls	knn	H21.33.015	655	0.3251908396946565	0.11421281660827375
Supertype	gf_random_v2_104m_cls	knn	H21.33.016	619	0.33117932148626816	0.11259349592695278
Supertype	gf_random_v2_104m_cls	knn	H21.33.017	604	0.30132450331125826	0.13851938445874054
Supertype	gf_random_v2_104m_cls	knn	H21.33.018	650	0.32153846153846155	0.12028872122279198
Supertype	gf_random_v2_104m_cls	knn	H21.33.019	694	0.3270893371757925	0.11597376098191331
Supertype	gf_random_v2_104m_cls	knn	H21.33.020	228	0.3026315789473684	0.08828723380992362
Supertype	gf_random_v2_104m_cls	knn	H21.33.021	633	0.26540284360189575	0.10182578698989027
Supertype	gf_random_v2_104m_cls	knn	H21.33.022	666	0.3033033033033033	0.12166645571082342
Supertype	gf_random_v2_104m_cls	knn	H21.33.023	671	0.33383010432190763	0.1225478914026683
Supertype	gf_random_v2_104m_cls	knn	H21.33.025	660	0.32272727272727275	0.12928336568471163
Supertype	gf_random_v2_104m_cls	knn	H21.33.026	642	0.3037383177570093	0.11947085392861351
Supertype	gf_random_v2_104m_cls	knn	H21.33.027	683	0.30161054172767204	0.1124049249805703
Supertype	gf_random_v2_104m_cls	knn	H21.33.028	646	0.3204334365325077	0.13107289315519502
Supertype	gf_random_v2_104m_cls	knn	H21.33.029	637	0.34850863422291994	0.1306870834427825
Supertype	gf_random_v2_104m_cls	knn	H21.33.030	654	0.3577981651376147	0.1292719886532681
Supertype	gf_random_v2_104m_cls	knn	H21.33.031	655	0.2900763358778626	0.11133839032336523
Supertype	gf_random_v2_104m_cls	knn	H21.33.032	668	0.3068862275449102	0.10697971184986436
Supertype	gf_random_v2_104m_cls	knn	H21.33.033	644	0.3245341614906832	0.11417195523741237
Supertype	gf_random_v2_104m_cls	knn	H21.33.034	462	0.25757575757575757	0.08313330975564345
Supertype	gf_random_v2_104m_cls	knn	H21.33.035	670	0.3656716417910448	0.14131638698843052
Supertype	gf_random_v2_104m_cls	knn	H21.33.036	609	0.2627257799671593	0.10406699527542476
Supertype	gf_random_v2_104m_cls	knn	H21.33.037	605	0.28264462809917357	0.10912361428430438
Supertype	gf_random_v2_104m_cls	knn	H21.33.038	618	0.284789644012945	0.11121335546308918
Supertype	gf_random_v2_104m_cls	knn	H21.33.039	610	0.2754098360655738	0.10916910146302881
Supertype	gf_random_v2_104m_cls	knn	H21.33.040	682	0.3592375366568915	0.14232058652936042
Supertype	gf_random_v2_104m_cls	knn	H21.33.041	666	0.30930930930930933	0.11151196089759051
Supertype	gf_random_v2_104m_cls	knn	H21.33.042	654	0.2798165137614679	0.10747523039523826
Supertype	gf_random_v2_104m_cls	knn	H21.33.043	673	0.31203566121842496	0.12782195290489143
Supertype	gf_random_v2_104m_cls	knn	H21.33.044	630	0.2920634920634921	0.11516117392086199
Supertype	gf_random_v2_104m_cls	knn	H21.33.045	616	0.20616883116883117	0.07265167868056314
Supertype	gf_random_v2_104m_cls	knn	H21.33.046	597	0.32663316582914576	0.1236830982308345
Supertype	gf_random_v2_104m_cls	knn	H21.33.047	642	0.3037383177570093	0.12743258671617794
Supertype	gf_v2_104m_cls	logreg	H19.33.004	690	0.9057971014492754	0.8223282102037938
Supertype	gf_v2_104m_cls	logreg	H20.33.001	670	0.8701492537313433	0.8032073423584037
Supertype	gf_v2_104m_cls	logreg	H20.33.002	659	0.9074355083459787	0.8415340812136728
Supertype	gf_v2_104m_cls	logreg	H20.33.004	666	0.948948948948949	0.8701541977193841
Supertype	gf_v2_104m_cls	logreg	H20.33.005	665	0.9157894736842105	0.8332334763233027
Supertype	gf_v2_104m_cls	logreg	H20.33.008	627	0.89792663476874	0.7879958808028112
Supertype	gf_v2_104m_cls	logreg	H20.33.011	662	0.9259818731117825	0.8273028263825403
Supertype	gf_v2_104m_cls	logreg	H20.33.012	653	0.891271056661562	0.8050511429402671
Supertype	gf_v2_104m_cls	logreg	H20.33.013	652	0.9079754601226994	0.8541962663311777
Supertype	gf_v2_104m_cls	logreg	H20.33.014	650	0.943076923076923	0.8605973900921647
Supertype	gf_v2_104m_cls	logreg	H20.33.015	651	0.8817204301075269	0.7574441643159735
Supertype	gf_v2_104m_cls	logreg	H20.33.016	646	0.9086687306501547	0.8226108090305803
Supertype	gf_v2_104m_cls	logreg	H20.33.017	659	0.9089529590288316	0.8401683604791491
Supertype	gf_v2_104m_cls	logreg	H20.33.018	687	0.901018922852984	0.8676469550429678
Supertype	gf_v2_104m_cls	logreg	H20.33.019	663	0.8748114630467572	0.7478065284953394
Supertype	gf_v2_104m_cls	logreg	H20.33.020	668	0.905688622754491	0.8436455836166562
Supertype	gf_v2_104m_cls	logreg	H20.33.024	642	0.9096573208722741	0.8130302090458285
Supertype	gf_v2_104m_cls	logreg	H20.33.025	664	0.9262048192771084	0.8730675159425543
Supertype	gf_v2_104m_cls	logreg	H20.33.026	617	0.9205834683954619	0.8771721437978661
Supertype	gf_v2_104m_cls	logreg	H20.33.027	688	0.9142441860465116	0.8145363409215717
Supertype	gf_v2_104m_cls	logreg	H20.33.028	573	0.893542757417103	0.7328415470382791
Supertype	gf_v2_104m_cls	logreg	H20.33.029	637	0.9058084772370487	0.7986923797154919
Supertype	gf_v2_104m_cls	logreg	H20.33.030	676	0.9260355029585798	0.8678362622776223
Supertype	gf_v2_104m_cls	logreg	H20.33.031	608	0.8930921052631579	0.7979166913175453
Supertype	gf_v2_104m_cls	logreg	H20.33.032	671	0.9225037257824144	0.8626827534744002
Supertype	gf_v2_104m_cls	logreg	H20.33.033	607	0.8764415156507414	0.7778343709883385
Supertype	gf_v2_104m_cls	logreg	H20.33.034	677	0.9069423929098966	0.7801073188221583
Supertype	gf_v2_104m_cls	logreg	H20.33.035	609	0.8522167487684729	0.7629884938701745
Supertype	gf_v2_104m_cls	logreg	H20.33.036	605	0.915702479338843	0.8359759822649198
Supertype	gf_v2_104m_cls	logreg	H20.33.037	621	0.8888888888888888	0.7984622846452294
Supertype	gf_v2_104m_cls	logreg	H20.33.038	387	0.8811369509043928	0.751876620784513
Supertype	gf_v2_104m_cls	logreg	H20.33.039	667	0.9205397301349325	0.8198943603176296
Supertype	gf_v2_104m_cls	logreg	H20.33.040	653	0.892802450229709	0.7769905958628697
Supertype	gf_v2_104m_cls	logreg	H20.33.041	642	0.8753894080996885	0.7846584161184039
Supertype	gf_v2_104m_cls	logreg	H20.33.043	658	0.9148936170212766	0.7894014094226717
Supertype	gf_v2_104m_cls	logreg	H20.33.044	649	0.8859784283513097	0.8169603979772072
Supertype	gf_v2_104m_cls	logreg	H20.33.045	635	0.8976377952755905	0.807311922613427
Supertype	gf_v2_104m_cls	logreg	H20.33.046	663	0.8778280542986425	0.7520368496870141
Supertype	gf_v2_104m_cls	logreg	H21.33.001	646	0.848297213622291	0.7219285921487558
Supertype	gf_v2_104m_cls	logreg	H21.33.002	656	0.8963414634146342	0.8056619018823433
Supertype	gf_v2_104m_cls	logreg	H21.33.003	668	0.9026946107784432	0.8357936745017529
Supertype	gf_v2_104m_cls	logreg	H21.33.004	650	0.8984615384615384	0.8286364870661931
Supertype	gf_v2_104m_cls	logreg	H21.33.005	658	0.8996960486322189	0.8117000694106021
Supertype	gf_v2_104m_cls	logreg	H21.33.006	622	0.9147909967845659	0.8238042956866066
Supertype	gf_v2_104m_cls	logreg	H21.33.007	643	0.9066874027993779	0.8206843668396693
Supertype	gf_v2_104m_cls	logreg	H21.33.008	625	0.8832	0.7920047760462389
Supertype	gf_v2_104m_cls	logreg	H21.33.009	617	0.8719611021069692	0.7881984627095211
Supertype	gf_v2_104m_cls	logreg	H21.33.010	659	0.9013657056145675	0.8107501065715806
Supertype	gf_v2_104m_cls	logreg	H21.33.011	637	0.9042386185243328	0.8237033070697866
Supertype	gf_v2_104m_cls	logreg	H21.33.012	668	0.9206586826347305	0.8323004137534737
Supertype	gf_v2_104m_cls	logreg	H21.33.013	644	0.9021739130434783	0.8086351611921615
Supertype	gf_v2_104m_cls	logreg	H21.33.014	632	0.9098101265822784	0.8008447628577224
Supertype	gf_v2_104m_cls	logreg	H21.33.015	655	0.917557251908397	0.8191261696581599
Supertype	gf_v2_104m_cls	logreg	H21.33.016	619	0.9176090468497576	0.8087461422849622
Supertype	gf_v2_104m_cls	logreg	H21.33.017	604	0.8807947019867549	0.7135798975927302
Supertype	gf_v2_104m_cls	logreg	H21.33.018	650	0.8923076923076924	0.7764293869298021
Supertype	gf_v2_104m_cls	logreg	H21.33.019	694	0.9178674351585014	0.8105249472664331
Supertype	gf_v2_104m_cls	logreg	H21.33.020	228	0.8377192982456141	0.6622568047805363
Supertype	gf_v2_104m_cls	logreg	H21.33.021	633	0.909952606635071	0.8092565944795405
Supertype	gf_v2_104m_cls	logreg	H21.33.022	666	0.9054054054054054	0.8335344234029691
Supertype	gf_v2_104m_cls	logreg	H21.33.023	671	0.9180327868852459	0.8095839474767804
Supertype	gf_v2_104m_cls	logreg	H21.33.025	660	0.8787878787878788	0.8031517543721126
Supertype	gf_v2_104m_cls	logreg	H21.33.026	642	0.9065420560747663	0.8105692154362307
Supertype	gf_v2_104m_cls	logreg	H21.33.027	683	0.9077598828696926	0.7949022198382394
Supertype	gf_v2_104m_cls	logreg	H21.33.028	646	0.913312693498452	0.8547415602537066
Supertype	gf_v2_104m_cls	logreg	H21.33.029	637	0.8869701726844584	0.7855860925265854
Supertype	gf_v2_104m_cls	logreg	H21.33.030	654	0.9327217125382263	0.85539117111847
Supertype	gf_v2_104m_cls	logreg	H21.33.031	655	0.9099236641221374	0.8048646379340818
Supertype	gf_v2_104m_cls	logreg	H21.33.032	668	0.937125748502994	0.8833793010658849
Supertype	gf_v2_104m_cls	logreg	H21.33.033	644	0.8944099378881988	0.8052075446585925
Supertype	gf_v2_104m_cls	logreg	H21.33.034	462	0.829004329004329	0.7237600167548562
Supertype	gf_v2_104m_cls	logreg	H21.33.035	670	0.9194029850746268	0.7913033359548904
Supertype	gf_v2_104m_cls	logreg	H21.33.036	609	0.9014778325123153	0.8171021980714014
Supertype	gf_v2_104m_cls	logreg	H21.33.037	605	0.9206611570247933	0.8459679985094475
Supertype	gf_v2_104m_cls	logreg	H21.33.038	618	0.8996763754045307	0.8241885047622759
Supertype	gf_v2_104m_cls	logreg	H21.33.039	610	0.8704918032786885	0.7889844781340197
Supertype	gf_v2_104m_cls	logreg	H21.33.040	682	0.9134897360703812	0.7567215975954386
Supertype	gf_v2_104m_cls	logreg	H21.33.041	666	0.918918918918919	0.7999382488428189
Supertype	gf_v2_104m_cls	logreg	H21.33.042	654	0.8868501529051988	0.8194738956211961
Supertype	gf_v2_104m_cls	logreg	H21.33.043	673	0.9004457652303121	0.8059792243274229
Supertype	gf_v2_104m_cls	logreg	H21.33.044	630	0.873015873015873	0.7950945984088119
Supertype	gf_v2_104m_cls	logreg	H21.33.045	616	0.8522727272727273	0.751727826218233
Supertype	gf_v2_104m_cls	logreg	H21.33.046	597	0.9112227805695142	0.7906993692466511
Supertype	gf_v2_104m_cls	logreg	H21.33.047	642	0.9112149532710281	0.8382357115450223
Supertype	gf_v2_104m_cls	knn	H19.33.004	690	0.7855072463768116	0.5600609950721149
Supertype	gf_v2_104m_cls	knn	H20.33.001	670	0.8029850746268656	0.650346037942286
Supertype	gf_v2_104m_cls	knn	H20.33.002	659	0.8042488619119879	0.6472455197152841
Supertype	gf_v2_104m_cls	knn	H20.33.004	666	0.8378378378378378	0.6713831888552818
Supertype	gf_v2_104m_cls	knn	H20.33.005	665	0.8270676691729323	0.6180098850377453
Supertype	gf_v2_104m_cls	knn	H20.33.008	627	0.8213716108452951	0.6061709723489648
Supertype	gf_v2_104m_cls	knn	H20.33.011	662	0.8595166163141994	0.713504758173137
Supertype	gf_v2_104m_cls	knn	H20.33.012	653	0.8085758039816233	0.6575013432501395
Supertype	gf_v2_104m_cls	knn	H20.33.013	652	0.8404907975460123	0.7036159480911456
Supertype	gf_v2_104m_cls	knn	H20.33.014	650	0.8661538461538462	0.6932907324842923
Supertype	gf_v2_104m_cls	knn	H20.33.015	651	0.8187403993855606	0.6438618385192028
Supertype	gf_v2_104m_cls	knn	H20.33.016	646	0.8436532507739938	0.7196010526911966
Supertype	gf_v2_104m_cls	knn	H20.33.017	659	0.8330804248861912	0.6874871155811916
Supertype	gf_v2_104m_cls	knn	H20.33.018	687	0.8195050946142649	0.6939539425591209
Supertype	gf_v2_104m_cls	knn	H20.33.019	663	0.8386123680241327	0.6747417703457212
Supertype	gf_v2_104m_cls	knn	H20.33.020	668	0.8143712574850299	0.6544698856462696
Supertype	gf_v2_104m_cls	knn	H20.33.024	642	0.8084112149532711	0.6745445497116022
Supertype	gf_v2_104m_cls	knn	H20.33.025	664	0.8328313253012049	0.6437150883377616
Supertype	gf_v2_104m_cls	knn	H20.33.026	617	0.8427876823338736	0.696257344539716
Supertype	gf_v2_104m_cls	knn	H20.33.027	688	0.8415697674418605	0.6555945607352742
Supertype	gf_v2_104m_cls	knn	H20.33.028	573	0.794066317626527	0.5624491200278552
Supertype	gf_v2_104m_cls	knn	H20.33.029	637	0.847723704866562	0.6609412585340465
Supertype	gf_v2_104m_cls	knn	H20.33.030	676	0.841715976331361	0.6665255668312137
Supertype	gf_v2_104m_cls	knn	H20.33.031	608	0.8322368421052632	0.6889501657211996
Supertype	gf_v2_104m_cls	knn	H20.33.032	671	0.8479880774962743	0.6418930722202608
Supertype	gf_v2_104m_cls	knn	H20.33.033	607	0.7775947281713345	0.5815556817213295
Supertype	gf_v2_104m_cls	knn	H20.33.034	677	0.843426883308715	0.6871392705628171
Supertype	gf_v2_104m_cls	knn	H20.33.035	609	0.7931034482758621	0.6238143732035434
Supertype	gf_v2_104m_cls	knn	H20.33.036	605	0.8347107438016529	0.6601296382588099
Supertype	gf_v2_104m_cls	knn	H20.33.037	621	0.8115942028985508	0.6684358979321084
Supertype	gf_v2_104m_cls	knn	H20.33.038	387	0.772609819121447	0.5258533926058389
Supertype	gf_v2_104m_cls	knn	H20.33.039	667	0.841079460269865	0.6621069151969518
Supertype	gf_v2_104m_cls	knn	H20.33.040	653	0.8315467075038285	0.6725256636558506
Supertype	gf_v2_104m_cls	knn	H20.33.041	642	0.7975077881619937	0.6614082459635238
Supertype	gf_v2_104m_cls	knn	H20.33.043	658	0.8571428571428571	0.6957981654418047
Supertype	gf_v2_104m_cls	knn	H20.33.044	649	0.8258859784283513	0.6697675877747555
Supertype	gf_v2_104m_cls	knn	H20.33.045	635	0.8346456692913385	0.6850077791192042
Supertype	gf_v2_104m_cls	knn	H20.33.046	663	0.8174962292609351	0.6406526131230573
Supertype	gf_v2_104m_cls	knn	H21.33.001	646	0.7461300309597523	0.5944633424434773
Supertype	gf_v2_104m_cls	knn	H21.33.002	656	0.8109756097560976	0.6722433838615884
Supertype	gf_v2_104m_cls	knn	H21.33.003	668	0.8278443113772455	0.6725576859277087
Supertype	gf_v2_104m_cls	knn	H21.33.004	650	0.8476923076923077	0.6652653762651142
Supertype	gf_v2_104m_cls	knn	H21.33.005	658	0.8206686930091185	0.653290729850453
Supertype	gf_v2_104m_cls	knn	H21.33.006	622	0.8569131832797428	0.6971312179856449
Supertype	gf_v2_104m_cls	knn	H21.33.007	643	0.8227060653188181	0.6930212367680821
Supertype	gf_v2_104m_cls	knn	H21.33.008	625	0.8208	0.6723321254117427
Supertype	gf_v2_104m_cls	knn	H21.33.009	617	0.813614262560778	0.6361543204263317
Supertype	gf_v2_104m_cls	knn	H21.33.010	659	0.8209408194233687	0.6063627130892163
Supertype	gf_v2_104m_cls	knn	H21.33.011	637	0.8414442700156985	0.7168057366567506
Supertype	gf_v2_104m_cls	knn	H21.33.012	668	0.8712574850299402	0.7077807089206188
Supertype	gf_v2_104m_cls	knn	H21.33.013	644	0.843167701863354	0.6674681726666379
Supertype	gf_v2_104m_cls	knn	H21.33.014	632	0.8243670886075949	0.6515871165869235
Supertype	gf_v2_104m_cls	knn	H21.33.015	655	0.8366412213740458	0.6426677073903659
Supertype	gf_v2_104m_cls	knn	H21.33.016	619	0.851373182552504	0.7098179330758975
Supertype	gf_v2_104m_cls	knn	H21.33.017	604	0.8145695364238411	0.6059305256742851
Supertype	gf_v2_104m_cls	knn	H21.33.018	650	0.8369230769230769	0.6533756083457553
Supertype	gf_v2_104m_cls	knn	H21.33.019	694	0.8472622478386167	0.677956581553044
Supertype	gf_v2_104m_cls	knn	H21.33.020	228	0.8026315789473685	0.5476776403458736
Supertype	gf_v2_104m_cls	knn	H21.33.021	633	0.8199052132701422	0.61617420978744
Supertype	gf_v2_104m_cls	knn	H21.33.022	666	0.8273273273273273	0.6954385389995857
Supertype	gf_v2_104m_cls	knn	H21.33.023	671	0.8435171385991058	0.677053082505773
Supertype	gf_v2_104m_cls	knn	H21.33.025	660	0.8196969696969697	0.6676209047971912
Supertype	gf_v2_104m_cls	knn	H21.33.026	642	0.839563862928349	0.6749388154009017
Supertype	gf_v2_104m_cls	knn	H21.33.027	683	0.8506588579795022	0.7057549113136132
Supertype	gf_v2_104m_cls	knn	H21.33.028	646	0.8250773993808049	0.6706982686027019
Supertype	gf_v2_104m_cls	knn	H21.33.029	637	0.8383045525902669	0.6460996775463487
Supertype	gf_v2_104m_cls	knn	H21.33.030	654	0.8700305810397554	0.7150356068179633
Supertype	gf_v2_104m_cls	knn	H21.33.031	655	0.8122137404580153	0.6484831336299774
Supertype	gf_v2_104m_cls	knn	H21.33.032	668	0.8577844311377245	0.6860468236418417
Supertype	gf_v2_104m_cls	knn	H21.33.033	644	0.8260869565217391	0.6096716613710825
Supertype	gf_v2_104m_cls	knn	H21.33.034	462	0.7337662337662337	0.586824538283995
Supertype	gf_v2_104m_cls	knn	H21.33.035	670	0.8731343283582089	0.7071420388191635
Supertype	gf_v2_104m_cls	knn	H21.33.036	609	0.8045977011494253	0.6662630937955453
Supertype	gf_v2_104m_cls	knn	H21.33.037	605	0.8148760330578513	0.6309207728355967
Supertype	gf_v2_104m_cls	knn	H21.33.038	618	0.8381877022653722	0.6894338990527185
Supertype	gf_v2_104m_cls	knn	H21.33.039	610	0.7868852459016393	0.63571221902164
Supertype	gf_v2_104m_cls	knn	H21.33.040	682	0.844574780058651	0.6651288013134539
Supertype	gf_v2_104m_cls	knn	H21.33.041	666	0.8708708708708709	0.697597746489368
Supertype	gf_v2_104m_cls	knn	H21.33.042	654	0.8027522935779816	0.6592299600973883
Supertype	gf_v2_104m_cls	knn	H21.33.043	673	0.8142644873699851	0.6562066538340404
Supertype	gf_v2_104m_cls	knn	H21.33.044	630	0.7603174603174603	0.5789576925756966
Supertype	gf_v2_104m_cls	knn	H21.33.045	616	0.8003246753246753	0.6412928268381066
Supertype	gf_v2_104m_cls	knn	H21.33.046	597	0.8492462311557789	0.6743326043855493
Supertype	gf_v2_104m_cls	knn	H21.33.047	642	0.8411214953271028	0.6485434477322138
Supertype	pca	logreg	H19.33.004	690	0.8782608695652174	0.7780479553382341
Supertype	pca	logreg	H20.33.001	670	0.8641791044776119	0.7360631748750657
Supertype	pca	logreg	H20.33.002	659	0.8998482549317147	0.8073146702221123
Supertype	pca	logreg	H20.33.004	666	0.8903903903903904	0.7816110770844718
Supertype	pca	logreg	H20.33.005	665	0.8842105263157894	0.7000834897699859
Supertype	pca	logreg	H20.33.008	627	0.8931419457735247	0.7877393679399098
Supertype	pca	logreg	H20.33.011	662	0.879154078549849	0.7592229446286961
Supertype	pca	logreg	H20.33.012	653	0.889739663093415	0.7749896444512722
Supertype	pca	logreg	H20.33.013	652	0.8926380368098159	0.8304658553520192
Supertype	pca	logreg	H20.33.014	650	0.9030769230769231	0.7493020610048814
Supertype	pca	logreg	H20.33.015	651	0.8847926267281107	0.7443500289673773
Supertype	pca	logreg	H20.33.016	646	0.9024767801857585	0.8076001417486136
Supertype	pca	logreg	H20.33.017	659	0.8892261001517451	0.7789464048197433
Supertype	pca	logreg	H20.33.018	687	0.8719068413391557	0.7780745873866634
Supertype	pca	logreg	H20.33.019	663	0.8582202111613876	0.7169074321137983
Supertype	pca	logreg	H20.33.020	668	0.8547904191616766	0.7746423549944345
Supertype	pca	logreg	H20.33.024	642	0.8847352024922118	0.7857459626350615
Supertype	pca	logreg	H20.33.025	664	0.9096385542168675	0.8113497241345164
Supertype	pca	logreg	H20.33.026	617	0.8978930307941653	0.7915685100585921
Supertype	pca	logreg	H20.33.027	688	0.9069767441860465	0.7927995311952338
Supertype	pca	logreg	H20.33.028	573	0.8551483420593369	0.6323744291107466
Supertype	pca	logreg	H20.33.029	637	0.9152276295133438	0.8224649494281747
Supertype	pca	logreg	H20.33.030	676	0.886094674556213	0.7576731437834913
Supertype	pca	logreg	H20.33.031	608	0.8782894736842105	0.7691451678534156
Supertype	pca	logreg	H20.33.032	671	0.886736214605067	0.7526437074916391
Supertype	pca	logreg	H20.33.033	607	0.841845140032949	0.7067217216733507
Supertype	pca	logreg	H20.33.034	677	0.8980797636632201	0.7582571478133486
Supertype	pca	logreg	H20.33.035	609	0.8784893267651889	0.8008420617831635
Supertype	pca	logreg	H20.33.036	605	0.8743801652892562	0.7380569828343971
Supertype	pca	logreg	H20.33.037	621	0.8438003220611916	0.7075607689159275
Supertype	pca	logreg	H20.33.038	387	0.8423772609819121	0.7076828617066494
Supertype	pca	logreg	H20.33.039	667	0.889055472263868	0.7705773096911489
Supertype	pca	logreg	H20.33.040	653	0.8545176110260337	0.723940382257765
Supertype	pca	logreg	H20.33.041	642	0.8722741433021807	0.7938596526794497
Supertype	pca	logreg	H20.33.043	658	0.9027355623100304	0.743655022854852
Supertype	pca	logreg	H20.33.044	649	0.8813559322033898	0.7645545795802077
Supertype	pca	logreg	H20.33.045	635	0.8724409448818897	0.7155108535166513
Supertype	pca	logreg	H20.33.046	663	0.861236802413273	0.7138855232954423
Supertype	pca	logreg	H21.33.001	646	0.8188854489164087	0.6718089348640186
Supertype	pca	logreg	H21.33.002	656	0.8871951219512195	0.7716596703228003
Supertype	pca	logreg	H21.33.003	668	0.8712574850299402	0.7758000345771761
Supertype	pca	logreg	H21.33.004	650	0.8953846153846153	0.8114624117335597
Supertype	pca	logreg	H21.33.005	658	0.8571428571428571	0.6893256426631215
Supertype	pca	logreg	H21.33.006	622	0.9115755627009646	0.8237895731183857
Supertype	pca	logreg	H21.33.007	643	0.8771384136858476	0.7681440341143444
Supertype	pca	logreg	H21.33.008	625	0.8704	0.757145832185036
Supertype	pca	logreg	H21.33.009	617	0.8411669367909238	0.7050855977777841
Supertype	pca	logreg	H21.33.010	659	0.8679817905918058	0.6873991366830338
Supertype	pca	logreg	H21.33.011	637	0.8822605965463108	0.7850878503769834
Supertype	pca	logreg	H21.33.012	668	0.9131736526946108	0.7824790884948403
Supertype	pca	logreg	H21.33.013	644	0.9114906832298136	0.8087337088265769
Supertype	pca	logreg	H21.33.014	632	0.8924050632911392	0.7531568144283581
Supertype	pca	logreg	H21.33.015	655	0.9114503816793893	0.8103913160801108
Supertype	pca	logreg	H21.33.016	619	0.901453957996769	0.7701005671591075
Supertype	pca	logreg	H21.33.017	604	0.8658940397350994	0.7389198989467373
Supertype	pca	logreg	H21.33.018	650	0.8630769230769231	0.6967108309718018
Supertype	pca	logreg	H21.33.019	694	0.8760806916426513	0.7666560869873109
Supertype	pca	logreg	H21.33.020	228	0.8201754385964912	0.7029677446394882
Supertype	pca	logreg	H21.33.021	633	0.9004739336492891	0.7972360379604935
Supertype	pca	logreg	H21.33.022	666	0.8903903903903904	0.7945030340177134
Supertype	pca	logreg	H21.33.023	671	0.9001490312965723	0.7765839328198619
Supertype	pca	logreg	H21.33.025	660	0.8681818181818182	0.7339168259299355
Supertype	pca	logreg	H21.33.026	642	0.8847352024922118	0.7619411377721917
Supertype	pca	logreg	H21.33.027	683	0.9062957540263543	0.8084449592028583
Supertype	pca	logreg	H21.33.028	646	0.8699690402476781	0.7718793369820262
Supertype	pca	logreg	H21.33.029	637	0.880690737833595	0.7397964464576104
Supertype	pca	logreg	H21.33.030	654	0.9220183486238532	0.8000223947754156
Supertype	pca	logreg	H21.33.031	655	0.8778625954198473	0.7184873916528294
Supertype	pca	logreg	H21.33.032	668	0.8997005988023952	0.7515635181285059
Supertype	pca	logreg	H21.33.033	644	0.8649068322981367	0.7140671365406972
Supertype	pca	logreg	H21.33.034	462	0.7878787878787878	0.6766313861526521
Supertype	pca	logreg	H21.33.035	670	0.9149253731343283	0.744164653751639
Supertype	pca	logreg	H21.33.036	609	0.8686371100164204	0.7442257929981139
Supertype	pca	logreg	H21.33.037	605	0.9024793388429752	0.8019757097183965
Supertype	pca	logreg	H21.33.038	618	0.8705501618122977	0.734715616905241
Supertype	pca	logreg	H21.33.039	610	0.8344262295081967	0.7123049717612986
Supertype	pca	logreg	H21.33.040	682	0.8958944281524927	0.7359018752953668
Supertype	pca	logreg	H21.33.041	666	0.9009009009009009	0.7720511443653548
Supertype	pca	logreg	H21.33.042	654	0.8853211009174312	0.8123562111925171
Supertype	pca	logreg	H21.33.043	673	0.8662704309063893	0.7405094792610709
Supertype	pca	logreg	H21.33.044	630	0.8253968253968254	0.6670568122425458
Supertype	pca	logreg	H21.33.045	616	0.8474025974025974	0.7278797850701956
Supertype	pca	logreg	H21.33.046	597	0.9061976549413735	0.7289359604783897
Supertype	pca	logreg	H21.33.047	642	0.8644859813084113	0.7219157651068098
Supertype	pca	knn	H19.33.004	690	0.8521739130434782	0.7003637198285217
Supertype	pca	knn	H20.33.001	670	0.8313432835820895	0.6656904521544799
Supertype	pca	knn	H20.33.002	659	0.8755690440060698	0.7053815568041335
Supertype	pca	knn	H20.33.004	666	0.8813813813813813	0.7833385846622268
Supertype	pca	knn	H20.33.005	665	0.8781954887218045	0.6829927828335535
Supertype	pca	knn	H20.33.008	627	0.8724082934609251	0.7355751968322006
Supertype	pca	knn	H20.33.011	662	0.8731117824773413	0.7123242376876807
Supertype	pca	knn	H20.33.012	653	0.8759571209800919	0.7356709868597283
Supertype	pca	knn	H20.33.013	652	0.8558282208588958	0.721898923044983
Supertype	pca	knn	H20.33.014	650	0.8984615384615384	0.7304097023550081
Supertype	pca	knn	H20.33.015	651	0.8540706605222734	0.6740930774949976
Supertype	pca	knn	H20.33.016	646	0.8746130030959752	0.7458037990123564
Supertype	pca	knn	H20.33.017	659	0.8573596358118362	0.7408559949507043
Supertype	pca	knn	H20.33.018	687	0.8457059679767104	0.7334531127374098
Supertype	pca	knn	H20.33.019	663	0.8657616892911011	0.696848887852571
Supertype	pca	knn	H20.33.020	668	0.844311377245509	0.6842716202014454
Supertype	pca	knn	H20.33.024	642	0.822429906542056	0.69241492185161
Supertype	pca	knn	H20.33.025	664	0.8719879518072289	0.6934576311230903
Supertype	pca	knn	H20.33.026	617	0.893030794165316	0.7543713595917743
Supertype	pca	knn	H20.33.027	688	0.8968023255813954	0.7534833864434516
Supertype	pca	knn	H20.33.028	573	0.8464223385689355	0.6270987626705853
Supertype	pca	knn	H20.33.029	637	0.8979591836734694	0.7814349353975386
Supertype	pca	knn	H20.33.030	676	0.8742603550295858	0.721381787639841
Supertype	pca	knn	H20.33.031	608	0.8634868421052632	0.7176313572921913
Supertype	pca	knn	H20.33.032	671	0.8658718330849479	0.7223894821928705
Supertype	pca	knn	H20.33.033	607	0.8204283360790774	0.6836515336609268
Supertype	pca	knn	H20.33.034	677	0.8847858197932054	0.724146782410773
Supertype	pca	knn	H20.33.035	609	0.8357963875205254	0.6798565343385172
Supertype	pca	knn	H20.33.036	605	0.8495867768595041	0.7017885044970247
Supertype	pca	knn	H20.33.037	621	0.8148148148148148	0.6780337729011955
Supertype	pca	knn	H20.33.038	387	0.7777777777777778	0.6099535334327983
Supertype	pca	knn	H20.33.039	667	0.881559220389805	0.7189758999542297
Supertype	pca	knn	H20.33.040	653	0.8468606431852986	0.7129575488839816
Supertype	pca	knn	H20.33.041	642	0.8551401869158879	0.7094777137550341
Supertype	pca	knn	H20.33.043	658	0.8799392097264438	0.7133322479943218
Supertype	pca	knn	H20.33.044	649	0.8505392912172574	0.6902925588818638
Supertype	pca	knn	H20.33.045	635	0.8456692913385827	0.6708006996563052
Supertype	pca	knn	H20.33.046	663	0.8280542986425339	0.6229006062748126
Supertype	pca	knn	H21.33.001	646	0.8018575851393189	0.6401207430255337
Supertype	pca	knn	H21.33.002	656	0.8597560975609756	0.7190163139151281
Supertype	pca	knn	H21.33.003	668	0.8607784431137725	0.7002108688696737
Supertype	pca	knn	H21.33.004	650	0.8707692307692307	0.7140648399604738
Supertype	pca	knn	H21.33.005	658	0.8237082066869301	0.6474472359983517
Supertype	pca	knn	H21.33.006	622	0.8922829581993569	0.76637634176473
Supertype	pca	knn	H21.33.007	643	0.8615863141524106	0.7429068704992697
Supertype	pca	knn	H21.33.008	625	0.8496	0.7015234803737417
Supertype	pca	knn	H21.33.009	617	0.8379254457050244	0.6813593637319922
Supertype	pca	knn	H21.33.010	659	0.8467374810318664	0.6665373512768663
Supertype	pca	knn	H21.33.011	637	0.8681318681318682	0.6908538849503487
Supertype	pca	knn	H21.33.012	668	0.9011976047904192	0.7544797094063457
Supertype	pca	knn	H21.33.013	644	0.8819875776397516	0.7164880548785652
Supertype	pca	knn	H21.33.014	632	0.8575949367088608	0.708699019761019
Supertype	pca	knn	H21.33.015	655	0.8732824427480916	0.7317916717591254
Supertype	pca	knn	H21.33.016	619	0.8804523424878837	0.702821644165951
Supertype	pca	knn	H21.33.017	604	0.8410596026490066	0.668362459909929
Supertype	pca	knn	H21.33.018	650	0.8830769230769231	0.723016636030155
Supertype	pca	knn	H21.33.019	694	0.8587896253602305	0.720426688436331
Supertype	pca	knn	H21.33.020	228	0.7543859649122807	0.5731046520544791
Supertype	pca	knn	H21.33.021	633	0.8546603475513428	0.6805375961678665
Supertype	pca	knn	H21.33.022	666	0.8753753753753754	0.7484242508834191
Supertype	pca	knn	H21.33.023	671	0.8956780923994039	0.7664796489865328
Supertype	pca	knn	H21.33.025	660	0.8575757575757575	0.6661157090442056
Supertype	pca	knn	H21.33.026	642	0.839563862928349	0.6608372824032456
Supertype	pca	knn	H21.33.027	683	0.8989751098096632	0.7260509302212573
Supertype	pca	knn	H21.33.028	646	0.8591331269349846	0.6755421579194107
Supertype	pca	knn	H21.33.029	637	0.8649921507064364	0.7027298046999496
Supertype	pca	knn	H21.33.030	654	0.8944954128440367	0.7417927756641566
Supertype	pca	knn	H21.33.031	655	0.8580152671755725	0.6560781230715856
Supertype	pca	knn	H21.33.032	668	0.9011976047904192	0.737646166930643
Supertype	pca	knn	H21.33.033	644	0.8509316770186336	0.6815936646123092
Supertype	pca	knn	H21.33.034	462	0.7770562770562771	0.6322837481749208
Supertype	pca	knn	H21.33.035	670	0.8895522388059701	0.7012047707124244
Supertype	pca	knn	H21.33.036	609	0.8637110016420362	0.7278964490106472
Supertype	pca	knn	H21.33.037	605	0.8545454545454545	0.7140367102776106
Supertype	pca	knn	H21.33.038	618	0.8543689320388349	0.7096616126722387
Supertype	pca	knn	H21.33.039	610	0.8163934426229508	0.6560109765254655
Supertype	pca	knn	H21.33.040	682	0.873900293255132	0.7300123069960791
Supertype	pca	knn	H21.33.041	666	0.8783783783783784	0.7229380506149095
Supertype	pca	knn	H21.33.042	654	0.8516819571865444	0.7114102497606537
Supertype	pca	knn	H21.33.043	673	0.8647845468053492	0.7245903814811763
Supertype	pca	knn	H21.33.044	630	0.8063492063492064	0.6331112154933128
Supertype	pca	knn	H21.33.045	616	0.8133116883116883	0.6512265317802719
Supertype	pca	knn	H21.33.046	597	0.8726968174204355	0.6534033380307854
Supertype	pca	knn	H21.33.047	642	0.8457943925233645	0.6531371785963768
Supertype	pca_harmony	logreg	H19.33.004	690	0.8710144927536232	0.7541795613879336
Supertype	pca_harmony	logreg	H20.33.001	670	0.8492537313432836	0.7300080086425398
Supertype	pca_harmony	logreg	H20.33.002	659	0.8770864946889226	0.7794045288054335
Supertype	pca_harmony	logreg	H20.33.004	666	0.8723723723723724	0.7589536632442712
Supertype	pca_harmony	logreg	H20.33.005	665	0.8917293233082707	0.6924639391321625
Supertype	pca_harmony	logreg	H20.33.008	627	0.8660287081339713	0.7583614334962163
Supertype	pca_harmony	logreg	H20.33.011	662	0.8821752265861027	0.7655149929404033
Supertype	pca_harmony	logreg	H20.33.012	653	0.8667687595712098	0.7103048175869883
Supertype	pca_harmony	logreg	H20.33.013	652	0.8634969325153374	0.7696184870686242
Supertype	pca_harmony	logreg	H20.33.014	650	0.8938461538461538	0.7707334118054074
Supertype	pca_harmony	logreg	H20.33.015	651	0.8556067588325653	0.669870736806803
Supertype	pca_harmony	logreg	H20.33.016	646	0.9009287925696594	0.8247424877062708
Supertype	pca_harmony	logreg	H20.33.017	659	0.8528072837632777	0.7192246508794743
Supertype	pca_harmony	logreg	H20.33.018	687	0.86608442503639	0.76537076270204
Supertype	pca_harmony	logreg	H20.33.019	663	0.8536953242835595	0.7030809534361692
Supertype	pca_harmony	logreg	H20.33.020	668	0.8532934131736527	0.7545454352515674
Supertype	pca_harmony	logreg	H20.33.024	642	0.8130841121495327	0.73938966835813
Supertype	pca_harmony	logreg	H20.33.025	664	0.891566265060241	0.7665019630897594
Supertype	pca_harmony	logreg	H20.33.026	617	0.8719611021069692	0.7433516168556412
Supertype	pca_harmony	logreg	H20.33.027	688	0.8895348837209303	0.7573882934794534
Supertype	pca_harmony	logreg	H20.33.028	573	0.787085514834206	0.5536180806885842
Supertype	pca_harmony	logreg	H20.33.029	637	0.8885400313971743	0.7710857368549815
Supertype	pca_harmony	logreg	H20.33.030	676	0.8772189349112426	0.7321744869014943
Supertype	pca_harmony	logreg	H20.33.031	608	0.8322368421052632	0.6983146370164972
Supertype	pca_harmony	logreg	H20.33.032	671	0.8479880774962743	0.7085015928965275
Supertype	pca_harmony	logreg	H20.33.033	607	0.8039538714991763	0.6716330589794063
Supertype	pca_harmony	logreg	H20.33.034	677	0.8567208271787297	0.7022622301990713
Supertype	pca_harmony	logreg	H20.33.035	609	0.8456486042692939	0.7271925376517976
Supertype	pca_harmony	logreg	H20.33.036	605	0.824793388429752	0.6805821986317317
Supertype	pca_harmony	logreg	H20.33.037	621	0.8003220611916264	0.6657676626486471
Supertype	pca_harmony	logreg	H20.33.038	387	0.7157622739018088	0.5802225422447616
Supertype	pca_harmony	logreg	H20.33.039	667	0.8785607196401799	0.7807061095750506
Supertype	pca_harmony	logreg	H20.33.040	653	0.8392036753445635	0.7076330319744649
Supertype	pca_harmony	logreg	H20.33.041	642	0.822429906542056	0.7173581418141994
Supertype	pca_harmony	logreg	H20.33.043	658	0.8768996960486323	0.712773710281792
Supertype	pca_harmony	logreg	H20.33.044	649	0.864406779661017	0.7321629659607231
Supertype	pca_harmony	logreg	H20.33.045	635	0.8440944881889764	0.6792954668326133
Supertype	pca_harmony	logreg	H20.33.046	663	0.8280542986425339	0.6585065845599744
Supertype	pca_harmony	logreg	H21.33.001	646	0.7987616099071208	0.7058281415767425
Supertype	pca_harmony	logreg	H21.33.002	656	0.8567073170731707	0.7387767967043759
Supertype	pca_harmony	logreg	H21.33.003	668	0.8697604790419161	0.7799870527484375
Supertype	pca_harmony	logreg	H21.33.004	650	0.8830769230769231	0.8057051242738248
Supertype	pca_harmony	logreg	H21.33.005	658	0.831306990881459	0.6536135165883588
Supertype	pca_harmony	logreg	H21.33.006	622	0.8938906752411575	0.7806881737272258
Supertype	pca_harmony	logreg	H21.33.007	643	0.8724727838258165	0.773388752314979
Supertype	pca_harmony	logreg	H21.33.008	625	0.824	0.6719853918813986
Supertype	pca_harmony	logreg	H21.33.009	617	0.8087520259319287	0.6620837417286018
Supertype	pca_harmony	logreg	H21.33.010	659	0.8528072837632777	0.6976731718728482
Supertype	pca_harmony	logreg	H21.33.011	637	0.8649921507064364	0.7260721814625535
Supertype	pca_harmony	logreg	H21.33.012	668	0.8907185628742516	0.7327651205701673
Supertype	pca_harmony	logreg	H21.33.013	644	0.9037267080745341	0.790259747235184
Supertype	pca_harmony	logreg	H21.33.014	632	0.8876582278481012	0.7386212897588698
Supertype	pca_harmony	logreg	H21.33.015	655	0.8717557251908397	0.7334123868719261
Supertype	pca_harmony	logreg	H21.33.016	619	0.864297253634895	0.7163247584262569
Supertype	pca_harmony	logreg	H21.33.017	604	0.8344370860927153	0.685745566840083
Supertype	pca_harmony	logreg	H21.33.018	650	0.8692307692307693	0.7412955259266969
Supertype	pca_harmony	logreg	H21.33.019	694	0.8717579250720461	0.7641834022496744
Supertype	pca_harmony	logreg	H21.33.020	228	0.6885964912280702	0.5854246982697593
Supertype	pca_harmony	logreg	H21.33.021	633	0.8309636650868878	0.6799618266097579
Supertype	pca_harmony	logreg	H21.33.022	666	0.8573573573573574	0.7550580051983917
Supertype	pca_harmony	logreg	H21.33.023	671	0.8882265275707899	0.7561317066945252
Supertype	pca_harmony	logreg	H21.33.025	660	0.8303030303030303	0.6863652584648458
Supertype	pca_harmony	logreg	H21.33.026	642	0.8722741433021807	0.7496046245667912
Supertype	pca_harmony	logreg	H21.33.027	683	0.8931185944363104	0.7863021344856442
Supertype	pca_harmony	logreg	H21.33.028	646	0.8498452012383901	0.696897975324961
Supertype	pca_harmony	logreg	H21.33.029	637	0.8492935635792779	0.6726908324860185
Supertype	pca_harmony	logreg	H21.33.030	654	0.8883792048929664	0.7714885568489361
Supertype	pca_harmony	logreg	H21.33.031	655	0.8244274809160306	0.6616004341026372
Supertype	pca_harmony	logreg	H21.33.032	668	0.8622754491017964	0.6934068709415164
Supertype	pca_harmony	logreg	H21.33.033	644	0.8152173913043478	0.6271148149724642
Supertype	pca_harmony	logreg	H21.33.034	462	0.7077922077922078	0.5253580668512406
Supertype	pca_harmony	logreg	H21.33.035	670	0.8895522388059701	0.7151918463496759
Supertype	pca_harmony	logreg	H21.33.036	609	0.8472906403940886	0.6944437152303022
Supertype	pca_harmony	logreg	H21.33.037	605	0.8727272727272727	0.7455216746385909
Supertype	pca_harmony	logreg	H21.33.038	618	0.8559870550161812	0.7056407189534515
Supertype	pca_harmony	logreg	H21.33.039	610	0.8081967213114755	0.6716724954182772
Supertype	pca_harmony	logreg	H21.33.040	682	0.8563049853372434	0.6652951037577997
Supertype	pca_harmony	logreg	H21.33.041	666	0.8828828828828829	0.7802984662160275
Supertype	pca_harmony	logreg	H21.33.042	654	0.8486238532110092	0.7585955220530693
Supertype	pca_harmony	logreg	H21.33.043	673	0.8662704309063893	0.7449586491629123
Supertype	pca_harmony	logreg	H21.33.044	630	0.7936507936507936	0.639538706343303
Supertype	pca_harmony	logreg	H21.33.045	616	0.810064935064935	0.6766466027503399
Supertype	pca_harmony	logreg	H21.33.046	597	0.8877721943048577	0.7034652482279184
Supertype	pca_harmony	logreg	H21.33.047	642	0.8535825545171339	0.7162920880452944
Supertype	pca_harmony	knn	H19.33.004	690	0.855072463768116	0.6983319755238256
Supertype	pca_harmony	knn	H20.33.001	670	0.817910447761194	0.6659473666405619
Supertype	pca_harmony	knn	H20.33.002	659	0.8543247344461306	0.7200672007546515
Supertype	pca_harmony	knn	H20.33.004	666	0.8723723723723724	0.7740006572485237
Supertype	pca_harmony	knn	H20.33.005	665	0.8751879699248121	0.6892375807057771
Supertype	pca_harmony	knn	H20.33.008	627	0.8628389154704944	0.7016792225555708
Supertype	pca_harmony	knn	H20.33.011	662	0.8670694864048338	0.69299350731093
Supertype	pca_harmony	knn	H20.33.012	653	0.8514548238897397	0.6861557011166104
Supertype	pca_harmony	knn	H20.33.013	652	0.8512269938650306	0.731986892648356
Supertype	pca_harmony	knn	H20.33.014	650	0.8753846153846154	0.7241472854426018
Supertype	pca_harmony	knn	H20.33.015	651	0.8602150537634409	0.6697439241597661
Supertype	pca_harmony	knn	H20.33.016	646	0.8839009287925697	0.7852301661059853
Supertype	pca_harmony	knn	H20.33.017	659	0.842185128983308	0.6775445541694487
Supertype	pca_harmony	knn	H20.33.018	687	0.8486171761280932	0.75132403360816
Supertype	pca_harmony	knn	H20.33.019	663	0.8431372549019608	0.6933802776053569
Supertype	pca_harmony	knn	H20.33.020	668	0.8517964071856288	0.7276409149170469
Supertype	pca_harmony	knn	H20.33.024	642	0.794392523364486	0.7150631301593107
Supertype	pca_harmony	knn	H20.33.025	664	0.8795180722891566	0.6951033031002781
Supertype	pca_harmony	knn	H20.33.026	617	0.8752025931928687	0.7448912558791253
Supertype	pca_harmony	knn	H20.33.027	688	0.877906976744186	0.7222645676919335
Supertype	pca_harmony	knn	H20.33.028	573	0.7731239092495636	0.5254205760750476
Supertype	pca_harmony	knn	H20.33.029	637	0.8791208791208791	0.7493401147521297
Supertype	pca_harmony	knn	H20.33.030	676	0.8698224852071006	0.748171007990274
Supertype	pca_harmony	knn	H20.33.031	608	0.8470394736842105	0.6896702844258793
Supertype	pca_harmony	knn	H20.33.032	671	0.8286140089418778	0.6731196990215532
Supertype	pca_harmony	knn	H20.33.033	607	0.7940691927512356	0.6433135196165171
Supertype	pca_harmony	knn	H20.33.034	677	0.8493353028064993	0.6635923924370445
Supertype	pca_harmony	knn	H20.33.035	609	0.8341543513957307	0.7139094775286726
Supertype	pca_harmony	knn	H20.33.036	605	0.8033057851239669	0.6352166227968501
Supertype	pca_harmony	knn	H20.33.037	621	0.750402576489533	0.5597617961038135
Supertype	pca_harmony	knn	H20.33.038	387	0.7054263565891473	0.479012454796215
Supertype	pca_harmony	knn	H20.33.039	667	0.8575712143928036	0.712869737166218
Supertype	pca_harmony	knn	H20.33.040	653	0.8392036753445635	0.6867499700075291
Supertype	pca_harmony	knn	H20.33.041	642	0.794392523364486	0.670759326499746
Supertype	pca_harmony	knn	H20.33.043	658	0.837386018237082	0.635069622567777
Supertype	pca_harmony	knn	H20.33.044	649	0.8258859784283513	0.6602206663778507
Supertype	pca_harmony	knn	H20.33.045	635	0.8251968503937008	0.6365863182778787
Supertype	pca_harmony	knn	H20.33.046	663	0.8009049773755657	0.6084628812116214
Supertype	pca_harmony	knn	H21.33.001	646	0.7647058823529411	0.6144649577836637
Supertype	pca_harmony	knn	H21.33.002	656	0.836890243902439	0.6995434139463805
Supertype	pca_harmony	knn	H21.33.003	668	0.842814371257485	0.6654018356515627
Supertype	pca_harmony	knn	H21.33.004	650	0.8723076923076923	0.7262322491596538
Supertype	pca_harmony	knn	H21.33.005	658	0.8145896656534954	0.6044134710213902
Supertype	pca_harmony	knn	H21.33.006	622	0.8858520900321544	0.7685842653842713
Supertype	pca_harmony	knn	H21.33.007	643	0.8538102643856921	0.7515499071594964
Supertype	pca_harmony	knn	H21.33.008	625	0.7888	0.6324148786423517
Supertype	pca_harmony	knn	H21.33.009	617	0.7990275526742301	0.6196230249718475
Supertype	pca_harmony	knn	H21.33.010	659	0.849772382397572	0.7039454813299653
Supertype	pca_harmony	knn	H21.33.011	637	0.8555729984301413	0.696051989817429
Supertype	pca_harmony	knn	H21.33.012	668	0.8817365269461078	0.7172393560173911
Supertype	pca_harmony	knn	H21.33.013	644	0.8835403726708074	0.7126549819316859
Supertype	pca_harmony	knn	H21.33.014	632	0.865506329113924	0.693690947331697
Supertype	pca_harmony	knn	H21.33.015	655	0.8519083969465648	0.6837339460632678
Supertype	pca_harmony	knn	H21.33.016	619	0.8562197092084006	0.6909549252113658
Supertype	pca_harmony	knn	H21.33.017	604	0.8145695364238411	0.6038987918654111
Supertype	pca_harmony	knn	H21.33.018	650	0.88	0.7124440281435382
Supertype	pca_harmony	knn	H21.33.019	694	0.8501440922190202	0.7109187458221375
Supertype	pca_harmony	knn	H21.33.020	228	0.6710526315789473	0.49747966412672306
Supertype	pca_harmony	knn	H21.33.021	633	0.8104265402843602	0.5926527901023165
Supertype	pca_harmony	knn	H21.33.022	666	0.8408408408408409	0.7076678081589651
Supertype	pca_harmony	knn	H21.33.023	671	0.8703427719821163	0.7434763893009771
Supertype	pca_harmony	knn	H21.33.025	660	0.8106060606060606	0.6541896268028595
Supertype	pca_harmony	knn	H21.33.026	642	0.839563862928349	0.6536634984409505
Supertype	pca_harmony	knn	H21.33.027	683	0.8696925329428989	0.6813826724501738
Supertype	pca_harmony	knn	H21.33.028	646	0.8328173374613003	0.6374706315855032
Supertype	pca_harmony	knn	H21.33.029	637	0.8320251177394035	0.6521592320264155
Supertype	pca_harmony	knn	H21.33.030	654	0.8792048929663608	0.7282135995593937
Supertype	pca_harmony	knn	H21.33.031	655	0.8045801526717558	0.621148849972259
Supertype	pca_harmony	knn	H21.33.032	668	0.8652694610778443	0.6793195338364997
Supertype	pca_harmony	knn	H21.33.033	644	0.827639751552795	0.6336615649759145
Supertype	pca_harmony	knn	H21.33.034	462	0.70995670995671	0.5172393934853053
Supertype	pca_harmony	knn	H21.33.035	670	0.8791044776119403	0.7113648053714797
Supertype	pca_harmony	knn	H21.33.036	609	0.8423645320197044	0.661023167334064
Supertype	pca_harmony	knn	H21.33.037	605	0.8330578512396695	0.6913402532025964
Supertype	pca_harmony	knn	H21.33.038	618	0.8381877022653722	0.6719654191445567
Supertype	pca_harmony	knn	H21.33.039	610	0.7918032786885246	0.6644063246874774
Supertype	pca_harmony	knn	H21.33.040	682	0.8563049853372434	0.6768010200133233
Supertype	pca_harmony	knn	H21.33.041	666	0.8603603603603603	0.7006748127015162
Supertype	pca_harmony	knn	H21.33.042	654	0.8348623853211009	0.7202001952588891
Supertype	pca_harmony	knn	H21.33.043	673	0.8395245170876672	0.7067369840961639
Supertype	pca_harmony	knn	H21.33.044	630	0.7714285714285715	0.6138494943358689
Supertype	pca_harmony	knn	H21.33.045	616	0.7792207792207793	0.5966628248503035
Supertype	pca_harmony	knn	H21.33.046	597	0.8525963149078727	0.6201691637298544
Supertype	pca_harmony	knn	H21.33.047	642	0.8364485981308412	0.662759567947176
Supertype	randproj	logreg	H19.33.004	690	0.7492753623188406	0.5462499807850046
Supertype	randproj	logreg	H20.33.001	670	0.7328358208955223	0.5402703952781753
Supertype	randproj	logreg	H20.33.002	659	0.7541729893778453	0.5752919194955338
Supertype	randproj	logreg	H20.33.004	666	0.8108108108108109	0.6389223742200054
Supertype	randproj	logreg	H20.33.005	665	0.7744360902255639	0.5466744162395724
Supertype	randproj	logreg	H20.33.008	627	0.7703349282296651	0.5850761937757718
Supertype	randproj	logreg	H20.33.011	662	0.8187311178247734	0.6600570488319395
Supertype	randproj	logreg	H20.33.012	653	0.7488514548238897	0.561839175334493
Supertype	randproj	logreg	H20.33.013	652	0.7699386503067485	0.5853258377407555
Supertype	randproj	logreg	H20.33.014	650	0.7984615384615384	0.6376236338007604
Supertype	randproj	logreg	H20.33.015	651	0.7572964669738863	0.5268664604173809
Supertype	randproj	logreg	H20.33.016	646	0.781733746130031	0.6687906407691189
Supertype	randproj	logreg	H20.33.017	659	0.7693474962063733	0.5893289718826359
Supertype	randproj	logreg	H20.33.018	687	0.7612809315866085	0.5811109301660953
Supertype	randproj	logreg	H20.33.019	663	0.7360482654600302	0.5792260932873861
Supertype	randproj	logreg	H20.33.020	668	0.7170658682634731	0.5225400986775738
Supertype	randproj	logreg	H20.33.024	642	0.6806853582554517	0.5269253504898463
Supertype	randproj	logreg	H20.33.025	664	0.8012048192771084	0.6054942418390578
Supertype	randproj	logreg	H20.33.026	617	0.813614262560778	0.6432961803069938
Supertype	randproj	logreg	H20.33.027	688	0.8008720930232558	0.5930979966831227
Supertype	randproj	logreg	H20.33.028	573	0.6474694589877836	0.4051951982772454
Supertype	randproj	logreg	H20.33.029	637	0.8037676609105181	0.6377160338544928
Supertype	randproj	logreg	H20.33.030	676	0.757396449704142	0.5201098763250398
Supertype	randproj	logreg	H20.33.031	608	0.7286184210526315	0.5712833389994164
Supertype	randproj	logreg	H20.33.032	671	0.7228017883755589	0.5024129666969392
Supertype	randproj	logreg	H20.33.033	607	0.6326194398682042	0.4401085574269847
Supertype	randproj	logreg	H20.33.034	677	0.7621861152141802	0.5406510558362198
Supertype	randproj	logreg	H20.33.035	609	0.7471264367816092	0.5886220183272325
Supertype	randproj	logreg	H20.33.036	605	0.7256198347107438	0.495218970547728
Supertype	randproj	logreg	H20.33.037	621	0.5958132045088567	0.42102231242312
Supertype	randproj	logreg	H20.33.038	387	0.6666666666666666	0.43135317299156684
Supertype	randproj	logreg	H20.33.039	667	0.782608695652174	0.5877977252065877
Supertype	randproj	logreg	H20.33.040	653	0.774885145482389	0.6091787985898384
Supertype	randproj	logreg	H20.33.041	642	0.7118380062305296	0.5793488204617145
Supertype	randproj	logreg	H20.33.043	658	0.8069908814589666	0.6060392476224379
Supertype	randproj	logreg	H20.33.044	649	0.7226502311248074	0.5597469417648141
Supertype	randproj	logreg	H20.33.045	635	0.7133858267716535	0.5106265203191475
Supertype	randproj	logreg	H20.33.046	663	0.7315233785822021	0.5135540370478515
Supertype	randproj	logreg	H21.33.001	646	0.6377708978328174	0.47165966697698486
Supertype	randproj	logreg	H21.33.002	656	0.7591463414634146	0.5872792485713031
Supertype	randproj	logreg	H21.33.003	668	0.7889221556886228	0.620231031906598
Supertype	randproj	logreg	H21.33.004	650	0.7892307692307692	0.6225985170971803
Supertype	randproj	logreg	H21.33.005	658	0.7264437689969605	0.49856011750853485
Supertype	randproj	logreg	H21.33.006	622	0.8135048231511254	0.5930106173373406
Supertype	randproj	logreg	H21.33.007	643	0.7900466562986003	0.6301818744463485
Supertype	randproj	logreg	H21.33.008	625	0.7248	0.5321898836088527
Supertype	randproj	logreg	H21.33.009	617	0.6564019448946515	0.4609175176141631
Supertype	randproj	logreg	H21.33.010	659	0.7769347496206374	0.5870395317612037
Supertype	randproj	logreg	H21.33.011	637	0.7362637362637363	0.5581558104560808
Supertype	randproj	logreg	H21.33.012	668	0.8023952095808383	0.6154211369277608
Supertype	randproj	logreg	H21.33.013	644	0.7717391304347826	0.6045426708330005
Supertype	randproj	logreg	H21.33.014	632	0.7009493670886076	0.5319452249364618
Supertype	randproj	logreg	H21.33.015	655	0.7969465648854962	0.6192055244685138
Supertype	randproj	logreg	H21.33.016	619	0.7851373182552503	0.5541602218604068
Supertype	randproj	logreg	H21.33.017	604	0.7268211920529801	0.4827133500513188
Supertype	randproj	logreg	H21.33.018	650	0.7830769230769231	0.5948986734760988
Supertype	randproj	logreg	H21.33.019	694	0.792507204610951	0.5965301378054534
Supertype	randproj	logreg	H21.33.020	228	0.6140350877192983	0.29278471780286663
Supertype	randproj	logreg	H21.33.021	633	0.7661927330173776	0.5507652666472501
Supertype	randproj	logreg	H21.33.022	666	0.7942942942942943	0.6436621275890804
Supertype	randproj	logreg	H21.33.023	671	0.8047690014903129	0.615818642815198
Supertype	randproj	logreg	H21.33.025	660	0.7363636363636363	0.5241436866274584
Supertype	randproj	logreg	H21.33.026	642	0.780373831775701	0.5573732998975657
Supertype	randproj	logreg	H21.33.027	683	0.7847730600292826	0.5857682765098667
Supertype	randproj	logreg	H21.33.028	646	0.7383900928792569	0.5185719106307236
Supertype	randproj	logreg	H21.33.029	637	0.7613814756671899	0.544730354363063
Supertype	randproj	logreg	H21.33.030	654	0.8012232415902141	0.5424566821214873
Supertype	randproj	logreg	H21.33.031	655	0.6916030534351145	0.4791782414854231
Supertype	randproj	logreg	H21.33.032	668	0.7589820359281437	0.5495916122902911
Supertype	randproj	logreg	H21.33.033	644	0.7298136645962733	0.5234114851068823
Supertype	randproj	logreg	H21.33.034	462	0.5735930735930735	0.3817037913951852
Supertype	randproj	logreg	H21.33.035	670	0.7925373134328358	0.5590558891090042
Supertype	randproj	logreg	H21.33.036	609	0.7372742200328407	0.5827247127832654
Supertype	randproj	logreg	H21.33.037	605	0.7388429752066116	0.5013582671021071
Supertype	randproj	logreg	H21.33.038	618	0.7475728155339806	0.5701176731807515
Supertype	randproj	logreg	H21.33.039	610	0.6901639344262295	0.5076577130207061
Supertype	randproj	logreg	H21.33.040	682	0.750733137829912	0.5300720669728707
Supertype	randproj	logreg	H21.33.041	666	0.7657657657657657	0.5522695864571502
Supertype	randproj	logreg	H21.33.042	654	0.7385321100917431	0.552863414716472
Supertype	randproj	logreg	H21.33.043	673	0.7310549777117384	0.5367875969741499
Supertype	randproj	logreg	H21.33.044	630	0.6714285714285714	0.46020334689510506
Supertype	randproj	logreg	H21.33.045	616	0.6558441558441559	0.46422884511131873
Supertype	randproj	logreg	H21.33.046	597	0.8073701842546064	0.6002663508456708
Supertype	randproj	logreg	H21.33.047	642	0.6838006230529595	0.48842629993830355
Supertype	randproj	knn	H19.33.004	690	0.644927536231884	0.3931185679595432
Supertype	randproj	knn	H20.33.001	670	0.673134328358209	0.45730068660617323
Supertype	randproj	knn	H20.33.002	659	0.6783004552352049	0.43733632964968716
Supertype	randproj	knn	H20.33.004	666	0.7237237237237237	0.4687409505658262
Supertype	randproj	knn	H20.33.005	665	0.6887218045112782	0.4245828463700702
Supertype	randproj	knn	H20.33.008	627	0.7033492822966507	0.4610918159256991
Supertype	randproj	knn	H20.33.011	662	0.7250755287009063	0.46233546603728926
Supertype	randproj	knn	H20.33.012	653	0.6952526799387443	0.41682684399646863
Supertype	randproj	knn	H20.33.013	652	0.700920245398773	0.5045317772216886
Supertype	randproj	knn	H20.33.014	650	0.7123076923076923	0.47104187242182144
Supertype	randproj	knn	H20.33.015	651	0.6881720430107527	0.4063383222674221
Supertype	randproj	knn	H20.33.016	646	0.6965944272445821	0.4497314239057518
Supertype	randproj	knn	H20.33.017	659	0.6965098634294385	0.44338344809768504
Supertype	randproj	knn	H20.33.018	687	0.6652110625909753	0.46153450214251696
Supertype	randproj	knn	H20.33.019	663	0.6425339366515838	0.4306306070634128
Supertype	randproj	knn	H20.33.020	668	0.6526946107784432	0.4025468007746033
Supertype	randproj	knn	H20.33.024	642	0.5887850467289719	0.4086667452893078
Supertype	randproj	knn	H20.33.025	664	0.7063253012048193	0.42361219630411645
Supertype	randproj	knn	H20.33.026	617	0.6774716369529984	0.47201160959235855
Supertype	randproj	knn	H20.33.027	688	0.7194767441860465	0.4243414380284745
Supertype	randproj	knn	H20.33.028	573	0.5898778359511344	0.3283279779640587
Supertype	randproj	knn	H20.33.029	637	0.7237048665620094	0.5092434857622538
Supertype	randproj	knn	H20.33.030	676	0.6804733727810651	0.3950092595999451
Supertype	randproj	knn	H20.33.031	608	0.6513157894736842	0.4090492002214767
Supertype	randproj	knn	H20.33.032	671	0.6199701937406855	0.3820545950006167
Supertype	randproj	knn	H20.33.033	607	0.5617792421746294	0.3682192078819862
Supertype	randproj	knn	H20.33.034	677	0.6942392909896603	0.4488243614691893
Supertype	randproj	knn	H20.33.035	609	0.6502463054187192	0.4204151783787724
Supertype	randproj	knn	H20.33.036	605	0.6661157024793388	0.37351248092452966
Supertype	randproj	knn	H20.33.037	621	0.5120772946859904	0.28141847678988874
Supertype	randproj	knn	H20.33.038	387	0.58656330749354	0.3216092951797347
Supertype	randproj	knn	H20.33.039	667	0.6806596701649176	0.4580935743140868
Supertype	randproj	knn	H20.33.040	653	0.6937212863705973	0.450972930807533
Supertype	randproj	knn	H20.33.041	642	0.6495327102803738	0.46305730502318904
Supertype	randproj	knn	H20.33.043	658	0.7173252279635258	0.4170618292307412
Supertype	randproj	knn	H20.33.044	649	0.6486902927580893	0.449294327075727
Supertype	randproj	knn	H20.33.045	635	0.5826771653543307	0.34354973108001274
Supertype	randproj	knn	H20.33.046	663	0.665158371040724	0.4018646586943258
Supertype	randproj	knn	H21.33.001	646	0.5356037151702786	0.349100345495955
Supertype	randproj	knn	H21.33.002	656	0.6570121951219512	0.4102781895497387
Supertype	randproj	knn	H21.33.003	668	0.7170658682634731	0.46522312856706943
Supertype	randproj	knn	H21.33.004	650	0.7169230769230769	0.46626912172164775
Supertype	randproj	knn	H21.33.005	658	0.6474164133738601	0.40890632530260723
Supertype	randproj	knn	H21.33.006	622	0.7459807073954984	0.5305064573734035
Supertype	randproj	knn	H21.33.007	643	0.6780715396578538	0.5211463120469845
Supertype	randproj	knn	H21.33.008	625	0.6	0.3656387467584139
Supertype	randproj	knn	H21.33.009	617	0.5688816855753647	0.3324957607072588
Supertype	randproj	knn	H21.33.010	659	0.6570561456752656	0.38680249809854184
Supertype	randproj	knn	H21.33.011	637	0.6703296703296703	0.4402861282661676
Supertype	randproj	knn	H21.33.012	668	0.7335329341317365	0.46908285133569605
Supertype	randproj	knn	H21.33.013	644	0.703416149068323	0.48381093727048197
Supertype	randproj	knn	H21.33.014	632	0.634493670886076	0.39898194751749316
Supertype	randproj	knn	H21.33.015	655	0.6870229007633588	0.45135578604622745
Supertype	randproj	knn	H21.33.016	619	0.6995153473344103	0.43342578565158946
Supertype	randproj	knn	H21.33.017	604	0.6854304635761589	0.41443655205533214
Supertype	randproj	knn	H21.33.018	650	0.7107692307692308	0.4651537595652816
Supertype	randproj	knn	H21.33.019	694	0.7175792507204611	0.4795834282348717
Supertype	randproj	knn	H21.33.020	228	0.4956140350877193	0.22741096684540188
Supertype	randproj	knn	H21.33.021	633	0.684044233807267	0.39961254101367816
Supertype	randproj	knn	H21.33.022	666	0.6861861861861862	0.5178593387697807
Supertype	randproj	knn	H21.33.023	671	0.7153502235469449	0.4821311074039024
Supertype	randproj	knn	H21.33.025	660	0.6575757575757576	0.407402760032239
Supertype	randproj	knn	H21.33.026	642	0.6978193146417445	0.4478936738008653
Supertype	randproj	knn	H21.33.027	683	0.7013177159590044	0.43407556070756537
Supertype	randproj	knn	H21.33.028	646	0.6888544891640866	0.43700664818019924
Supertype	randproj	knn	H21.33.029	637	0.7001569858712716	0.4551451960988633
Supertype	randproj	knn	H21.33.030	654	0.7155963302752294	0.4345468628593685
Supertype	randproj	knn	H21.33.031	655	0.6152671755725191	0.3675083905433465
Supertype	randproj	knn	H21.33.032	668	0.655688622754491	0.40737388331597263
Supertype	randproj	knn	H21.33.033	644	0.6630434782608695	0.4172735249134166
Supertype	randproj	knn	H21.33.034	462	0.4696969696969697	0.284697224966219
Supertype	randproj	knn	H21.33.035	670	0.7044776119402985	0.41771075601123425
Supertype	randproj	knn	H21.33.036	609	0.6748768472906403	0.4868062174568901
Supertype	randproj	knn	H21.33.037	605	0.6462809917355372	0.3574698623218062
Supertype	randproj	knn	H21.33.038	618	0.6666666666666666	0.4211252354843891
Supertype	randproj	knn	H21.33.039	610	0.6081967213114754	0.39690867519015516
Supertype	randproj	knn	H21.33.040	682	0.6686217008797654	0.43697827118667343
Supertype	randproj	knn	H21.33.041	666	0.6906906906906907	0.4752922295892851
Supertype	randproj	knn	H21.33.042	654	0.6422018348623854	0.4248764290104871
Supertype	randproj	knn	H21.33.043	673	0.662704309063893	0.43580196272491795
Supertype	randproj	knn	H21.33.044	630	0.5841269841269842	0.3626105970982374
Supertype	randproj	knn	H21.33.045	616	0.5633116883116883	0.3367739867289468
Supertype	randproj	knn	H21.33.046	597	0.7001675041876047	0.395373487965128
Supertype	randproj	knn	H21.33.047	642	0.5919003115264797	0.35194992023297667
Supertype	ref_scvi	logreg	H19.33.004	690	0.8753623188405797	0.7616074517109804
Supertype	ref_scvi	logreg	H20.33.001	670	0.8731343283582089	0.7658012760181879
Supertype	ref_scvi	logreg	H20.33.002	659	0.91350531107739	0.8418134269943616
Supertype	ref_scvi	logreg	H20.33.004	666	0.9264264264264265	0.8367670556265191
Supertype	ref_scvi	logreg	H20.33.005	665	0.9142857142857143	0.770008809562898
Supertype	ref_scvi	logreg	H20.33.008	627	0.8915470494417863	0.7688320065640412
Supertype	ref_scvi	logreg	H20.33.011	662	0.8987915407854985	0.8266994493667297
Supertype	ref_scvi	logreg	H20.33.012	653	0.8973966309341501	0.8173465932661288
Supertype	ref_scvi	logreg	H20.33.013	652	0.8957055214723927	0.8465445771107096
Supertype	ref_scvi	logreg	H20.33.014	650	0.92	0.8186666995638281
Supertype	ref_scvi	logreg	H20.33.015	651	0.9032258064516129	0.7794200718516697
Supertype	ref_scvi	logreg	H20.33.016	646	0.93343653250774	0.8814058908937612
Supertype	ref_scvi	logreg	H20.33.017	659	0.8952959028831563	0.804134980967089
Supertype	ref_scvi	logreg	H20.33.018	687	0.893740902474527	0.8176744271762745
Supertype	ref_scvi	logreg	H20.33.019	663	0.8868778280542986	0.774577616871386
Supertype	ref_scvi	logreg	H20.33.020	668	0.8982035928143712	0.8215789795864016
Supertype	ref_scvi	logreg	H20.33.024	642	0.9034267912772586	0.8339996687872543
Supertype	ref_scvi	logreg	H20.33.025	664	0.9171686746987951	0.8498026562120492
Supertype	ref_scvi	logreg	H20.33.026	617	0.9141004862236629	0.8238374609225699
Supertype	ref_scvi	logreg	H20.33.027	688	0.9084302325581395	0.8170580928797019
Supertype	ref_scvi	logreg	H20.33.028	573	0.8638743455497382	0.6783818891811807
Supertype	ref_scvi	logreg	H20.33.029	637	0.9215070643642073	0.8623056540689358
Supertype	ref_scvi	logreg	H20.33.030	676	0.9186390532544378	0.8113481808815246
Supertype	ref_scvi	logreg	H20.33.031	608	0.8930921052631579	0.7905838188158103
Supertype	ref_scvi	logreg	H20.33.032	671	0.8941877794336811	0.757274311249159
Supertype	ref_scvi	logreg	H20.33.033	607	0.8665568369028006	0.7448347770752726
Supertype	ref_scvi	logreg	H20.33.034	677	0.896602658788774	0.7884160699344785
Supertype	ref_scvi	logreg	H20.33.035	609	0.8735632183908046	0.7808410434553256
Supertype	ref_scvi	logreg	H20.33.036	605	0.8842975206611571	0.7843032033010812
Supertype	ref_scvi	logreg	H20.33.037	621	0.856682769726248	0.7762865911267312
Supertype	ref_scvi	logreg	H20.33.038	387	0.813953488372093	0.6664284798582123
Supertype	ref_scvi	logreg	H20.33.039	667	0.9070464767616192	0.8084601847934202
Supertype	ref_scvi	logreg	H20.33.040	653	0.888208269525268	0.7894248497215078
Supertype	ref_scvi	logreg	H20.33.041	642	0.8909657320872274	0.7954026793706551
Supertype	ref_scvi	logreg	H20.33.043	658	0.9072948328267477	0.8141936383705806
Supertype	ref_scvi	logreg	H20.33.044	649	0.8828967642526965	0.7680381663539958
Supertype	ref_scvi	logreg	H20.33.045	635	0.8960629921259843	0.765517298028403
Supertype	ref_scvi	logreg	H20.33.046	663	0.8733031674208145	0.7626659873760644
Supertype	ref_scvi	logreg	H21.33.001	646	0.8513931888544891	0.6912764005944497
Supertype	ref_scvi	logreg	H21.33.002	656	0.8765243902439024	0.7723124646730957
Supertype	ref_scvi	logreg	H21.33.003	668	0.8997005988023952	0.8267903608364048
Supertype	ref_scvi	logreg	H21.33.004	650	0.9123076923076923	0.8512486064925439
Supertype	ref_scvi	logreg	H21.33.005	658	0.8829787234042553	0.7757227499689167
Supertype	ref_scvi	logreg	H21.33.006	622	0.9196141479099679	0.8420866072211688
Supertype	ref_scvi	logreg	H21.33.007	643	0.8880248833592534	0.783327342188532
Supertype	ref_scvi	logreg	H21.33.008	625	0.8912	0.8162961612751725
Supertype	ref_scvi	logreg	H21.33.009	617	0.86709886547812	0.7522925467151543
Supertype	ref_scvi	logreg	H21.33.010	659	0.8998482549317147	0.7601294471212291
Supertype	ref_scvi	logreg	H21.33.011	637	0.9010989010989011	0.8196978753489145
Supertype	ref_scvi	logreg	H21.33.012	668	0.9326347305389222	0.8187426199089879
Supertype	ref_scvi	logreg	H21.33.013	644	0.9161490683229814	0.7763239375517003
Supertype	ref_scvi	logreg	H21.33.014	632	0.9050632911392406	0.7846210503400037
Supertype	ref_scvi	logreg	H21.33.015	655	0.9221374045801527	0.8504135687163175
Supertype	ref_scvi	logreg	H21.33.016	619	0.9176090468497576	0.814595027936977
Supertype	ref_scvi	logreg	H21.33.017	604	0.8973509933774835	0.7608754697358233
Supertype	ref_scvi	logreg	H21.33.018	650	0.8938461538461538	0.7741318390425398
Supertype	ref_scvi	logreg	H21.33.019	694	0.9077809798270894	0.831089729917855
Supertype	ref_scvi	logreg	H21.33.020	228	0.7894736842105263	0.7063615807965946
Supertype	ref_scvi	logreg	H21.33.021	633	0.9067930489731437	0.8259521726401284
Supertype	ref_scvi	logreg	H21.33.022	666	0.9129129129129129	0.8310388196102212
Supertype	ref_scvi	logreg	H21.33.023	671	0.9195230998509687	0.8303608318308647
Supertype	ref_scvi	logreg	H21.33.025	660	0.8651515151515151	0.7859135547575601
Supertype	ref_scvi	logreg	H21.33.026	642	0.9096573208722741	0.8233034562749026
Supertype	ref_scvi	logreg	H21.33.027	683	0.9136163982430454	0.8223015276823482
Supertype	ref_scvi	logreg	H21.33.028	646	0.8993808049535603	0.7961556153578897
Supertype	ref_scvi	logreg	H21.33.029	637	0.8838304552590267	0.7577560814775129
Supertype	ref_scvi	logreg	H21.33.030	654	0.9373088685015291	0.8589249338880621
Supertype	ref_scvi	logreg	H21.33.031	655	0.9038167938931297	0.7767635135508841
Supertype	ref_scvi	logreg	H21.33.032	668	0.9101796407185628	0.811565693616267
Supertype	ref_scvi	logreg	H21.33.033	644	0.8711180124223602	0.7219496317434748
Supertype	ref_scvi	logreg	H21.33.034	462	0.8246753246753247	0.7506468596927821
Supertype	ref_scvi	logreg	H21.33.035	670	0.9164179104477612	0.7799316823032415
Supertype	ref_scvi	logreg	H21.33.036	609	0.9047619047619048	0.8033941998808497
Supertype	ref_scvi	logreg	H21.33.037	605	0.8958677685950414	0.7674614158003731
Supertype	ref_scvi	logreg	H21.33.038	618	0.8980582524271845	0.7784871344560521
Supertype	ref_scvi	logreg	H21.33.039	610	0.8491803278688524	0.740709607527444
Supertype	ref_scvi	logreg	H21.33.040	682	0.907624633431085	0.7862210988352392
Supertype	ref_scvi	logreg	H21.33.041	666	0.9024024024024024	0.777509686074455
Supertype	ref_scvi	logreg	H21.33.042	654	0.8868501529051988	0.8055805161494908
Supertype	ref_scvi	logreg	H21.33.043	673	0.8677563150074294	0.7641069810168688
Supertype	ref_scvi	logreg	H21.33.044	630	0.8761904761904762	0.7432994508531939
Supertype	ref_scvi	logreg	H21.33.045	616	0.8603896103896104	0.727854154971787
Supertype	ref_scvi	logreg	H21.33.046	597	0.916247906197655	0.8075500767400821
Supertype	ref_scvi	logreg	H21.33.047	642	0.9127725856697819	0.8011284818278912
Supertype	ref_scvi	knn	H19.33.004	690	0.8623188405797102	0.7431205000401117
Supertype	ref_scvi	knn	H20.33.001	670	0.844776119402985	0.7200582622792376
Supertype	ref_scvi	knn	H20.33.002	659	0.8861911987860395	0.8109098161213014
Supertype	ref_scvi	knn	H20.33.004	666	0.9114114114114115	0.8084135459025314
Supertype	ref_scvi	knn	H20.33.005	665	0.9022556390977443	0.7933651650718994
Supertype	ref_scvi	knn	H20.33.008	627	0.886762360446571	0.7355386614024345
Supertype	ref_scvi	knn	H20.33.011	662	0.8987915407854985	0.7844071393401864
Supertype	ref_scvi	knn	H20.33.012	653	0.8744257274119449	0.7394885707189894
Supertype	ref_scvi	knn	H20.33.013	652	0.8788343558282209	0.7663631137845432
Supertype	ref_scvi	knn	H20.33.014	650	0.8861538461538462	0.7111574221948833
Supertype	ref_scvi	knn	H20.33.015	651	0.8847926267281107	0.7446143373572883
Supertype	ref_scvi	knn	H20.33.016	646	0.8993808049535603	0.7650532818582525
Supertype	ref_scvi	knn	H20.33.017	659	0.866464339908953	0.7581706904183487
Supertype	ref_scvi	knn	H20.33.018	687	0.8675400291120815	0.7479181982801594
Supertype	ref_scvi	knn	H20.33.019	663	0.861236802413273	0.7483930025557426
Supertype	ref_scvi	knn	H20.33.020	668	0.8727544910179641	0.7488112539619504
Supertype	ref_scvi	knn	H20.33.024	642	0.8598130841121495	0.7739086893989433
Supertype	ref_scvi	knn	H20.33.025	664	0.8990963855421686	0.8056510034412987
Supertype	ref_scvi	knn	H20.33.026	617	0.8914100486223663	0.7578315684902652
Supertype	ref_scvi	knn	H20.33.027	688	0.8968023255813954	0.7559201600029973
Supertype	ref_scvi	knn	H20.33.028	573	0.8289703315881326	0.6388943197248407
Supertype	ref_scvi	knn	H20.33.029	637	0.9010989010989011	0.8007378342157885
Supertype	ref_scvi	knn	H20.33.030	676	0.8831360946745562	0.7304278019567724
Supertype	ref_scvi	knn	H20.33.031	608	0.8733552631578947	0.7568126290338199
Supertype	ref_scvi	knn	H20.33.032	671	0.879284649776453	0.7456584692951415
Supertype	ref_scvi	knn	H20.33.033	607	0.8533772652388797	0.7233174405411185
Supertype	ref_scvi	knn	H20.33.034	677	0.8774002954209749	0.7479724754128534
Supertype	ref_scvi	knn	H20.33.035	609	0.8604269293924466	0.7488245697234038
Supertype	ref_scvi	knn	H20.33.036	605	0.8677685950413223	0.7480718646056801
Supertype	ref_scvi	knn	H20.33.037	621	0.8405797101449275	0.7179839705264937
Supertype	ref_scvi	knn	H20.33.038	387	0.8036175710594315	0.6318184618200992
Supertype	ref_scvi	knn	H20.33.039	667	0.8905547226386806	0.7468369386027537
Supertype	ref_scvi	knn	H20.33.040	653	0.8790199081163859	0.7575034537886155
Supertype	ref_scvi	knn	H20.33.041	642	0.8520249221183801	0.7249251579334957
Supertype	ref_scvi	knn	H20.33.043	658	0.8860182370820668	0.7340075099519621
Supertype	ref_scvi	knn	H20.33.044	649	0.864406779661017	0.7309528973389186
Supertype	ref_scvi	knn	H20.33.045	635	0.8535433070866142	0.6868216213000604
Supertype	ref_scvi	knn	H20.33.046	663	0.8506787330316742	0.6845293826991126
Supertype	ref_scvi	knn	H21.33.001	646	0.8157894736842105	0.6628965716659408
Supertype	ref_scvi	knn	H21.33.002	656	0.8567073170731707	0.7487230576419709
Supertype	ref_scvi	knn	H21.33.003	668	0.8772455089820359	0.7563585056101625
Supertype	ref_scvi	knn	H21.33.004	650	0.8876923076923077	0.7591972937452973
Supertype	ref_scvi	knn	H21.33.005	658	0.8525835866261399	0.7149864686212762
Supertype	ref_scvi	knn	H21.33.006	622	0.8971061093247589	0.7759524783032484
Supertype	ref_scvi	knn	H21.33.007	643	0.8600311041990669	0.7491598180497113
Supertype	ref_scvi	knn	H21.33.008	625	0.8544	0.7170787358001263
Supertype	ref_scvi	knn	H21.33.009	617	0.8573743922204214	0.7393942178697607
Supertype	ref_scvi	knn	H21.33.010	659	0.8725341426403642	0.6767095546163323
Supertype	ref_scvi	knn	H21.33.011	637	0.8822605965463108	0.7864414707968307
Supertype	ref_scvi	knn	H21.33.012	668	0.9131736526946108	0.7653500329803072
Supertype	ref_scvi	knn	H21.33.013	644	0.9130434782608695	0.7996600809290867
Supertype	ref_scvi	knn	H21.33.014	632	0.8765822784810127	0.7094700656989089
Supertype	ref_scvi	knn	H21.33.015	655	0.8778625954198473	0.7732922072138345
Supertype	ref_scvi	knn	H21.33.016	619	0.8933764135702746	0.7686696040020001
Supertype	ref_scvi	knn	H21.33.017	604	0.8559602649006622	0.700363948079343
Supertype	ref_scvi	knn	H21.33.018	650	0.8876923076923077	0.7659523074541665
Supertype	ref_scvi	knn	H21.33.019	694	0.8789625360230547	0.7573675752702375
Supertype	ref_scvi	knn	H21.33.020	228	0.8114035087719298	0.6285574510896959
Supertype	ref_scvi	knn	H21.33.021	633	0.8767772511848341	0.7143425233680836
Supertype	ref_scvi	knn	H21.33.022	666	0.8783783783783784	0.7882807307340487
Supertype	ref_scvi	knn	H21.33.023	671	0.8986587183308494	0.7741737700453467
Supertype	ref_scvi	knn	H21.33.025	660	0.8575757575757575	0.7448837324915504
Supertype	ref_scvi	knn	H21.33.026	642	0.8753894080996885	0.7342596264936929
Supertype	ref_scvi	knn	H21.33.027	683	0.8960468521229868	0.7962134260849361
Supertype	ref_scvi	knn	H21.33.028	646	0.8575851393188855	0.7203491092733417
Supertype	ref_scvi	knn	H21.33.029	637	0.8555729984301413	0.6873894720696822
Supertype	ref_scvi	knn	H21.33.030	654	0.918960244648318	0.7963478163465779
Supertype	ref_scvi	knn	H21.33.031	655	0.8702290076335878	0.7298058632271804
Supertype	ref_scvi	knn	H21.33.032	668	0.8967065868263473	0.8005363388141354
Supertype	ref_scvi	knn	H21.33.033	644	0.8649068322981367	0.6889043720475203
Supertype	ref_scvi	knn	H21.33.034	462	0.8095238095238095	0.6389737139654675
Supertype	ref_scvi	knn	H21.33.035	670	0.8925373134328358	0.7406733369628817
Supertype	ref_scvi	knn	H21.33.036	609	0.8637110016420362	0.7330429150632747
Supertype	ref_scvi	knn	H21.33.037	605	0.8760330578512396	0.747282685215926
Supertype	ref_scvi	knn	H21.33.038	618	0.8737864077669902	0.7470104780484299
Supertype	ref_scvi	knn	H21.33.039	610	0.8344262295081967	0.7127368155193852
Supertype	ref_scvi	knn	H21.33.040	682	0.8944281524926686	0.7605128677413429
Supertype	ref_scvi	knn	H21.33.041	666	0.8948948948948949	0.754479670290576
Supertype	ref_scvi	knn	H21.33.042	654	0.8516819571865444	0.7380277841303517
Supertype	ref_scvi	knn	H21.33.043	673	0.8662704309063893	0.7798541849485138
Supertype	ref_scvi	knn	H21.33.044	630	0.8650793650793651	0.741103600608704
Supertype	ref_scvi	knn	H21.33.045	616	0.8246753246753247	0.6779469952983393
Supertype	ref_scvi	knn	H21.33.046	597	0.8860971524288107	0.6998509513539733
Supertype	ref_scvi	knn	H21.33.047	642	0.8753894080996885	0.7213622764178744
