label	embedding	probe	donor	n	accuracy	macro_f1
Subclass	pca	logreg	H19.33.004	720	0.9875	0.9874165793030082
Subclass	pca	logreg	H20.33.001	700	0.9928571428571429	0.993052428356536
Subclass	pca	logreg	H20.33.002	680	0.9970588235294118	0.9972191323692993
Subclass	pca	logreg	H20.33.004	698	0.998567335243553	0.9986107252014449
Subclass	pca	logreg	H20.33.005	688	0.9941860465116279	0.9944432867154456
Subclass	pca	logreg	H20.33.008	648	0.9922839506172839	0.9930296596862261
Subclass	pca	logreg	H20.33.011	677	0.9911373707533235	0.9913014553563227
Subclass	pca	logreg	H20.33.012	678	0.9882005899705014	0.9889041199639929
Subclass	pca	logreg	H20.33.013	676	0.9911242603550295	0.9898893155115817
Subclass	pca	logreg	H20.33.014	665	0.9969924812030075	0.9972214504028897
Subclass	pca	logreg	H20.33.015	679	0.9955817378497791	0.9958321756043347
Subclass	pca	logreg	H20.33.016	671	0.9865871833084948	0.9874906930951344
Subclass	pca	logreg	H20.33.017	685	0.9941605839416059	0.9944432867154457
Subclass	pca	logreg	H20.33.018	709	0.9943582510578279	0.9944429008057792
Subclass	pca	logreg	H20.33.019	681	0.9897209985315712	0.9902455020422417
Subclass	pca	logreg	H20.33.020	695	0.9928057553956835	0.9930536260072244
Subclass	pca	logreg	H20.33.024	666	0.9924924924924925	0.9930516938833001
Subclass	pca	logreg	H20.33.025	693	0.9927849927849928	0.9930775524065328
Subclass	pca	logreg	H20.33.026	643	0.9937791601866252	0.9944429008057792
Subclass	pca	logreg	H20.33.027	713	0.9873772791023843	0.9871269218301381
Subclass	pca	logreg	H20.33.028	590	0.9932203389830508	0.9933508937206007
Subclass	pca	logreg	H20.33.029	659	0.9969650986342944	0.9972214504028898
Subclass	pca	logreg	H20.33.030	701	0.9885877318116976	0.9889089162698451
Subclass	pca	logreg	H20.33.031	627	0.9920255183413078	0.9930771664968665
Subclass	pca	logreg	H20.33.032	696	0.9913793103448276	0.991682283651437
Subclass	pca	logreg	H20.33.033	635	0.9968503937007874	0.9972214504028898
Subclass	pca	logreg	H20.33.034	700	0.9928571428571429	0.9921288578102971
Subclass	pca	logreg	H20.33.035	633	0.9873617693522907	0.9871391037847433
Subclass	pca	logreg	H20.33.036	625	0.9952	0.9954507537135389
Subclass	pca	logreg	H20.33.037	647	0.990726429675425	0.9908194788606296
Subclass	pca	logreg	H20.33.038	397	0.9924433249370277	0.9952367721192394
Subclass	pca	logreg	H20.33.039	695	0.9928057553956835	0.9930520797929662
Subclass	pca	logreg	H20.33.040	689	0.9956458635703919	0.9958228905597327
Subclass	pca	logreg	H20.33.041	668	0.9940119760479041	0.9945222701149424
Subclass	pca	logreg	H20.33.043	681	0.9911894273127754	0.9916579314207726
Subclass	pca	logreg	H20.33.044	676	0.9940828402366864	0.99378226080323
Subclass	pca	logreg	H20.33.045	651	0.9938556067588326	0.9868378163587854
Subclass	pca	logreg	H20.33.046	687	0.9912663755458515	0.9917099258953851
Subclass	pca	logreg	H21.33.001	689	0.988388969521045	0.988784710314059
Subclass	pca	logreg	H21.33.002	674	0.9940652818991098	0.9926981351028882
Subclass	pca	logreg	H21.33.003	690	0.9855072463768116	0.9860852551634713
Subclass	pca	logreg	H21.33.004	668	0.9970059880239521	0.9971970981722255
Subclass	pca	logreg	H21.33.005	679	0.9926362297496318	0.9930049215458956
Subclass	pca	logreg	H21.33.006	650	0.9938461538461538	0.9944432867154457
Subclass	pca	logreg	H21.33.007	676	0.992603550295858	0.9899495791479676
Subclass	pca	logreg	H21.33.008	638	0.9921630094043887	0.9927029492246884
Subclass	pca	logreg	H21.33.009	646	0.9907120743034056	0.9901779693514605
Subclass	pca	logreg	H21.33.010	685	0.9912408759124087	0.9916851877550545
Subclass	pca	logreg	H21.33.011	665	0.98796992481203	0.9859202416675279
Subclass	pca	logreg	H21.33.012	693	0.9942279942279942	0.9944409686818552
Subclass	pca	logreg	H21.33.013	672	0.9910714285714286	0.9916407707973374
Subclass	pca	logreg	H21.33.014	662	0.9939577039274925	0.994440582772189
Subclass	pca	logreg	H21.33.015	681	0.9897209985315712	0.989448600082219
Subclass	pca	logreg	H21.33.016	644	0.9922360248447205	0.9930528915339885
Subclass	pca	logreg	H21.33.017	639	0.9843505477308294	0.9860280773985629
Subclass	pca	logreg	H21.33.018	672	0.9880952380952381	0.9889265027246363
Subclass	pca	logreg	H21.33.019	717	0.99860529986053	0.9986107252014449
Subclass	pca	logreg	H21.33.020	236	0.9830508474576272	0.9746471464889979
Subclass	pca	logreg	H21.33.021	647	0.9953632148377125	0.9957188475979927
Subclass	pca	logreg	H21.33.022	684	0.9912280701754386	0.9916651230280017
Subclass	pca	logreg	H21.33.023	690	0.9956521739130435	0.9958325615140008
Subclass	pca	logreg	H21.33.025	691	0.9956584659913169	0.995832947423667
Subclass	pca	logreg	H21.33.026	662	0.9818731117824774	0.9812579938800635
Subclass	pca	logreg	H21.33.027	709	0.9901269393511989	0.9902754623197803
Subclass	pca	logreg	H21.33.028	668	1.0	1.0
Subclass	pca	logreg	H21.33.029	670	0.9895522388059701	0.9881524370422431
Subclass	pca	logreg	H21.33.030	677	0.9970457902511078	0.9972218363125559
Subclass	pca	logreg	H21.33.031	674	0.9881305637982196	0.9888462077038765
Subclass	pca	logreg	H21.33.032	684	0.9912280701754386	0.9903856271727856
Subclass	pca	logreg	H21.33.033	666	0.9924924924924925	0.9930520797929662
Subclass	pca	logreg	H21.33.034	472	0.9872881355932204	0.9876874889489504
Subclass	pca	logreg	H21.33.035	694	0.9942363112391931	0.994440582772189
Subclass	pca	logreg	H21.33.036	633	0.9889415481832543	0.9902918112021935
Subclass	pca	logreg	H21.33.037	628	0.9840764331210191	0.9813808605296579
Subclass	pca	logreg	H21.33.038	641	0.9875195007800313	0.9873355253251974
Subclass	pca	logreg	H21.33.039	632	0.990506329113924	0.9916631909040774
Subclass	pca	logreg	H21.33.040	710	0.9887323943661972	0.988882671836946
Subclass	pca	logreg	H21.33.041	687	0.9912663755458515	0.9916388785951028
Subclass	pca	logreg	H21.33.042	672	0.9910714285714286	0.9903057556078249
Subclass	pca	logreg	H21.33.043	688	0.9912790697674418	0.9898465656781719
Subclass	pca	logreg	H21.33.044	662	0.9803625377643505	0.9818827906250972
Subclass	pca	logreg	H21.33.045	638	0.9905956112852664	0.9917062499724351
Subclass	pca	logreg	H21.33.046	623	0.9983948635634029	0.9986107252014449
Subclass	pca	logreg	H21.33.047	661	0.9954614220877458	0.995446859645248
Subclass	pca	knn	H19.33.004	720	0.9930555555555556	0.99297696958529
Subclass	pca	knn	H20.33.001	700	0.9942857142857143	0.9944432867154456
Subclass	pca	knn	H20.33.002	680	0.9985294117647059	0.9986107252014449
Subclass	pca	knn	H20.33.004	698	0.998567335243553	0.9986107252014449
Subclass	pca	knn	H20.33.005	688	0.997093023255814	0.9972214504028898
Subclass	pca	knn	H20.33.008	648	0.9953703703703703	0.9958325615140008
Subclass	pca	knn	H20.33.011	677	0.9955686853766618	0.9958553301843104
Subclass	pca	knn	H20.33.012	678	0.995575221238938	0.9958078233736702
Subclass	pca	knn	H20.33.013	676	0.992603550295858	0.9912845080736686
Subclass	pca	knn	H20.33.014	665	0.9954887218045113	0.9958298575707442
Subclass	pca	knn	H20.33.015	679	0.9911634756995582	0.9916628049944111
Subclass	pca	knn	H20.33.016	671	0.9880774962742176	0.9888822859272799
Subclass	pca	knn	H20.33.017	685	0.9912408759124087	0.9916628049944111
Subclass	pca	knn	H20.33.018	709	0.995768688293371	0.9958078233736702
Subclass	pca	knn	H20.33.019	681	0.9926578560939795	0.9930269557429695
Subclass	pca	knn	H20.33.020	695	0.9942446043165467	0.9944336157611776
Subclass	pca	knn	H20.33.024	666	0.990990990990991	0.9916608355243902
Subclass	pca	knn	H20.33.025	693	0.9956709956709957	0.9958321756043346
Subclass	pca	knn	H20.33.026	643	0.9922239502332815	0.9930528142662021
Subclass	pca	knn	H20.33.027	713	0.9929873772791024	0.9926604805347164
Subclass	pca	knn	H20.33.028	590	0.9915254237288136	0.9914737358197595
Subclass	pca	knn	H20.33.029	659	0.9954476479514416	0.9958321756043347
Subclass	pca	knn	H20.33.030	701	0.9900142653352354	0.9891175540186596
Subclass	pca	knn	H20.33.031	627	0.9936204146730463	0.9943941963444507
Subclass	pca	knn	H20.33.032	696	0.9942528735632183	0.9944653209125196
Subclass	pca	knn	H20.33.033	635	0.9905511811023622	0.9916399989780048
Subclass	pca	knn	H20.33.034	700	0.99	0.9898085989484624
Subclass	pca	knn	H20.33.035	633	0.990521327014218	0.9915788446526151
Subclass	pca	knn	H20.33.036	625	0.9936	0.9939364034419174
Subclass	pca	knn	H20.33.037	647	0.9891808346213292	0.9893456759683015
Subclass	pca	knn	H20.33.038	397	0.9924433249370277	0.9812571902180126
Subclass	pca	knn	H20.33.039	695	0.9928057553956835	0.9931329953163873
Subclass	pca	knn	H20.33.040	689	0.9912917271407837	0.9916620331750786
Subclass	pca	knn	H20.33.041	668	0.9955089820359282	0.9958542098014084
Subclass	pca	knn	H20.33.043	681	0.9970631424375918	0.9972191323692993
Subclass	pca	knn	H20.33.044	676	0.9955621301775148	0.9958321756043346
Subclass	pca	knn	H20.33.045	651	0.9861751152073732	0.9798102982801032
Subclass	pca	knn	H20.33.046	687	0.9941775836972343	0.9944440585347781
Subclass	pca	knn	H21.33.001	689	0.97677793904209	0.9763242241335414
Subclass	pca	knn	H21.33.002	674	0.9955489614243324	0.9940881817207758
Subclass	pca	knn	H21.33.003	690	0.9869565217391304	0.9874872417684019
Subclass	pca	knn	H21.33.004	668	0.9895209580838323	0.990249500427887
Subclass	pca	knn	H21.33.005	679	0.9926362297496318	0.9929792876188804
Subclass	pca	knn	H21.33.006	650	0.9953846153846154	0.9958078233736702
Subclass	pca	knn	H21.33.007	676	0.9940828402366864	0.9913601163242641
Subclass	pca	knn	H21.33.008	638	0.9937304075235109	0.9941988689796754
Subclass	pca	knn	H21.33.009	646	0.9845201238390093	0.9846547294122484
Subclass	pca	knn	H21.33.010	685	0.9927007299270073	0.9930516938833001
Subclass	pca	knn	H21.33.011	665	0.9894736842105263	0.9873245836521454
Subclass	pca	knn	H21.33.012	693	0.9942279942279942	0.9944660553857553
Subclass	pca	knn	H21.33.013	672	0.9955357142857143	0.9958078233736701
Subclass	pca	knn	H21.33.014	662	0.9939577039274925	0.9944409686818553
Subclass	pca	knn	H21.33.015	681	0.9911894273127754	0.9907895563291117
Subclass	pca	knn	H21.33.016	644	0.9906832298136646	0.9916635768137437
Subclass	pca	knn	H21.33.017	639	0.9906103286384976	0.9916636167354334
Subclass	pca	knn	H21.33.018	672	0.9925595238095238	0.9930733421707076
Subclass	pca	knn	H21.33.019	717	0.9944211994421199	0.9944336157611775
Subclass	pca	knn	H21.33.020	236	0.9872881355932204	0.9894344052660266
Subclass	pca	knn	H21.33.021	647	0.9922720247295209	0.9927507627125586
Subclass	pca	knn	H21.33.022	684	0.9941520467836257	0.9944429008057795
Subclass	pca	knn	H21.33.023	690	0.9956521739130435	0.9958325615140008
Subclass	pca	knn	H21.33.025	691	0.9956584659913169	0.9958321756043346
Subclass	pca	knn	H21.33.026	662	0.9879154078549849	0.9869945212365832
Subclass	pca	knn	H21.33.027	709	0.995768688293371	0.9958329474236671
Subclass	pca	knn	H21.33.028	668	0.9940119760479041	0.994418548575115
Subclass	pca	knn	H21.33.029	670	0.9955223880597015	0.9958321756043346
Subclass	pca	knn	H21.33.030	677	0.9970457902511078	0.9972214504028898
Subclass	pca	knn	H21.33.031	674	0.9881305637982196	0.9888753961840547
Subclass	pca	knn	H21.33.032	684	0.9941520467836257	0.9917106977147178
Subclass	pca	knn	H21.33.033	666	0.996996996996997	0.9972214504028898
Subclass	pca	knn	H21.33.034	472	0.9957627118644068	0.9969663262210537
Subclass	pca	knn	H21.33.035	694	0.9942363112391931	0.9905198717750815
Subclass	pca	knn	H21.33.036	633	0.995260663507109	0.9958542098014084
Subclass	pca	knn	H21.33.037	628	0.9856687898089171	0.9869247039845348
Subclass	pca	knn	H21.33.038	641	0.9890795631825273	0.9887280139440277
Subclass	pca	knn	H21.33.039	632	0.9920886075949367	0.993054783736223
Subclass	pca	knn	H21.33.040	710	0.9929577464788732	0.9930024421988565
Subclass	pca	knn	H21.33.041	687	0.992721979621543	0.9930525056243221
Subclass	pca	knn	H21.33.042	672	0.9851190476190477	0.9807789323132883
Subclass	pca	knn	H21.33.043	688	0.9912790697674418	0.9887806772428753
Subclass	pca	knn	H21.33.044	662	0.9879154078549849	0.9888827491047326
Subclass	pca	knn	H21.33.045	638	0.9890282131661442	0.9902565063209101
Subclass	pca	knn	H21.33.046	623	0.9967897271268058	0.9972222222222222
Subclass	pca	knn	H21.33.047	661	0.9863842662632375	0.9875168146354588
Subclass	pca256	logreg	H19.33.004	720	0.9944444444444445	0.9944409686818552
Subclass	pca256	logreg	H20.33.001	700	0.9985714285714286	0.9986107252014449
Subclass	pca256	logreg	H20.33.002	680	0.9985294117647059	0.9986107252014449
Subclass	pca256	logreg	H20.33.004	698	1.0	1.0
Subclass	pca256	logreg	H20.33.005	688	0.997093023255814	0.9972214504028898
Subclass	pca256	logreg	H20.33.008	648	0.9969135802469136	0.9972214504028897
Subclass	pca256	logreg	H20.33.011	677	0.9926144756277696	0.9930764320236306
Subclass	pca256	logreg	H20.33.012	678	0.995575221238938	0.9958321756043347
Subclass	pca256	logreg	H20.33.013	676	0.9896449704142012	0.9885000407130266
Subclass	pca256	logreg	H20.33.014	665	0.9969924812030075	0.9972214504028897
Subclass	pca256	logreg	H20.33.015	679	0.9926362297496318	0.9926663779242135
Subclass	pca256	logreg	H20.33.016	671	0.9880774962742176	0.9888799678936894
Subclass	pca256	logreg	H20.33.017	685	0.9941605839416059	0.9944409686818552
Subclass	pca256	logreg	H20.33.018	709	0.995768688293371	0.9958298575707442
Subclass	pca256	logreg	H20.33.019	681	0.9926578560939795	0.9930281533936579
Subclass	pca256	logreg	H20.33.020	695	0.9971223021582734	0.9972214504028898
Subclass	pca256	logreg	H20.33.024	666	0.9924924924924925	0.9930269557429695
Subclass	pca256	logreg	H20.33.025	693	0.9985569985569985	0.9986107252014449
Subclass	pca256	logreg	H20.33.026	643	0.9984447900466563	0.9986107252014449
Subclass	pca256	logreg	H20.33.027	713	0.9929873772791024	0.9928261949728207
Subclass	pca256	logreg	H20.33.028	590	0.9932203389830508	0.9929266380647802
Subclass	pca256	logreg	H20.33.029	659	0.9939301972685888	0.9944836019188571
Subclass	pca256	logreg	H20.33.030	701	0.9942938659058488	0.9944429008057795
Subclass	pca256	logreg	H20.33.031	627	0.9952153110047847	0.9958298575707442
Subclass	pca256	logreg	H20.33.032	696	0.9971264367816092	0.9972214504028898
Subclass	pca256	logreg	H20.33.033	635	0.9937007874015747	0.9944429008057795
Subclass	pca256	logreg	H20.33.034	700	0.9985714285714286	0.9986107252014449
Subclass	pca256	logreg	H20.33.035	633	0.990521327014218	0.9916411567070037
Subclass	pca256	logreg	H20.33.036	625	0.9904	0.9909027296629712
Subclass	pca256	logreg	H20.33.037	647	0.9953632148377125	0.995428022935664
Subclass	pca256	logreg	H20.33.038	397	0.9949622166246851	0.9957003929663002
Subclass	pca256	logreg	H20.33.039	695	0.99568345323741	0.9958325615140008
Subclass	pca256	logreg	H20.33.040	689	0.9840348330914369	0.9813781685918072
Subclass	pca256	logreg	H20.33.041	668	0.9955089820359282	0.9958298575707442
Subclass	pca256	logreg	H20.33.043	681	0.9970631424375918	0.9972222222222222
Subclass	pca256	logreg	H20.33.044	676	0.9970414201183432	0.9972434845999635
Subclass	pca256	logreg	H20.33.045	651	0.9923195084485407	0.9854672084762339
Subclass	pca256	logreg	H20.33.046	687	0.9970887918486172	0.9972214504028897
Subclass	pca256	logreg	H21.33.001	689	0.9898403483309144	0.9903199166235942
Subclass	pca256	logreg	H21.33.002	674	0.9925816023738873	0.9915417715364493
Subclass	pca256	logreg	H21.33.003	690	0.9942028985507246	0.9944436726251119
Subclass	pca256	logreg	H21.33.004	668	0.9955089820359282	0.9958078233736702
Subclass	pca256	logreg	H21.33.005	679	0.9941089837997055	0.994418548575115
Subclass	pca256	logreg	H21.33.006	650	0.9953846153846154	0.9958325615140008
Subclass	pca256	logreg	H21.33.007	676	0.9896449704142012	0.9871455569372909
Subclass	pca256	logreg	H21.33.008	638	0.9937304075235109	0.9941938630172791
Subclass	pca256	logreg	H21.33.009	646	0.9907120743034056	0.9901764630588922
Subclass	pca256	logreg	H21.33.010	685	0.9956204379562044	0.9958325615140008
Subclass	pca256	logreg	H21.33.011	665	0.9924812030075187	0.9900872942438608
Subclass	pca256	logreg	H21.33.012	693	0.9956709956709957	0.9958542098014084
Subclass	pca256	logreg	H21.33.013	672	0.9940476190476191	0.9944429008057795
Subclass	pca256	logreg	H21.33.014	662	0.9924471299093656	0.9930528142662021
Subclass	pca256	logreg	H21.33.015	681	0.9941262848751835	0.994000220698609
Subclass	pca256	logreg	H21.33.016	644	0.9968944099378882	0.9972214504028897
Subclass	pca256	logreg	H21.33.017	639	0.9874804381846636	0.9888104268859754
Subclass	pca256	logreg	H21.33.018	672	0.9895833333333334	0.9902962988661655
Subclass	pca256	logreg	H21.33.019	717	0.99581589958159	0.9958321756043346
Subclass	pca256	logreg	H21.33.020	236	0.9830508474576272	0.966729917773561
Subclass	pca256	logreg	H21.33.021	647	0.9969088098918083	0.9971006438986673
Subclass	pca256	logreg	H21.33.022	684	0.9941520467836257	0.9944836019188571
Subclass	pca256	logreg	H21.33.023	690	0.9956521739130435	0.9958325615140008
Subclass	pca256	logreg	H21.33.025	691	0.9971056439942113	0.9972434845999635
Subclass	pca256	logreg	H21.33.026	662	0.9909365558912386	0.9899164668552105
Subclass	pca256	logreg	H21.33.027	709	0.9901269393511989	0.9902770059584453
Subclass	pca256	logreg	H21.33.028	668	0.9970059880239521	0.9972214504028898
Subclass	pca256	logreg	H21.33.029	670	0.9955223880597015	0.9952757640309738
Subclass	pca256	logreg	H21.33.030	677	0.9911373707533235	0.9916624190847448
Subclass	pca256	logreg	H21.33.031	674	0.9925816023738873	0.9930038011629936
Subclass	pca256	logreg	H21.33.032	684	0.9926900584795322	0.9917764855316954
Subclass	pca256	logreg	H21.33.033	666	0.993993993993994	0.994440582772189
Subclass	pca256	logreg	H21.33.034	472	0.9936440677966102	0.9954507537135391
Subclass	pca256	logreg	H21.33.035	694	0.9956772334293948	0.9958298575707442
Subclass	pca256	logreg	H21.33.036	633	0.990521327014218	0.9916852650228408
Subclass	pca256	logreg	H21.33.037	628	0.9872611464968153	0.9883792196705204
Subclass	pca256	logreg	H21.33.038	641	0.9906396255850234	0.9901133031029753
Subclass	pca256	logreg	H21.33.039	632	0.990506329113924	0.991664351208669
Subclass	pca256	logreg	H21.33.040	710	0.995774647887324	0.9958321756043347
Subclass	pca256	logreg	H21.33.041	687	0.9912663755458515	0.9916609127921765
Subclass	pca256	logreg	H21.33.042	672	0.9895833333333334	0.9850964435520861
Subclass	pca256	logreg	H21.33.043	688	0.9956395348837209	0.9958321756043346
Subclass	pca256	logreg	H21.33.044	662	0.986404833836858	0.9875817545509079
Subclass	pca256	logreg	H21.33.045	638	0.9937304075235109	0.9944836019188571
Subclass	pca256	logreg	H21.33.046	623	0.9983948635634029	0.9986107252014449
Subclass	pca256	logreg	H21.33.047	661	0.989409984871407	0.9903157775231914
Subclass	pca256	knn	H19.33.004	720	0.9638888888888889	0.9647675843842571
Subclass	pca256	knn	H20.33.001	700	0.9685714285714285	0.9696213333493757
Subclass	pca256	knn	H20.33.002	680	0.9705882352941176	0.971797681301901
Subclass	pca256	knn	H20.33.004	698	0.9699140401146131	0.9704614538864211
Subclass	pca256	knn	H20.33.005	688	0.9738372093023255	0.9748340906248082
Subclass	pca256	knn	H20.33.008	648	0.9614197530864198	0.9637927789096569
Subclass	pca256	knn	H20.33.011	677	0.9719350073855244	0.9713221284719786
Subclass	pca256	knn	H20.33.012	678	0.9616519174041298	0.9634675274504918
Subclass	pca256	knn	H20.33.013	676	0.9600591715976331	0.9599012509934554
Subclass	pca256	knn	H20.33.014	665	0.968421052631579	0.9637105462865453
Subclass	pca256	knn	H20.33.015	679	0.9602356406480118	0.9598696797094481
Subclass	pca256	knn	H20.33.016	671	0.96274217585693	0.9630675853653449
Subclass	pca256	knn	H20.33.017	685	0.9562043795620438	0.9584235745646398
Subclass	pca256	knn	H20.33.018	709	0.9619181946403385	0.9624396415056404
Subclass	pca256	knn	H20.33.019	681	0.9559471365638766	0.9568331844083944
Subclass	pca256	knn	H20.33.020	695	0.9640287769784173	0.9655018705228202
Subclass	pca256	knn	H20.33.024	666	0.9624624624624625	0.9587869578042397
Subclass	pca256	knn	H20.33.025	693	0.9711399711399712	0.9720265560342792
Subclass	pca256	knn	H20.33.026	643	0.9642301710730948	0.9683313150835691
Subclass	pca256	knn	H20.33.027	713	0.967741935483871	0.9674517638562037
Subclass	pca256	knn	H20.33.028	590	0.9559322033898305	0.9491840443094139
Subclass	pca256	knn	H20.33.029	659	0.9681335356600911	0.9712976035779404
Subclass	pca256	knn	H20.33.030	701	0.9472182596291013	0.9496395742629974
Subclass	pca256	knn	H20.33.031	627	0.960127591706539	0.9594182628891383
Subclass	pca256	knn	H20.33.032	696	0.9454022988505747	0.9405144784673064
Subclass	pca256	knn	H20.33.033	635	0.9354330708661417	0.940872751881451
Subclass	pca256	knn	H20.33.034	700	0.9542857142857143	0.9572871956106505
Subclass	pca256	knn	H20.33.035	633	0.957345971563981	0.9571605133141216
Subclass	pca256	knn	H20.33.036	625	0.96	0.9580980087963173
Subclass	pca256	knn	H20.33.037	647	0.9335394126738794	0.9370357939343266
Subclass	pca256	knn	H20.33.038	397	0.9546599496221663	0.9043162103377844
Subclass	pca256	knn	H20.33.039	695	0.9510791366906475	0.9491329852380895
Subclass	pca256	knn	H20.33.040	689	0.9375907111756169	0.9390598946709288
Subclass	pca256	knn	H20.33.041	668	0.9880239520958084	0.9860919191298375
Subclass	pca256	knn	H20.33.043	681	0.9794419970631424	0.9799626088849104
Subclass	pca256	knn	H20.33.044	676	0.9289940828402367	0.9323113925423678
Subclass	pca256	knn	H20.33.045	651	0.9539170506912442	0.9511057739409233
Subclass	pca256	knn	H20.33.046	687	0.9563318777292577	0.9595511696713794
Subclass	pca256	knn	H21.33.001	689	0.9462989840348331	0.9497747333000562
Subclass	pca256	knn	H21.33.002	674	0.956973293768546	0.9602342962368248
Subclass	pca256	knn	H21.33.003	690	0.9637681159420289	0.9632158187365484
Subclass	pca256	knn	H21.33.004	668	0.9715568862275449	0.9704579909231542
Subclass	pca256	knn	H21.33.005	679	0.9189985272459499	0.9226603242692205
Subclass	pca256	knn	H21.33.006	650	0.9738461538461538	0.9759747510658056
Subclass	pca256	knn	H21.33.007	676	0.9541420118343196	0.9527450558710173
Subclass	pca256	knn	H21.33.008	638	0.9561128526645768	0.9603456209975032
Subclass	pca256	knn	H21.33.009	646	0.955108359133127	0.9605660544653079
Subclass	pca256	knn	H21.33.010	685	0.948905109489051	0.9523514088194256
Subclass	pca256	knn	H21.33.011	665	0.968421052631579	0.9689285102989958
Subclass	pca256	knn	H21.33.012	693	0.974025974025974	0.9732256108235934
Subclass	pca256	knn	H21.33.013	672	0.9672619047619048	0.9672012883927801
Subclass	pca256	knn	H21.33.014	662	0.974320241691843	0.9677590551143943
Subclass	pca256	knn	H21.33.015	681	0.9706314243759178	0.9719886834374938
Subclass	pca256	knn	H21.33.016	644	0.9798136645962733	0.9819899163291539
Subclass	pca256	knn	H21.33.017	639	0.9608763693270735	0.9656408343430805
Subclass	pca256	knn	H21.33.018	672	0.96875	0.970458657982741
Subclass	pca256	knn	H21.33.019	717	0.9693165969316597	0.9693239029281792
Subclass	pca256	knn	H21.33.020	236	0.9067796610169492	0.7249706141982127
Subclass	pca256	knn	H21.33.021	647	0.9721792890262752	0.9728968591181903
Subclass	pca256	knn	H21.33.022	684	0.9809941520467836	0.981838944213024
Subclass	pca256	knn	H21.33.023	690	0.9637681159420289	0.9653043278588153
Subclass	pca256	knn	H21.33.025	691	0.9855282199710564	0.9862516746673536
Subclass	pca256	knn	H21.33.026	662	0.9637462235649547	0.964520341403179
Subclass	pca256	knn	H21.33.027	709	0.9506346967559943	0.9511894065752634
Subclass	pca256	knn	H21.33.028	668	0.9625748502994012	0.965293351226796
Subclass	pca256	knn	H21.33.029	670	0.9507462686567164	0.9518031758603382
Subclass	pca256	knn	H21.33.030	677	0.9719350073855244	0.9729666684117833
Subclass	pca256	knn	H21.33.031	674	0.9436201780415431	0.9465566290288673
Subclass	pca256	knn	H21.33.032	684	0.9546783625730995	0.9508096270790896
Subclass	pca256	knn	H21.33.033	666	0.948948948948949	0.952344671193838
Subclass	pca256	knn	H21.33.034	472	0.9449152542372882	0.9369414757022351
Subclass	pca256	knn	H21.33.035	694	0.9769452449567724	0.9780888694733533
Subclass	pca256	knn	H21.33.036	633	0.9699842022116903	0.9726437833686562
Subclass	pca256	knn	H21.33.037	628	0.9442675159235668	0.9483469455553674
Subclass	pca256	knn	H21.33.038	641	0.9609984399375975	0.9604874944462428
Subclass	pca256	knn	H21.33.039	632	0.9762658227848101	0.9794857766480206
Subclass	pca256	knn	H21.33.040	710	0.952112676056338	0.9538249882064068
Subclass	pca256	knn	H21.33.041	687	0.9592430858806404	0.9587914471008322
Subclass	pca256	knn	H21.33.042	672	0.9479166666666666	0.9467368034237672
Subclass	pca256	knn	H21.33.043	688	0.9563953488372093	0.959381436977265
Subclass	pca256	knn	H21.33.044	662	0.9199395770392749	0.928294852376404
Subclass	pca256	knn	H21.33.045	638	0.9608150470219435	0.9645300970658903
Subclass	pca256	knn	H21.33.046	623	0.9550561797752809	0.9570037702868014
Subclass	pca256	knn	H21.33.047	661	0.9515885022692889	0.9529463245573314
Subclass	gf_v2_104m_cls	logreg	H19.33.004	720	0.9958333333333333	0.9958298575707442
Subclass	gf_v2_104m_cls	logreg	H20.33.001	700	0.9957142857142857	0.9958321756043347
Subclass	gf_v2_104m_cls	logreg	H20.33.002	680	0.9941176470588236	0.9944429008057795
Subclass	gf_v2_104m_cls	logreg	H20.33.004	698	0.998567335243553	0.9986107252014449
Subclass	gf_v2_104m_cls	logreg	H20.33.005	688	0.9927325581395349	0.9930013218159545
Subclass	gf_v2_104m_cls	logreg	H20.33.008	648	0.9969135802469136	0.9972214504028898
Subclass	gf_v2_104m_cls	logreg	H20.33.011	677	0.9955686853766618	0.9958325615140008
Subclass	gf_v2_104m_cls	logreg	H20.33.012	678	0.9882005899705014	0.9889037340543267
Subclass	gf_v2_104m_cls	logreg	H20.33.013	676	0.9940828402366864	0.9926737828722237
Subclass	gf_v2_104m_cls	logreg	H20.33.014	665	0.9954887218045113	0.9955670800119476
Subclass	gf_v2_104m_cls	logreg	H20.33.015	679	0.9985272459499264	0.9986107252014449
Subclass	gf_v2_104m_cls	logreg	H20.33.016	671	0.9865871833084948	0.9863652488544483
Subclass	gf_v2_104m_cls	logreg	H20.33.017	685	0.9956204379562044	0.9958542098014084
Subclass	gf_v2_104m_cls	logreg	H20.33.018	709	0.995768688293371	0.9958321756043347
Subclass	gf_v2_104m_cls	logreg	H20.33.019	681	0.9926578560939795	0.9930699748896376
Subclass	gf_v2_104m_cls	logreg	H20.33.020	695	0.9971223021582734	0.9972214504028897
Subclass	gf_v2_104m_cls	logreg	H20.33.024	666	0.996996996996997	0.9972214504028897
Subclass	gf_v2_104m_cls	logreg	H20.33.025	693	0.9927849927849928	0.9930760461139644
Subclass	gf_v2_104m_cls	logreg	H20.33.026	643	0.9984447900466563	0.9986107252014449
Subclass	gf_v2_104m_cls	logreg	H20.33.027	713	0.9957924263674615	0.9956287108909292
Subclass	gf_v2_104m_cls	logreg	H20.33.028	590	0.9932203389830508	0.9942250853796721
Subclass	gf_v2_104m_cls	logreg	H20.33.029	659	0.9954476479514416	0.995832947423667
Subclass	gf_v2_104m_cls	logreg	H20.33.030	701	0.985734664764622	0.9861026159472676
Subclass	gf_v2_104m_cls	logreg	H20.33.031	627	0.9904306220095693	0.9895856727059368
Subclass	gf_v2_104m_cls	logreg	H20.33.032	696	0.9985632183908046	0.9986107252014449
Subclass	gf_v2_104m_cls	logreg	H20.33.033	635	0.988976377952756	0.9902990028094223
Subclass	gf_v2_104m_cls	logreg	H20.33.034	700	0.9928571428571429	0.99256975041568
Subclass	gf_v2_104m_cls	logreg	H20.33.035	633	0.9889415481832543	0.9865688155361755
Subclass	gf_v2_104m_cls	logreg	H20.33.036	625	0.9984	0.9984844274924853
Subclass	gf_v2_104m_cls	logreg	H20.33.037	647	0.9938176197836167	0.9939111439001255
Subclass	gf_v2_104m_cls	logreg	H20.33.038	397	0.9949622166246851	0.9817590424147802
Subclass	gf_v2_104m_cls	logreg	H20.33.039	695	0.9928057553956835	0.993054783736223
Subclass	gf_v2_104m_cls	logreg	H20.33.040	689	0.9927431059506531	0.9914986032394898
Subclass	gf_v2_104m_cls	logreg	H20.33.041	668	0.9970059880239521	0.9972191323692993
Subclass	gf_v2_104m_cls	logreg	H20.33.043	681	0.9955947136563876	0.9958298575707439
Subclass	gf_v2_104m_cls	logreg	H20.33.044	676	0.9940828402366864	0.9944649350028533
Subclass	gf_v2_104m_cls	logreg	H20.33.045	651	0.989247311827957	0.9904098743281802
Subclass	gf_v2_104m_cls	logreg	H20.33.046	687	0.9941775836972343	0.9944440585347781
Subclass	gf_v2_104m_cls	logreg	H21.33.001	689	0.9912917271407837	0.9917058241410791
Subclass	gf_v2_104m_cls	logreg	H21.33.002	674	0.9940652818991098	0.9944626169692627
Subclass	gf_v2_104m_cls	logreg	H21.33.003	690	0.9927536231884058	0.9930501875907317
Subclass	gf_v2_104m_cls	logreg	H21.33.004	668	0.9910179640718563	0.9916608355243902
Subclass	gf_v2_104m_cls	logreg	H21.33.005	679	0.9955817378497791	0.9905628547612433
Subclass	gf_v2_104m_cls	logreg	H21.33.006	650	0.9938461538461538	0.994418548575115
Subclass	gf_v2_104m_cls	logreg	H21.33.007	676	0.9896449704142012	0.9871663934836764
Subclass	gf_v2_104m_cls	logreg	H21.33.008	638	0.9921630094043887	0.9927237799057071
Subclass	gf_v2_104m_cls	logreg	H21.33.009	646	0.9938080495356038	0.9929329784589287
Subclass	gf_v2_104m_cls	logreg	H21.33.010	685	0.9897810218978103	0.9902085141982108
Subclass	gf_v2_104m_cls	logreg	H21.33.011	665	0.9864661654135338	0.987495366508412
Subclass	gf_v2_104m_cls	logreg	H21.33.012	693	0.9927849927849928	0.9930017077256207
Subclass	gf_v2_104m_cls	logreg	H21.33.013	672	0.9970238095238095	0.9972214504028898
Subclass	gf_v2_104m_cls	logreg	H21.33.014	662	0.9954682779456193	0.995832947423667
Subclass	gf_v2_104m_cls	logreg	H21.33.015	681	0.9926578560939795	0.992225643386761
Subclass	gf_v2_104m_cls	logreg	H21.33.016	644	0.9953416149068323	0.9949697078034904
Subclass	gf_v2_104m_cls	logreg	H21.33.017	639	0.9890453834115805	0.9902893318551542
Subclass	gf_v2_104m_cls	logreg	H21.33.018	672	0.9880952380952381	0.9889537964050149
Subclass	gf_v2_104m_cls	logreg	H21.33.019	717	0.99721059972106	0.9972222222222222
Subclass	gf_v2_104m_cls	logreg	H21.33.020	236	0.9788135593220338	0.9541440389788358
Subclass	gf_v2_104m_cls	logreg	H21.33.021	647	0.9922720247295209	0.992749190929009
Subclass	gf_v2_104m_cls	logreg	H21.33.022	684	0.9941520467836257	0.9944444444444445
Subclass	gf_v2_104m_cls	logreg	H21.33.023	690	0.9942028985507246	0.9944432867154456
Subclass	gf_v2_104m_cls	logreg	H21.33.025	691	0.9985528219971056	0.9986107252014449
Subclass	gf_v2_104m_cls	logreg	H21.33.026	662	0.9924471299093656	0.9927511654009059
Subclass	gf_v2_104m_cls	logreg	H21.33.027	709	0.9915373765867419	0.9912275028776453
Subclass	gf_v2_104m_cls	logreg	H21.33.028	668	0.9955089820359282	0.9958298575707442
Subclass	gf_v2_104m_cls	logreg	H21.33.029	670	0.9955223880597015	0.9953247595231479
Subclass	gf_v2_104m_cls	logreg	H21.33.030	677	0.9970457902511078	0.9972214504028897
Subclass	gf_v2_104m_cls	logreg	H21.33.031	674	0.9955489614243324	0.9958325615140008
Subclass	gf_v2_104m_cls	logreg	H21.33.032	684	0.9941520467836257	0.9944653209125196
Subclass	gf_v2_104m_cls	logreg	H21.33.033	666	0.9954954954954955	0.9958298575707442
Subclass	gf_v2_104m_cls	logreg	H21.33.034	472	0.9936440677966102	0.995478963011611
Subclass	gf_v2_104m_cls	logreg	H21.33.035	694	0.9927953890489913	0.993075968846178
Subclass	gf_v2_104m_cls	logreg	H21.33.036	633	0.9968404423380727	0.9972214504028898
Subclass	gf_v2_104m_cls	logreg	H21.33.037	628	0.9856687898089171	0.9795510591486116
Subclass	gf_v2_104m_cls	logreg	H21.33.038	641	0.9890795631825273	0.9886900541203035
Subclass	gf_v2_104m_cls	logreg	H21.33.039	632	0.9889240506329114	0.990276620048779
Subclass	gf_v2_104m_cls	logreg	H21.33.040	710	0.995774647887324	0.9958557160939767
Subclass	gf_v2_104m_cls	logreg	H21.33.041	687	0.9941775836972343	0.9944429008057792
Subclass	gf_v2_104m_cls	logreg	H21.33.042	672	0.9895833333333334	0.990270440342933
Subclass	gf_v2_104m_cls	logreg	H21.33.043	688	0.9927325581395349	0.9930489899400433
Subclass	gf_v2_104m_cls	logreg	H21.33.044	662	0.9879154078549849	0.9888846039608703
Subclass	gf_v2_104m_cls	logreg	H21.33.045	638	0.9905956112852664	0.9916882776079775
Subclass	gf_v2_104m_cls	logreg	H21.33.046	623	0.9919743178170144	0.9877819871305425
Subclass	gf_v2_104m_cls	logreg	H21.33.047	661	0.9954614220877458	0.995446859645248
Subclass	gf_v2_104m_cls	knn	H19.33.004	720	0.9930555555555556	0.9930269557429695
Subclass	gf_v2_104m_cls	knn	H20.33.001	700	0.9957142857142857	0.9958321756043347
Subclass	gf_v2_104m_cls	knn	H20.33.002	680	0.9955882352941177	0.9958325615140008
Subclass	gf_v2_104m_cls	knn	H20.33.004	698	0.997134670487106	0.9966650388295291
Subclass	gf_v2_104m_cls	knn	H20.33.005	688	0.9927325581395349	0.9930013218159545
Subclass	gf_v2_104m_cls	knn	H20.33.008	648	0.9891975308641975	0.9902918112021935
Subclass	gf_v2_104m_cls	knn	H20.33.011	677	0.9911373707533235	0.9916631909040774
Subclass	gf_v2_104m_cls	knn	H20.33.012	678	0.9867256637168141	0.9874431477828676
Subclass	gf_v2_104m_cls	knn	H20.33.013	676	0.9881656804733728	0.9871095682637829
Subclass	gf_v2_104m_cls	knn	H20.33.014	665	0.9954887218045113	0.9955869917541077
Subclass	gf_v2_104m_cls	knn	H20.33.015	679	0.9911634756995582	0.9916620331750786
Subclass	gf_v2_104m_cls	knn	H20.33.016	671	0.9910581222056631	0.9916855736647209
Subclass	gf_v2_104m_cls	knn	H20.33.017	685	0.9941605839416059	0.9944649350028533
Subclass	gf_v2_104m_cls	knn	H20.33.018	709	0.9915373765867419	0.9916573971078977
Subclass	gf_v2_104m_cls	knn	H20.33.019	681	0.9897209985315712	0.9902750764101139
Subclass	gf_v2_104m_cls	knn	H20.33.020	695	0.9928057553956835	0.9930536260072244
Subclass	gf_v2_104m_cls	knn	H20.33.024	666	0.993993993993994	0.9944382647385984
Subclass	gf_v2_104m_cls	knn	H20.33.025	693	0.9971139971139971	0.9972214504028898
Subclass	gf_v2_104m_cls	knn	H20.33.026	643	0.9984447900466563	0.9986107252014449
Subclass	gf_v2_104m_cls	knn	H20.33.027	713	0.9859747545582047	0.9856410498499478
Subclass	gf_v2_104m_cls	knn	H20.33.028	590	0.9864406779661017	0.9841257546864489
Subclass	gf_v2_104m_cls	knn	H20.33.029	659	0.9863429438543247	0.9874904929347735
Subclass	gf_v2_104m_cls	knn	H20.33.030	701	0.9828815977175464	0.9820924301665768
Subclass	gf_v2_104m_cls	knn	H20.33.031	627	0.9936204146730463	0.9944196428571429
Subclass	gf_v2_104m_cls	knn	H20.33.032	696	0.9913793103448276	0.9917027342881561
Subclass	gf_v2_104m_cls	knn	H20.33.033	635	0.9811023622047244	0.9832948076433629
Subclass	gf_v2_104m_cls	knn	H20.33.034	700	0.99	0.9898128491059772
Subclass	gf_v2_104m_cls	knn	H20.33.035	633	0.9842022116903634	0.9829297998996293
Subclass	gf_v2_104m_cls	knn	H20.33.036	625	0.9936	0.9939364034419174
Subclass	gf_v2_104m_cls	knn	H20.33.037	647	0.9891808346213292	0.9893807014134218
Subclass	gf_v2_104m_cls	knn	H20.33.038	397	0.9899244332493703	0.9774858977581955
Subclass	gf_v2_104m_cls	knn	H20.33.039	695	0.9870503597122302	0.9875356817118233
Subclass	gf_v2_104m_cls	knn	H20.33.040	689	0.988388969521045	0.98678550995402
Subclass	gf_v2_104m_cls	knn	H20.33.041	668	0.9940119760479041	0.9944653209125195
Subclass	gf_v2_104m_cls	knn	H20.33.043	681	0.9897209985315712	0.9899879466206531
Subclass	gf_v2_104m_cls	knn	H20.33.044	676	0.9940828402366864	0.9944185485751151
Subclass	gf_v2_104m_cls	knn	H20.33.045	651	0.989247311827957	0.9902747278465446
Subclass	gf_v2_104m_cls	knn	H20.33.046	687	0.9883551673944687	0.9889314136443715
Subclass	gf_v2_104m_cls	knn	H21.33.001	689	0.9724238026124818	0.9704342088073231
Subclass	gf_v2_104m_cls	knn	H21.33.002	674	0.9881305637982196	0.983008359999037
Subclass	gf_v2_104m_cls	knn	H21.33.003	690	0.9869565217391304	0.9874860814638101
Subclass	gf_v2_104m_cls	knn	H21.33.004	668	0.9865269461077845	0.987471336740443
Subclass	gf_v2_104m_cls	knn	H21.33.005	679	0.9926362297496318	0.9930516938833001
Subclass	gf_v2_104m_cls	knn	H21.33.006	650	0.9846153846153847	0.985219620241918
Subclass	gf_v2_104m_cls	knn	H21.33.007	676	0.9896449704142012	0.9872333789513424
Subclass	gf_v2_104m_cls	knn	H21.33.008	638	0.9858934169278997	0.9869778642215429
Subclass	gf_v2_104m_cls	knn	H21.33.009	646	0.9876160990712074	0.9873526213160716
Subclass	gf_v2_104m_cls	knn	H21.33.010	685	0.9912408759124087	0.9916445963090865
Subclass	gf_v2_104m_cls	knn	H21.33.011	665	0.9789473684210527	0.9764992381679272
Subclass	gf_v2_104m_cls	knn	H21.33.012	693	0.9884559884559885	0.9889540677007981
Subclass	gf_v2_104m_cls	knn	H21.33.013	672	0.9895833333333334	0.9902750364884243
Subclass	gf_v2_104m_cls	knn	H21.33.014	662	0.9939577039274925	0.994443672625112
Subclass	gf_v2_104m_cls	knn	H21.33.015	681	0.9882525697503671	0.9872799712575041
Subclass	gf_v2_104m_cls	knn	H21.33.016	644	0.9953416149068323	0.9957798714130647
Subclass	gf_v2_104m_cls	knn	H21.33.017	639	0.9843505477308294	0.9857236269552277
Subclass	gf_v2_104m_cls	knn	H21.33.018	672	0.9806547619047619	0.9820781268284646
Subclass	gf_v2_104m_cls	knn	H21.33.019	717	0.99721059972106	0.9972191323692993
Subclass	gf_v2_104m_cls	knn	H21.33.020	236	0.9745762711864406	0.9555119103841359
Subclass	gf_v2_104m_cls	knn	H21.33.021	647	0.9922720247295209	0.9927270041000615
Subclass	gf_v2_104m_cls	knn	H21.33.022	684	0.9897660818713451	0.9902499897062138
Subclass	gf_v2_104m_cls	knn	H21.33.023	690	0.9927536231884058	0.9930540119168905
Subclass	gf_v2_104m_cls	knn	H21.33.025	691	0.9942112879884226	0.9944201321354699
Subclass	gf_v2_104m_cls	knn	H21.33.026	662	0.9909365558912386	0.9899442966961721
Subclass	gf_v2_104m_cls	knn	H21.33.027	709	0.9802538787023978	0.9798029794279352
Subclass	gf_v2_104m_cls	knn	H21.33.028	668	0.9880239520958084	0.9887839384947265
Subclass	gf_v2_104m_cls	knn	H21.33.029	670	0.991044776119403	0.9906030315247336
Subclass	gf_v2_104m_cls	knn	H21.33.030	677	0.9955686853766618	0.9958325615140008
Subclass	gf_v2_104m_cls	knn	H21.33.031	674	0.9851632047477745	0.9837489998022528
Subclass	gf_v2_104m_cls	knn	H21.33.032	684	0.9883040935672515	0.9888801536429949
Subclass	gf_v2_104m_cls	knn	H21.33.033	666	0.996996996996997	0.9971970981722255
Subclass	gf_v2_104m_cls	knn	H21.33.034	472	0.9830508474576272	0.9866793867736944
Subclass	gf_v2_104m_cls	knn	H21.33.035	694	0.9956772334293948	0.9958545957110747
Subclass	gf_v2_104m_cls	knn	H21.33.036	633	0.9936808846761453	0.9944420890647573
Subclass	gf_v2_104m_cls	knn	H21.33.037	628	0.9777070063694268	0.9354302359444651
Subclass	gf_v2_104m_cls	knn	H21.33.038	641	0.9875195007800313	0.9873104012752006
Subclass	gf_v2_104m_cls	knn	H21.33.039	632	0.9920886075949367	0.9930536260072241
Subclass	gf_v2_104m_cls	knn	H21.33.040	710	0.9901408450704225	0.9902681223093426
Subclass	gf_v2_104m_cls	knn	H21.33.041	687	0.992721979621543	0.9930528915339885
Subclass	gf_v2_104m_cls	knn	H21.33.042	672	0.9895833333333334	0.9862504876053583
Subclass	gf_v2_104m_cls	knn	H21.33.043	688	0.9811046511627907	0.9796270767351049
Subclass	gf_v2_104m_cls	knn	H21.33.044	662	0.9773413897280967	0.9760449220387813
Subclass	gf_v2_104m_cls	knn	H21.33.045	638	0.987460815047022	0.9888718804997759
Subclass	gf_v2_104m_cls	knn	H21.33.046	623	0.9935794542536116	0.994443672625112
Subclass	gf_v2_104m_cls	knn	H21.33.047	661	0.989409984871407	0.9899911639572645
Subclass	gf_v2_104m_cls_pca50	logreg	H19.33.004	720	0.9916666666666667	0.9916554520737334
Subclass	gf_v2_104m_cls_pca50	logreg	H20.33.001	700	0.9985714285714286	0.9986107252014449
Subclass	gf_v2_104m_cls_pca50	logreg	H20.33.002	680	0.9941176470588236	0.9944405827721888
Subclass	gf_v2_104m_cls_pca50	logreg	H20.33.004	698	0.994269340974212	0.9939085234294925
Subclass	gf_v2_104m_cls_pca50	logreg	H20.33.005	688	0.9912790697674418	0.9915876947867348
Subclass	gf_v2_104m_cls_pca50	logreg	H20.33.008	648	0.9891975308641975	0.990230969279867
Subclass	gf_v2_104m_cls_pca50	logreg	H20.33.011	677	0.9940915805022157	0.9940811253363352
Subclass	gf_v2_104m_cls_pca50	logreg	H20.33.012	678	0.9808259587020649	0.9820357901800044
Subclass	gf_v2_104m_cls_pca50	logreg	H20.33.013	676	0.9911242603550295	0.989896005094446
Subclass	gf_v2_104m_cls_pca50	logreg	H20.33.014	665	0.9954887218045113	0.9955670800119476
Subclass	gf_v2_104m_cls_pca50	logreg	H20.33.015	679	0.9911634756995582	0.9908841840407261
Subclass	gf_v2_104m_cls_pca50	logreg	H20.33.016	671	0.992548435171386	0.9930501103229453
Subclass	gf_v2_104m_cls_pca50	logreg	H20.33.017	685	0.9956204379562044	0.9958542098014084
Subclass	gf_v2_104m_cls_pca50	logreg	H20.33.018	709	0.995768688293371	0.9958298575707442
Subclass	gf_v2_104m_cls_pca50	logreg	H20.33.019	681	0.9897209985315712	0.990319530713928
Subclass	gf_v2_104m_cls_pca50	logreg	H20.33.020	695	0.9884892086330935	0.9888406501806056
Subclass	gf_v2_104m_cls_pca50	logreg	H20.33.024	666	0.9924924924924925	0.9930285393033241
Subclass	gf_v2_104m_cls_pca50	logreg	H20.33.025	693	0.9913419913419913	0.9916636167354334
Subclass	gf_v2_104m_cls_pca50	logreg	H20.33.026	643	0.995334370139969	0.9957798714130647
Subclass	gf_v2_104m_cls_pca50	logreg	H20.33.027	713	0.9929873772791024	0.9928489636431305
Subclass	gf_v2_104m_cls_pca50	logreg	H20.33.028	590	0.9898305084745763	0.990086790750724
Subclass	gf_v2_104m_cls_pca50	logreg	H20.33.029	659	0.9878603945371776	0.9889047833018063
Subclass	gf_v2_104m_cls_pca50	logreg	H20.33.030	701	0.9814550641940085	0.9819096649260123
Subclass	gf_v2_104m_cls_pca50	logreg	H20.33.031	627	0.9904306220095693	0.98965769306069
Subclass	gf_v2_104m_cls_pca50	logreg	H20.33.032	696	0.9942528735632183	0.9944436726251119
Subclass	gf_v2_104m_cls_pca50	logreg	H20.33.033	635	0.988976377952756	0.9902963761339519
Subclass	gf_v2_104m_cls_pca50	logreg	H20.33.034	700	0.99	0.9898291979883904
Subclass	gf_v2_104m_cls_pca50	logreg	H20.33.035	633	0.985781990521327	0.983766299618067
Subclass	gf_v2_104m_cls_pca50	logreg	H20.33.036	625	0.9984	0.9984844274924853
Subclass	gf_v2_104m_cls_pca50	logreg	H20.33.037	647	0.9876352395672334	0.9878745751454182
Subclass	gf_v2_104m_cls_pca50	logreg	H20.33.038	397	0.982367758186398	0.972709721852245
Subclass	gf_v2_104m_cls_pca50	logreg	H20.33.039	695	0.9884892086330935	0.9888842553973008
Subclass	gf_v2_104m_cls_pca50	logreg	H20.33.040	689	0.9898403483309144	0.9883792765683229
Subclass	gf_v2_104m_cls_pca50	logreg	H20.33.041	668	0.9970059880239521	0.9972214504028898
Subclass	gf_v2_104m_cls_pca50	logreg	H20.33.043	681	0.9955947136563876	0.9958298575707439
Subclass	gf_v2_104m_cls_pca50	logreg	H20.33.044	676	0.9896449704142012	0.9902899951929678
Subclass	gf_v2_104m_cls_pca50	logreg	H20.33.045	651	0.9877112135176651	0.9890570000397342
Subclass	gf_v2_104m_cls_pca50	logreg	H20.33.046	687	0.992721979621543	0.993054783736223
Subclass	gf_v2_104m_cls_pca50	logreg	H21.33.001	689	0.9825834542815675	0.9833218255843531
Subclass	gf_v2_104m_cls_pca50	logreg	H21.33.002	674	0.9910979228486647	0.9917296420588686
Subclass	gf_v2_104m_cls_pca50	logreg	H21.33.003	690	0.9840579710144928	0.9846123982544212
Subclass	gf_v2_104m_cls_pca50	logreg	H21.33.004	668	0.9895209580838323	0.9902436087652294
Subclass	gf_v2_104m_cls_pca50	logreg	H21.33.005	679	0.9926362297496318	0.987732000972863
Subclass	gf_v2_104m_cls_pca50	logreg	H21.33.006	650	0.9892307692307692	0.9902766200487791
Subclass	gf_v2_104m_cls_pca50	logreg	H21.33.007	676	0.9866863905325444	0.9844264142161739
Subclass	gf_v2_104m_cls_pca50	logreg	H21.33.008	638	0.9921630094043887	0.9927503600242111
Subclass	gf_v2_104m_cls_pca50	logreg	H21.33.009	646	0.9876160990712074	0.9874199077371663
Subclass	gf_v2_104m_cls_pca50	logreg	H21.33.010	685	0.9927007299270073	0.9930524283565357
Subclass	gf_v2_104m_cls_pca50	logreg	H21.33.011	665	0.9864661654135338	0.9875386630832272
Subclass	gf_v2_104m_cls_pca50	logreg	H21.33.012	693	0.9913419913419913	0.9917058241410791
Subclass	gf_v2_104m_cls_pca50	logreg	H21.33.013	672	0.9895833333333334	0.9902503756158801
Subclass	gf_v2_104m_cls_pca50	logreg	H21.33.014	662	0.9954682779456193	0.9958542098014084
Subclass	gf_v2_104m_cls_pca50	logreg	H21.33.015	681	0.9897209985315712	0.9898563227022521
Subclass	gf_v2_104m_cls_pca50	logreg	H21.33.016	644	0.9906832298136646	0.9914946334079336
Subclass	gf_v2_104m_cls_pca50	logreg	H21.33.017	639	0.9843505477308294	0.9861226651884877
Subclass	gf_v2_104m_cls_pca50	logreg	H21.33.018	672	0.9851190476190477	0.9860609428544965
Subclass	gf_v2_104m_cls_pca50	logreg	H21.33.019	717	0.99721059972106	0.9972191323692993
Subclass	gf_v2_104m_cls_pca50	logreg	H21.33.020	236	0.9703389830508474	0.9530618352485144
Subclass	gf_v2_104m_cls_pca50	logreg	H21.33.021	647	0.9922720247295209	0.9927987632531554
Subclass	gf_v2_104m_cls_pca50	logreg	H21.33.022	684	0.9912280701754386	0.9916415825383594
Subclass	gf_v2_104m_cls_pca50	logreg	H21.33.023	690	0.9927536231884058	0.9930525056243221
Subclass	gf_v2_104m_cls_pca50	logreg	H21.33.025	691	0.9913169319826338	0.9916415825383593
Subclass	gf_v2_104m_cls_pca50	logreg	H21.33.026	662	0.9833836858006042	0.9842543657665468
Subclass	gf_v2_104m_cls_pca50	logreg	H21.33.027	709	0.9816643159379408	0.9818577116096483
Subclass	gf_v2_104m_cls_pca50	logreg	H21.33.028	668	0.9895209580838323	0.9902990028094223
Subclass	gf_v2_104m_cls_pca50	logreg	H21.33.029	670	0.9925373134328358	0.9920809650899907
Subclass	gf_v2_104m_cls_pca50	logreg	H21.33.030	677	0.9970457902511078	0.9972214504028898
Subclass	gf_v2_104m_cls_pca50	logreg	H21.33.031	674	0.9910979228486647	0.9916392645047689
Subclass	gf_v2_104m_cls_pca50	logreg	H21.33.032	684	0.9912280701754386	0.9916631909040774
Subclass	gf_v2_104m_cls_pca50	logreg	H21.33.033	666	0.993993993993994	0.9944336157611775
Subclass	gf_v2_104m_cls_pca50	logreg	H21.33.034	472	0.989406779661017	0.9913971867389034
Subclass	gf_v2_104m_cls_pca50	logreg	H21.33.035	694	0.9927953890489913	0.9930451127819548
Subclass	gf_v2_104m_cls_pca50	logreg	H21.33.036	633	0.9873617693522907	0.9888858016115588
Subclass	gf_v2_104m_cls_pca50	logreg	H21.33.037	628	0.982484076433121	0.9840680529711625
Subclass	gf_v2_104m_cls_pca50	logreg	H21.33.038	641	0.9859594383775351	0.9858457167062157
Subclass	gf_v2_104m_cls_pca50	logreg	H21.33.039	632	0.990506329113924	0.9916651230280017
Subclass	gf_v2_104m_cls_pca50	logreg	H21.33.040	710	0.9915492957746479	0.9917184725004834
Subclass	gf_v2_104m_cls_pca50	logreg	H21.33.041	687	0.9898107714701602	0.9902715607258351
Subclass	gf_v2_104m_cls_pca50	logreg	H21.33.042	672	0.9866071428571429	0.9834920027353009
Subclass	gf_v2_104m_cls_pca50	logreg	H21.33.043	688	0.9912790697674418	0.9916549177608585
Subclass	gf_v2_104m_cls_pca50	logreg	H21.33.044	662	0.9788519637462235	0.9806015179142684
Subclass	gf_v2_104m_cls_pca50	logreg	H21.33.045	638	0.9858934169278997	0.9875570164105772
Subclass	gf_v2_104m_cls_pca50	logreg	H21.33.046	623	0.9903691813804173	0.9864173732045315
Subclass	gf_v2_104m_cls_pca50	logreg	H21.33.047	661	0.9969742813918305	0.9972214504028897
Subclass	gf_v2_104m_cls_pca50	knn	H19.33.004	720	0.9916666666666667	0.9915845222889107
Subclass	gf_v2_104m_cls_pca50	knn	H20.33.001	700	0.9957142857142857	0.9958321756043347
Subclass	gf_v2_104m_cls_pca50	knn	H20.33.002	680	0.9955882352941177	0.9958321756043346
Subclass	gf_v2_104m_cls_pca50	knn	H20.33.004	698	0.995702005730659	0.9952757640309738
Subclass	gf_v2_104m_cls_pca50	knn	H20.33.005	688	0.9883720930232558	0.9888842553973008
Subclass	gf_v2_104m_cls_pca50	knn	H20.33.008	648	0.9891975308641975	0.9902708262525993
Subclass	gf_v2_104m_cls_pca50	knn	H20.33.011	677	0.9940915805022157	0.9944432867154456
Subclass	gf_v2_104m_cls_pca50	knn	H20.33.012	678	0.9896755162241888	0.9902518184614775
Subclass	gf_v2_104m_cls_pca50	knn	H20.33.013	676	0.9822485207100592	0.9800819651444641
Subclass	gf_v2_104m_cls_pca50	knn	H20.33.014	665	0.9969924812030075	0.9972191323692993
Subclass	gf_v2_104m_cls_pca50	knn	H20.33.015	679	0.9911634756995582	0.9916419684480258
Subclass	gf_v2_104m_cls_pca50	knn	H20.33.016	671	0.992548435171386	0.9930300455958925
Subclass	gf_v2_104m_cls_pca50	knn	H20.33.017	685	0.9941605839416059	0.9944409686818552
Subclass	gf_v2_104m_cls_pca50	knn	H20.33.018	709	0.995768688293371	0.9958298575707442
Subclass	gf_v2_104m_cls_pca50	knn	H20.33.019	681	0.9897209985315712	0.9902726811087371
Subclass	gf_v2_104m_cls_pca50	knn	H20.33.020	695	0.9942446043165467	0.9944432867154457
Subclass	gf_v2_104m_cls_pca50	knn	H20.33.024	666	0.993993993993994	0.9944201321354699
Subclass	gf_v2_104m_cls_pca50	knn	H20.33.025	693	0.9942279942279942	0.9944436726251119
Subclass	gf_v2_104m_cls_pca50	knn	H20.33.026	643	0.9922239502332815	0.9930551696458894
Subclass	gf_v2_104m_cls_pca50	knn	H20.33.027	713	0.9887798036465638	0.988411629568604
Subclass	gf_v2_104m_cls_pca50	knn	H20.33.028	590	0.988135593220339	0.9867694769182578
Subclass	gf_v2_104m_cls_pca50	knn	H20.33.029	659	0.992412746585736	0.9930443409626224
Subclass	gf_v2_104m_cls_pca50	knn	H20.33.030	701	0.9828815977175464	0.9821207680368488
Subclass	gf_v2_104m_cls_pca50	knn	H20.33.031	627	0.9936204146730463	0.9923690196836766
Subclass	gf_v2_104m_cls_pca50	knn	H20.33.032	696	0.9899425287356322	0.9902487920555254
Subclass	gf_v2_104m_cls_pca50	knn	H20.33.033	635	0.9811023622047244	0.9833206661665956
Subclass	gf_v2_104m_cls_pca50	knn	H20.33.034	700	0.9871428571428571	0.9870343368549636
Subclass	gf_v2_104m_cls_pca50	knn	H20.33.035	633	0.981042654028436	0.9800992120299172
Subclass	gf_v2_104m_cls_pca50	knn	H20.33.036	625	0.9984	0.9984844274924853
Subclass	gf_v2_104m_cls_pca50	knn	H20.33.037	647	0.9891808346213292	0.9893566641075231
Subclass	gf_v2_104m_cls_pca50	knn	H20.33.038	397	0.982367758186398	0.9653956038002969
Subclass	gf_v2_104m_cls_pca50	knn	H20.33.039	695	0.9913669064748202	0.9917050523217467
Subclass	gf_v2_104m_cls_pca50	knn	H20.33.040	689	0.9782293178519593	0.9724238774732541
Subclass	gf_v2_104m_cls_pca50	knn	H20.33.041	668	0.9910179640718563	0.9917076078617946
Subclass	gf_v2_104m_cls_pca50	knn	H20.33.043	681	0.9897209985315712	0.9899879466206531
Subclass	gf_v2_104m_cls_pca50	knn	H20.33.044	676	0.992603550295858	0.9929482045609109
Subclass	gf_v2_104m_cls_pca50	knn	H20.33.045	651	0.9861751152073732	0.9875856183986366
Subclass	gf_v2_104m_cls_pca50	knn	H20.33.046	687	0.9883551673944687	0.988886187521225
Subclass	gf_v2_104m_cls_pca50	knn	H21.33.001	689	0.9637155297532656	0.9640034592990875
Subclass	gf_v2_104m_cls_pca50	knn	H21.33.002	674	0.9881305637982196	0.9838913386634976
Subclass	gf_v2_104m_cls_pca50	knn	H21.33.003	690	0.9884057971014493	0.9888766778804056
Subclass	gf_v2_104m_cls_pca50	knn	H21.33.004	668	0.9895209580838323	0.9902491779651917
Subclass	gf_v2_104m_cls_pca50	knn	H21.33.005	679	0.9896907216494846	0.9850269780230742
Subclass	gf_v2_104m_cls_pca50	knn	H21.33.006	650	0.9892307692307692	0.9894117968682478
Subclass	gf_v2_104m_cls_pca50	knn	H21.33.007	676	0.9896449704142012	0.9872516599576798
Subclass	gf_v2_104m_cls_pca50	knn	H21.33.008	638	0.987460815047022	0.9884009621537053
Subclass	gf_v2_104m_cls_pca50	knn	H21.33.009	646	0.9876160990712074	0.9873712431975271
Subclass	gf_v2_104m_cls_pca50	knn	H21.33.010	685	0.9897810218978103	0.9902656429623035
Subclass	gf_v2_104m_cls_pca50	knn	H21.33.011	665	0.9759398496240601	0.9737816851395289
Subclass	gf_v2_104m_cls_pca50	knn	H21.33.012	693	0.98989898989899	0.9903414876432155
Subclass	gf_v2_104m_cls_pca50	knn	H21.33.013	672	0.9895833333333334	0.9902986542458528
Subclass	gf_v2_104m_cls_pca50	knn	H21.33.014	662	0.9954682779456193	0.9958542098014084
Subclass	gf_v2_104m_cls_pca50	knn	H21.33.015	681	0.9911894273127754	0.990790368070134
Subclass	gf_v2_104m_cls_pca50	knn	H21.33.016	644	0.9922360248447205	0.9929463626822437
Subclass	gf_v2_104m_cls_pca50	knn	H21.33.017	639	0.9812206572769953	0.9834177428266822
Subclass	gf_v2_104m_cls_pca50	knn	H21.33.018	672	0.9806547619047619	0.9809169305229991
Subclass	gf_v2_104m_cls_pca50	knn	H21.33.019	717	0.99302649930265	0.9930489899400433
Subclass	gf_v2_104m_cls_pca50	knn	H21.33.020	236	0.9703389830508474	0.9435656615587412
Subclass	gf_v2_104m_cls_pca50	knn	H21.33.021	647	0.990726429675425	0.9912757542658458
Subclass	gf_v2_104m_cls_pca50	knn	H21.33.022	684	0.9926900584795322	0.9930540119168905
Subclass	gf_v2_104m_cls_pca50	knn	H21.33.023	690	0.9927536231884058	0.9930540119168905
Subclass	gf_v2_104m_cls_pca50	knn	H21.33.025	691	0.9927641099855282	0.9930308573369145
Subclass	gf_v2_104m_cls_pca50	knn	H21.33.026	662	0.9909365558912386	0.99134323332749
Subclass	gf_v2_104m_cls_pca50	knn	H21.33.027	709	0.9788434414668548	0.9784600137893319
Subclass	gf_v2_104m_cls_pca50	knn	H21.33.028	668	0.9835329341317365	0.9830906960803683
Subclass	gf_v2_104m_cls_pca50	knn	H21.33.029	670	0.9865671641791045	0.9855703739189048
Subclass	gf_v2_104m_cls_pca50	knn	H21.33.030	677	0.9926144756277696	0.9930312432465809
Subclass	gf_v2_104m_cls_pca50	knn	H21.33.031	674	0.9881305637982196	0.9888359767673279
Subclass	gf_v2_104m_cls_pca50	knn	H21.33.032	684	0.9912280701754386	0.9916628049944113
Subclass	gf_v2_104m_cls_pca50	knn	H21.33.033	666	0.9924924924924925	0.9930292737765599
Subclass	gf_v2_104m_cls_pca50	knn	H21.33.034	472	0.9830508474576272	0.9877936059156155
Subclass	gf_v2_104m_cls_pca50	knn	H21.33.035	694	0.9971181556195965	0.9972434845999635
Subclass	gf_v2_104m_cls_pca50	knn	H21.33.036	633	0.9921011058451816	0.9930308573369145
Subclass	gf_v2_104m_cls_pca50	knn	H21.33.037	628	0.9792993630573248	0.9401435899210071
Subclass	gf_v2_104m_cls_pca50	knn	H21.33.038	641	0.982839313572543	0.9830358795055498
Subclass	gf_v2_104m_cls_pca50	knn	H21.33.039	632	0.9889240506329114	0.9902523077398042
Subclass	gf_v2_104m_cls_pca50	knn	H21.33.040	710	0.9901408450704225	0.9902681223093426
Subclass	gf_v2_104m_cls_pca50	knn	H21.33.041	687	0.9912663755458515	0.9916848391914851
Subclass	gf_v2_104m_cls_pca50	knn	H21.33.042	672	0.9866071428571429	0.983538389163039
Subclass	gf_v2_104m_cls_pca50	knn	H21.33.043	688	0.9811046511627907	0.9803246813723012
Subclass	gf_v2_104m_cls_pca50	knn	H21.33.044	662	0.974320241691843	0.976521130506181
Subclass	gf_v2_104m_cls_pca50	knn	H21.33.045	638	0.987460815047022	0.988140104204508
Subclass	gf_v2_104m_cls_pca50	knn	H21.33.046	623	0.9967897271268058	0.9972218363125559
Subclass	gf_v2_104m_cls_pca50	knn	H21.33.047	661	0.9909228441754917	0.991229210405352
Supertype	pca	logreg	H19.33.004	690	0.8782608695652174	0.7780479553382341
Supertype	pca	logreg	H20.33.001	670	0.8641791044776119	0.7360631748750657
Supertype	pca	logreg	H20.33.002	659	0.8998482549317147	0.8073146702221123
Supertype	pca	logreg	H20.33.004	666	0.8903903903903904	0.7816110770844718
Supertype	pca	logreg	H20.33.005	665	0.8842105263157894	0.7000834897699859
Supertype	pca	logreg	H20.33.008	627	0.8931419457735247	0.7877393679399098
Supertype	pca	logreg	H20.33.011	662	0.879154078549849	0.7592229446286961
Supertype	pca	logreg	H20.33.012	653	0.889739663093415	0.7749896444512722
Supertype	pca	logreg	H20.33.013	652	0.8926380368098159	0.8304658553520192
Supertype	pca	logreg	H20.33.014	650	0.9030769230769231	0.7493020610048814
Supertype	pca	logreg	H20.33.015	651	0.8847926267281107	0.7443500289673773
Supertype	pca	logreg	H20.33.016	646	0.9024767801857585	0.8076001417486136
Supertype	pca	logreg	H20.33.017	659	0.8892261001517451	0.7789464048197433
Supertype	pca	logreg	H20.33.018	687	0.8719068413391557	0.7780745873866634
Supertype	pca	logreg	H20.33.019	663	0.8582202111613876	0.7169074321137983
Supertype	pca	logreg	H20.33.020	668	0.8547904191616766	0.7746423549944345
Supertype	pca	logreg	H20.33.024	642	0.8847352024922118	0.7857459626350615
Supertype	pca	logreg	H20.33.025	664	0.9096385542168675	0.8113497241345164
Supertype	pca	logreg	H20.33.026	617	0.8978930307941653	0.7915685100585921
Supertype	pca	logreg	H20.33.027	688	0.9069767441860465	0.7927995311952338
Supertype	pca	logreg	H20.33.028	573	0.8551483420593369	0.6323744291107466
Supertype	pca	logreg	H20.33.029	637	0.9152276295133438	0.8224649494281747
Supertype	pca	logreg	H20.33.030	676	0.886094674556213	0.7576731437834913
Supertype	pca	logreg	H20.33.031	608	0.8782894736842105	0.7691451678534156
Supertype	pca	logreg	H20.33.032	671	0.886736214605067	0.7526437074916391
Supertype	pca	logreg	H20.33.033	607	0.841845140032949	0.7067217216733507
Supertype	pca	logreg	H20.33.034	677	0.8980797636632201	0.7582571478133486
Supertype	pca	logreg	H20.33.035	609	0.8784893267651889	0.8008420617831635
Supertype	pca	logreg	H20.33.036	605	0.8743801652892562	0.7380569828343971
Supertype	pca	logreg	H20.33.037	621	0.8438003220611916	0.7075607689159275
Supertype	pca	logreg	H20.33.038	387	0.8423772609819121	0.7076828617066494
Supertype	pca	logreg	H20.33.039	667	0.889055472263868	0.7705773096911489
Supertype	pca	logreg	H20.33.040	653	0.8545176110260337	0.723940382257765
Supertype	pca	logreg	H20.33.041	642	0.8722741433021807	0.7938596526794497
Supertype	pca	logreg	H20.33.043	658	0.9027355623100304	0.743655022854852
Supertype	pca	logreg	H20.33.044	649	0.8813559322033898	0.7645545795802077
Supertype	pca	logreg	H20.33.045	635	0.8724409448818897	0.7155108535166513
Supertype	pca	logreg	H20.33.046	663	0.861236802413273	0.7138855232954423
Supertype	pca	logreg	H21.33.001	646	0.8188854489164087	0.6718089348640186
Supertype	pca	logreg	H21.33.002	656	0.8871951219512195	0.7716596703228003
Supertype	pca	logreg	H21.33.003	668	0.8712574850299402	0.7758000345771761
Supertype	pca	logreg	H21.33.004	650	0.8953846153846153	0.8114624117335597
Supertype	pca	logreg	H21.33.005	658	0.8571428571428571	0.6893256426631215
Supertype	pca	logreg	H21.33.006	622	0.9115755627009646	0.8237895731183857
Supertype	pca	logreg	H21.33.007	643	0.8771384136858476	0.7681440341143444
Supertype	pca	logreg	H21.33.008	625	0.8704	0.757145832185036
Supertype	pca	logreg	H21.33.009	617	0.8411669367909238	0.7050855977777841
Supertype	pca	logreg	H21.33.010	659	0.8679817905918058	0.6873991366830338
Supertype	pca	logreg	H21.33.011	637	0.8822605965463108	0.7850878503769834
Supertype	pca	logreg	H21.33.012	668	0.9131736526946108	0.7824790884948403
Supertype	pca	logreg	H21.33.013	644	0.9114906832298136	0.8087337088265769
Supertype	pca	logreg	H21.33.014	632	0.8924050632911392	0.7531568144283581
Supertype	pca	logreg	H21.33.015	655	0.9114503816793893	0.8103913160801108
Supertype	pca	logreg	H21.33.016	619	0.901453957996769	0.7701005671591075
Supertype	pca	logreg	H21.33.017	604	0.8658940397350994	0.7389198989467373
Supertype	pca	logreg	H21.33.018	650	0.8630769230769231	0.6967108309718018
Supertype	pca	logreg	H21.33.019	694	0.8760806916426513	0.7666560869873109
Supertype	pca	logreg	H21.33.020	228	0.8201754385964912	0.7029677446394882
Supertype	pca	logreg	H21.33.021	633	0.9004739336492891	0.7972360379604935
Supertype	pca	logreg	H21.33.022	666	0.8903903903903904	0.7945030340177134
Supertype	pca	logreg	H21.33.023	671	0.9001490312965723	0.7765839328198619
Supertype	pca	logreg	H21.33.025	660	0.8681818181818182	0.7339168259299355
Supertype	pca	logreg	H21.33.026	642	0.8847352024922118	0.7619411377721917
Supertype	pca	logreg	H21.33.027	683	0.9062957540263543	0.8084449592028583
Supertype	pca	logreg	H21.33.028	646	0.8699690402476781	0.7718793369820262
Supertype	pca	logreg	H21.33.029	637	0.880690737833595	0.7397964464576104
Supertype	pca	logreg	H21.33.030	654	0.9220183486238532	0.8000223947754156
Supertype	pca	logreg	H21.33.031	655	0.8778625954198473	0.7184873916528294
Supertype	pca	logreg	H21.33.032	668	0.8997005988023952	0.7515635181285059
Supertype	pca	logreg	H21.33.033	644	0.8649068322981367	0.7140671365406972
Supertype	pca	logreg	H21.33.034	462	0.7878787878787878	0.6766313861526521
Supertype	pca	logreg	H21.33.035	670	0.9149253731343283	0.744164653751639
Supertype	pca	logreg	H21.33.036	609	0.8686371100164204	0.7442257929981139
Supertype	pca	logreg	H21.33.037	605	0.9024793388429752	0.8019757097183965
Supertype	pca	logreg	H21.33.038	618	0.8705501618122977	0.734715616905241
Supertype	pca	logreg	H21.33.039	610	0.8344262295081967	0.7123049717612986
Supertype	pca	logreg	H21.33.040	682	0.8958944281524927	0.7359018752953668
Supertype	pca	logreg	H21.33.041	666	0.9009009009009009	0.7720511443653548
Supertype	pca	logreg	H21.33.042	654	0.8853211009174312	0.8123562111925171
Supertype	pca	logreg	H21.33.043	673	0.8662704309063893	0.7405094792610709
Supertype	pca	logreg	H21.33.044	630	0.8253968253968254	0.6670568122425458
Supertype	pca	logreg	H21.33.045	616	0.8474025974025974	0.7278797850701956
Supertype	pca	logreg	H21.33.046	597	0.9061976549413735	0.7289359604783897
Supertype	pca	logreg	H21.33.047	642	0.8644859813084113	0.7219157651068098
Supertype	pca	knn	H19.33.004	690	0.8521739130434782	0.7003637198285217
Supertype	pca	knn	H20.33.001	670	0.8313432835820895	0.6656904521544799
Supertype	pca	knn	H20.33.002	659	0.8755690440060698	0.7053815568041335
Supertype	pca	knn	H20.33.004	666	0.8813813813813813	0.7833385846622268
Supertype	pca	knn	H20.33.005	665	0.8781954887218045	0.6829927828335535
Supertype	pca	knn	H20.33.008	627	0.8724082934609251	0.7355751968322006
Supertype	pca	knn	H20.33.011	662	0.8731117824773413	0.7123242376876807
Supertype	pca	knn	H20.33.012	653	0.8759571209800919	0.7356709868597283
Supertype	pca	knn	H20.33.013	652	0.8558282208588958	0.721898923044983
Supertype	pca	knn	H20.33.014	650	0.8984615384615384	0.7304097023550081
Supertype	pca	knn	H20.33.015	651	0.8540706605222734	0.6740930774949976
Supertype	pca	knn	H20.33.016	646	0.8746130030959752	0.7458037990123564
Supertype	pca	knn	H20.33.017	659	0.8573596358118362	0.7408559949507043
Supertype	pca	knn	H20.33.018	687	0.8457059679767104	0.7334531127374098
Supertype	pca	knn	H20.33.019	663	0.8657616892911011	0.696848887852571
Supertype	pca	knn	H20.33.020	668	0.844311377245509	0.6842716202014454
Supertype	pca	knn	H20.33.024	642	0.822429906542056	0.69241492185161
Supertype	pca	knn	H20.33.025	664	0.8719879518072289	0.6934576311230903
Supertype	pca	knn	H20.33.026	617	0.893030794165316	0.7543713595917743
Supertype	pca	knn	H20.33.027	688	0.8968023255813954	0.7534833864434516
Supertype	pca	knn	H20.33.028	573	0.8464223385689355	0.6270987626705853
Supertype	pca	knn	H20.33.029	637	0.8979591836734694	0.7814349353975386
Supertype	pca	knn	H20.33.030	676	0.8742603550295858	0.721381787639841
Supertype	pca	knn	H20.33.031	608	0.8634868421052632	0.7176313572921913
Supertype	pca	knn	H20.33.032	671	0.8658718330849479	0.7223894821928705
Supertype	pca	knn	H20.33.033	607	0.8204283360790774	0.6836515336609268
Supertype	pca	knn	H20.33.034	677	0.8847858197932054	0.724146782410773
Supertype	pca	knn	H20.33.035	609	0.8357963875205254	0.6798565343385172
Supertype	pca	knn	H20.33.036	605	0.8495867768595041	0.7017885044970247
Supertype	pca	knn	H20.33.037	621	0.8148148148148148	0.6780337729011955
Supertype	pca	knn	H20.33.038	387	0.7777777777777778	0.6099535334327983
Supertype	pca	knn	H20.33.039	667	0.881559220389805	0.7189758999542297
Supertype	pca	knn	H20.33.040	653	0.8468606431852986	0.7129575488839816
Supertype	pca	knn	H20.33.041	642	0.8551401869158879	0.7094777137550341
Supertype	pca	knn	H20.33.043	658	0.8799392097264438	0.7133322479943218
Supertype	pca	knn	H20.33.044	649	0.8505392912172574	0.6902925588818638
Supertype	pca	knn	H20.33.045	635	0.8456692913385827	0.6708006996563052
Supertype	pca	knn	H20.33.046	663	0.8280542986425339	0.6229006062748126
Supertype	pca	knn	H21.33.001	646	0.8018575851393189	0.6401207430255337
Supertype	pca	knn	H21.33.002	656	0.8597560975609756	0.7190163139151281
Supertype	pca	knn	H21.33.003	668	0.8607784431137725	0.7002108688696737
Supertype	pca	knn	H21.33.004	650	0.8707692307692307	0.7140648399604738
Supertype	pca	knn	H21.33.005	658	0.8237082066869301	0.6474472359983517
Supertype	pca	knn	H21.33.006	622	0.8922829581993569	0.76637634176473
Supertype	pca	knn	H21.33.007	643	0.8615863141524106	0.7429068704992697
Supertype	pca	knn	H21.33.008	625	0.8496	0.7015234803737417
Supertype	pca	knn	H21.33.009	617	0.8379254457050244	0.6813593637319922
Supertype	pca	knn	H21.33.010	659	0.8467374810318664	0.6665373512768663
Supertype	pca	knn	H21.33.011	637	0.8681318681318682	0.6908538849503487
Supertype	pca	knn	H21.33.012	668	0.9011976047904192	0.7544797094063457
Supertype	pca	knn	H21.33.013	644	0.8819875776397516	0.7164880548785652
Supertype	pca	knn	H21.33.014	632	0.8575949367088608	0.708699019761019
Supertype	pca	knn	H21.33.015	655	0.8732824427480916	0.7317916717591254
Supertype	pca	knn	H21.33.016	619	0.8804523424878837	0.702821644165951
Supertype	pca	knn	H21.33.017	604	0.8410596026490066	0.668362459909929
Supertype	pca	knn	H21.33.018	650	0.8830769230769231	0.723016636030155
Supertype	pca	knn	H21.33.019	694	0.8587896253602305	0.720426688436331
Supertype	pca	knn	H21.33.020	228	0.7543859649122807	0.5731046520544791
Supertype	pca	knn	H21.33.021	633	0.8546603475513428	0.6805375961678665
Supertype	pca	knn	H21.33.022	666	0.8753753753753754	0.7484242508834191
Supertype	pca	knn	H21.33.023	671	0.8956780923994039	0.7664796489865328
Supertype	pca	knn	H21.33.025	660	0.8575757575757575	0.6661157090442056
Supertype	pca	knn	H21.33.026	642	0.839563862928349	0.6608372824032456
Supertype	pca	knn	H21.33.027	683	0.8989751098096632	0.7260509302212573
Supertype	pca	knn	H21.33.028	646	0.8591331269349846	0.6755421579194107
Supertype	pca	knn	H21.33.029	637	0.8649921507064364	0.7027298046999496
Supertype	pca	knn	H21.33.030	654	0.8944954128440367	0.7417927756641566
Supertype	pca	knn	H21.33.031	655	0.8580152671755725	0.6560781230715856
Supertype	pca	knn	H21.33.032	668	0.9011976047904192	0.737646166930643
Supertype	pca	knn	H21.33.033	644	0.8509316770186336	0.6815936646123092
Supertype	pca	knn	H21.33.034	462	0.7770562770562771	0.6322837481749208
Supertype	pca	knn	H21.33.035	670	0.8895522388059701	0.7012047707124244
Supertype	pca	knn	H21.33.036	609	0.8637110016420362	0.7278964490106472
Supertype	pca	knn	H21.33.037	605	0.8545454545454545	0.7140367102776106
Supertype	pca	knn	H21.33.038	618	0.8543689320388349	0.7096616126722387
Supertype	pca	knn	H21.33.039	610	0.8163934426229508	0.6560109765254655
Supertype	pca	knn	H21.33.040	682	0.873900293255132	0.7300123069960791
Supertype	pca	knn	H21.33.041	666	0.8783783783783784	0.7229380506149095
Supertype	pca	knn	H21.33.042	654	0.8516819571865444	0.7114102497606537
Supertype	pca	knn	H21.33.043	673	0.8647845468053492	0.7245903814811763
Supertype	pca	knn	H21.33.044	630	0.8063492063492064	0.6331112154933128
Supertype	pca	knn	H21.33.045	616	0.8133116883116883	0.6512265317802719
Supertype	pca	knn	H21.33.046	597	0.8726968174204355	0.6534033380307854
Supertype	pca	knn	H21.33.047	642	0.8457943925233645	0.6531371785963768
Supertype	pca256	logreg	H19.33.004	690	0.8782608695652174	0.7717887623390485
Supertype	pca256	logreg	H20.33.001	670	0.8805970149253731	0.7886436891849398
Supertype	pca256	logreg	H20.33.002	659	0.9044006069802731	0.8347590097416558
Supertype	pca256	logreg	H20.33.004	666	0.9159159159159159	0.8199785290582952
Supertype	pca256	logreg	H20.33.005	665	0.8962406015037594	0.7445257183136497
Supertype	pca256	logreg	H20.33.008	627	0.8819776714513556	0.7711894812309315
Supertype	pca256	logreg	H20.33.011	662	0.9199395770392749	0.8378277065223135
Supertype	pca256	logreg	H20.33.012	653	0.8973966309341501	0.8296986887184115
Supertype	pca256	logreg	H20.33.013	652	0.8834355828220859	0.8161928886550072
Supertype	pca256	logreg	H20.33.014	650	0.9276923076923077	0.8197677152753066
Supertype	pca256	logreg	H20.33.015	651	0.8878648233486943	0.7649797392871901
Supertype	pca256	logreg	H20.33.016	646	0.9086687306501547	0.8279456309991511
Supertype	pca256	logreg	H20.33.017	659	0.8861911987860395	0.7793937942790786
Supertype	pca256	logreg	H20.33.018	687	0.8820960698689956	0.8189759668893125
Supertype	pca256	logreg	H20.33.019	663	0.889894419306184	0.806773655219689
Supertype	pca256	logreg	H20.33.020	668	0.8727544910179641	0.7843692801065022
Supertype	pca256	logreg	H20.33.024	642	0.8925233644859814	0.799639265916275
Supertype	pca256	logreg	H20.33.025	664	0.9051204819277109	0.7968957916706669
Supertype	pca256	logreg	H20.33.026	617	0.9157212317666127	0.8185367937543733
Supertype	pca256	logreg	H20.33.027	688	0.9171511627906976	0.8403441899612474
Supertype	pca256	logreg	H20.33.028	573	0.8760907504363001	0.7037736767839288
Supertype	pca256	logreg	H20.33.029	637	0.9136577708006279	0.8263007487677142
Supertype	pca256	logreg	H20.33.030	676	0.9053254437869822	0.8277324321809417
Supertype	pca256	logreg	H20.33.031	608	0.8980263157894737	0.7893445832980448
Supertype	pca256	logreg	H20.33.032	671	0.9016393442622951	0.7859208052059589
Supertype	pca256	logreg	H20.33.033	607	0.85667215815486	0.7079781477620279
Supertype	pca256	logreg	H20.33.034	677	0.9084194977843427	0.794965387024211
Supertype	pca256	logreg	H20.33.035	609	0.8735632183908046	0.7957247493496814
Supertype	pca256	logreg	H20.33.036	605	0.8842975206611571	0.7980896137060591
Supertype	pca256	logreg	H20.33.037	621	0.8470209339774557	0.7383759436820867
Supertype	pca256	logreg	H20.33.038	387	0.8604651162790697	0.7777614369993212
Supertype	pca256	logreg	H20.33.039	667	0.9085457271364318	0.8153795871717676
Supertype	pca256	logreg	H20.33.040	653	0.8790199081163859	0.7684547586940057
Supertype	pca256	logreg	H20.33.041	642	0.8862928348909658	0.7922211288316713
Supertype	pca256	logreg	H20.33.043	658	0.9072948328267477	0.8206089260272668
Supertype	pca256	logreg	H20.33.044	649	0.8767334360554699	0.7709467146023329
Supertype	pca256	logreg	H20.33.045	635	0.8740157480314961	0.7011419245169159
Supertype	pca256	logreg	H20.33.046	663	0.8808446455505279	0.7560734154014583
Supertype	pca256	logreg	H21.33.001	646	0.8405572755417957	0.7222935280624008
Supertype	pca256	logreg	H21.33.002	656	0.8795731707317073	0.7529630263377382
Supertype	pca256	logreg	H21.33.003	668	0.8937125748502994	0.8193998926597239
Supertype	pca256	logreg	H21.33.004	650	0.8892307692307693	0.8063117288640222
Supertype	pca256	logreg	H21.33.005	658	0.8738601823708206	0.7759365558465222
Supertype	pca256	logreg	H21.33.006	622	0.9115755627009646	0.8069867684314391
Supertype	pca256	logreg	H21.33.007	643	0.895800933125972	0.7887041558944144
Supertype	pca256	logreg	H21.33.008	625	0.8656	0.753293391702322
Supertype	pca256	logreg	H21.33.009	617	0.8654781199351702	0.7773419217037321
Supertype	pca256	logreg	H21.33.010	659	0.8983308042488619	0.7815091120329548
Supertype	pca256	logreg	H21.33.011	637	0.8948194662480377	0.7741413891087204
Supertype	pca256	logreg	H21.33.012	668	0.9266467065868264	0.8022446277540488
Supertype	pca256	logreg	H21.33.013	644	0.9006211180124224	0.8079332774481134
Supertype	pca256	logreg	H21.33.014	632	0.9034810126582279	0.7475581339555777
Supertype	pca256	logreg	H21.33.015	655	0.9129770992366413	0.8046341997346658
Supertype	pca256	logreg	H21.33.016	619	0.8949919224555735	0.7897577213443404
Supertype	pca256	logreg	H21.33.017	604	0.8956953642384106	0.7612788985716773
Supertype	pca256	logreg	H21.33.018	650	0.8830769230769231	0.7382363677799629
Supertype	pca256	logreg	H21.33.019	694	0.8804034582132565	0.758081321170929
Supertype	pca256	logreg	H21.33.020	228	0.7894736842105263	0.6303500006142805
Supertype	pca256	logreg	H21.33.021	633	0.9020537124802528	0.8056508523952328
Supertype	pca256	logreg	H21.33.022	666	0.9084084084084084	0.8247030120983145
Supertype	pca256	logreg	H21.33.023	671	0.9090909090909091	0.7705920643486981
Supertype	pca256	logreg	H21.33.025	660	0.8893939393939394	0.7736303666692199
Supertype	pca256	logreg	H21.33.026	642	0.8894080996884736	0.7364882049568608
Supertype	pca256	logreg	H21.33.027	683	0.9121522693997072	0.8107919399706555
Supertype	pca256	logreg	H21.33.028	646	0.868421052631579	0.7508547465614441
Supertype	pca256	logreg	H21.33.029	637	0.8791208791208791	0.7481649146845605
Supertype	pca256	logreg	H21.33.030	654	0.918960244648318	0.8076719444664553
Supertype	pca256	logreg	H21.33.031	655	0.8793893129770992	0.7170046281079224
Supertype	pca256	logreg	H21.33.032	668	0.9221556886227545	0.8232413398130884
Supertype	pca256	logreg	H21.33.033	644	0.8773291925465838	0.7271362068684758
Supertype	pca256	logreg	H21.33.034	462	0.7813852813852814	0.6492170010462939
Supertype	pca256	logreg	H21.33.035	670	0.9134328358208955	0.7722875374355902
Supertype	pca256	logreg	H21.33.036	609	0.8850574712643678	0.7747208803348569
Supertype	pca256	logreg	H21.33.037	605	0.8710743801652893	0.7414888284194303
Supertype	pca256	logreg	H21.33.038	618	0.9061488673139159	0.7777337281554698
Supertype	pca256	logreg	H21.33.039	610	0.8475409836065574	0.7590565495480763
Supertype	pca256	logreg	H21.33.040	682	0.8944281524926686	0.7741788775869856
Supertype	pca256	logreg	H21.33.041	666	0.9069069069069069	0.7934599747456934
Supertype	pca256	logreg	H21.33.042	654	0.8807339449541285	0.7828839008357544
Supertype	pca256	logreg	H21.33.043	673	0.8662704309063893	0.7560419403728749
Supertype	pca256	logreg	H21.33.044	630	0.846031746031746	0.7121007465136627
Supertype	pca256	logreg	H21.33.045	616	0.8733766233766234	0.7967834769392227
Supertype	pca256	logreg	H21.33.046	597	0.916247906197655	0.802274011500331
Supertype	pca256	logreg	H21.33.047	642	0.8956386292834891	0.8036475072244706
Supertype	pca256	knn	H19.33.004	690	0.8173913043478261	0.658063668894391
Supertype	pca256	knn	H20.33.001	670	0.8134328358208955	0.6753937039965536
Supertype	pca256	knn	H20.33.002	659	0.849772382397572	0.7271754068148633
Supertype	pca256	knn	H20.33.004	666	0.8693693693693694	0.7801427763251138
Supertype	pca256	knn	H20.33.005	665	0.8586466165413534	0.6852686119958331
Supertype	pca256	knn	H20.33.008	627	0.8437001594896332	0.7035929060257593
Supertype	pca256	knn	H20.33.011	662	0.8716012084592145	0.7472140694043082
Supertype	pca256	knn	H20.33.012	653	0.8453292496171516	0.7212673199638386
Supertype	pca256	knn	H20.33.013	652	0.8404907975460123	0.7447981811417146
Supertype	pca256	knn	H20.33.014	650	0.8630769230769231	0.72333709040661
Supertype	pca256	knn	H20.33.015	651	0.8448540706605223	0.6805415719560288
Supertype	pca256	knn	H20.33.016	646	0.8544891640866873	0.7021536842802716
Supertype	pca256	knn	H20.33.017	659	0.8285280728376327	0.7374608218160442
Supertype	pca256	knn	H20.33.018	687	0.8151382823871907	0.7016288756097252
Supertype	pca256	knn	H20.33.019	663	0.8386123680241327	0.6819807278982135
Supertype	pca256	knn	H20.33.020	668	0.8248502994011976	0.682911415272203
Supertype	pca256	knn	H20.33.024	642	0.8317757009345794	0.7123001084943322
Supertype	pca256	knn	H20.33.025	664	0.8524096385542169	0.6949492768291599
Supertype	pca256	knn	H20.33.026	617	0.8573743922204214	0.7724716167545391
Supertype	pca256	knn	H20.33.027	688	0.8706395348837209	0.7523479834668187
Supertype	pca256	knn	H20.33.028	573	0.8150087260034904	0.576487296121645
Supertype	pca256	knn	H20.33.029	637	0.8665620094191523	0.7302873483498991
Supertype	pca256	knn	H20.33.030	676	0.8328402366863905	0.6890605824419949
Supertype	pca256	knn	H20.33.031	608	0.8388157894736842	0.6848067879136223
Supertype	pca256	knn	H20.33.032	671	0.8241430700447094	0.6862433994740763
Supertype	pca256	knn	H20.33.033	607	0.7759472817133443	0.5868111769837093
Supertype	pca256	knn	H20.33.034	677	0.843426883308715	0.7096522335100736
Supertype	pca256	knn	H20.33.035	609	0.812807881773399	0.6924524217064355
Supertype	pca256	knn	H20.33.036	605	0.8198347107438017	0.6359092622614088
Supertype	pca256	knn	H20.33.037	621	0.7536231884057971	0.5366811094220338
Supertype	pca256	knn	H20.33.038	387	0.7674418604651163	0.6027836207624471
Supertype	pca256	knn	H20.33.039	667	0.8185907046476761	0.6875416808737957
Supertype	pca256	knn	H20.33.040	653	0.7947932618683001	0.6921352944645983
Supertype	pca256	knn	H20.33.041	642	0.8489096573208723	0.7145682412407566
Supertype	pca256	knn	H20.33.043	658	0.8662613981762918	0.7089215730150072
Supertype	pca256	knn	H20.33.044	649	0.802773497688752	0.6855666598369642
Supertype	pca256	knn	H20.33.045	635	0.8125984251968504	0.6522916482889628
Supertype	pca256	knn	H20.33.046	663	0.8024132730015083	0.6356824555109685
Supertype	pca256	knn	H21.33.001	646	0.781733746130031	0.6537456271316242
Supertype	pca256	knn	H21.33.002	656	0.8185975609756098	0.6975947269162773
Supertype	pca256	knn	H21.33.003	668	0.844311377245509	0.6998841755629402
Supertype	pca256	knn	H21.33.004	650	0.8569230769230769	0.7375873823514973
Supertype	pca256	knn	H21.33.005	658	0.7781155015197568	0.6277517805258587
Supertype	pca256	knn	H21.33.006	622	0.8633440514469454	0.7469919150495848
Supertype	pca256	knn	H21.33.007	643	0.8149300155520995	0.7058901450215463
Supertype	pca256	knn	H21.33.008	625	0.8032	0.6408993979116349
Supertype	pca256	knn	H21.33.009	617	0.8087520259319287	0.6519214007577654
Supertype	pca256	knn	H21.33.010	659	0.8148710166919575	0.6476399730155451
Supertype	pca256	knn	H21.33.011	637	0.8383045525902669	0.7127679858493126
Supertype	pca256	knn	H21.33.012	668	0.8652694610778443	0.7079706872810686
Supertype	pca256	knn	H21.33.013	644	0.8633540372670807	0.7072220115763888
Supertype	pca256	knn	H21.33.014	632	0.8322784810126582	0.6653885375336761
Supertype	pca256	knn	H21.33.015	655	0.8595419847328244	0.7364971886411132
Supertype	pca256	knn	H21.33.016	619	0.8707592891760905	0.7196567872022454
Supertype	pca256	knn	H21.33.017	604	0.8245033112582781	0.6362495829527138
Supertype	pca256	knn	H21.33.018	650	0.8446153846153847	0.6724926965378388
Supertype	pca256	knn	H21.33.019	694	0.8631123919308358	0.7281580250657204
Supertype	pca256	knn	H21.33.020	228	0.6622807017543859	0.5093478548704656
Supertype	pca256	knn	H21.33.021	633	0.8593996840442338	0.7069413276627814
Supertype	pca256	knn	H21.33.022	666	0.8483483483483484	0.741357290191212
Supertype	pca256	knn	H21.33.023	671	0.8584202682563339	0.7157410668656081
Supertype	pca256	knn	H21.33.025	660	0.8378787878787879	0.7008614237668725
Supertype	pca256	knn	H21.33.026	642	0.8286604361370716	0.665004798463537
Supertype	pca256	knn	H21.33.027	683	0.8448023426061494	0.7075494591355315
Supertype	pca256	knn	H21.33.028	646	0.7972136222910217	0.6567227860074564
Supertype	pca256	knn	H21.33.029	637	0.8163265306122449	0.6766938374876992
Supertype	pca256	knn	H21.33.030	654	0.8837920489296636	0.74038007532041
Supertype	pca256	knn	H21.33.031	655	0.8198473282442749	0.6792815735075702
Supertype	pca256	knn	H21.33.032	668	0.8517964071856288	0.7181646253928953
Supertype	pca256	knn	H21.33.033	644	0.8059006211180124	0.6616480339947863
Supertype	pca256	knn	H21.33.034	462	0.7186147186147186	0.5801727333815724
Supertype	pca256	knn	H21.33.035	670	0.8686567164179104	0.6964583388323804
Supertype	pca256	knn	H21.33.036	609	0.8390804597701149	0.7354333251440602
Supertype	pca256	knn	H21.33.037	605	0.8214876033057851	0.6903544134155071
Supertype	pca256	knn	H21.33.038	618	0.8349514563106796	0.7104054390127529
Supertype	pca256	knn	H21.33.039	610	0.8032786885245902	0.6652743916221242
Supertype	pca256	knn	H21.33.040	682	0.8079178885630498	0.6372013354693756
Supertype	pca256	knn	H21.33.041	666	0.8483483483483484	0.713050308577186
Supertype	pca256	knn	H21.33.042	654	0.8119266055045872	0.6880203708757582
Supertype	pca256	knn	H21.33.043	673	0.8098068350668648	0.6644800358275642
Supertype	pca256	knn	H21.33.044	630	0.7714285714285715	0.6340579744104462
Supertype	pca256	knn	H21.33.045	616	0.7938311688311688	0.6547165234377317
Supertype	pca256	knn	H21.33.046	597	0.8358458961474037	0.6244527517940126
Supertype	pca256	knn	H21.33.047	642	0.8130841121495327	0.6560751114161245
Supertype	gf_v2_104m_cls	logreg	H19.33.004	690	0.9057971014492754	0.8223282102037938
Supertype	gf_v2_104m_cls	logreg	H20.33.001	670	0.8701492537313433	0.8032073423584037
Supertype	gf_v2_104m_cls	logreg	H20.33.002	659	0.9074355083459787	0.8415340812136728
Supertype	gf_v2_104m_cls	logreg	H20.33.004	666	0.948948948948949	0.8701541977193841
Supertype	gf_v2_104m_cls	logreg	H20.33.005	665	0.9157894736842105	0.8332334763233027
Supertype	gf_v2_104m_cls	logreg	H20.33.008	627	0.89792663476874	0.7879958808028112
Supertype	gf_v2_104m_cls	logreg	H20.33.011	662	0.9259818731117825	0.8273028263825403
Supertype	gf_v2_104m_cls	logreg	H20.33.012	653	0.891271056661562	0.8050511429402671
Supertype	gf_v2_104m_cls	logreg	H20.33.013	652	0.9079754601226994	0.8541962663311777
Supertype	gf_v2_104m_cls	logreg	H20.33.014	650	0.943076923076923	0.8605973900921647
Supertype	gf_v2_104m_cls	logreg	H20.33.015	651	0.8817204301075269	0.7574441643159735
Supertype	gf_v2_104m_cls	logreg	H20.33.016	646	0.9086687306501547	0.8226108090305803
Supertype	gf_v2_104m_cls	logreg	H20.33.017	659	0.9089529590288316	0.8401683604791491
Supertype	gf_v2_104m_cls	logreg	H20.33.018	687	0.901018922852984	0.8676469550429678
Supertype	gf_v2_104m_cls	logreg	H20.33.019	663	0.8748114630467572	0.7478065284953394
Supertype	gf_v2_104m_cls	logreg	H20.33.020	668	0.905688622754491	0.8436455836166562
Supertype	gf_v2_104m_cls	logreg	H20.33.024	642	0.9096573208722741	0.8130302090458285
Supertype	gf_v2_104m_cls	logreg	H20.33.025	664	0.9262048192771084	0.8730675159425543
Supertype	gf_v2_104m_cls	logreg	H20.33.026	617	0.9205834683954619	0.8771721437978661
Supertype	gf_v2_104m_cls	logreg	H20.33.027	688	0.9142441860465116	0.8145363409215717
Supertype	gf_v2_104m_cls	logreg	H20.33.028	573	0.893542757417103	0.7328415470382791
Supertype	gf_v2_104m_cls	logreg	H20.33.029	637	0.9058084772370487	0.7986923797154919
Supertype	gf_v2_104m_cls	logreg	H20.33.030	676	0.9260355029585798	0.8678362622776223
Supertype	gf_v2_104m_cls	logreg	H20.33.031	608	0.8930921052631579	0.7979166913175453
Supertype	gf_v2_104m_cls	logreg	H20.33.032	671	0.9225037257824144	0.8626827534744002
Supertype	gf_v2_104m_cls	logreg	H20.33.033	607	0.8764415156507414	0.7778343709883385
Supertype	gf_v2_104m_cls	logreg	H20.33.034	677	0.9069423929098966	0.7801073188221583
Supertype	gf_v2_104m_cls	logreg	H20.33.035	609	0.8522167487684729	0.7629884938701745
Supertype	gf_v2_104m_cls	logreg	H20.33.036	605	0.915702479338843	0.8359759822649198
Supertype	gf_v2_104m_cls	logreg	H20.33.037	621	0.8888888888888888	0.7984622846452294
Supertype	gf_v2_104m_cls	logreg	H20.33.038	387	0.8811369509043928	0.751876620784513
Supertype	gf_v2_104m_cls	logreg	H20.33.039	667	0.9205397301349325	0.8198943603176296
Supertype	gf_v2_104m_cls	logreg	H20.33.040	653	0.892802450229709	0.7769905958628697
Supertype	gf_v2_104m_cls	logreg	H20.33.041	642	0.8753894080996885	0.7846584161184039
Supertype	gf_v2_104m_cls	logreg	H20.33.043	658	0.9148936170212766	0.7894014094226717
Supertype	gf_v2_104m_cls	logreg	H20.33.044	649	0.8859784283513097	0.8169603979772072
Supertype	gf_v2_104m_cls	logreg	H20.33.045	635	0.8976377952755905	0.807311922613427
Supertype	gf_v2_104m_cls	logreg	H20.33.046	663	0.8778280542986425	0.7520368496870141
Supertype	gf_v2_104m_cls	logreg	H21.33.001	646	0.848297213622291	0.7219285921487558
Supertype	gf_v2_104m_cls	logreg	H21.33.002	656	0.8963414634146342	0.8056619018823433
Supertype	gf_v2_104m_cls	logreg	H21.33.003	668	0.9026946107784432	0.8357936745017529
Supertype	gf_v2_104m_cls	logreg	H21.33.004	650	0.8984615384615384	0.8286364870661931
Supertype	gf_v2_104m_cls	logreg	H21.33.005	658	0.8996960486322189	0.8117000694106021
Supertype	gf_v2_104m_cls	logreg	H21.33.006	622	0.9147909967845659	0.8238042956866066
Supertype	gf_v2_104m_cls	logreg	H21.33.007	643	0.9066874027993779	0.8206843668396693
Supertype	gf_v2_104m_cls	logreg	H21.33.008	625	0.8832	0.7920047760462389
Supertype	gf_v2_104m_cls	logreg	H21.33.009	617	0.8719611021069692	0.7881984627095211
Supertype	gf_v2_104m_cls	logreg	H21.33.010	659	0.9013657056145675	0.8107501065715806
Supertype	gf_v2_104m_cls	logreg	H21.33.011	637	0.9042386185243328	0.8237033070697866
Supertype	gf_v2_104m_cls	logreg	H21.33.012	668	0.9206586826347305	0.8323004137534737
Supertype	gf_v2_104m_cls	logreg	H21.33.013	644	0.9021739130434783	0.8086351611921615
Supertype	gf_v2_104m_cls	logreg	H21.33.014	632	0.9098101265822784	0.8008447628577224
Supertype	gf_v2_104m_cls	logreg	H21.33.015	655	0.917557251908397	0.8191261696581599
Supertype	gf_v2_104m_cls	logreg	H21.33.016	619	0.9176090468497576	0.8087461422849622
Supertype	gf_v2_104m_cls	logreg	H21.33.017	604	0.8807947019867549	0.7135798975927302
Supertype	gf_v2_104m_cls	logreg	H21.33.018	650	0.8923076923076924	0.7764293869298021
Supertype	gf_v2_104m_cls	logreg	H21.33.019	694	0.9178674351585014	0.8105249472664331
Supertype	gf_v2_104m_cls	logreg	H21.33.020	228	0.8377192982456141	0.6622568047805363
Supertype	gf_v2_104m_cls	logreg	H21.33.021	633	0.909952606635071	0.8092565944795405
Supertype	gf_v2_104m_cls	logreg	H21.33.022	666	0.9054054054054054	0.8335344234029691
Supertype	gf_v2_104m_cls	logreg	H21.33.023	671	0.9180327868852459	0.8095839474767804
Supertype	gf_v2_104m_cls	logreg	H21.33.025	660	0.8787878787878788	0.8031517543721126
Supertype	gf_v2_104m_cls	logreg	H21.33.026	642	0.9065420560747663	0.8105692154362307
Supertype	gf_v2_104m_cls	logreg	H21.33.027	683	0.9077598828696926	0.7949022198382394
Supertype	gf_v2_104m_cls	logreg	H21.33.028	646	0.913312693498452	0.8547415602537066
Supertype	gf_v2_104m_cls	logreg	H21.33.029	637	0.8869701726844584	0.7855860925265854
Supertype	gf_v2_104m_cls	logreg	H21.33.030	654	0.9327217125382263	0.85539117111847
Supertype	gf_v2_104m_cls	logreg	H21.33.031	655	0.9099236641221374	0.8048646379340818
Supertype	gf_v2_104m_cls	logreg	H21.33.032	668	0.937125748502994	0.8833793010658849
Supertype	gf_v2_104m_cls	logreg	H21.33.033	644	0.8944099378881988	0.8052075446585925
Supertype	gf_v2_104m_cls	logreg	H21.33.034	462	0.829004329004329	0.7237600167548562
Supertype	gf_v2_104m_cls	logreg	H21.33.035	670	0.9194029850746268	0.7913033359548904
Supertype	gf_v2_104m_cls	logreg	H21.33.036	609	0.9014778325123153	0.8171021980714014
Supertype	gf_v2_104m_cls	logreg	H21.33.037	605	0.9206611570247933	0.8459679985094475
Supertype	gf_v2_104m_cls	logreg	H21.33.038	618	0.8996763754045307	0.8241885047622759
Supertype	gf_v2_104m_cls	logreg	H21.33.039	610	0.8704918032786885	0.7889844781340197
Supertype	gf_v2_104m_cls	logreg	H21.33.040	682	0.9134897360703812	0.7567215975954386
Supertype	gf_v2_104m_cls	logreg	H21.33.041	666	0.918918918918919	0.7999382488428189
Supertype	gf_v2_104m_cls	logreg	H21.33.042	654	0.8868501529051988	0.8194738956211961
Supertype	gf_v2_104m_cls	logreg	H21.33.043	673	0.9004457652303121	0.8059792243274229
Supertype	gf_v2_104m_cls	logreg	H21.33.044	630	0.873015873015873	0.7950945984088119
Supertype	gf_v2_104m_cls	logreg	H21.33.045	616	0.8522727272727273	0.751727826218233
Supertype	gf_v2_104m_cls	logreg	H21.33.046	597	0.9112227805695142	0.7906993692466511
Supertype	gf_v2_104m_cls	logreg	H21.33.047	642	0.9112149532710281	0.8382357115450223
Supertype	gf_v2_104m_cls	knn	H19.33.004	690	0.7855072463768116	0.5600609950721149
Supertype	gf_v2_104m_cls	knn	H20.33.001	670	0.8029850746268656	0.650346037942286
Supertype	gf_v2_104m_cls	knn	H20.33.002	659	0.8042488619119879	0.6472455197152841
Supertype	gf_v2_104m_cls	knn	H20.33.004	666	0.8378378378378378	0.6713831888552818
Supertype	gf_v2_104m_cls	knn	H20.33.005	665	0.8270676691729323	0.6180098850377453
Supertype	gf_v2_104m_cls	knn	H20.33.008	627	0.8213716108452951	0.6061709723489648
Supertype	gf_v2_104m_cls	knn	H20.33.011	662	0.8595166163141994	0.713504758173137
Supertype	gf_v2_104m_cls	knn	H20.33.012	653	0.8085758039816233	0.6575013432501395
Supertype	gf_v2_104m_cls	knn	H20.33.013	652	0.8404907975460123	0.7036159480911456
Supertype	gf_v2_104m_cls	knn	H20.33.014	650	0.8661538461538462	0.6932907324842923
Supertype	gf_v2_104m_cls	knn	H20.33.015	651	0.8187403993855606	0.6438618385192028
Supertype	gf_v2_104m_cls	knn	H20.33.016	646	0.8436532507739938	0.7196010526911966
Supertype	gf_v2_104m_cls	knn	H20.33.017	659	0.8330804248861912	0.6874871155811916
Supertype	gf_v2_104m_cls	knn	H20.33.018	687	0.8195050946142649	0.6939539425591209
Supertype	gf_v2_104m_cls	knn	H20.33.019	663	0.8386123680241327	0.6747417703457212
Supertype	gf_v2_104m_cls	knn	H20.33.020	668	0.8143712574850299	0.6544698856462696
Supertype	gf_v2_104m_cls	knn	H20.33.024	642	0.8084112149532711	0.6745445497116022
Supertype	gf_v2_104m_cls	knn	H20.33.025	664	0.8328313253012049	0.6437150883377616
Supertype	gf_v2_104m_cls	knn	H20.33.026	617	0.8427876823338736	0.696257344539716
Supertype	gf_v2_104m_cls	knn	H20.33.027	688	0.8415697674418605	0.6555945607352742
Supertype	gf_v2_104m_cls	knn	H20.33.028	573	0.794066317626527	0.5624491200278552
Supertype	gf_v2_104m_cls	knn	H20.33.029	637	0.847723704866562	0.6609412585340465
Supertype	gf_v2_104m_cls	knn	H20.33.030	676	0.841715976331361	0.6665255668312137
Supertype	gf_v2_104m_cls	knn	H20.33.031	608	0.8322368421052632	0.6889501657211996
Supertype	gf_v2_104m_cls	knn	H20.33.032	671	0.8479880774962743	0.6418930722202608
Supertype	gf_v2_104m_cls	knn	H20.33.033	607	0.7775947281713345	0.5815556817213295
Supertype	gf_v2_104m_cls	knn	H20.33.034	677	0.843426883308715	0.6871392705628171
Supertype	gf_v2_104m_cls	knn	H20.33.035	609	0.7931034482758621	0.6238143732035434
Supertype	gf_v2_104m_cls	knn	H20.33.036	605	0.8347107438016529	0.6601296382588099
Supertype	gf_v2_104m_cls	knn	H20.33.037	621	0.8115942028985508	0.6684358979321084
Supertype	gf_v2_104m_cls	knn	H20.33.038	387	0.772609819121447	0.5258533926058389
Supertype	gf_v2_104m_cls	knn	H20.33.039	667	0.841079460269865	0.6621069151969518
Supertype	gf_v2_104m_cls	knn	H20.33.040	653	0.8315467075038285	0.6725256636558506
Supertype	gf_v2_104m_cls	knn	H20.33.041	642	0.7975077881619937	0.6614082459635238
Supertype	gf_v2_104m_cls	knn	H20.33.043	658	0.8571428571428571	0.6957981654418047
Supertype	gf_v2_104m_cls	knn	H20.33.044	649	0.8258859784283513	0.6697675877747555
Supertype	gf_v2_104m_cls	knn	H20.33.045	635	0.8346456692913385	0.6850077791192042
Supertype	gf_v2_104m_cls	knn	H20.33.046	663	0.8174962292609351	0.6406526131230573
Supertype	gf_v2_104m_cls	knn	H21.33.001	646	0.7461300309597523	0.5944633424434773
Supertype	gf_v2_104m_cls	knn	H21.33.002	656	0.8109756097560976	0.6722433838615884
Supertype	gf_v2_104m_cls	knn	H21.33.003	668	0.8278443113772455	0.6725576859277087
Supertype	gf_v2_104m_cls	knn	H21.33.004	650	0.8476923076923077	0.6652653762651142
Supertype	gf_v2_104m_cls	knn	H21.33.005	658	0.8206686930091185	0.653290729850453
Supertype	gf_v2_104m_cls	knn	H21.33.006	622	0.8569131832797428	0.6971312179856449
Supertype	gf_v2_104m_cls	knn	H21.33.007	643	0.8227060653188181	0.6930212367680821
Supertype	gf_v2_104m_cls	knn	H21.33.008	625	0.8208	0.6723321254117427
Supertype	gf_v2_104m_cls	knn	H21.33.009	617	0.813614262560778	0.6361543204263317
Supertype	gf_v2_104m_cls	knn	H21.33.010	659	0.8209408194233687	0.6063627130892163
Supertype	gf_v2_104m_cls	knn	H21.33.011	637	0.8414442700156985	0.7168057366567506
Supertype	gf_v2_104m_cls	knn	H21.33.012	668	0.8712574850299402	0.7077807089206188
Supertype	gf_v2_104m_cls	knn	H21.33.013	644	0.843167701863354	0.6674681726666379
Supertype	gf_v2_104m_cls	knn	H21.33.014	632	0.8243670886075949	0.6515871165869235
Supertype	gf_v2_104m_cls	knn	H21.33.015	655	0.8366412213740458	0.6426677073903659
Supertype	gf_v2_104m_cls	knn	H21.33.016	619	0.851373182552504	0.7098179330758975
Supertype	gf_v2_104m_cls	knn	H21.33.017	604	0.8145695364238411	0.6059305256742851
Supertype	gf_v2_104m_cls	knn	H21.33.018	650	0.8369230769230769	0.6533756083457553
Supertype	gf_v2_104m_cls	knn	H21.33.019	694	0.8472622478386167	0.677956581553044
Supertype	gf_v2_104m_cls	knn	H21.33.020	228	0.8026315789473685	0.5476776403458736
Supertype	gf_v2_104m_cls	knn	H21.33.021	633	0.8199052132701422	0.61617420978744
Supertype	gf_v2_104m_cls	knn	H21.33.022	666	0.8273273273273273	0.6954385389995857
Supertype	gf_v2_104m_cls	knn	H21.33.023	671	0.8435171385991058	0.677053082505773
Supertype	gf_v2_104m_cls	knn	H21.33.025	660	0.8196969696969697	0.6676209047971912
Supertype	gf_v2_104m_cls	knn	H21.33.026	642	0.839563862928349	0.6749388154009017
Supertype	gf_v2_104m_cls	knn	H21.33.027	683	0.8506588579795022	0.7057549113136132
Supertype	gf_v2_104m_cls	knn	H21.33.028	646	0.8250773993808049	0.6706982686027019
Supertype	gf_v2_104m_cls	knn	H21.33.029	637	0.8383045525902669	0.6460996775463487
Supertype	gf_v2_104m_cls	knn	H21.33.030	654	0.8700305810397554	0.7150356068179633
Supertype	gf_v2_104m_cls	knn	H21.33.031	655	0.8122137404580153	0.6484831336299774
Supertype	gf_v2_104m_cls	knn	H21.33.032	668	0.8577844311377245	0.6860468236418417
Supertype	gf_v2_104m_cls	knn	H21.33.033	644	0.8260869565217391	0.6096716613710825
Supertype	gf_v2_104m_cls	knn	H21.33.034	462	0.7337662337662337	0.586824538283995
Supertype	gf_v2_104m_cls	knn	H21.33.035	670	0.8731343283582089	0.7071420388191635
Supertype	gf_v2_104m_cls	knn	H21.33.036	609	0.8045977011494253	0.6662630937955453
Supertype	gf_v2_104m_cls	knn	H21.33.037	605	0.8148760330578513	0.6309207728355967
Supertype	gf_v2_104m_cls	knn	H21.33.038	618	0.8381877022653722	0.6894338990527185
Supertype	gf_v2_104m_cls	knn	H21.33.039	610	0.7868852459016393	0.63571221902164
Supertype	gf_v2_104m_cls	knn	H21.33.040	682	0.844574780058651	0.6651288013134539
Supertype	gf_v2_104m_cls	knn	H21.33.041	666	0.8708708708708709	0.697597746489368
Supertype	gf_v2_104m_cls	knn	H21.33.042	654	0.8027522935779816	0.6592299600973883
Supertype	gf_v2_104m_cls	knn	H21.33.043	673	0.8142644873699851	0.6562066538340404
Supertype	gf_v2_104m_cls	knn	H21.33.044	630	0.7603174603174603	0.5789576925756966
Supertype	gf_v2_104m_cls	knn	H21.33.045	616	0.8003246753246753	0.6412928268381066
Supertype	gf_v2_104m_cls	knn	H21.33.046	597	0.8492462311557789	0.6743326043855493
Supertype	gf_v2_104m_cls	knn	H21.33.047	642	0.8411214953271028	0.6485434477322138
Supertype	gf_v2_104m_cls_pca50	logreg	H19.33.004	690	0.8492753623188406	0.6996352392480328
Supertype	gf_v2_104m_cls_pca50	logreg	H20.33.001	670	0.8283582089552238	0.7245519737489186
Supertype	gf_v2_104m_cls_pca50	logreg	H20.33.002	659	0.8846737481031867	0.7654733963376588
Supertype	gf_v2_104m_cls_pca50	logreg	H20.33.004	666	0.9009009009009009	0.7852867901459506
Supertype	gf_v2_104m_cls_pca50	logreg	H20.33.005	665	0.8736842105263158	0.7443229036814702
Supertype	gf_v2_104m_cls_pca50	logreg	H20.33.008	627	0.8580542264752791	0.6913408040272904
Supertype	gf_v2_104m_cls_pca50	logreg	H20.33.011	662	0.9078549848942599	0.8272957758545227
Supertype	gf_v2_104m_cls_pca50	logreg	H20.33.012	653	0.8621745788667687	0.7606743227751293
Supertype	gf_v2_104m_cls_pca50	logreg	H20.33.013	652	0.8865030674846626	0.7807537421777558
Supertype	gf_v2_104m_cls_pca50	logreg	H20.33.014	650	0.9153846153846154	0.8140131761881055
Supertype	gf_v2_104m_cls_pca50	logreg	H20.33.015	651	0.8433179723502304	0.6857564707873912
Supertype	gf_v2_104m_cls_pca50	logreg	H20.33.016	646	0.8854489164086687	0.7861976636489149
Supertype	gf_v2_104m_cls_pca50	logreg	H20.33.017	659	0.881638846737481	0.7855929760179898
Supertype	gf_v2_104m_cls_pca50	logreg	H20.33.018	687	0.87627365356623	0.793911290149344
Supertype	gf_v2_104m_cls_pca50	logreg	H20.33.019	663	0.8748114630467572	0.7424198762766657
Supertype	gf_v2_104m_cls_pca50	logreg	H20.33.020	668	0.8682634730538922	0.7935375992869268
Supertype	gf_v2_104m_cls_pca50	logreg	H20.33.024	642	0.8426791277258567	0.7552069016418603
Supertype	gf_v2_104m_cls_pca50	logreg	H20.33.025	664	0.8975903614457831	0.7992579882896068
Supertype	gf_v2_104m_cls_pca50	logreg	H20.33.026	617	0.8849270664505673	0.7534998573865284
Supertype	gf_v2_104m_cls_pca50	logreg	H20.33.027	688	0.875	0.7673390172505001
Supertype	gf_v2_104m_cls_pca50	logreg	H20.33.028	573	0.849912739965096	0.6714434305722536
Supertype	gf_v2_104m_cls_pca50	logreg	H20.33.029	637	0.8759811616954474	0.7528880237386778
Supertype	gf_v2_104m_cls_pca50	logreg	H20.33.030	676	0.8994082840236687	0.835027523796926
Supertype	gf_v2_104m_cls_pca50	logreg	H20.33.031	608	0.8733552631578947	0.7601458537340531
Supertype	gf_v2_104m_cls_pca50	logreg	H20.33.032	671	0.8822652757078987	0.7432657975208353
Supertype	gf_v2_104m_cls_pca50	logreg	H20.33.033	607	0.8352553542009885	0.7241987848625117
Supertype	gf_v2_104m_cls_pca50	logreg	H20.33.034	677	0.8685376661742984	0.7073634726381148
Supertype	gf_v2_104m_cls_pca50	logreg	H20.33.035	609	0.8341543513957307	0.7176213618758204
Supertype	gf_v2_104m_cls_pca50	logreg	H20.33.036	605	0.8809917355371901	0.7812826233842214
Supertype	gf_v2_104m_cls_pca50	logreg	H20.33.037	621	0.8502415458937198	0.7680915090310666
Supertype	gf_v2_104m_cls_pca50	logreg	H20.33.038	387	0.8682170542635659	0.7297749346393675
Supertype	gf_v2_104m_cls_pca50	logreg	H20.33.039	667	0.8830584707646177	0.7588463355023833
Supertype	gf_v2_104m_cls_pca50	logreg	H20.33.040	653	0.8591117917304747	0.7160356438385962
Supertype	gf_v2_104m_cls_pca50	logreg	H20.33.041	642	0.8785046728971962	0.7802743016776452
Supertype	gf_v2_104m_cls_pca50	logreg	H20.33.043	658	0.8844984802431611	0.7446455692964228
Supertype	gf_v2_104m_cls_pca50	logreg	H20.33.044	649	0.8582434514637904	0.7432303370028123
Supertype	gf_v2_104m_cls_pca50	logreg	H20.33.045	635	0.8771653543307086	0.7644095728130437
Supertype	gf_v2_104m_cls_pca50	logreg	H20.33.046	663	0.8552036199095022	0.7150002105486806
Supertype	gf_v2_104m_cls_pca50	logreg	H21.33.001	646	0.7662538699690402	0.635388761956554
Supertype	gf_v2_104m_cls_pca50	logreg	H21.33.002	656	0.8780487804878049	0.7480137181820596
Supertype	gf_v2_104m_cls_pca50	logreg	H21.33.003	668	0.8802395209580839	0.7837317773929143
Supertype	gf_v2_104m_cls_pca50	logreg	H21.33.004	650	0.8830769230769231	0.7811040959644142
Supertype	gf_v2_104m_cls_pca50	logreg	H21.33.005	658	0.8662613981762918	0.7499308183603656
Supertype	gf_v2_104m_cls_pca50	logreg	H21.33.006	622	0.8954983922829582	0.7626529569554491
Supertype	gf_v2_104m_cls_pca50	logreg	H21.33.007	643	0.8631415241057543	0.7386894035898124
Supertype	gf_v2_104m_cls_pca50	logreg	H21.33.008	625	0.8512	0.7446926730601356
Supertype	gf_v2_104m_cls_pca50	logreg	H21.33.009	617	0.813614262560778	0.6824796354250191
Supertype	gf_v2_104m_cls_pca50	logreg	H21.33.010	659	0.8770864946889226	0.7533534643057621
Supertype	gf_v2_104m_cls_pca50	logreg	H21.33.011	637	0.8791208791208791	0.759911143439425
Supertype	gf_v2_104m_cls_pca50	logreg	H21.33.012	668	0.8832335329341318	0.7517983453650485
Supertype	gf_v2_104m_cls_pca50	logreg	H21.33.013	644	0.8850931677018633	0.7508057540164415
Supertype	gf_v2_104m_cls_pca50	logreg	H21.33.014	632	0.8686708860759493	0.7392722256512118
Supertype	gf_v2_104m_cls_pca50	logreg	H21.33.015	655	0.8839694656488549	0.736296011096627
Supertype	gf_v2_104m_cls_pca50	logreg	H21.33.016	619	0.8739903069466882	0.759138934395511
Supertype	gf_v2_104m_cls_pca50	logreg	H21.33.017	604	0.847682119205298	0.6725426484622758
Supertype	gf_v2_104m_cls_pca50	logreg	H21.33.018	650	0.8738461538461538	0.7520532010897695
Supertype	gf_v2_104m_cls_pca50	logreg	H21.33.019	694	0.8832853025936599	0.7165706242623273
Supertype	gf_v2_104m_cls_pca50	logreg	H21.33.020	228	0.8157894736842105	0.5847483781098209
Supertype	gf_v2_104m_cls_pca50	logreg	H21.33.021	633	0.8720379146919431	0.7217280241552959
Supertype	gf_v2_104m_cls_pca50	logreg	H21.33.022	666	0.8753753753753754	0.769226327616929
Supertype	gf_v2_104m_cls_pca50	logreg	H21.33.023	671	0.8807749627421758	0.7407071330986789
Supertype	gf_v2_104m_cls_pca50	logreg	H21.33.025	660	0.85	0.7262456212487373
Supertype	gf_v2_104m_cls_pca50	logreg	H21.33.026	642	0.8769470404984424	0.7742904352164816
Supertype	gf_v2_104m_cls_pca50	logreg	H21.33.027	683	0.8857979502196194	0.7335491187613717
Supertype	gf_v2_104m_cls_pca50	logreg	H21.33.028	646	0.8699690402476781	0.7646474212604658
Supertype	gf_v2_104m_cls_pca50	logreg	H21.33.029	637	0.8540031397174255	0.6953838791448105
Supertype	gf_v2_104m_cls_pca50	logreg	H21.33.030	654	0.9113149847094801	0.8164268948923896
Supertype	gf_v2_104m_cls_pca50	logreg	H21.33.031	655	0.8854961832061069	0.765726453074822
Supertype	gf_v2_104m_cls_pca50	logreg	H21.33.032	668	0.8982035928143712	0.7945543106856613
Supertype	gf_v2_104m_cls_pca50	logreg	H21.33.033	644	0.8788819875776398	0.7467291753705613
Supertype	gf_v2_104m_cls_pca50	logreg	H21.33.034	462	0.8008658008658008	0.6873310869602445
Supertype	gf_v2_104m_cls_pca50	logreg	H21.33.035	670	0.9014925373134328	0.7281927674997403
Supertype	gf_v2_104m_cls_pca50	logreg	H21.33.036	609	0.8637110016420362	0.7451998535238055
Supertype	gf_v2_104m_cls_pca50	logreg	H21.33.037	605	0.8942148760330578	0.7916098960590667
Supertype	gf_v2_104m_cls_pca50	logreg	H21.33.038	618	0.883495145631068	0.7953882747486202
Supertype	gf_v2_104m_cls_pca50	logreg	H21.33.039	610	0.8590163934426229	0.7570229990436853
Supertype	gf_v2_104m_cls_pca50	logreg	H21.33.040	682	0.8973607038123167	0.7523246773543111
Supertype	gf_v2_104m_cls_pca50	logreg	H21.33.041	666	0.8918918918918919	0.7585914494451782
Supertype	gf_v2_104m_cls_pca50	logreg	H21.33.042	654	0.8669724770642202	0.7927157322899117
Supertype	gf_v2_104m_cls_pca50	logreg	H21.33.043	673	0.8558692421991084	0.718914479267298
Supertype	gf_v2_104m_cls_pca50	logreg	H21.33.044	630	0.8253968253968254	0.7164991152933444
Supertype	gf_v2_104m_cls_pca50	logreg	H21.33.045	616	0.8344155844155844	0.7368812515821376
Supertype	gf_v2_104m_cls_pca50	logreg	H21.33.046	597	0.8961474036850922	0.765722599715085
Supertype	gf_v2_104m_cls_pca50	logreg	H21.33.047	642	0.8909657320872274	0.7778916599320103
Supertype	gf_v2_104m_cls_pca50	knn	H19.33.004	690	0.7927536231884058	0.5869670642895166
Supertype	gf_v2_104m_cls_pca50	knn	H20.33.001	670	0.7805970149253731	0.6291092079456091
Supertype	gf_v2_104m_cls_pca50	knn	H20.33.002	659	0.8270106221547799	0.6951918403166676
Supertype	gf_v2_104m_cls_pca50	knn	H20.33.004	666	0.8393393393393394	0.6661222733670209
Supertype	gf_v2_104m_cls_pca50	knn	H20.33.005	665	0.8135338345864662	0.6020647693569225
Supertype	gf_v2_104m_cls_pca50	knn	H20.33.008	627	0.8229665071770335	0.5948290080016209
Supertype	gf_v2_104m_cls_pca50	knn	H20.33.011	662	0.851963746223565	0.7133194816601913
Supertype	gf_v2_104m_cls_pca50	knn	H20.33.012	653	0.77947932618683	0.6195355491389661
Supertype	gf_v2_104m_cls_pca50	knn	H20.33.013	652	0.8420245398773006	0.6990983562673166
Supertype	gf_v2_104m_cls_pca50	knn	H20.33.014	650	0.8569230769230769	0.6629651640130416
Supertype	gf_v2_104m_cls_pca50	knn	H20.33.015	651	0.8033794162826421	0.5900120952357911
Supertype	gf_v2_104m_cls_pca50	knn	H20.33.016	646	0.8328173374613003	0.6837165775578028
Supertype	gf_v2_104m_cls_pca50	knn	H20.33.017	659	0.8118361153262519	0.680227030452446
Supertype	gf_v2_104m_cls_pca50	knn	H20.33.018	687	0.8151382823871907	0.7036954781180407
Supertype	gf_v2_104m_cls_pca50	knn	H20.33.019	663	0.8099547511312217	0.6179365858277812
Supertype	gf_v2_104m_cls_pca50	knn	H20.33.020	668	0.7859281437125748	0.6014628176651889
Supertype	gf_v2_104m_cls_pca50	knn	H20.33.024	642	0.794392523364486	0.6685005156759186
Supertype	gf_v2_104m_cls_pca50	knn	H20.33.025	664	0.8237951807228916	0.6182049288907981
Supertype	gf_v2_104m_cls_pca50	knn	H20.33.026	617	0.820097244732577	0.6580388117480979
Supertype	gf_v2_104m_cls_pca50	knn	H20.33.027	688	0.8357558139534884	0.6727268498495337
Supertype	gf_v2_104m_cls_pca50	knn	H20.33.028	573	0.7766143106457243	0.5267404366122956
Supertype	gf_v2_104m_cls_pca50	knn	H20.33.029	637	0.847723704866562	0.6995048388007109
Supertype	gf_v2_104m_cls_pca50	knn	H20.33.030	676	0.8284023668639053	0.6609140311312786
Supertype	gf_v2_104m_cls_pca50	knn	H20.33.031	608	0.8240131578947368	0.6843559097581948
Supertype	gf_v2_104m_cls_pca50	knn	H20.33.032	671	0.8360655737704918	0.6496888419375809
Supertype	gf_v2_104m_cls_pca50	knn	H20.33.033	607	0.771004942339374	0.6182893200009925
Supertype	gf_v2_104m_cls_pca50	knn	H20.33.034	677	0.8316100443131462	0.6452527908975575
Supertype	gf_v2_104m_cls_pca50	knn	H20.33.035	609	0.7816091954022989	0.6259352329924269
Supertype	gf_v2_104m_cls_pca50	knn	H20.33.036	605	0.8099173553719008	0.6446739586234683
Supertype	gf_v2_104m_cls_pca50	knn	H20.33.037	621	0.789049919484702	0.6277485287417095
Supertype	gf_v2_104m_cls_pca50	knn	H20.33.038	387	0.772609819121447	0.48756681359101994
Supertype	gf_v2_104m_cls_pca50	knn	H20.33.039	667	0.8215892053973014	0.6364769948724686
Supertype	gf_v2_104m_cls_pca50	knn	H20.33.040	653	0.8192955589586524	0.6644472641762046
Supertype	gf_v2_104m_cls_pca50	knn	H20.33.041	642	0.7866043613707165	0.6515908888629279
Supertype	gf_v2_104m_cls_pca50	knn	H20.33.043	658	0.8495440729483282	0.6964186846234762
Supertype	gf_v2_104m_cls_pca50	knn	H20.33.044	649	0.8243451463790447	0.6551183906536758
Supertype	gf_v2_104m_cls_pca50	knn	H20.33.045	635	0.8078740157480315	0.6353281909667486
Supertype	gf_v2_104m_cls_pca50	knn	H20.33.046	663	0.8069381598793364	0.6152567258380182
Supertype	gf_v2_104m_cls_pca50	knn	H21.33.001	646	0.7383900928792569	0.5694576343664771
Supertype	gf_v2_104m_cls_pca50	knn	H21.33.002	656	0.7789634146341463	0.6110632920391241
Supertype	gf_v2_104m_cls_pca50	knn	H21.33.003	668	0.811377245508982	0.6371060720417896
Supertype	gf_v2_104m_cls_pca50	knn	H21.33.004	650	0.8261538461538461	0.6282966614692278
Supertype	gf_v2_104m_cls_pca50	knn	H21.33.005	658	0.7963525835866262	0.6176239607394804
Supertype	gf_v2_104m_cls_pca50	knn	H21.33.006	622	0.8553054662379421	0.679548633045662
Supertype	gf_v2_104m_cls_pca50	knn	H21.33.007	643	0.7947122861586314	0.6547143742173832
Supertype	gf_v2_104m_cls_pca50	knn	H21.33.008	625	0.8128	0.6405025209759714
Supertype	gf_v2_104m_cls_pca50	knn	H21.33.009	617	0.7698541329011345	0.599611672328314
Supertype	gf_v2_104m_cls_pca50	knn	H21.33.010	659	0.8148710166919575	0.6033561572721511
Supertype	gf_v2_104m_cls_pca50	knn	H21.33.011	637	0.8037676609105181	0.6636970759366626
Supertype	gf_v2_104m_cls_pca50	knn	H21.33.012	668	0.8592814371257484	0.7279483641174074
Supertype	gf_v2_104m_cls_pca50	knn	H21.33.013	644	0.8354037267080745	0.6455391752284735
Supertype	gf_v2_104m_cls_pca50	knn	H21.33.014	632	0.8022151898734177	0.6164081338308289
Supertype	gf_v2_104m_cls_pca50	knn	H21.33.015	655	0.8229007633587786	0.6405269248887117
Supertype	gf_v2_104m_cls_pca50	knn	H21.33.016	619	0.8497576736672051	0.698298056473898
Supertype	gf_v2_104m_cls_pca50	knn	H21.33.017	604	0.8145695364238411	0.5953317453997024
Supertype	gf_v2_104m_cls_pca50	knn	H21.33.018	650	0.8215384615384616	0.6257998316304778
Supertype	gf_v2_104m_cls_pca50	knn	H21.33.019	694	0.8242074927953891	0.6334017958884701
Supertype	gf_v2_104m_cls_pca50	knn	H21.33.020	228	0.8245614035087719	0.6155353548771784
Supertype	gf_v2_104m_cls_pca50	knn	H21.33.021	633	0.8025276461295419	0.5647116461939942
Supertype	gf_v2_104m_cls_pca50	knn	H21.33.022	666	0.8258258258258259	0.722998043482375
Supertype	gf_v2_104m_cls_pca50	knn	H21.33.023	671	0.8390461997019374	0.6497655916212604
Supertype	gf_v2_104m_cls_pca50	knn	H21.33.025	660	0.8121212121212121	0.6659945255983096
Supertype	gf_v2_104m_cls_pca50	knn	H21.33.026	642	0.8302180685358256	0.6783136581129408
Supertype	gf_v2_104m_cls_pca50	knn	H21.33.027	683	0.8345534407027818	0.655651131500721
Supertype	gf_v2_104m_cls_pca50	knn	H21.33.028	646	0.8126934984520123	0.6257715414668021
Supertype	gf_v2_104m_cls_pca50	knn	H21.33.029	637	0.8131868131868132	0.6003951473321608
Supertype	gf_v2_104m_cls_pca50	knn	H21.33.030	654	0.8700305810397554	0.716955391757603
Supertype	gf_v2_104m_cls_pca50	knn	H21.33.031	655	0.8122137404580153	0.6658651024472759
Supertype	gf_v2_104m_cls_pca50	knn	H21.33.032	668	0.8413173652694611	0.6918506886162749
Supertype	gf_v2_104m_cls_pca50	knn	H21.33.033	644	0.8105590062111802	0.5840198082408518
Supertype	gf_v2_104m_cls_pca50	knn	H21.33.034	462	0.7207792207792207	0.5444928680122896
Supertype	gf_v2_104m_cls_pca50	knn	H21.33.035	670	0.8373134328358209	0.6320812909029169
Supertype	gf_v2_104m_cls_pca50	knn	H21.33.036	609	0.8160919540229885	0.6562137603520488
Supertype	gf_v2_104m_cls_pca50	knn	H21.33.037	605	0.8115702479338843	0.6378240309367184
Supertype	gf_v2_104m_cls_pca50	knn	H21.33.038	618	0.8398058252427184	0.6988607627470027
Supertype	gf_v2_104m_cls_pca50	knn	H21.33.039	610	0.7868852459016393	0.6583620572637301
Supertype	gf_v2_104m_cls_pca50	knn	H21.33.040	682	0.8196480938416423	0.6712992192783029
Supertype	gf_v2_104m_cls_pca50	knn	H21.33.041	666	0.8468468468468469	0.6502979974857942
Supertype	gf_v2_104m_cls_pca50	knn	H21.33.042	654	0.8058103975535168	0.6820646969752606
Supertype	gf_v2_104m_cls_pca50	knn	H21.33.043	673	0.799405646359584	0.6322558406058573
Supertype	gf_v2_104m_cls_pca50	knn	H21.33.044	630	0.7619047619047619	0.6022464959081324
Supertype	gf_v2_104m_cls_pca50	knn	H21.33.045	616	0.7792207792207793	0.6269217403228436
Supertype	gf_v2_104m_cls_pca50	knn	H21.33.046	597	0.8425460636515912	0.6435591695206435
Supertype	gf_v2_104m_cls_pca50	knn	H21.33.047	642	0.8317757009345794	0.6510849649126521
